# PLS Pup, revision 12, from the GLB by scripts/prep-pup.js
mtllib pup.mtl
usemtl PupColors
v -0.017 1.85 0.563
v -0.077 1.827 0.6
v -0.043 1.79 0.558
vt 0.12 0.868
vt 0.113 0.87
vt 0.117 0.875
v -0.04 1.887 0.623
v -0.082 1.853 0.66
vt 0.118 0.863
vt 0.112 0.867
v 0.02 1.892 0.597
vt 0.125 0.862
vt 0.117 0.863
v 0.02 1.79 0.54
vt 0.125 0.875
vt 0.12 0.867
v 0.057 1.85 0.563
vt 0.13 0.868
v 0.083 1.79 0.558
vt 0.133 0.875
v -0.017 1.73 0.563
vt 0.12 0.882
v 0.057 1.73 0.563
vt 0.13 0.882
v 0.02 1.688 0.597
vt 0.125 0.888
vt 0.12 0.883
v -0.077 1.753 0.6
vt 0.113 0.88
v -0.04 1.693 0.623
vt 0.117 0.887
v -0.082 1.727 0.66
vt 0.112 0.883
vt 0.118 0.887
v -0.1 1.79 0.66
vt 0.11 0.875
v 0.117 1.827 0.6
vt 0.137 0.87
vt 0.13 0.867
v 0.08 1.887 0.623
vt 0.132 0.863
v 0.122 1.853 0.66
vt 0.138 0.867
vt 0.133 0.863
v 0.02 1.91 0.66
vt 0.125 0.86
v -0.04 1.887 0.697
v 0.02 1.892 0.723
v -0.077 1.827 0.72
v -0.077 1.753 0.72
v -0.043 1.79 0.762
v -0.04 1.693 0.697
v 0.02 1.67 0.66
vt 0.125 0.89
v 0.02 1.688 0.723
v 0.08 1.693 0.623
vt 0.133 0.887
vt 0.13 0.883
v 0.117 1.753 0.6
vt 0.137 0.88
v 0.122 1.727 0.66
vt 0.138 0.883
vt 0.132 0.887
v 0.057 1.85 0.757
v 0.117 1.827 0.72
v 0.083 1.79 0.762
v 0.08 1.887 0.697
v 0.02 1.79 0.78
v -0.017 1.85 0.757
v 0.057 1.73 0.757
v -0.017 1.73 0.757
v 0.117 1.753 0.72
v 0.08 1.693 0.697
v 0.14 1.79 0.66
vt 0.14 0.875
v 0.066 2.005 0.461
v 0.011 1.984 0.495
v 0.042 1.95 0.456
vt 0.12 0.863
vt 0.113 0.867
vt 0.117 0.862
v 0.045 2.039 0.516
v 0.006 2.008 0.55
vt 0.117 0.87
vt 0.112 0.875
v 0.1 2.044 0.492
vt 0.125 0.867
vt 0.118 0.87
vt 0.113 0.868
v 0.1 1.95 0.44
v 0.134 2.005 0.461
vt 0.13 0.863
v 0.158 1.95 0.456
vt 0.133 0.862
v 0.066 1.895 0.461
v 0.134 1.895 0.461
v 0.1 1.856 0.492
v 0.011 1.916 0.495
v 0.045 1.861 0.516
v 0.006 1.892 0.55
v -0.01 1.95 0.55
v 0.189 1.984 0.495
vt 0.137 0.868
v 0.155 2.039 0.516
vt 0.133 0.87
v 0.194 2.008 0.55
vt 0.138 0.875
vt 0.137 0.867
v 0.1 2.06 0.55
v 0.045 2.039 0.584
vt 0.118 0.88
v 0.1 2.044 0.608
vt 0.125 0.883
vt 0.117 0.88
v 0.011 1.984 0.605
vt 0.113 0.882
v 0.011 1.916 0.605
vt 0.113 0.883
v 0.042 1.95 0.644
vt 0.117 0.888
v 0.045 1.861 0.584
v 0.1 1.84 0.55
v 0.1 1.856 0.608
v 0.155 1.861 0.516
v 0.189 1.916 0.495
v 0.194 1.892 0.55
vt 0.132 0.87
v 0.134 2.005 0.639
v 0.189 1.984 0.605
v 0.158 1.95 0.644
vt 0.13 0.887
vt 0.137 0.882
vt 0.133 0.888
v 0.155 2.039 0.584
vt 0.133 0.88
vt 0.132 0.88
vt 0.137 0.883
v 0.1 1.95 0.66
v 0.066 2.005 0.639
vt 0.12 0.887
v 0.134 1.895 0.639
v 0.066 1.895 0.639
v 0.189 1.916 0.605
v 0.155 1.861 0.584
v 0.21 1.95 0.55
v 0.003 1.981 0.525
v 0.1 1.95 0.55
v 0.02 2.011 0.58
vt 0.133 0.864
vt 0.131 0.867
vt 0.128 0.861
v -0.06 1.851 0.69
vt 0.116 0.877
v -0.077 1.821 0.635
vt 0.122 0.88
v 0.02 1.79 0.66
vt 0.119 0.883
v 0.023 1.94 0.479
vt 0.138 0.868
v -0.057 1.78 0.589
vt 0.127 0.884
v 0.072 1.902 0.461
vt 0.14 0.872
v -0.008 1.742 0.571
vt 0.128 0.888
vt 0.129 0.888
v 0.132 1.883 0.476
vt 0.138 0.874
v 0.052 1.723 0.586
vt 0.127 0.89
v 0.18 1.889 0.52
vt 0.134 0.873
v 0.1 1.729 0.63
vt 0.122 0.889
v 0.197 1.919 0.575
vt 0.128 0.87
v 0.117 1.759 0.685
vt 0.117 0.886
v 0.177 1.96 0.621
vt 0.123 0.866
v 0.097 1.8 0.731
vt 0.112 0.882
v 0.128 1.998 0.639
vt 0.121 0.862
vt 0.122 0.862
v 0.048 1.838 0.749
vt 0.11 0.878
v 0.068 2.017 0.624
vt 0.123 0.86
v -0.012 1.857 0.734
vt 0.112 0.876
vt 0.127 0.861
v 0.242 2.122 0.47
v 0.18 2.098 0.508
v 0.215 2.06 0.465
v 0.218 2.16 0.532
v 0.175 2.125 0.57
v 0.28 2.165 0.505
v 0.28 2.06 0.447
v 0.318 2.122 0.47
v 0.345 2.06 0.465
v 0.242 1.998 0.47
v 0.318 1.998 0.47
v 0.28 1.955 0.505
v 0.18 2.022 0.508
v 0.218 1.96 0.532
v 0.175 1.995 0.57
v 0.157 2.06 0.57
v 0.38 2.098 0.508
v 0.342 2.16 0.532
v 0.385 2.125 0.57
v 0.28 2.183 0.57
v 0.218 2.16 0.608
v 0.28 2.165 0.635
v 0.18 2.098 0.632
v 0.18 2.022 0.632
v 0.215 2.06 0.675
v 0.218 1.96 0.608
v 0.28 1.937 0.57
v 0.28 1.955 0.635
v 0.342 1.96 0.532
v 0.38 2.022 0.508
v 0.385 1.995 0.57
v 0.318 2.122 0.67
v 0.38 2.098 0.632
v 0.345 2.06 0.675
v 0.342 2.16 0.608
v 0.28 2.06 0.693
v 0.242 2.122 0.67
v 0.318 1.998 0.67
v 0.242 1.998 0.67
v 0.38 2.022 0.632
v 0.342 1.96 0.608
v 0.403 2.06 0.57
v 0.237 2.143 0.499
v 0.28 2.06 0.57
v 0.219 2.16 0.567
vt 0.13 0.862
vt 0.134 0.87
vt 0.128 0.86
v 0.039 2.05 0.547
vt 0.11 0.871
v 0.057 2.033 0.479
vt 0.112 0.872
vt 0.116 0.88
v 0.272 2.094 0.458
vt 0.133 0.866
v 0.092 1.984 0.438
vt 0.115 0.877
v 0.309 2.032 0.46
vt 0.137 0.872
v 0.129 1.922 0.44
v 0.336 1.981 0.504
vt 0.139 0.877
vt 0.14 0.877
v 0.156 1.871 0.484
vt 0.122 0.888
v 0.341 1.96 0.573
vt 0.14 0.879
v 0.161 1.85 0.553
vt 0.122 0.89
v 0.323 1.977 0.641
vt 0.138 0.878
v 0.143 1.867 0.621
vt 0.12 0.888
v 0.288 2.026 0.682
vt 0.135 0.873
v 0.108 1.916 0.662
vt 0.117 0.884
v 0.251 2.088 0.68
v 0.071 1.978 0.66
vt 0.113 0.878
v 0.224 2.139 0.636
vt 0.128 0.862
v 0.044 2.029 0.616
vt 0.11 0.873
vt 0.111 0.873
v 0.448 2.078 0.61
v 0.38 2.052 0.652
v 0.418 2.01 0.604
vt 0.387 0.868
vt 0.383 0.87
vt 0.388 0.875
v 0.422 2.12 0.678
v 0.374 2.082 0.72
vt 0.38 0.863
vt 0.375 0.867
v 0.49 2.126 0.648
vt 0.383 0.862
vt 0.387 0.867
vt 0.382 0.87
v 0.49 2.01 0.584
vt 0.39 0.875
v 0.532 2.078 0.61
v 0.562 2.01 0.604
v 0.448 1.942 0.61
vt 0.387 0.882
v 0.532 1.942 0.61
v 0.49 1.894 0.648
vt 0.383 0.888
vt 0.387 0.883
v 0.38 1.968 0.652
vt 0.382 0.88
v 0.422 1.9 0.678
vt 0.38 0.887
v 0.374 1.938 0.72
vt 0.375 0.883
vt 0.383 0.88
v 0.354 2.01 0.72
vt 0.375 0.875
v 0.6 2.052 0.652
v 0.558 2.12 0.678
v 0.606 2.082 0.72
v 0.49 2.147 0.72
vt 0.375 0.86
v 0.422 2.12 0.762
vt 0.37 0.863
v 0.49 2.126 0.792
vt 0.367 0.862
v 0.38 2.052 0.788
vt 0.368 0.87
v 0.38 1.968 0.788
vt 0.368 0.88
v 0.418 2.01 0.836
vt 0.362 0.875
vt 0.367 0.88
vt 0.367 0.87
v 0.422 1.9 0.762
vt 0.37 0.887
v 0.49 1.873 0.72
vt 0.375 0.89
v 0.49 1.894 0.792
vt 0.367 0.888
v 0.558 1.9 0.678
v 0.6 1.968 0.652
v 0.606 1.938 0.72
v 0.532 2.078 0.83
v 0.6 2.052 0.788
v 0.562 2.01 0.836
vt 0.363 0.868
v 0.558 2.12 0.762
vt 0.363 0.867
v 0.49 2.01 0.857
vt 0.36 0.875
v 0.448 2.078 0.83
v 0.532 1.942 0.83
vt 0.363 0.882
v 0.448 1.942 0.83
vt 0.363 0.883
v 0.6 1.968 0.788
v 0.558 1.9 0.762
v 0.627 2.01 0.72
v 0.554 2.108 0.664
v 0.49 2.01 0.72
v 0.515 2.137 0.728
vt 0.373 0.861
vt 0.369 0.866
vt 0.368 0.864
v 0.305 2.187 0.578
vt 0.381 0.882
v 0.344 2.158 0.514
vt 0.386 0.878
vt 0.381 0.884
v 0.568 2.042 0.621
vt 0.377 0.86
v 0.358 2.092 0.471
vt 0.39 0.877
v 0.553 1.963 0.616
vt 0.377 0.861
v 0.343 2.013 0.466
vt 0.39 0.878
v 0.514 1.902 0.651
vt 0.375 0.864
v 0.304 1.952 0.501
v 0.465 1.883 0.712
vt 0.369 0.868
vt 0.374 0.864
v 0.255 1.933 0.562
vt 0.382 0.886
v 0.426 1.912 0.776
vt 0.364 0.872
vt 0.369 0.869
v 0.216 1.962 0.626
vt 0.377 0.889
v 0.412 1.978 0.819
vt 0.36 0.873
v 0.202 2.028 0.669
vt 0.373 0.89
vt 0.376 0.889
v 0.427 2.057 0.824
vt 0.36 0.872
v 0.217 2.107 0.674
vt 0.373 0.889
v 0.466 2.118 0.789
v 0.256 2.168 0.639
vt 0.375 0.886
vt 0.376 0.885
vt 0.376 0.886
vt 0.375 0.885
v 0.574 1.905 0.789
v 0.499 1.876 0.835
v 0.541 1.83 0.783
v 0.545 1.951 0.864
v 0.493 1.909 0.91
v 0.62 1.957 0.831
v 0.62 1.83 0.76
v 0.666 1.905 0.789
v 0.699 1.83 0.783
v 0.574 1.755 0.789
v 0.666 1.755 0.789
v 0.62 1.703 0.831
v 0.499 1.784 0.835
v 0.545 1.709 0.864
v 0.493 1.751 0.91
v 0.47 1.83 0.91
v 0.741 1.876 0.835
v 0.695 1.951 0.864
v 0.747 1.909 0.91
v 0.62 1.98 0.91
v 0.545 1.951 0.956
v 0.62 1.957 0.989
v 0.499 1.876 0.985
v 0.499 1.784 0.985
v 0.541 1.83 1.037
v 0.545 1.709 0.956
v 0.62 1.68 0.91
v 0.62 1.703 0.989
v 0.695 1.709 0.864
v 0.741 1.784 0.835
v 0.747 1.751 0.91
v 0.666 1.905 1.031
v 0.741 1.876 0.985
v 0.699 1.83 1.037
v 0.695 1.951 0.956
v 0.62 1.83 1.06
v 0.574 1.905 1.031
v 0.666 1.755 1.031
v 0.574 1.755 1.031
v 0.741 1.784 0.985
v 0.695 1.709 0.956
v 0.77 1.83 0.91
v 0.745 1.892 0.883
v 0.62 1.83 0.91
v 0.708 1.935 0.949
vt 0.373 0.88
vt 0.368 0.882
v 0.578 2.115 0.759
vt 0.39 0.871
v 0.615 2.072 0.693
vt 0.386 0.866
vt 0.382 0.868
v 0.735 1.825 0.826
vt 0.368 0.876
vt 0.387 0.866
v 0.605 2.005 0.636
vt 0.382 0.862
vt 0.381 0.862
v 0.681 1.76 0.802
vt 0.363 0.874
v 0.551 1.94 0.612
vt 0.376 0.86
v 0.603 1.722 0.819
v 0.473 1.902 0.629
vt 0.374 0.861
v 0.532 1.725 0.871
vt 0.36 0.879
v 0.402 1.905 0.681
vt 0.374 0.865
v 0.495 1.768 0.937
vt 0.363 0.884
v 0.365 1.948 0.747
vt 0.377 0.87
v 0.505 1.835 0.994
vt 0.369 0.888
vt 0.364 0.884
v 0.375 2.015 0.804
vt 0.382 0.874
v 0.559 1.9 1.018
v 0.429 2.08 0.828
vt 0.387 0.876
v 0.637 1.938 1.001
v 0.507 2.118 0.811
v 0.61 1.661 0.848
v 0.528 1.63 0.899
v 0.574 1.58 0.842
v 0.579 1.712 0.93
v 0.522 1.666 0.98
v 0.66 1.718 0.894
v 0.66 1.58 0.817
v 0.71 1.661 0.848
v 0.746 1.58 0.842
v 0.61 1.499 0.848
v 0.71 1.499 0.848
v 0.66 1.442 0.894
v 0.528 1.53 0.899
v 0.579 1.448 0.93
v 0.522 1.494 0.98
v 0.497 1.58 0.98
v 0.792 1.63 0.899
v 0.741 1.712 0.93
v 0.798 1.666 0.98
v 0.66 1.743 0.98
v 0.579 1.712 1.03
v 0.66 1.718 1.066
v 0.528 1.63 1.061
v 0.528 1.53 1.061
v 0.574 1.58 1.118
v 0.579 1.448 1.03
v 0.66 1.417 0.98
v 0.66 1.442 1.066
v 0.741 1.448 0.93
v 0.792 1.53 0.899
v 0.798 1.494 0.98
v 0.71 1.661 1.112
v 0.792 1.63 1.061
v 0.746 1.58 1.118
v 0.741 1.712 1.03
v 0.66 1.58 1.143
v 0.61 1.661 1.112
v 0.71 1.499 1.112
v 0.61 1.499 1.112
v 0.792 1.53 1.061
v 0.741 1.448 1.03
v 0.823 1.58 0.98
v 0.804 1.587 0.922
v 0.66 1.58 0.98
v 0.808 1.613 1.014
vt 0.365 0.873
vt 0.364 0.878
vt 0.367 0.881
v 0.768 1.863 0.944
vt 0.389 0.875
v 0.764 1.837 0.852
vt 0.386 0.867
vt 0.386 0.872
v 0.745 1.558 0.852
vt 0.362 0.867
v 0.705 1.808 0.782
vt 0.384 0.862
v 0.654 1.537 0.831
vt 0.36 0.866
vt 0.362 0.868
v 0.614 1.787 0.761
vt 0.382 0.86
v 0.565 1.533 0.867
vt 0.36 0.869
v 0.525 1.783 0.797
vt 0.382 0.863
v 0.512 1.547 0.946
vt 0.361 0.875
v 0.472 1.797 0.876
vt 0.383 0.869
v 0.516 1.573 1.038
vt 0.364 0.883
v 0.476 1.823 0.968
vt 0.385 0.877
v 0.575 1.602 1.108
vt 0.366 0.888
v 0.535 1.852 1.038
vt 0.388 0.882
vt 0.388 0.883
v 0.666 1.623 1.129
vt 0.368 0.89
v 0.626 1.873 1.059
vt 0.39 0.884
v 0.755 1.627 1.093
vt 0.368 0.887
v 0.715 1.877 1.023
vt 0.39 0.881
v 0.526 1.418 0.758
v 0.438 1.384 0.812
v 0.488 1.33 0.75
v 0.492 1.472 0.846
v 0.43 1.422 0.9
v 0.58 1.48 0.808
v 0.58 1.33 0.724
v 0.634 1.418 0.758
v 0.672 1.33 0.75
v 0.526 1.242 0.758
v 0.634 1.242 0.758
v 0.58 1.18 0.808
v 0.438 1.276 0.812
v 0.492 1.188 0.846
v 0.43 1.238 0.9
v 0.404 1.33 0.9
v 0.722 1.384 0.812
v 0.668 1.472 0.846
v 0.73 1.422 0.9
v 0.58 1.506 0.9
v 0.492 1.472 0.954
v 0.58 1.48 0.992
v 0.438 1.384 0.988
v 0.438 1.276 0.988
v 0.488 1.33 1.05
v 0.492 1.188 0.954
v 0.58 1.154 0.9
v 0.58 1.18 0.992
v 0.668 1.188 0.846
v 0.722 1.276 0.812
v 0.73 1.238 0.9
v 0.634 1.418 1.042
v 0.722 1.384 0.988
v 0.672 1.33 1.05
v 0.668 1.472 0.954
v 0.58 1.33 1.076
v 0.526 1.418 1.042
v 0.634 1.242 1.042
v 0.526 1.242 1.042
v 0.722 1.276 0.988
v 0.668 1.188 0.954
v 0.756 1.33 0.9
v 0.732 1.302 0.836
v 0.58 1.33 0.9
v 0.733 1.27 0.934
vt 0.365 0.872
v 0.813 1.52 1.014
vt 0.38 0.881
v 0.812 1.552 0.916
vt 0.383 0.873
vt 0.385 0.878
v 0.674 1.344 0.762
vt 0.366 0.862
v 0.754 1.594 0.842
vt 0.386 0.868
vt 0.382 0.873
v 0.579 1.381 0.741
vt 0.369 0.86
v 0.659 1.631 0.821
vt 0.389 0.866
v 0.485 1.399 0.78
vt 0.371 0.863
v 0.565 1.649 0.86
vt 0.39 0.869
v 0.427 1.39 0.866
vt 0.37 0.869
v 0.507 1.64 0.946
v 0.428 1.358 0.964
vt 0.368 0.877
v 0.508 1.608 1.044
v 0.486 1.316 1.038
vt 0.364 0.882
vt 0.367 0.877
v 0.566 1.566 1.118
vt 0.384 0.888
v 0.581 1.279 1.059
vt 0.361 0.884
v 0.661 1.529 1.139
vt 0.381 0.89
v 0.675 1.261 1.02
vt 0.36 0.881
v 0.755 1.511 1.1
vt 0.379 0.887
v 0.362 1.255 0.567
v 0.267 1.218 0.626
v 0.321 1.16 0.559
v 0.326 1.313 0.662
v 0.259 1.259 0.72
v 0.42 1.321 0.621
v 0.42 1.16 0.531
v 0.478 1.255 0.567
v 0.519 1.16 0.559
v 0.362 1.066 0.567
v 0.478 1.066 0.567
v 0.42 0.999 0.621
v 0.267 1.102 0.626
v 0.326 1.007 0.662
v 0.259 1.061 0.72
v 0.231 1.16 0.72
v 0.573 1.218 0.626
v 0.515 1.313 0.662
v 0.581 1.259 0.72
v 0.42 1.349 0.72
v 0.326 1.313 0.778
v 0.42 1.321 0.819
v 0.267 1.218 0.814
v 0.267 1.102 0.814
v 0.321 1.16 0.881
v 0.326 1.007 0.778
v 0.42 0.971 0.72
v 0.42 0.999 0.819
v 0.515 1.007 0.662
v 0.573 1.102 0.626
v 0.581 1.061 0.72
v 0.478 1.255 0.873
v 0.573 1.218 0.814
v 0.519 1.16 0.881
v 0.515 1.313 0.778
v 0.42 1.16 0.909
v 0.362 1.255 0.873
v 0.478 1.066 0.873
v 0.362 1.066 0.873
v 0.573 1.102 0.814
v 0.515 1.007 0.778
v 0.609 1.16 0.72
v 0.569 1.07 0.673
v 0.42 1.16 0.72
v 0.524 1.019 0.761
vt 0.38 0.866
vt 0.377 0.872
v 0.684 1.189 0.941
vt 0.376 0.872
v 0.729 1.24 0.853
vt 0.387 0.884
v 0.557 1.155 0.603
vt 0.379 0.862
vt 0.379 0.866
v 0.717 1.325 0.783
vt 0.389 0.873
v 0.492 1.243 0.577
vt 0.374 0.86
v 0.652 1.413 0.757
vt 0.385 0.872
v 0.401 1.298 0.607
vt 0.369 0.862
vt 0.368 0.862
v 0.561 1.468 0.787
vt 0.379 0.874
v 0.316 1.301 0.679
vt 0.363 0.866
v 0.476 1.471 0.859
vt 0.373 0.878
vt 0.379 0.873
v 0.271 1.25 0.767
v 0.431 1.42 0.947
vt 0.37 0.884
vt 0.374 0.878
vt 0.371 0.884
v 0.283 1.165 0.837
vt 0.361 0.877
v 0.443 1.335 1.017
vt 0.371 0.888
v 0.348 1.077 0.863
vt 0.365 0.878
v 0.508 1.247 1.043
vt 0.376 0.89
v 0.439 1.022 0.833
vt 0.371 0.877
v 0.599 1.192 1.013
vt 0.382 0.888
vt 0.371 0.876
vt 0.381 0.888
v 0.48 0.192 0.734
v 0.464 0.188 0.748
v 0.473 0.18 0.732
vt 0.62 0.863
vt 0.613 0.867
vt 0.617 0.862
v 0.474 0.2 0.756
v 0.463 0.193 0.77
vt 0.617 0.87
vt 0.612 0.875
vt 0.613 0.868
v 0.49 0.201 0.746
vt 0.625 0.867
vt 0.618 0.87
v 0.49 0.18 0.725
vt 0.625 0.86
v 0.5 0.192 0.734
vt 0.63 0.863
v 0.507 0.18 0.732
vt 0.633 0.862
v 0.48 0.168 0.734
v 0.5 0.168 0.734
v 0.49 0.159 0.746
v 0.464 0.172 0.748
v 0.474 0.16 0.756
v 0.463 0.167 0.77
v 0.458 0.18 0.77
vt 0.61 0.875
v 0.516 0.188 0.748
vt 0.637 0.867
v 0.506 0.2 0.756
vt 0.633 0.87
v 0.517 0.193 0.77
vt 0.638 0.875
vt 0.637 0.868
v 0.49 0.205 0.77
vt 0.625 0.875
v 0.474 0.2 0.784
vt 0.617 0.88
v 0.49 0.201 0.794
vt 0.625 0.883
vt 0.618 0.88
v 0.464 0.188 0.793
vt 0.613 0.883
v 0.464 0.172 0.793
v 0.473 0.18 0.808
vt 0.617 0.888
v 0.474 0.16 0.784
v 0.49 0.155 0.77
v 0.49 0.159 0.794
v 0.506 0.16 0.756
vt 0.632 0.87
v 0.516 0.172 0.748
v 0.517 0.167 0.77
v 0.5 0.192 0.806
v 0.516 0.188 0.793
v 0.507 0.18 0.808
vt 0.63 0.887
vt 0.637 0.883
vt 0.633 0.888
v 0.506 0.2 0.784
vt 0.632 0.88
vt 0.637 0.882
vt 0.633 0.88
v 0.49 0.18 0.815
vt 0.625 0.89
v 0.48 0.192 0.806
vt 0.62 0.887
v 0.5 0.168 0.806
v 0.48 0.168 0.806
v 0.516 0.172 0.793
v 0.506 0.16 0.784
v 0.522 0.18 0.77
vt 0.64 0.875
vt 0.613 0.882
v 0.39 0.192 0.734
v 0.374 0.188 0.748
v 0.383 0.18 0.732
v 0.384 0.2 0.756
v 0.373 0.193 0.77
v 0.4 0.201 0.746
v 0.4 0.18 0.725
v 0.41 0.192 0.734
v 0.417 0.18 0.732
v 0.39 0.168 0.734
v 0.41 0.168 0.734
v 0.4 0.159 0.746
v 0.374 0.172 0.748
v 0.384 0.16 0.756
v 0.373 0.167 0.77
v 0.368 0.18 0.77
v 0.426 0.188 0.748
v 0.416 0.2 0.756
v 0.427 0.193 0.77
v 0.4 0.205 0.77
v 0.384 0.2 0.784
v 0.4 0.201 0.794
v 0.374 0.188 0.793
v 0.374 0.172 0.793
v 0.383 0.18 0.808
v 0.384 0.16 0.784
v 0.4 0.155 0.77
v 0.4 0.159 0.794
v 0.416 0.16 0.756
v 0.426 0.172 0.748
v 0.427 0.167 0.77
v 0.41 0.192 0.806
v 0.426 0.188 0.793
v 0.417 0.18 0.808
v 0.416 0.2 0.784
v 0.4 0.18 0.815
v 0.39 0.192 0.806
v 0.41 0.168 0.806
v 0.39 0.168 0.806
v 0.426 0.172 0.793
v 0.416 0.16 0.784
v 0.432 0.18 0.77
v 0.3 0.192 0.734
v 0.284 0.188 0.748
v 0.293 0.18 0.732
v 0.294 0.2 0.756
v 0.283 0.193 0.77
v 0.31 0.201 0.746
v 0.31 0.18 0.725
v 0.32 0.192 0.734
v 0.327 0.18 0.732
v 0.3 0.168 0.734
v 0.32 0.168 0.734
v 0.31 0.159 0.746
v 0.284 0.172 0.748
v 0.294 0.16 0.756
v 0.283 0.167 0.77
v 0.278 0.18 0.77
v 0.336 0.188 0.748
v 0.326 0.2 0.756
v 0.337 0.193 0.77
v 0.31 0.205 0.77
v 0.294 0.2 0.784
v 0.31 0.201 0.794
v 0.284 0.188 0.793
v 0.284 0.172 0.793
v 0.293 0.18 0.808
v 0.294 0.16 0.784
v 0.31 0.155 0.77
v 0.31 0.159 0.794
v 0.326 0.16 0.756
v 0.336 0.172 0.748
v 0.337 0.167 0.77
v 0.32 0.192 0.806
v 0.336 0.188 0.793
v 0.327 0.18 0.808
v 0.326 0.2 0.784
v 0.31 0.18 0.815
v 0.3 0.192 0.806
v 0.32 0.168 0.806
v 0.3 0.168 0.806
v 0.336 0.172 0.793
v 0.326 0.16 0.784
v 0.342 0.18 0.77
v 0.313 0.255 0.245
v 0.173 0.223 0.35
v 0.253 0.17 0.231
v 0.26 0.308 0.415
v 0.162 0.259 0.52
v 0.4 0.315 0.341
v 0.4 0.17 0.18
v 0.487 0.255 0.245
v 0.547 0.17 0.231
v 0.313 0.085 0.245
v 0.487 0.085 0.245
v 0.4 0.025 0.341
v 0.173 0.117 0.35
v 0.26 0.032 0.415
v 0.162 0.081 0.52
v 0.12 0.17 0.52
v 0.627 0.223 0.35
v 0.54 0.308 0.415
v 0.638 0.259 0.52
v 0.4 0.34 0.52
v 0.26 0.308 0.625
v 0.4 0.315 0.699
v 0.173 0.223 0.69
v 0.173 0.117 0.69
v 0.253 0.17 0.809
v 0.26 0.032 0.625
v 0.4 0 0.52
v 0.4 0.025 0.699
v 0.54 0.032 0.415
v 0.627 0.117 0.35
v 0.638 0.081 0.52
v 0.487 0.255 0.795
v 0.627 0.223 0.69
v 0.547 0.17 0.809
v 0.54 0.308 0.625
v 0.4 0.17 0.86
v 0.313 0.255 0.795
v 0.487 0.085 0.795
v 0.313 0.085 0.795
v 0.627 0.117 0.69
v 0.54 0.032 0.625
v 0.68 0.17 0.52
v 0.332 0.505 0.278
v 0.222 0.446 0.355
v 0.284 0.35 0.267
v 0.29 0.601 0.403
v 0.213 0.513 0.48
v 0.4 0.614 0.349
v 0.4 0.35 0.23
v 0.468 0.505 0.278
v 0.516 0.35 0.267
v 0.332 0.195 0.278
v 0.468 0.195 0.278
v 0.4 0.086 0.349
v 0.222 0.254 0.355
v 0.29 0.099 0.403
v 0.213 0.187 0.48
v 0.18 0.35 0.48
v 0.578 0.446 0.355
v 0.51 0.601 0.403
v 0.587 0.513 0.48
v 0.4 0.66 0.48
v 0.29 0.601 0.557
v 0.4 0.614 0.611
v 0.222 0.446 0.605
v 0.222 0.254 0.605
v 0.284 0.35 0.693
v 0.29 0.099 0.557
v 0.4 0.04 0.48
v 0.4 0.086 0.611
v 0.51 0.099 0.403
v 0.578 0.254 0.355
v 0.587 0.187 0.48
v 0.468 0.505 0.682
v 0.578 0.446 0.605
v 0.516 0.35 0.693
v 0.51 0.601 0.557
v 0.4 0.35 0.73
v 0.332 0.505 0.682
v 0.468 0.195 0.682
v 0.332 0.195 0.682
v 0.578 0.254 0.605
v 0.51 0.099 0.557
v 0.62 0.35 0.48
v 0.335 0.9 0.306
v 0.23 0.812 0.38
v 0.29 0.67 0.296
v 0.295 1.042 0.426
v 0.221 0.912 0.5
v 0.4 1.061 0.374
v 0.4 0.67 0.26
v 0.465 0.9 0.306
v 0.51 0.67 0.296
v 0.335 0.44 0.306
v 0.465 0.44 0.306
v 0.4 0.279 0.374
v 0.23 0.528 0.38
v 0.295 0.298 0.426
v 0.221 0.428 0.5
v 0.19 0.67 0.5
v 0.57 0.812 0.38
v 0.505 1.042 0.426
v 0.579 0.912 0.5
v 0.4 1.13 0.5
v 0.295 1.042 0.574
v 0.4 1.061 0.626
v 0.23 0.812 0.62
v 0.23 0.528 0.62
v 0.29 0.67 0.704
v 0.295 0.298 0.574
v 0.4 0.21 0.5
v 0.4 0.279 0.626
v 0.505 0.298 0.426
v 0.57 0.528 0.38
v 0.579 0.428 0.5
v 0.465 0.9 0.694
v 0.57 0.812 0.62
v 0.51 0.67 0.704
v 0.505 1.042 0.574
v 0.4 0.67 0.74
v 0.335 0.9 0.694
v 0.465 0.44 0.694
v 0.335 0.44 0.694
v 0.57 0.528 0.62
v 0.505 0.298 0.574
v 0.61 0.67 0.5
v -0.32 0.192 0.734
v -0.336 0.188 0.748
v -0.327 0.18 0.732
v -0.326 0.2 0.756
v -0.337 0.193 0.77
v -0.31 0.201 0.746
v -0.31 0.18 0.725
v -0.3 0.192 0.734
v -0.293 0.18 0.732
v -0.32 0.168 0.734
v -0.3 0.168 0.734
v -0.31 0.159 0.746
v -0.336 0.172 0.748
v -0.326 0.16 0.756
v -0.337 0.167 0.77
v -0.342 0.18 0.77
v -0.284 0.188 0.748
v -0.294 0.2 0.756
v -0.283 0.193 0.77
v -0.31 0.205 0.77
v -0.326 0.2 0.784
v -0.31 0.201 0.794
v -0.336 0.188 0.793
v -0.336 0.172 0.793
v -0.327 0.18 0.808
v -0.326 0.16 0.784
v -0.31 0.155 0.77
v -0.31 0.159 0.794
v -0.294 0.16 0.756
v -0.284 0.172 0.748
v -0.283 0.167 0.77
v -0.3 0.192 0.806
v -0.284 0.188 0.793
v -0.293 0.18 0.808
v -0.294 0.2 0.784
v -0.31 0.18 0.815
v -0.32 0.192 0.806
v -0.3 0.168 0.806
v -0.32 0.168 0.806
v -0.284 0.172 0.793
v -0.294 0.16 0.784
v -0.278 0.18 0.77
v -0.41 0.192 0.734
v -0.426 0.188 0.748
v -0.417 0.18 0.732
v -0.416 0.2 0.756
v -0.427 0.193 0.77
v -0.4 0.201 0.746
v -0.4 0.18 0.725
v -0.39 0.192 0.734
v -0.383 0.18 0.732
v -0.41 0.168 0.734
v -0.39 0.168 0.734
v -0.4 0.159 0.746
v -0.426 0.172 0.748
v -0.416 0.16 0.756
v -0.427 0.167 0.77
v -0.432 0.18 0.77
v -0.374 0.188 0.748
v -0.384 0.2 0.756
v -0.373 0.193 0.77
v -0.4 0.205 0.77
v -0.416 0.2 0.784
v -0.4 0.201 0.794
v -0.426 0.188 0.793
v -0.426 0.172 0.793
v -0.417 0.18 0.808
v -0.416 0.16 0.784
v -0.4 0.155 0.77
v -0.4 0.159 0.794
v -0.384 0.16 0.756
v -0.374 0.172 0.748
v -0.373 0.167 0.77
v -0.39 0.192 0.806
v -0.374 0.188 0.793
v -0.383 0.18 0.808
v -0.384 0.2 0.784
v -0.4 0.18 0.815
v -0.41 0.192 0.806
v -0.39 0.168 0.806
v -0.41 0.168 0.806
v -0.374 0.172 0.793
v -0.384 0.16 0.784
v -0.368 0.18 0.77
v -0.5 0.192 0.734
v -0.516 0.188 0.748
v -0.507 0.18 0.732
v -0.506 0.2 0.756
v -0.517 0.193 0.77
v -0.49 0.201 0.746
v -0.49 0.18 0.725
v -0.48 0.192 0.734
v -0.473 0.18 0.732
v -0.5 0.168 0.734
v -0.48 0.168 0.734
v -0.49 0.159 0.746
v -0.516 0.172 0.748
v -0.506 0.16 0.756
v -0.517 0.167 0.77
v -0.522 0.18 0.77
v -0.464 0.188 0.748
v -0.474 0.2 0.756
v -0.463 0.193 0.77
v -0.49 0.205 0.77
v -0.506 0.2 0.784
v -0.49 0.201 0.794
v -0.516 0.188 0.793
v -0.516 0.172 0.793
v -0.507 0.18 0.808
v -0.506 0.16 0.784
v -0.49 0.155 0.77
v -0.49 0.159 0.794
v -0.474 0.16 0.756
v -0.464 0.172 0.748
v -0.463 0.167 0.77
v -0.48 0.192 0.806
v -0.464 0.188 0.793
v -0.473 0.18 0.808
v -0.474 0.2 0.784
v -0.49 0.18 0.815
v -0.5 0.192 0.806
v -0.48 0.168 0.806
v -0.5 0.168 0.806
v -0.464 0.172 0.793
v -0.474 0.16 0.784
v -0.458 0.18 0.77
v -0.487 0.255 0.245
v -0.627 0.223 0.35
v -0.547 0.17 0.231
v -0.54 0.308 0.415
v -0.638 0.259 0.52
v -0.4 0.315 0.341
v -0.4 0.17 0.18
v -0.313 0.255 0.245
v -0.253 0.17 0.231
v -0.487 0.085 0.245
v -0.313 0.085 0.245
v -0.4 0.025 0.341
v -0.627 0.117 0.35
v -0.54 0.032 0.415
v -0.638 0.081 0.52
v -0.68 0.17 0.52
v -0.173 0.223 0.35
v -0.26 0.308 0.415
v -0.162 0.259 0.52
v -0.4 0.34 0.52
v -0.54 0.308 0.625
v -0.4 0.315 0.699
v -0.627 0.223 0.69
v -0.627 0.117 0.69
v -0.547 0.17 0.809
v -0.54 0.032 0.625
v -0.4 0 0.52
v -0.4 0.025 0.699
v -0.26 0.032 0.415
v -0.173 0.117 0.35
v -0.162 0.081 0.52
v -0.313 0.255 0.795
v -0.173 0.223 0.69
v -0.253 0.17 0.809
v -0.26 0.308 0.625
v -0.4 0.17 0.86
v -0.487 0.255 0.795
v -0.313 0.085 0.795
v -0.487 0.085 0.795
v -0.173 0.117 0.69
v -0.26 0.032 0.625
v -0.12 0.17 0.52
v -0.468 0.505 0.278
v -0.578 0.446 0.355
v -0.516 0.35 0.267
v -0.51 0.601 0.403
v -0.587 0.513 0.48
v -0.4 0.614 0.349
v -0.4 0.35 0.23
v -0.332 0.505 0.278
v -0.284 0.35 0.267
v -0.468 0.195 0.278
v -0.332 0.195 0.278
v -0.4 0.086 0.349
v -0.578 0.254 0.355
v -0.51 0.099 0.403
v -0.587 0.187 0.48
v -0.62 0.35 0.48
v -0.222 0.446 0.355
v -0.29 0.601 0.403
v -0.213 0.513 0.48
v -0.4 0.66 0.48
v -0.51 0.601 0.557
v -0.4 0.614 0.611
v -0.578 0.446 0.605
v -0.578 0.254 0.605
v -0.516 0.35 0.693
v -0.51 0.099 0.557
v -0.4 0.04 0.48
v -0.4 0.086 0.611
v -0.29 0.099 0.403
v -0.222 0.254 0.355
v -0.213 0.187 0.48
v -0.332 0.505 0.682
v -0.222 0.446 0.605
v -0.284 0.35 0.693
v -0.29 0.601 0.557
v -0.4 0.35 0.73
v -0.468 0.505 0.682
v -0.332 0.195 0.682
v -0.468 0.195 0.682
v -0.222 0.254 0.605
v -0.29 0.099 0.557
v -0.18 0.35 0.48
v -0.465 0.9 0.306
v -0.57 0.812 0.38
v -0.51 0.67 0.296
v -0.505 1.042 0.426
v -0.579 0.912 0.5
v -0.4 1.061 0.374
v -0.4 0.67 0.26
v -0.335 0.9 0.306
v -0.29 0.67 0.296
v -0.465 0.44 0.306
v -0.335 0.44 0.306
v -0.4 0.279 0.374
v -0.57 0.528 0.38
v -0.505 0.298 0.426
v -0.579 0.428 0.5
v -0.61 0.67 0.5
v -0.23 0.812 0.38
v -0.295 1.042 0.426
v -0.221 0.912 0.5
v -0.4 1.13 0.5
v -0.505 1.042 0.574
v -0.4 1.061 0.626
v -0.57 0.812 0.62
v -0.57 0.528 0.62
v -0.51 0.67 0.704
v -0.505 0.298 0.574
v -0.4 0.21 0.5
v -0.4 0.279 0.626
v -0.295 0.298 0.426
v -0.23 0.528 0.38
v -0.221 0.428 0.5
v -0.335 0.9 0.694
v -0.23 0.812 0.62
v -0.29 0.67 0.704
v -0.295 1.042 0.574
v -0.4 0.67 0.74
v -0.465 0.9 0.694
v -0.335 0.44 0.694
v -0.465 0.44 0.694
v -0.23 0.528 0.62
v -0.295 0.298 0.574
v -0.19 0.67 0.5
v 0.48 0.192 -0.836
v 0.464 0.188 -0.822
v 0.473 0.18 -0.838
v 0.474 0.2 -0.814
v 0.463 0.193 -0.8
v 0.49 0.201 -0.824
v 0.49 0.18 -0.845
v 0.5 0.192 -0.836
v 0.507 0.18 -0.838
v 0.48 0.168 -0.836
v 0.5 0.168 -0.836
v 0.49 0.159 -0.824
v 0.464 0.172 -0.822
v 0.474 0.16 -0.814
v 0.463 0.167 -0.8
v 0.458 0.18 -0.8
v 0.516 0.188 -0.822
v 0.506 0.2 -0.814
v 0.517 0.193 -0.8
v 0.49 0.205 -0.8
v 0.474 0.2 -0.786
v 0.49 0.201 -0.776
v 0.464 0.188 -0.777
v 0.464 0.172 -0.777
v 0.473 0.18 -0.762
v 0.474 0.16 -0.786
v 0.49 0.155 -0.8
v 0.49 0.159 -0.776
v 0.506 0.16 -0.814
v 0.516 0.172 -0.822
v 0.517 0.167 -0.8
v 0.5 0.192 -0.764
v 0.516 0.188 -0.777
v 0.507 0.18 -0.762
v 0.506 0.2 -0.786
v 0.49 0.18 -0.755
v 0.48 0.192 -0.764
v 0.5 0.168 -0.764
v 0.48 0.168 -0.764
v 0.516 0.172 -0.777
v 0.506 0.16 -0.786
v 0.522 0.18 -0.8
v 0.39 0.192 -0.836
v 0.374 0.188 -0.822
v 0.383 0.18 -0.838
v 0.384 0.2 -0.814
v 0.373 0.193 -0.8
v 0.4 0.201 -0.824
v 0.4 0.18 -0.845
v 0.41 0.192 -0.836
v 0.417 0.18 -0.838
v 0.39 0.168 -0.836
v 0.41 0.168 -0.836
v 0.4 0.159 -0.824
v 0.374 0.172 -0.822
v 0.384 0.16 -0.814
v 0.373 0.167 -0.8
v 0.368 0.18 -0.8
v 0.426 0.188 -0.822
v 0.416 0.2 -0.814
v 0.427 0.193 -0.8
v 0.4 0.205 -0.8
v 0.384 0.2 -0.786
v 0.4 0.201 -0.776
v 0.374 0.188 -0.777
v 0.374 0.172 -0.777
v 0.383 0.18 -0.762
v 0.384 0.16 -0.786
v 0.4 0.155 -0.8
v 0.4 0.159 -0.776
v 0.416 0.16 -0.814
v 0.426 0.172 -0.822
v 0.427 0.167 -0.8
v 0.41 0.192 -0.764
v 0.426 0.188 -0.777
v 0.417 0.18 -0.762
v 0.416 0.2 -0.786
v 0.4 0.18 -0.755
v 0.39 0.192 -0.764
v 0.41 0.168 -0.764
v 0.39 0.168 -0.764
v 0.426 0.172 -0.777
v 0.416 0.16 -0.786
v 0.432 0.18 -0.8
v 0.3 0.192 -0.836
v 0.284 0.188 -0.822
v 0.293 0.18 -0.838
v 0.294 0.2 -0.814
v 0.283 0.193 -0.8
v 0.31 0.201 -0.824
v 0.31 0.18 -0.845
v 0.32 0.192 -0.836
v 0.327 0.18 -0.838
v 0.3 0.168 -0.836
v 0.32 0.168 -0.836
v 0.31 0.159 -0.824
v 0.284 0.172 -0.822
v 0.294 0.16 -0.814
v 0.283 0.167 -0.8
v 0.278 0.18 -0.8
v 0.336 0.188 -0.822
v 0.326 0.2 -0.814
v 0.337 0.193 -0.8
v 0.31 0.205 -0.8
v 0.294 0.2 -0.786
v 0.31 0.201 -0.776
v 0.284 0.188 -0.777
v 0.284 0.172 -0.777
v 0.293 0.18 -0.762
v 0.294 0.16 -0.786
v 0.31 0.155 -0.8
v 0.31 0.159 -0.776
v 0.326 0.16 -0.814
v 0.336 0.172 -0.822
v 0.337 0.167 -0.8
v 0.32 0.192 -0.764
v 0.336 0.188 -0.777
v 0.327 0.18 -0.762
v 0.326 0.2 -0.786
v 0.31 0.18 -0.755
v 0.3 0.192 -0.764
v 0.32 0.168 -0.764
v 0.3 0.168 -0.764
v 0.336 0.172 -0.777
v 0.326 0.16 -0.786
v 0.342 0.18 -0.8
v 0.313 0.255 -0.835
v 0.173 0.223 -0.73
v 0.253 0.17 -0.849
v 0.26 0.308 -0.665
v 0.162 0.259 -0.56
v 0.4 0.315 -0.739
v 0.4 0.17 -0.9
v 0.487 0.255 -0.835
v 0.547 0.17 -0.849
v 0.313 0.085 -0.835
v 0.487 0.085 -0.835
v 0.4 0.025 -0.739
v 0.173 0.117 -0.73
v 0.26 0.032 -0.665
v 0.162 0.081 -0.56
v 0.12 0.17 -0.56
v 0.627 0.223 -0.73
v 0.54 0.308 -0.665
v 0.638 0.259 -0.56
v 0.4 0.34 -0.56
v 0.26 0.308 -0.455
v 0.4 0.315 -0.381
v 0.173 0.223 -0.39
v 0.173 0.117 -0.39
v 0.253 0.17 -0.271
v 0.26 0.032 -0.455
v 0.4 0 -0.56
v 0.4 0.025 -0.381
v 0.54 0.032 -0.665
v 0.627 0.117 -0.73
v 0.638 0.081 -0.56
v 0.487 0.255 -0.285
v 0.627 0.223 -0.39
v 0.547 0.17 -0.271
v 0.54 0.308 -0.455
v 0.4 0.17 -0.22
v 0.313 0.255 -0.285
v 0.487 0.085 -0.285
v 0.313 0.085 -0.285
v 0.627 0.117 -0.39
v 0.54 0.032 -0.455
v 0.68 0.17 -0.56
v 0.332 0.505 -0.702
v 0.222 0.446 -0.625
v 0.284 0.35 -0.713
v 0.29 0.601 -0.577
v 0.213 0.513 -0.5
v 0.4 0.614 -0.631
v 0.4 0.35 -0.75
v 0.468 0.505 -0.702
v 0.516 0.35 -0.713
v 0.332 0.195 -0.702
v 0.468 0.195 -0.702
v 0.4 0.086 -0.631
v 0.222 0.254 -0.625
v 0.29 0.099 -0.577
v 0.213 0.187 -0.5
v 0.18 0.35 -0.5
v 0.578 0.446 -0.625
v 0.51 0.601 -0.577
v 0.587 0.513 -0.5
v 0.4 0.66 -0.5
v 0.29 0.601 -0.423
v 0.4 0.614 -0.369
v 0.222 0.446 -0.375
v 0.222 0.254 -0.375
v 0.284 0.35 -0.287
v 0.29 0.099 -0.423
v 0.4 0.04 -0.5
v 0.4 0.086 -0.369
v 0.51 0.099 -0.577
v 0.578 0.254 -0.625
v 0.587 0.187 -0.5
v 0.468 0.505 -0.298
v 0.578 0.446 -0.375
v 0.516 0.35 -0.287
v 0.51 0.601 -0.423
v 0.4 0.35 -0.25
v 0.332 0.505 -0.298
v 0.468 0.195 -0.298
v 0.332 0.195 -0.298
v 0.578 0.254 -0.375
v 0.51 0.099 -0.423
v 0.62 0.35 -0.5
v 0.335 0.9 -0.674
v 0.23 0.812 -0.6
v 0.29 0.67 -0.684
v 0.295 1.042 -0.554
v 0.221 0.912 -0.48
v 0.4 1.061 -0.606
v 0.4 0.67 -0.72
v 0.465 0.9 -0.674
v 0.51 0.67 -0.684
v 0.335 0.44 -0.674
v 0.465 0.44 -0.674
v 0.4 0.279 -0.606
v 0.23 0.528 -0.6
v 0.295 0.298 -0.554
v 0.221 0.428 -0.48
v 0.19 0.67 -0.48
v 0.57 0.812 -0.6
v 0.505 1.042 -0.554
v 0.579 0.912 -0.48
v 0.4 1.13 -0.48
v 0.295 1.042 -0.406
v 0.4 1.061 -0.354
v 0.23 0.812 -0.36
v 0.23 0.528 -0.36
v 0.29 0.67 -0.276
v 0.295 0.298 -0.406
v 0.4 0.21 -0.48
v 0.4 0.279 -0.354
v 0.505 0.298 -0.554
v 0.57 0.528 -0.6
v 0.579 0.428 -0.48
v 0.465 0.9 -0.286
v 0.57 0.812 -0.36
v 0.51 0.67 -0.276
v 0.505 1.042 -0.406
v 0.4 0.67 -0.24
v 0.335 0.9 -0.286
v 0.465 0.44 -0.286
v 0.335 0.44 -0.286
v 0.57 0.528 -0.36
v 0.505 0.298 -0.406
v 0.61 0.67 -0.48
v -0.32 0.192 -0.836
v -0.336 0.188 -0.822
v -0.327 0.18 -0.838
v -0.326 0.2 -0.814
v -0.337 0.193 -0.8
v -0.31 0.201 -0.824
v -0.31 0.18 -0.845
v -0.3 0.192 -0.836
v -0.293 0.18 -0.838
v -0.32 0.168 -0.836
v -0.3 0.168 -0.836
v -0.31 0.159 -0.824
v -0.336 0.172 -0.822
v -0.326 0.16 -0.814
v -0.337 0.167 -0.8
v -0.342 0.18 -0.8
v -0.284 0.188 -0.822
v -0.294 0.2 -0.814
v -0.283 0.193 -0.8
v -0.31 0.205 -0.8
v -0.326 0.2 -0.786
v -0.31 0.201 -0.776
v -0.336 0.188 -0.777
v -0.336 0.172 -0.777
v -0.327 0.18 -0.762
v -0.326 0.16 -0.786
v -0.31 0.155 -0.8
v -0.31 0.159 -0.776
v -0.294 0.16 -0.814
v -0.284 0.172 -0.822
v -0.283 0.167 -0.8
v -0.3 0.192 -0.764
v -0.284 0.188 -0.777
v -0.293 0.18 -0.762
v -0.294 0.2 -0.786
v -0.31 0.18 -0.755
v -0.32 0.192 -0.764
v -0.3 0.168 -0.764
v -0.32 0.168 -0.764
v -0.284 0.172 -0.777
v -0.294 0.16 -0.786
v -0.278 0.18 -0.8
v -0.41 0.192 -0.836
v -0.426 0.188 -0.822
v -0.417 0.18 -0.838
v -0.416 0.2 -0.814
v -0.427 0.193 -0.8
v -0.4 0.201 -0.824
v -0.4 0.18 -0.845
v -0.39 0.192 -0.836
v -0.383 0.18 -0.838
v -0.41 0.168 -0.836
v -0.39 0.168 -0.836
v -0.4 0.159 -0.824
v -0.426 0.172 -0.822
v -0.416 0.16 -0.814
v -0.427 0.167 -0.8
v -0.432 0.18 -0.8
v -0.374 0.188 -0.822
v -0.384 0.2 -0.814
v -0.373 0.193 -0.8
v -0.4 0.205 -0.8
v -0.416 0.2 -0.786
v -0.4 0.201 -0.776
v -0.426 0.188 -0.777
v -0.426 0.172 -0.777
v -0.417 0.18 -0.762
v -0.416 0.16 -0.786
v -0.4 0.155 -0.8
v -0.4 0.159 -0.776
v -0.384 0.16 -0.814
v -0.374 0.172 -0.822
v -0.373 0.167 -0.8
v -0.39 0.192 -0.764
v -0.374 0.188 -0.777
v -0.383 0.18 -0.762
v -0.384 0.2 -0.786
v -0.4 0.18 -0.755
v -0.41 0.192 -0.764
v -0.39 0.168 -0.764
v -0.41 0.168 -0.764
v -0.374 0.172 -0.777
v -0.384 0.16 -0.786
v -0.368 0.18 -0.8
v -0.5 0.192 -0.836
v -0.516 0.188 -0.822
v -0.507 0.18 -0.838
v -0.506 0.2 -0.814
v -0.517 0.193 -0.8
v -0.49 0.201 -0.824
v -0.49 0.18 -0.845
v -0.48 0.192 -0.836
v -0.473 0.18 -0.838
v -0.5 0.168 -0.836
v -0.48 0.168 -0.836
v -0.49 0.159 -0.824
v -0.516 0.172 -0.822
v -0.506 0.16 -0.814
v -0.517 0.167 -0.8
v -0.522 0.18 -0.8
v -0.464 0.188 -0.822
v -0.474 0.2 -0.814
v -0.463 0.193 -0.8
v -0.49 0.205 -0.8
v -0.506 0.2 -0.786
v -0.49 0.201 -0.776
v -0.516 0.188 -0.777
v -0.516 0.172 -0.777
v -0.507 0.18 -0.762
v -0.506 0.16 -0.786
v -0.49 0.155 -0.8
v -0.49 0.159 -0.776
v -0.474 0.16 -0.814
v -0.464 0.172 -0.822
v -0.463 0.167 -0.8
v -0.48 0.192 -0.764
v -0.464 0.188 -0.777
v -0.473 0.18 -0.762
v -0.474 0.2 -0.786
v -0.49 0.18 -0.755
v -0.5 0.192 -0.764
v -0.48 0.168 -0.764
v -0.5 0.168 -0.764
v -0.464 0.172 -0.777
v -0.474 0.16 -0.786
v -0.458 0.18 -0.8
v -0.487 0.255 -0.835
v -0.627 0.223 -0.73
v -0.547 0.17 -0.849
v -0.54 0.308 -0.665
v -0.638 0.259 -0.56
v -0.4 0.315 -0.739
v -0.4 0.17 -0.9
v -0.313 0.255 -0.835
v -0.253 0.17 -0.849
v -0.487 0.085 -0.835
v -0.313 0.085 -0.835
v -0.4 0.025 -0.739
v -0.627 0.117 -0.73
v -0.54 0.032 -0.665
v -0.638 0.081 -0.56
v -0.68 0.17 -0.56
v -0.173 0.223 -0.73
v -0.26 0.308 -0.665
v -0.162 0.259 -0.56
v -0.4 0.34 -0.56
v -0.54 0.308 -0.455
v -0.4 0.315 -0.381
v -0.627 0.223 -0.39
v -0.627 0.117 -0.39
v -0.547 0.17 -0.271
v -0.54 0.032 -0.455
v -0.4 0 -0.56
v -0.4 0.025 -0.381
v -0.26 0.032 -0.665
v -0.173 0.117 -0.73
v -0.162 0.081 -0.56
v -0.313 0.255 -0.285
v -0.173 0.223 -0.39
v -0.253 0.17 -0.271
v -0.26 0.308 -0.455
v -0.4 0.17 -0.22
v -0.487 0.255 -0.285
v -0.313 0.085 -0.285
v -0.487 0.085 -0.285
v -0.173 0.117 -0.39
v -0.26 0.032 -0.455
v -0.12 0.17 -0.56
v -0.468 0.505 -0.702
v -0.578 0.446 -0.625
v -0.516 0.35 -0.713
v -0.51 0.601 -0.577
v -0.587 0.513 -0.5
v -0.4 0.614 -0.631
v -0.4 0.35 -0.75
v -0.332 0.505 -0.702
v -0.284 0.35 -0.713
v -0.468 0.195 -0.702
v -0.332 0.195 -0.702
v -0.4 0.086 -0.631
v -0.578 0.254 -0.625
v -0.51 0.099 -0.577
v -0.587 0.187 -0.5
v -0.62 0.35 -0.5
v -0.222 0.446 -0.625
v -0.29 0.601 -0.577
v -0.213 0.513 -0.5
v -0.4 0.66 -0.5
v -0.51 0.601 -0.423
v -0.4 0.614 -0.369
v -0.578 0.446 -0.375
v -0.578 0.254 -0.375
v -0.516 0.35 -0.287
v -0.51 0.099 -0.423
v -0.4 0.04 -0.5
v -0.4 0.086 -0.369
v -0.29 0.099 -0.577
v -0.222 0.254 -0.625
v -0.213 0.187 -0.5
v -0.332 0.505 -0.298
v -0.222 0.446 -0.375
v -0.284 0.35 -0.287
v -0.29 0.601 -0.423
v -0.4 0.35 -0.25
v -0.468 0.505 -0.298
v -0.332 0.195 -0.298
v -0.468 0.195 -0.298
v -0.222 0.254 -0.375
v -0.29 0.099 -0.423
v -0.18 0.35 -0.5
v -0.465 0.9 -0.674
v -0.57 0.812 -0.6
v -0.51 0.67 -0.684
v -0.505 1.042 -0.554
v -0.579 0.912 -0.48
v -0.4 1.061 -0.606
v -0.4 0.67 -0.72
v -0.335 0.9 -0.674
v -0.29 0.67 -0.684
v -0.465 0.44 -0.674
v -0.335 0.44 -0.674
v -0.4 0.279 -0.606
v -0.57 0.528 -0.6
v -0.505 0.298 -0.554
v -0.579 0.428 -0.48
v -0.61 0.67 -0.48
v -0.23 0.812 -0.6
v -0.295 1.042 -0.554
v -0.221 0.912 -0.48
v -0.4 1.13 -0.48
v -0.505 1.042 -0.406
v -0.4 1.061 -0.354
v -0.57 0.812 -0.36
v -0.57 0.528 -0.36
v -0.51 0.67 -0.276
v -0.505 0.298 -0.406
v -0.4 0.21 -0.48
v -0.4 0.279 -0.354
v -0.295 0.298 -0.554
v -0.23 0.528 -0.6
v -0.221 0.428 -0.48
v -0.335 0.9 -0.286
v -0.23 0.812 -0.36
v -0.29 0.67 -0.276
v -0.295 1.042 -0.406
v -0.4 0.67 -0.24
v -0.465 0.9 -0.286
v -0.335 0.44 -0.286
v -0.465 0.44 -0.286
v -0.23 0.528 -0.36
v -0.295 0.298 -0.406
v -0.19 0.67 -0.48
v -0.234 1.042 -0.498
v -0.375 0.999 -0.401
v -0.284 0.93 -0.49
vt 0.118 0.862
vt 0.115 0.864
v -0.317 1.113 -0.393
v -0.437 1.063 -0.28
vt 0.116 0.865
v -0.167 1.145 -0.465
vt 0.119 0.862
vt 0.115 0.865
v -0.372 1.183 -0.235
v -0.466 1.117 -0.136
vt 0.115 0.869
vt 0.112 0.871
v -0.379 1.228 -0.076
v -0.459 1.156 0.02
vt 0.114 0.873
v -0.27 1.278 -0.165
v -0.087 1.232 -0.396
v -0.23 1.226 -0.333
vt 0.123 0.865
vt 0.119 0.866
v -0.14 1.301 -0.24
vt 0.121 0.869
v 0 1.296 -0.295
vt 0.121 0.868
v -0.148 0.93 -0.557
vt 0.121 0.861
v -0.088 1.043 -0.551
vt 0.123 0.861
v 0 0.93 -0.58
vt 0.122 0.861
v 0 1.156 -0.49
v 0.087 1.232 -0.396
vt 0.127 0.865
v 0.167 1.145 -0.465
v 0.148 0.93 -0.557
v 0.088 1.043 -0.551
vt 0.129 0.861
v 0.234 1.042 -0.498
vt 0.132 0.862
v 0.284 0.93 -0.49
vt 0.131 0.862
v -0.234 0.818 -0.498
v -0.088 0.817 -0.551
v -0.167 0.715 -0.465
v 0.088 0.817 -0.551
v 0.234 0.818 -0.498
vt 0.129 0.86
v 0.167 0.715 -0.465
v -0.087 0.628 -0.396
v 0 0.704 -0.49
v 0.087 0.628 -0.396
v 0 0.564 -0.295
v -0.375 0.861 -0.401
v -0.317 0.747 -0.393
v -0.437 0.797 -0.28
v -0.23 0.634 -0.333
v -0.14 0.559 -0.24
v -0.27 0.582 -0.165
v -0.466 0.743 -0.136
v -0.372 0.677 -0.235
v -0.379 0.632 -0.076
vt 0.115 0.873
v -0.459 0.704 0.02
v -0.459 0.93 -0.295
v -0.514 0.86 -0.138
vt 0.111 0.871
v -0.519 0.812 0.02
vt 0.111 0.875
v -0.54 0.93 0.02
v -0.514 1 -0.138
v -0.519 1.048 0.02
v 0.375 0.999 -0.401
vt 0.135 0.864
v 0.317 1.113 -0.393
vt 0.134 0.865
v 0.437 1.063 -0.28
v 0.23 1.226 -0.333
vt 0.131 0.866
v 0.14 1.301 -0.24
vt 0.129 0.868
v 0.27 1.278 -0.165
v 0.466 1.117 -0.136
v 0.372 1.183 -0.235
vt 0.138 0.871
vt 0.135 0.869
v 0.379 1.228 -0.076
vt 0.136 0.873
v 0.459 1.156 0.02
v 0 1.344 -0.144
vt 0.125 0.871
v -0.142 1.339 -0.077
vt 0.121 0.872
v 0 1.36 0.02
vt 0.121 0.873
v -0.284 1.296 0.02
v -0.379 1.228 0.116
vt 0.114 0.877
v -0.27 1.278 0.205
v 0 1.344 0.184
v -0.142 1.339 0.117
vt 0.125 0.879
vt 0.121 0.877
v -0.14 1.301 0.28
vt 0.121 0.882
v 0 1.296 0.335
vt 0.121 0.881
v -0.466 1.117 0.176
vt 0.112 0.879
v -0.514 1 0.178
vt 0.111 0.879
v -0.437 1.063 0.32
v -0.514 0.86 0.178
v -0.466 0.743 0.176
v -0.437 0.797 0.32
v -0.375 0.999 0.441
v -0.459 0.93 0.335
vt 0.115 0.886
v -0.375 0.861 0.441
vt 0.115 0.885
v -0.284 0.93 0.53
v -0.379 0.632 0.116
v -0.284 0.564 0.02
v -0.27 0.582 0.205
v -0.142 0.521 -0.077
v 0 0.516 -0.144
v 0 0.5 0.02
v -0.14 0.559 0.28
v -0.142 0.521 0.117
v 0 0.516 0.184
v 0 0.564 0.335
vt 0.121 0.878
v 0.14 0.559 -0.24
v 0.23 0.634 -0.333
v 0.27 0.582 -0.165
vt 0.129 0.869
v 0.317 0.747 -0.393
v 0.375 0.861 -0.401
v 0.437 0.797 -0.28
v 0.379 0.632 -0.076
v 0.372 0.677 -0.235
v 0.466 0.743 -0.136
v 0.459 0.704 0.02
v 0.234 1.042 0.538
v 0.375 0.999 0.441
v 0.284 0.93 0.53
vt 0.131 0.888
vt 0.135 0.885
v 0.317 1.113 0.433
v 0.437 1.063 0.32
vt 0.134 0.885
v 0.167 1.145 0.505
vt 0.132 0.888
vt 0.135 0.886
v 0.372 1.183 0.275
v 0.466 1.117 0.176
vt 0.135 0.881
vt 0.138 0.879
v 0.379 1.228 0.116
vt 0.136 0.877
v 0.27 1.278 0.205
vt 0.135 0.877
v 0.087 1.232 0.436
v 0.23 1.226 0.373
vt 0.127 0.885
vt 0.131 0.884
v 0.14 1.301 0.28
vt 0.129 0.882
vt 0.129 0.881
v 0.148 0.93 0.597
vt 0.129 0.889
v 0.088 1.043 0.591
vt 0.127 0.889
v 0 0.93 0.62
vt 0.128 0.889
v 0 1.156 0.53
v -0.087 1.232 0.436
vt 0.123 0.885
v -0.167 1.145 0.505
v -0.148 0.93 0.597
v -0.088 1.043 0.591
vt 0.121 0.889
vt 0.123 0.889
v -0.234 1.042 0.538
vt 0.118 0.888
vt 0.119 0.888
vt 0.121 0.89
v 0.234 0.818 0.538
v 0.088 0.817 0.591
v 0.167 0.715 0.505
v -0.088 0.817 0.591
v -0.234 0.818 0.538
v -0.167 0.715 0.505
v 0.087 0.628 0.436
v 0 0.704 0.53
v -0.087 0.628 0.436
v 0.375 0.861 0.441
v 0.317 0.747 0.433
v 0.437 0.797 0.32
v 0.23 0.634 0.373
v 0.14 0.559 0.28
v 0.27 0.582 0.205
v 0.466 0.743 0.176
v 0.372 0.677 0.275
v 0.379 0.632 0.116
v 0.459 0.93 0.335
v 0.514 0.86 0.178
vt 0.139 0.879
v 0.519 0.812 0.02
vt 0.139 0.875
v 0.54 0.93 0.02
v 0.514 1 0.178
v 0.519 1.048 0.02
v 0.142 1.339 0.117
vt 0.129 0.877
v 0.284 1.296 0.02
v 0.142 1.339 -0.077
vt 0.129 0.873
vt 0.129 0.878
v -0.317 1.113 0.433
vt 0.116 0.885
v -0.23 1.226 0.373
vt 0.119 0.884
v -0.372 1.183 0.275
vt 0.115 0.881
v -0.23 0.634 0.373
v -0.317 0.747 0.433
v -0.372 0.677 0.275
v 0.284 0.564 0.02
v 0.142 0.521 0.117
v 0.142 0.521 -0.077
vt 0.129 0.872
v 0.514 1 -0.138
vt 0.139 0.871
v 0.514 0.86 -0.138
v 0.459 0.93 -0.295
v -0.295 1.342 -0.726
v -0.472 1.272 -0.582
v -0.357 1.16 -0.716
vt 0.377 0.864
vt 0.375 0.862
v -0.4 1.458 -0.569
v -0.55 1.376 -0.4
vt 0.381 0.865
vt 0.38 0.868
v -0.21 1.51 -0.678
vt 0.383 0.863
vt 0.377 0.865
v -0.468 1.571 -0.333
v -0.587 1.464 -0.184
vt 0.384 0.869
vt 0.382 0.871
v -0.477 1.646 -0.095
v -0.578 1.528 0.05
vt 0.385 0.873
vt 0.383 0.875
v -0.34 1.726 -0.228
vt 0.387 0.87
v -0.109 1.651 -0.574
v -0.289 1.642 -0.479
vt 0.386 0.865
vt 0.385 0.866
v -0.177 1.764 -0.34
vt 0.388 0.868
v 0 1.755 -0.423
vt 0.388 0.867
vt 0.388 0.869
vt 0.38 0.867
v -0.186 1.16 -0.816
vt 0.375 0.861
v -0.11 1.344 -0.806
vt 0.379 0.861
v 0 1.16 -0.85
v 0 1.528 -0.716
v 0.109 1.651 -0.574
vt 0.385 0.865
v 0.21 1.51 -0.678
v 0.186 1.16 -0.816
v 0.11 1.344 -0.806
v 0.295 1.342 -0.726
v 0.357 1.16 -0.716
v -0.295 0.978 -0.726
vt 0.371 0.862
v -0.11 0.976 -0.806
vt 0.371 0.861
v -0.21 0.81 -0.678
vt 0.367 0.863
v 0.11 0.976 -0.806
v 0.295 0.978 -0.726
v 0.21 0.81 -0.678
vt 0.368 0.863
v -0.109 0.669 -0.574
v 0 0.792 -0.716
vt 0.364 0.865
v 0.109 0.669 -0.574
v 0 0.565 -0.423
vt 0.365 0.865
v -0.472 1.048 -0.582
vt 0.373 0.864
v -0.4 0.862 -0.569
vt 0.369 0.865
v -0.55 0.944 -0.4
vt 0.37 0.868
vt 0.373 0.865
v -0.289 0.678 -0.479
vt 0.365 0.866
v -0.177 0.556 -0.34
v -0.34 0.594 -0.228
vt 0.363 0.87
v -0.587 0.856 -0.184
v -0.468 0.749 -0.333
vt 0.368 0.871
vt 0.366 0.869
vt 0.37 0.867
v -0.477 0.674 -0.095
v -0.578 0.792 0.05
vt 0.367 0.875
v -0.578 1.16 -0.423
v -0.647 1.046 -0.187
vt 0.373 0.871
v -0.654 0.969 0.05
vt 0.371 0.875
v -0.68 1.16 0.05
vt 0.369 0.871
v -0.647 1.274 -0.187
vt 0.381 0.871
vt 0.377 0.871
v -0.654 1.351 0.05
vt 0.379 0.875
vt 0.378 0.871
v 0.472 1.272 -0.582
v 0.4 1.458 -0.569
v 0.55 1.376 -0.4
v 0.289 1.642 -0.479
v 0.177 1.764 -0.34
v 0.34 1.726 -0.228
v 0.587 1.464 -0.184
v 0.468 1.571 -0.333
v 0.477 1.646 -0.095
v 0.578 1.528 0.05
v 0 1.833 -0.196
vt 0.389 0.871
v -0.179 1.826 -0.096
vt 0.389 0.872
v 0 1.86 0.05
v -0.357 1.755 0.05
v -0.477 1.646 0.195
v -0.34 1.726 0.328
vt 0.387 0.88
v 0 1.833 0.296
v -0.179 1.826 0.196
vt 0.389 0.879
vt 0.389 0.877
v -0.177 1.764 0.44
v 0 1.755 0.523
v -0.587 1.464 0.284
vt 0.381 0.879
v -0.647 1.274 0.287
vt 0.377 0.879
v -0.55 1.376 0.5
vt 0.38 0.882
v -0.647 1.046 0.287
vt 0.373 0.879
v -0.587 0.856 0.284
vt 0.368 0.879
v -0.55 0.944 0.5
vt 0.37 0.883
vt 0.369 0.879
v -0.472 1.272 0.682
v -0.578 1.16 0.523
vt 0.377 0.885
vt 0.38 0.883
v -0.472 1.048 0.682
vt 0.373 0.886
vt 0.37 0.882
v -0.357 1.16 0.816
vt 0.375 0.888
vt 0.377 0.886
v -0.477 0.674 0.195
vt 0.365 0.877
v -0.357 0.565 0.05
v -0.34 0.594 0.328
vt 0.363 0.88
v -0.179 0.494 -0.096
vt 0.361 0.873
v 0 0.487 -0.196
vt 0.361 0.871
v 0 0.46 0.05
vt 0.36 0.871
vt 0.362 0.869
v -0.177 0.556 0.44
v -0.179 0.494 0.196
vt 0.362 0.881
v 0 0.487 0.296
vt 0.361 0.879
v 0 0.565 0.523
vt 0.362 0.883
vt 0.362 0.882
vt 0.361 0.878
vt 0.361 0.872
v 0.177 0.556 -0.34
v 0.289 0.678 -0.479
v 0.34 0.594 -0.228
v 0.4 0.862 -0.569
v 0.472 1.048 -0.582
v 0.55 0.944 -0.4
v 0.477 0.674 -0.095
v 0.468 0.749 -0.333
v 0.587 0.856 -0.184
v 0.578 0.792 0.05
v 0.295 1.342 0.826
v 0.472 1.272 0.682
v 0.357 1.16 0.816
vt 0.379 0.888
v 0.4 1.458 0.669
v 0.55 1.376 0.5
vt 0.381 0.885
v 0.21 1.51 0.778
vt 0.383 0.887
v 0.468 1.571 0.433
v 0.587 1.464 0.284
vt 0.384 0.881
v 0.477 1.646 0.195
vt 0.382 0.879
v 0.34 1.726 0.328
v 0.109 1.651 0.674
v 0.289 1.642 0.579
vt 0.386 0.885
vt 0.385 0.884
v 0.177 1.764 0.44
vt 0.385 0.885
vt 0.388 0.881
vt 0.382 0.887
v 0.186 1.16 0.916
vt 0.375 0.889
v 0.11 1.344 0.906
vt 0.379 0.889
v 0 1.16 0.95
v 0 1.528 0.816
v -0.109 1.651 0.674
v -0.21 1.51 0.778
v -0.186 1.16 0.916
v -0.11 1.344 0.906
v -0.295 1.342 0.826
v 0.295 0.978 0.826
v 0.11 0.976 0.906
vt 0.371 0.889
v 0.21 0.81 0.778
vt 0.367 0.887
v -0.11 0.976 0.906
v -0.295 0.978 0.826
v -0.21 0.81 0.778
v 0.109 0.669 0.674
v 0 0.792 0.816
vt 0.364 0.885
v -0.109 0.669 0.674
vt 0.365 0.885
v 0.472 1.048 0.682
v 0.4 0.862 0.669
vt 0.369 0.885
v 0.55 0.944 0.5
vt 0.373 0.885
v 0.289 0.678 0.579
vt 0.365 0.884
v 0.177 0.556 0.44
v 0.34 0.594 0.328
v 0.587 0.856 0.284
v 0.468 0.749 0.433
vt 0.366 0.881
v 0.477 0.674 0.195
v 0.578 1.16 0.523
v 0.647 1.046 0.287
v 0.654 0.969 0.05
v 0.68 1.16 0.05
v 0.647 1.274 0.287
v 0.654 1.351 0.05
v 0.179 1.826 0.196
vt 0.389 0.878
vt 0.39 0.879
v 0.357 1.755 0.05
v 0.179 1.826 -0.096
v -0.4 1.458 0.669
v -0.289 1.642 0.579
v -0.468 1.571 0.433
v -0.289 0.678 0.579
v -0.4 0.862 0.669
v -0.468 0.749 0.433
v 0.357 0.565 0.05
v 0.179 0.494 0.196
v 0.179 0.494 -0.096
v 0.647 1.274 -0.187
v 0.647 1.046 -0.187
v 0.578 1.16 -0.423
v -0.463 2.575 -1.016
v -0.437 2.638 -0.999
v -0.47 2.57 -1.009
vt 0.364 0.868
v -0.548 2.536 -0.903
v -0.522 2.474 -1.014
v -0.446 2.708 -0.844
v -0.54 2.597 -0.75
v -0.317 2.784 -0.931
v -0.225 2.657 -1.15
v -0.131 2.712 -1.145
v -0.27 2.704 -1.094
vt 0.37 0.866
vt 0.372 0.864
v -0.243 2.658 -1.142
v -0.165 2.819 -1.004
v -0.055 2.76 -1.109
v -0.029 2.813 -1.048
v -0.127 2.756 -1.095
vt 0.374 0.863
vt 0.374 0.862
vt 0.372 0.863
v -0.16 2.754 -1.083
vt 0.371 0.864
v -0.11 2.724 -1.14
vt 0.372 0.865
v -0.42 2.609 -1.041
vt 0.365 0.867
v -0.296 2.66 -1.109
vt 0.368 0.866
v -0.35 2.663 -1.057
vt 0.367 0.866
v -0.143 1.682 -1.011
v -0.159 1.691 -1.018
v -0.165 1.681 -1.004
vt 0.372 0.888
v -0.291 1.761 -1.024
v -0.317 1.716 -0.931
v -0.188 1.706 -1.024
vt 0.368 0.886
vt 0.371 0.887
v -0.539 1.985 -0.966
v -0.548 1.964 -0.921
v -0.439 1.866 -1.011
v -0.437 1.862 -1.009
v -0.446 1.792 -0.846
v -0.54 1.903 -0.75
v -0.435 1.861 -1.01
v -0.4 1.82 -0.989
vt 0.366 0.885
v -0.436 1.863 -1.011
v -0.56 2.01 -0.93
v -0.599 2.126 -0.93
vt 0.362 0.88
v -0.611 2.07 -0.75
v -0.61 2.16 -0.89
v -0.609 2.162 -0.898
v -0.635 2.25 -0.75
v -0.604 2.142 -0.929
v -0.54 2.44 -0.998
vt 0.362 0.871
v -0.604 2.357 -0.913
v -0.544 2.422 -1.004
v -0.611 2.43 -0.75
v -0.604 2.181 -0.927
vt 0.361 0.876
v -0.57 2.3 -1.014
vt 0.362 0.874
v 0.225 2.657 -1.15
v 0.243 2.658 -1.142
v 0.27 2.704 -1.094
vt 0.381 0.866
v 0.131 2.712 -1.145
vt 0.378 0.864
v 0.126 2.812 -1.024
v 0.111 2.728 -1.135
v 0.165 2.819 -1.004
vt 0.378 0.862
v 0.04 2.813 -1.044
v 0.055 2.792 -1.068
vt 0.376 0.862
vt 0.376 0.863
v 0.317 2.784 -0.931
vt 0.378 0.865
v 0.11 2.724 -1.14
v 0.522 2.474 -1.014
v 0.548 2.536 -0.903
v 0.47 2.57 -1.009
v 0.437 2.638 -0.999
v 0.463 2.575 -1.016
v 0.446 2.708 -0.844
v 0.54 2.597 -0.75
v 0.296 2.66 -1.109
vt 0.382 0.866
v 0.42 2.609 -1.041
vt 0.385 0.867
v 0.35 2.663 -1.057
vt 0.383 0.866
v 0 2.872 -0.936
v 0 2.885 -0.91
v -0.167 2.878 -0.845
v 0 2.91 -0.75
v -0.334 2.811 -0.75
v -0.446 2.708 -0.656
v -0.317 2.784 -0.569
v 0 2.885 -0.59
v -0.167 2.878 -0.655
v -0.165 2.819 -0.496
v 0 2.811 -0.442
v -0.548 2.536 -0.598
v -0.604 2.357 -0.596
v -0.514 2.454 -0.458
v -0.604 2.143 -0.596
v -0.548 1.964 -0.598
v -0.514 2.046 -0.458
v -0.441 2.356 -0.339
v -0.54 2.25 -0.442
v -0.441 2.144 -0.339
v -0.334 2.25 -0.252
v -0.446 1.792 -0.656
v -0.334 1.689 -0.75
v -0.317 1.716 -0.569
v -0.167 1.622 -0.845
v -0.072 1.644 -0.951
v 0 1.59 -0.75
v 0 1.605 -0.845
v -0.02 1.616 -0.902
vt 0.374 0.889
v -0.165 1.681 -0.496
v -0.167 1.622 -0.655
v 0 1.615 -0.59
v 0 1.689 -0.442
v 0.159 1.691 -1.018
v 0.143 1.682 -1.011
v 0.165 1.681 -1.004
vt 0.378 0.888
v 0.317 1.716 -0.931
v 0.291 1.761 -1.024
v 0.188 1.706 -1.024
v 0.446 1.792 -0.846
v 0.437 1.862 -1.009
v 0.548 1.964 -0.921
v 0.539 1.985 -0.966
v 0.439 1.866 -1.011
v 0.54 1.903 -0.75
v 0.436 1.863 -1.011
v 0.4 1.82 -0.989
vt 0.384 0.885
v 0.435 1.861 -1.01
v 0.276 2.422 -0.245
v 0.441 2.356 -0.339
v 0.334 2.25 -0.252
v 0.373 2.531 -0.347
v 0.514 2.454 -0.458
v 0.196 2.58 -0.277
v 0.437 2.638 -0.501
v 0.548 2.536 -0.598
v 0.446 2.708 -0.656
v 0.317 2.784 -0.569
v 0.102 2.713 -0.344
v 0.27 2.704 -0.406
v 0.165 2.819 -0.496
v 0.174 2.25 -0.187
v 0.103 2.423 -0.194
v 0 2.25 -0.165
v 0 2.597 -0.252
v -0.102 2.713 -0.344
v -0.196 2.58 -0.277
v -0.174 2.25 -0.187
v -0.103 2.423 -0.194
v -0.276 2.422 -0.245
vt 0.372 0.871
v 0.276 2.078 -0.245
v 0.103 2.077 -0.194
v 0.196 1.92 -0.277
v -0.103 2.077 -0.194
vt 0.372 0.879
v -0.276 2.078 -0.245
v -0.196 1.92 -0.277
v 0.102 1.787 -0.344
v 0 1.903 -0.252
v -0.102 1.787 -0.344
v 0.441 2.144 -0.339
v 0.373 1.969 -0.347
v 0.514 2.046 -0.458
v 0.27 1.796 -0.406
v 0.165 1.681 -0.496
v 0.317 1.716 -0.569
v 0.548 1.964 -0.598
v 0.437 1.862 -0.501
v 0.446 1.792 -0.656
v 0.54 2.25 -0.442
v 0.604 2.143 -0.596
v 0.611 2.07 -0.75
v 0.635 2.25 -0.75
v 0.604 2.357 -0.596
v 0.611 2.43 -0.75
v 0.167 2.878 -0.655
v 0.334 2.811 -0.75
v 0.167 2.878 -0.845
v -0.373 2.531 -0.347
v -0.27 2.704 -0.406
v -0.437 2.638 -0.501
v -0.27 1.796 -0.406
v -0.373 1.969 -0.347
v -0.437 1.862 -0.501
v 0.334 1.689 -0.75
v 0.167 1.622 -0.655
v 0.167 1.622 -0.845
v 0.02 1.616 -0.902
v 0.072 1.644 -0.951
v 0.604 2.357 -0.913
v 0.54 2.44 -0.998
v 0.544 2.422 -1.004
vt 0.388 0.871
v 0.61 2.16 -0.89
v 0.604 2.142 -0.929
v 0.609 2.162 -0.898
v 0.56 2.01 -0.93
v 0.599 2.126 -0.93
v 0.604 2.181 -0.927
v 0.57 2.3 -1.014
vt 0.388 0.874
vt 0.389 0.876
v -0.334 2.25 -1.289
v -0.276 2.422 -1.259
v -0.441 2.356 -1.19
vt 0.118 0.871
vt 0.114 0.872
v -0.373 2.531 -1.154
v -0.514 2.454 -1.049
vt 0.116 0.868
vt 0.112 0.87
v -0.196 2.58 -1.223
vt 0.114 0.867
vt 0.112 0.869
v -0.102 2.713 -1.156
vt 0.123 0.864
vt 0.122 0.864
vt 0.119 0.865
v 0 2.811 -1.058
vt 0.125 0.861
vt 0.124 0.861
vt 0.124 0.863
vt 0.122 0.863
vt 0.121 0.863
vt 0.115 0.866
vt 0.118 0.865
v -0.174 2.25 -1.317
vt 0.121 0.875
v -0.103 2.423 -1.307
vt 0.122 0.871
v 0 2.25 -1.335
vt 0.123 0.871
v 0 2.597 -1.248
vt 0.125 0.866
v 0.102 2.713 -1.156
vt 0.128 0.864
v 0.196 2.58 -1.223
vt 0.127 0.864
v 0.174 2.25 -1.317
v 0.103 2.423 -1.307
vt 0.129 0.875
vt 0.128 0.871
v 0.276 2.422 -1.259
vt 0.132 0.871
v 0.334 2.25 -1.289
v -0.276 2.078 -1.281
vt 0.118 0.879
v -0.103 2.077 -1.307
vt 0.122 0.879
v -0.196 1.92 -1.226
vt 0.123 0.879
v 0.103 2.077 -1.307
vt 0.128 0.879
v 0.276 2.078 -1.281
vt 0.132 0.879
v 0.196 1.92 -1.226
v -0.102 1.787 -1.156
v 0 1.903 -1.248
vt 0.123 0.886
v 0.102 1.787 -1.156
vt 0.127 0.886
v 0 1.689 -1.058
vt 0.122 0.886
vt 0.128 0.886
vt 0.127 0.879
v -0.441 2.144 -1.245
v -0.373 1.969 -1.184
vt 0.116 0.881
v -0.514 2.046 -1.095
vt 0.112 0.88
v -0.27 1.796 -1.095
vt 0.118 0.885
vt 0.121 0.888
vt 0.118 0.886
vt 0.112 0.881
vt 0.114 0.884
v -0.54 2.25 -1.104
vt 0.111 0.88
v -0.604 2.143 -0.931
vt 0.11 0.877
vt 0.11 0.876
vt 0.111 0.874
v 0.441 2.356 -1.19
vt 0.136 0.872
v 0.373 2.531 -1.154
vt 0.134 0.868
v 0.514 2.454 -1.049
vt 0.138 0.87
vt 0.131 0.865
vt 0.126 0.862
vt 0.126 0.861
vt 0.128 0.863
vt 0.138 0.869
vt 0.136 0.867
vt 0.132 0.865
vt 0.135 0.866
v 0 1.615 -0.91
vt 0.124 0.89
v 0.27 1.796 -1.095
vt 0.132 0.886
vt 0.13 0.888
vt 0.132 0.885
v 0.373 1.969 -1.184
vt 0.134 0.881
v 0.441 2.144 -1.245
v 0.514 2.046 -1.095
vt 0.138 0.88
vt 0.136 0.884
vt 0.138 0.881
vt 0.126 0.89
v 0.604 2.143 -0.931
vt 0.139 0.88
vt 0.14 0.878
v 0.54 2.25 -1.104
vt 0.14 0.876
vt 0.139 0.874
v 0.43 2.263 -1.228
v 0.41 2.212 -1.255
v 0.423 2.234 -1.241
vt 0.114 0.862
vt 0.112 0.861
vt 0.113 0.861
v 0.62 2.208 -0.939
v 0.553 2.234 -1.077
v 0.553 2.168 -1.057
vt 0.131 0.878
vt 0.125 0.87
v 0.553 2.299 -1.059
v 0.619 2.285 -0.934
vt 0.13 0.878
v 0.553 2.103 -1.036
v 0.614 2.145 -0.94
vt 0.125 0.872
v 0.618 2.234 -0.94
v 0.503 2.016 -1.083
v 0.488 2.039 -1.124
v 0.445 2.025 -1.158
vt 0.12 0.87
vt 0.119 0.868
v 0.427 2.07 -1.211
v 0.488 2.103 -1.162
v 0.423 2.103 -1.239
vt 0.113 0.863
vt 0.113 0.862
v 0.408 2.115 -1.251
v 0.6 2.069 -0.888
v 0.649 2.058 -0.801
v 0.632 2.102 -0.89
vt 0.129 0.88
vt 0.133 0.885
v 0.552 2.08 -1.026
vt 0.125 0.873
v 0.423 2.168 -1.258
vt 0.113 0.86
v 0.39 2.16 -1.268
vt 0.11 0.86
v 0.488 2.234 -1.175
v 0.58 2.31 -0.992
vt 0.127 0.875
v 0.618 2.168 -0.943
vt 0.13 0.877
vt 0.124 0.871
v 0.618 2.103 -0.91
vt 0.13 0.879
v 0.553 2.039 -0.985
vt 0.124 0.875
vt 0.124 0.873
v 0.562 2.006 -0.925
vt 0.125 0.878
v 0.488 2.299 -1.158
v 0.45 2.315 -1.197
v 0.669 2.14 -0.864
vt 0.135 0.882
v 0.683 2.234 -0.852
vt 0.136 0.882
v 0.515 2.313 -1.117
v 0.673 2.171 -0.87
v 0.725 2.135 -0.787
vt 0.14 0.886
v 0.658 2.26 -0.883
vt 0.134 0.88
v 0.697 2.235 -0.833
v 0.488 2.168 -1.179
v 0.423 2.234 -1.161
v 0.41 2.212 -1.175
v 0.43 2.263 -1.148
vt 0.113 0.866
vt 0.112 0.865
vt 0.114 0.866
v 0.553 2.168 -0.977
v 0.553 2.234 -0.997
v 0.62 2.208 -0.859
vt 0.125 0.876
vt 0.131 0.882
v 0.619 2.285 -0.854
v 0.553 2.299 -0.979
vt 0.125 0.874
v 0.614 2.145 -0.86
v 0.553 2.103 -0.956
vt 0.125 0.877
v 0.618 2.234 -0.86
vt 0.124 0.874
v 0.445 2.025 -1.078
v 0.488 2.039 -1.044
v 0.503 2.016 -1.003
vt 0.115 0.87
vt 0.119 0.872
vt 0.12 0.874
v 0.423 2.103 -1.159
v 0.488 2.103 -1.082
v 0.427 2.07 -1.131
vt 0.119 0.87
v 0.408 2.115 -1.171
v 0.632 2.102 -0.81
v 0.649 2.058 -0.721
v 0.6 2.069 -0.808
vt 0.133 0.889
vt 0.129 0.885
v 0.552 2.08 -0.946
vt 0.124 0.877
v 0.423 2.168 -1.178
vt 0.113 0.865
v 0.39 2.16 -1.188
vt 0.11 0.864
v 0.488 2.234 -1.095
vt 0.119 0.869
v 0.58 2.31 -0.912
v 0.618 2.168 -0.863
vt 0.124 0.876
v 0.618 2.103 -0.83
v 0.553 2.039 -0.905
vt 0.124 0.879
v 0.562 2.006 -0.845
v 0.45 2.315 -1.117
v 0.488 2.299 -1.078
vt 0.115 0.868
v 0.669 2.14 -0.784
v 0.683 2.234 -0.772
vt 0.136 0.886
v 0.515 2.313 -1.037
v 0.673 2.171 -0.79
v 0.725 2.135 -0.707
vt 0.14 0.89
v 0.658 2.26 -0.803
v 0.697 2.235 -0.753
vt 0.137 0.888
v 0.488 2.168 -1.099
vt 0.132 0.884
vt 0.136 0.887
vt 0.138 0.887
vt 0.138 0.888
v -0.649 2.058 -0.801
v -0.6 2.069 -0.888
v -0.632 2.102 -0.89
vt 0.117 0.885
vt 0.121 0.88
v -0.433 2.234 -1.234
v -0.43 2.263 -1.228
v -0.498 2.234 -1.164
vt 0.136 0.862
vt 0.13 0.866
v -0.41 2.212 -1.255
vt 0.138 0.861
v -0.515 2.313 -1.117
v -0.498 2.299 -1.146
v -0.45 2.315 -1.197
v -0.563 2.234 -1.048
v -0.62 2.208 -0.939
v -0.563 2.168 -1.036
vt 0.124 0.872
vt 0.119 0.878
v -0.563 2.299 -1.038
v -0.619 2.285 -0.934
vt 0.12 0.878
v -0.669 2.14 -0.864
v -0.673 2.171 -0.87
v -0.725 2.135 -0.787
vt 0.115 0.882
vt 0.11 0.886
v -0.627 2.103 -0.897
vt 0.119 0.88
v -0.433 2.168 -1.251
vt 0.136 0.861
v -0.39 2.16 -1.268
vt 0.14 0.86
v -0.408 2.115 -1.251
v -0.627 2.234 -0.927
v -0.627 2.168 -0.93
v -0.614 2.145 -0.94
vt 0.12 0.877
v -0.58 2.31 -0.992
vt 0.123 0.875
v -0.658 2.26 -0.883
v -0.692 2.234 -0.839
v -0.697 2.235 -0.833
v -0.498 2.103 -1.145
v -0.563 2.103 -1.015
v -0.552 2.08 -1.026
vt 0.126 0.873
v -0.498 2.039 -1.113
v -0.562 2.006 -0.925
v -0.427 2.07 -1.211
v -0.445 2.025 -1.158
vt 0.137 0.863
v -0.433 2.103 -1.23
v -0.503 2.016 -1.083
vt 0.13 0.87
v -0.498 2.168 -1.162
vt 0.13 0.865
v -0.632 2.102 -0.81
v -0.6 2.069 -0.808
v -0.649 2.058 -0.721
vt 0.118 0.884
vt 0.121 0.885
vt 0.117 0.889
v -0.498 2.234 -1.084
v -0.43 2.263 -1.148
v -0.433 2.234 -1.154
vt 0.136 0.866
v -0.41 2.212 -1.175
vt 0.138 0.865
v -0.45 2.315 -1.117
v -0.498 2.299 -1.066
v -0.515 2.313 -1.037
vt 0.135 0.868
vt 0.13 0.871
v -0.563 2.168 -0.956
v -0.62 2.208 -0.859
v -0.563 2.234 -0.968
vt 0.119 0.882
v -0.619 2.285 -0.854
v -0.563 2.299 -0.958
v -0.725 2.135 -0.707
v -0.673 2.171 -0.79
v -0.669 2.14 -0.784
vt 0.11 0.89
v -0.627 2.103 -0.817
v -0.433 2.168 -1.171
vt 0.136 0.865
v -0.39 2.16 -1.188
vt 0.14 0.864
v -0.408 2.115 -1.171
v -0.627 2.234 -0.847
v -0.627 2.168 -0.85
v -0.614 2.145 -0.86
v -0.58 2.31 -0.912
v -0.658 2.26 -0.803
v -0.692 2.234 -0.759
vt 0.113 0.887
v -0.697 2.235 -0.753
vt 0.112 0.888
v -0.552 2.08 -0.946
v -0.563 2.103 -0.935
v -0.498 2.103 -1.065
vt 0.126 0.877
v -0.498 2.039 -1.033
vt 0.13 0.872
v -0.562 2.006 -0.845
v -0.445 2.025 -1.078
v -0.427 2.07 -1.131
vt 0.135 0.87
vt 0.13 0.873
v -0.433 2.103 -1.15
v -0.503 2.016 -1.003
vt 0.13 0.874
v -0.498 2.168 -1.082
vt 0.113 0.888
vt 0.112 0.887
v 0.15 0.64 -0.5
v 0.002 0.61 -0.501
v 0.002 0.61 -0.5
v 0.139 0.64 -0.557
v 0.001 0.61 -0.501
v 0.106 0.64 -0.606
vt 0.124 0.889
v 0.001 0.61 -0.502
v 0.057 0.64 -0.639
vt 0.125 0.889
v 0 0.61 -0.502
v 0 0.64 -0.65
v -0.001 0.61 -0.502
v -0.057 0.64 -0.639
v -0.001 0.61 -0.501
v -0.106 0.64 -0.606
v -0.002 0.61 -0.501
v -0.139 0.64 -0.557
v -0.002 0.61 -0.5
v -0.15 0.64 -0.5
v -0.002 0.61 -0.499
v -0.139 0.64 -0.443
vt 0.12 0.889
v -0.001 0.61 -0.499
v -0.106 0.64 -0.394
vt 0.119 0.889
v -0.001 0.61 -0.498
v -0.057 0.64 -0.361
vt 0.118 0.889
v 0 0.61 -0.498
v 0 0.64 -0.35
v 0.001 0.61 -0.498
v 0.057 0.64 -0.361
v 0.001 0.61 -0.499
v 0.106 0.64 -0.394
v 0.002 0.61 -0.499
v 0.139 0.64 -0.443
v 0.295 0.74 -0.5
vt 0.121 0.887
v 0.273 0.74 -0.613
vt 0.124 0.887
v 0.209 0.74 -0.709
vt 0.127 0.887
vt 0.126 0.887
v 0.113 0.74 -0.773
vt 0.128 0.887
v 0 0.74 -0.795
vt 0.129 0.887
v -0.113 0.74 -0.773
v -0.209 0.74 -0.709
v -0.273 0.74 -0.613
v -0.295 0.74 -0.5
v -0.273 0.74 -0.387
v -0.209 0.74 -0.291
vt 0.116 0.887
v -0.113 0.74 -0.227
vt 0.114 0.887
v 0 0.74 -0.205
v 0.113 0.74 -0.227
v 0.209 0.74 -0.291
v 0.273 0.74 -0.387
v 0.411 0.9 -0.5
vt 0.121 0.884
v 0.38 0.9 -0.657
vt 0.125 0.884
v 0.291 0.9 -0.791
vt 0.128 0.884
vt 0.129 0.884
v 0.157 0.9 -0.88
v 0 0.9 -0.911
v -0.157 0.9 -0.88
v -0.291 0.9 -0.791
v -0.38 0.9 -0.657
v -0.411 0.9 -0.5
v -0.38 0.9 -0.343
vt 0.119 0.887
v -0.291 0.9 -0.209
v -0.157 0.9 -0.12
vt 0.112 0.884
v 0 0.9 -0.089
vt 0.111 0.884
vt 0.115 0.887
v 0.157 0.9 -0.12
v 0.291 0.9 -0.209
v 0.38 0.9 -0.343
v 0.469 1.08 -0.509
v 0.433 1.08 -0.685
vt 0.126 0.88
v 0.332 1.08 -0.834
vt 0.13 0.88
v 0.179 1.08 -0.933
v 0 1.08 -0.968
v -0.179 1.08 -0.933
v -0.332 1.08 -0.834
v -0.433 1.08 -0.685
v -0.469 1.08 -0.509
v -0.433 1.08 -0.333
v -0.332 1.08 -0.184
v -0.179 1.08 -0.085
v 0 1.08 -0.05
vt 0.11 0.88
v 0.179 1.08 -0.085
v 0.332 1.08 -0.184
v 0.433 1.08 -0.333
v 0.48 1.23 -0.549
vt 0.122 0.877
v 0.443 1.23 -0.717
vt 0.127 0.877
v 0.339 1.23 -0.859
v 0.184 1.23 -0.955
vt 0.133 0.877
v 0 1.23 -0.988
vt 0.134 0.877
v -0.184 1.23 -0.955
v -0.339 1.23 -0.859
v -0.443 1.23 -0.717
v -0.48 1.23 -0.549
v -0.443 1.23 -0.381
vt 0.123 0.877
vt 0.118 0.877
v -0.339 1.23 -0.239
v -0.184 1.23 -0.143
vt 0.112 0.877
v 0 1.23 -0.11
vt 0.111 0.877
v 0.184 1.23 -0.143
v 0.339 1.23 -0.239
v 0.443 1.23 -0.381
v 0.44 1.4 -0.644
v 0.407 1.4 -0.787
vt 0.128 0.874
v 0.311 1.4 -0.908
vt 0.131 0.874
v 0.168 1.4 -0.99
vt 0.132 0.874
vt 0.133 0.874
v 0 1.4 -1.018
vt 0.134 0.874
v -0.168 1.4 -0.99
v -0.311 1.4 -0.908
v -0.407 1.4 -0.787
v -0.44 1.4 -0.644
v -0.407 1.4 -0.501
vt 0.121 0.874
v -0.311 1.4 -0.38
vt 0.118 0.874
v -0.168 1.4 -0.298
vt 0.116 0.874
v 0 1.4 -0.27
vt 0.115 0.874
v 0.168 1.4 -0.298
v 0.311 1.4 -0.38
v 0.407 1.4 -0.501
v 0.385 1.54 -0.725
vt 0.127 0.871
v 0.356 1.54 -0.861
v 0.272 1.54 -0.976
vt 0.133 0.871
v 0.147 1.54 -1.053
vt 0.135 0.871
v 0 1.54 -1.08
vt 0.136 0.871
v -0.147 1.54 -1.053
v -0.272 1.54 -0.976
v -0.356 1.54 -0.861
v -0.385 1.54 -0.725
v -0.356 1.54 -0.589
v -0.272 1.54 -0.474
vt 0.121 0.871
v -0.147 1.54 -0.397
vt 0.119 0.871
v 0 1.54 -0.37
v 0.147 1.54 -0.397
v 0.272 1.54 -0.474
v 0.356 1.54 -0.589
v 0.35 1.66 -0.765
vt 0.128 0.869
v 0.323 1.66 -0.9
vt 0.131 0.869
v 0.247 1.66 -1.015
vt 0.134 0.869
v 0.134 1.66 -1.092
vt 0.136 0.869
v 0 1.66 -1.119
vt 0.137 0.869
v -0.134 1.66 -1.092
v -0.247 1.66 -1.015
v -0.323 1.66 -0.9
vt 0.131 0.868
v -0.35 1.66 -0.765
v -0.323 1.66 -0.629
vt 0.124 0.869
v -0.247 1.66 -0.514
vt 0.122 0.869
v -0.134 1.66 -0.437
vt 0.12 0.869
v 0 1.66 -0.41
v 0.134 1.66 -0.437
v 0.247 1.66 -0.514
v 0.323 1.66 -0.629
vt 0.125 0.869
v 0.36 1.78 -0.811
vt 0.129 0.866
v 0.333 1.78 -0.957
v 0.255 1.78 -1.08
v 0.138 1.78 -1.163
vt 0.138 0.866
v 0 1.78 -1.192
vt 0.139 0.866
v -0.138 1.78 -1.163
vt 0.136 0.868
v -0.255 1.78 -1.08
v -0.333 1.78 -0.957
v -0.36 1.78 -0.811
vt 0.128 0.868
v -0.333 1.78 -0.665
v -0.255 1.78 -0.542
vt 0.122 0.866
v -0.138 1.78 -0.459
vt 0.12 0.866
v 0 1.78 -0.43
v 0.138 1.78 -0.459
v 0.255 1.78 -0.542
v 0.333 1.78 -0.665
vt 0.124 0.868
v 0.395 1.9 -0.842
vt 0.13 0.864
v 0.365 1.9 -0.995
vt 0.134 0.864
v 0.279 1.9 -1.124
vt 0.137 0.864
v 0.151 1.9 -1.21
vt 0.139 0.864
v 0 1.9 -1.24
v -0.151 1.9 -1.21
v -0.279 1.9 -1.124
v -0.365 1.9 -0.995
v -0.395 1.9 -0.842
v -0.365 1.9 -0.69
vt 0.126 0.864
v -0.279 1.9 -0.561
v -0.151 1.9 -0.475
vt 0.121 0.864
v 0 1.9 -0.445
vt 0.12 0.864
v 0.151 1.9 -0.475
v 0.279 1.9 -0.561
v 0.365 1.9 -0.69
v 0.418 2.005 -0.853
v 0.386 2.005 -1.005
vt 0.134 0.862
vt 0.134 0.861
v 0.296 2.005 -1.134
vt 0.137 0.861
vt 0.137 0.862
v 0.16 2.005 -1.22
vt 0.139 0.862
v 0 2.005 -1.25
vt 0.139 0.861
vt 0.14 0.862
v -0.16 2.005 -1.22
vt 0.14 0.861
v -0.296 2.005 -1.134
v -0.386 2.005 -1.005
v -0.418 2.005 -0.853
vt 0.13 0.861
v -0.386 2.005 -0.7
v -0.296 2.005 -0.571
v -0.16 2.005 -0.485
v 0 2.005 -0.455
vt 0.12 0.862
v 0.16 2.005 -0.485
vt 0.12 0.861
v 0.296 2.005 -0.571
vt 0.123 0.862
v 0.386 2.005 -0.7
v 0.42 2.08 -0.848
vt 0.13 0.86
v 0.388 2.08 -0.99
vt 0.134 0.86
v 0.297 2.08 -1.111
vt 0.133 0.86
vt 0.136 0.86
vt 0.137 0.86
v 0.161 2.08 -1.192
vt 0.138 0.86
vt 0.139 0.86
v 0 2.08 -1.22
v -0.161 2.08 -1.192
v -0.297 2.08 -1.111
v -0.388 2.08 -0.99
v -0.42 2.08 -0.848
v -0.388 2.08 -0.705
vt 0.126 0.86
v -0.297 2.08 -0.584
v -0.161 2.08 -0.503
vt 0.121 0.86
v 0 2.08 -0.475
v 0.161 2.08 -0.503
v 0.297 2.08 -0.584
v 0.388 2.08 -0.705
v 0.238 2.265 -0.98
v 0.308 2.232 -1.046
v 0.25 2.217 -0.98
vt 0.11 0.866
v 0.293 2.283 -1.046
vt 0.113 0.864
v 0.202 2.307 -0.98
vt 0.11 0.867
v 0.249 2.33 -1.046
v 0.147 2.341 -0.98
vt 0.11 0.87
v 0.181 2.367 -1.046
v 0.077 2.363 -0.98
vt 0.11 0.872
v 0.095 2.391 -1.046
vt 0.113 0.871
v 0 2.37 -0.98
v 0 2.399 -1.046
vt 0.113 0.875
vt 0.113 0.872
v -0.077 2.363 -0.98
v -0.095 2.391 -1.046
vt 0.113 0.879
v -0.147 2.341 -0.98
v -0.181 2.367 -1.046
v -0.202 2.307 -0.98
vt 0.11 0.883
vt 0.11 0.881
v -0.249 2.33 -1.046
vt 0.113 0.884
v -0.238 2.265 -0.98
vt 0.11 0.884
v -0.293 2.283 -1.046
vt 0.113 0.886
v -0.25 2.217 -0.98
v -0.308 2.232 -1.046
v -0.238 2.163 -0.98
v -0.293 2.172 -1.046
v -0.202 2.118 -0.98
v -0.249 2.123 -1.046
v -0.147 2.086 -0.98
v -0.181 2.088 -1.046
v -0.077 2.069 -0.98
v -0.095 2.069 -1.046
v 0 2.065 -0.98
v 0 2.065 -1.046
v 0.077 2.069 -0.98
v 0.095 2.069 -1.046
v 0.147 2.086 -0.98
v 0.181 2.088 -1.046
v 0.202 2.118 -0.98
vt 0.11 0.868
v 0.249 2.123 -1.046
v 0.238 2.163 -0.98
v 0.293 2.172 -1.046
v 0.35 2.24 -1.11
vt 0.115 0.862
v 0.333 2.294 -1.11
vt 0.115 0.863
v 0.283 2.343 -1.11
v 0.206 2.382 -1.11
vt 0.115 0.867
v 0.108 2.406 -1.11
vt 0.115 0.871
v 0 2.415 -1.11
vt 0.115 0.875
v -0.108 2.406 -1.11
vt 0.115 0.879
v -0.206 2.382 -1.11
vt 0.115 0.883
v -0.283 2.343 -1.11
v -0.333 2.294 -1.11
v -0.35 2.24 -1.11
vt 0.115 0.888
v -0.333 2.177 -1.11
v -0.283 2.125 -1.11
v -0.206 2.089 -1.11
v -0.108 2.07 -1.11
v 0 2.065 -1.11
v 0.108 2.07 -1.11
v 0.206 2.089 -1.11
v 0.283 2.125 -1.11
v 0.333 2.177 -1.11
v 0.351 2.24 -1.112
v 0.334 2.294 -1.112
vt 0.116 0.863
v 0.284 2.343 -1.112
vt 0.116 0.864
v 0.206 2.382 -1.112
v 0.108 2.407 -1.112
vt 0.116 0.871
vt 0.116 0.867
v 0 2.415 -1.112
vt 0.116 0.875
v -0.108 2.407 -1.112
vt 0.116 0.879
v -0.206 2.382 -1.112
v -0.284 2.343 -1.112
v -0.334 2.294 -1.112
v -0.351 2.24 -1.112
v -0.334 2.177 -1.112
v -0.284 2.125 -1.112
v -0.206 2.089 -1.112
vt 0.116 0.886
vt 0.116 0.883
v -0.108 2.07 -1.112
v 0 2.065 -1.112
v 0.108 2.07 -1.112
v 0.206 2.089 -1.112
v 0.284 2.125 -1.112
v 0.334 2.177 -1.112
v 0.384 2.246 -1.178
vt 0.118 0.861
v 0.366 2.301 -1.178
v 0.311 2.35 -1.178
v 0.226 2.388 -1.178
vt 0.118 0.867
v 0.119 2.413 -1.178
v 0 2.422 -1.178
vt 0.118 0.875
v -0.119 2.413 -1.178
v -0.226 2.388 -1.178
vt 0.118 0.883
v -0.311 2.35 -1.178
v -0.366 2.301 -1.178
v -0.384 2.246 -1.178
v -0.366 2.183 -1.178
v -0.311 2.131 -1.178
v -0.226 2.095 -1.178
v -0.119 2.075 -1.178
v 0 2.071 -1.178
v 0.119 2.075 -1.178
v 0.226 2.095 -1.178
v 0.311 2.131 -1.178
vt 0.118 0.864
v 0.366 2.183 -1.178
v 0.403 2.251 -1.244
v 0.383 2.305 -1.244
v 0.326 2.353 -1.244
v 0.237 2.392 -1.244
vt 0.121 0.866
v 0.124 2.416 -1.244
vt 0.121 0.87
v 0 2.425 -1.244
v -0.124 2.416 -1.244
v -0.237 2.392 -1.244
v -0.326 2.353 -1.244
v -0.383 2.305 -1.244
v -0.403 2.251 -1.244
v -0.383 2.189 -1.244
v -0.326 2.137 -1.244
v -0.237 2.101 -1.244
v -0.124 2.082 -1.244
v 0 2.077 -1.244
v 0.124 2.082 -1.244
v 0.237 2.101 -1.244
v 0.326 2.137 -1.244
v 0.383 2.189 -1.244
v 0.403 2.251 -1.25
v 0.383 2.305 -1.25
v 0.326 2.353 -1.25
v 0.237 2.392 -1.25
v 0.125 2.416 -1.25
v 0 2.425 -1.25
v -0.125 2.416 -1.25
v -0.237 2.392 -1.25
v -0.326 2.353 -1.25
v -0.383 2.305 -1.25
v -0.403 2.251 -1.25
v -0.383 2.189 -1.25
v -0.326 2.137 -1.25
v -0.237 2.101 -1.25
v -0.125 2.082 -1.25
v 0 2.077 -1.25
v 0.125 2.082 -1.25
v 0.237 2.101 -1.25
v 0.326 2.137 -1.25
v 0.383 2.189 -1.25
v 0.387 2.248 -1.31
v 0.369 2.301 -1.31
v 0.313 2.349 -1.31
v 0.228 2.387 -1.31
vt 0.124 0.866
v 0.12 2.412 -1.31
vt 0.124 0.867
v 0 2.421 -1.31
v -0.12 2.412 -1.31
vt 0.124 0.88
v -0.228 2.387 -1.31
vt 0.124 0.884
vt 0.124 0.883
v -0.313 2.349 -1.31
v -0.369 2.301 -1.31
v -0.387 2.248 -1.31
v -0.369 2.186 -1.31
v -0.313 2.134 -1.31
v -0.228 2.098 -1.31
v -0.12 2.079 -1.31
v 0 2.075 -1.31
v 0.12 2.079 -1.31
v 0.228 2.098 -1.31
v 0.313 2.134 -1.31
v 0.369 2.186 -1.31
v 0.358 2.24 -1.37
v 0.34 2.293 -1.37
v 0.29 2.341 -1.37
v 0.21 2.378 -1.37
vt 0.126 0.867
v 0.111 2.403 -1.37
vt 0.126 0.871
v 0 2.411 -1.37
vt 0.126 0.875
v -0.111 2.403 -1.37
vt 0.126 0.879
v -0.21 2.378 -1.37
vt 0.126 0.883
v -0.29 2.341 -1.37
vt 0.126 0.886
v -0.34 2.293 -1.37
vt 0.126 0.888
v -0.358 2.24 -1.37
v -0.34 2.179 -1.37
v -0.29 2.129 -1.37
v -0.21 2.093 -1.37
v -0.111 2.075 -1.37
v 0 2.07 -1.37
vt 0.124 0.87
v 0.111 2.075 -1.37
v 0.21 2.093 -1.37
v 0.29 2.129 -1.37
v 0.34 2.179 -1.37
v 0.356 2.24 -1.375
v 0.338 2.292 -1.375
v 0.288 2.34 -1.375
v 0.209 2.378 -1.375
v 0.11 2.402 -1.375
v 0 2.41 -1.375
v -0.11 2.402 -1.375
v -0.209 2.378 -1.375
v -0.288 2.34 -1.375
v -0.338 2.292 -1.375
v -0.356 2.24 -1.375
v -0.338 2.179 -1.375
v -0.288 2.128 -1.375
v -0.209 2.093 -1.375
v -0.11 2.074 -1.375
v 0 2.07 -1.375
v 0.11 2.074 -1.375
v 0.209 2.093 -1.375
v 0.288 2.128 -1.375
v 0.338 2.179 -1.375
vt 0.126 0.863
v 0.32 2.227 -1.441
vt 0.129 0.863
v 0.305 2.279 -1.441
vt 0.129 0.864
v 0.259 2.325 -1.441
vt 0.129 0.865
v 0.188 2.362 -1.441
v 0.099 2.385 -1.441
vt 0.129 0.871
v 0 2.393 -1.441
v -0.099 2.385 -1.441
vt 0.129 0.879
v -0.188 2.362 -1.441
v -0.259 2.325 -1.441
v -0.305 2.279 -1.441
vt 0.129 0.886
v -0.32 2.227 -1.441
v -0.305 2.168 -1.441
v -0.259 2.118 -1.441
v -0.188 2.084 -1.441
v -0.099 2.065 -1.441
v 0 2.061 -1.441
v 0.099 2.065 -1.441
v 0.188 2.084 -1.441
v 0.259 2.118 -1.441
v 0.305 2.168 -1.441
v 0.29 2.217 -1.49
vt 0.131 0.864
v 0.276 2.266 -1.49
v 0.235 2.311 -1.49
v 0.17 2.347 -1.49
v 0.09 2.37 -1.49
vt 0.131 0.872
v 0 2.378 -1.49
vt 0.131 0.875
v -0.09 2.37 -1.49
v -0.17 2.347 -1.49
vt 0.131 0.881
v -0.235 2.311 -1.49
v -0.276 2.266 -1.49
vt 0.131 0.885
v -0.29 2.217 -1.49
vt 0.131 0.886
v -0.276 2.159 -1.49
v -0.235 2.111 -1.49
v -0.17 2.077 -1.49
v -0.09 2.059 -1.49
v 0 2.055 -1.49
v 0.09 2.059 -1.49
v 0.17 2.077 -1.49
v 0.235 2.111 -1.49
v 0.276 2.159 -1.49
v 0.279 2.213 -1.507
v 0.265 2.262 -1.507
v 0.225 2.307 -1.507
vt 0.132 0.867
v 0.164 2.342 -1.507
vt 0.132 0.869
v 0.086 2.365 -1.507
vt 0.132 0.872
v 0 2.373 -1.507
vt 0.132 0.875
v -0.086 2.365 -1.507
vt 0.132 0.878
v -0.164 2.342 -1.507
vt 0.132 0.881
v -0.225 2.307 -1.507
vt 0.132 0.883
v -0.265 2.262 -1.507
v -0.279 2.213 -1.507
v -0.265 2.156 -1.507
v -0.225 2.108 -1.507
v -0.164 2.075 -1.507
v -0.086 2.058 -1.507
v 0 2.053 -1.507
v 0.086 2.058 -1.507
v 0.164 2.075 -1.507
v 0.225 2.108 -1.507
v 0.265 2.156 -1.507
v 0.229 2.199 -1.573
vt 0.135 0.867
v 0.218 2.245 -1.573
vt 0.134 0.866
vt 0.134 0.867
v 0.185 2.287 -1.573
v 0.135 2.32 -1.573
v 0.071 2.341 -1.573
vt 0.134 0.872
vt 0.135 0.872
v 0 2.349 -1.573
vt 0.135 0.875
v -0.071 2.341 -1.573
vt 0.135 0.878
vt 0.134 0.875
v -0.135 2.32 -1.573
vt 0.135 0.88
v -0.185 2.287 -1.573
vt 0.134 0.882
v -0.218 2.245 -1.573
vt 0.135 0.883
vt 0.134 0.883
v -0.229 2.199 -1.573
vt 0.134 0.884
vt 0.135 0.884
v -0.218 2.145 -1.573
v -0.185 2.1 -1.573
v -0.135 2.069 -1.573
v -0.071 2.052 -1.573
vt 0.134 0.878
v 0 2.048 -1.573
v 0.071 2.052 -1.573
v 0.135 2.069 -1.573
v 0.185 2.1 -1.573
v 0.218 2.145 -1.573
v 0.214 2.194 -1.59
v 0.204 2.24 -1.59
v 0.173 2.281 -1.59
v 0.126 2.313 -1.59
v 0.066 2.334 -1.59
v 0 2.341 -1.59
v -0.066 2.334 -1.59
v -0.126 2.313 -1.59
v -0.173 2.281 -1.59
v -0.204 2.24 -1.59
v -0.214 2.194 -1.59
v -0.204 2.142 -1.59
v -0.173 2.099 -1.59
v -0.126 2.068 -1.59
v -0.066 2.052 -1.59
v 0 2.048 -1.59
v 0.066 2.052 -1.59
v 0.126 2.068 -1.59
v 0.173 2.099 -1.59
v 0.204 2.142 -1.59
v 0.16 2.181 -1.639
v 0.152 2.221 -1.639
v 0.13 2.256 -1.639
v 0.094 2.285 -1.639
vt 0.137 0.871
v 0.05 2.303 -1.639
vt 0.137 0.873
v 0 2.309 -1.639
vt 0.137 0.875
v -0.05 2.303 -1.639
vt 0.137 0.877
v -0.094 2.285 -1.639
vt 0.137 0.879
v -0.13 2.256 -1.639
v -0.152 2.221 -1.639
vt 0.137 0.881
v -0.16 2.181 -1.639
v -0.152 2.135 -1.639
v -0.13 2.098 -1.639
v -0.094 2.071 -1.639
vt 0.137 0.878
v -0.05 2.057 -1.639
v 0 2.053 -1.639
v 0.05 2.057 -1.639
v 0.094 2.071 -1.639
v 0.13 2.098 -1.639
v 0.152 2.135 -1.639
v 0.145 2.178 -1.65
v 0.138 2.216 -1.65
v 0.117 2.25 -1.65
v 0.085 2.277 -1.65
vt 0.138 0.872
v 0.045 2.294 -1.65
vt 0.138 0.873
v 0 2.3 -1.65
v -0.045 2.294 -1.65
vt 0.138 0.877
v -0.085 2.277 -1.65
v -0.117 2.25 -1.65
v -0.138 2.216 -1.65
v -0.145 2.178 -1.65
v -0.138 2.134 -1.65
v -0.117 2.098 -1.65
v -0.085 2.073 -1.65
v -0.045 2.059 -1.65
v 0 2.056 -1.65
v 0.045 2.059 -1.65
v 0.085 2.073 -1.65
v 0.117 2.098 -1.65
v 0.138 2.134 -1.65
v 0.08 2.175 -1.684
vt 0.139 0.872
v 0.076 2.202 -1.684
v 0.065 2.226 -1.684
vt 0.139 0.873
v 0.047 2.245 -1.684
v 0.025 2.258 -1.684
v 0 2.262 -1.684
v -0.025 2.258 -1.684
vt 0.139 0.876
v -0.047 2.245 -1.684
v -0.065 2.226 -1.684
v -0.076 2.202 -1.684
vt 0.139 0.878
v -0.08 2.175 -1.684
v -0.076 2.144 -1.684
v -0.065 2.118 -1.684
v -0.047 2.1 -1.684
v -0.025 2.09 -1.684
v 0 2.088 -1.684
v 0.025 2.09 -1.684
v 0.047 2.1 -1.684
v 0.065 2.118 -1.684
v 0.076 2.144 -1.684
v 0.026 2.19 -1.7
vt 0.14 0.874
v 0.025 2.199 -1.7
v 0.021 2.208 -1.7
v 0.015 2.214 -1.7
v 0.008 2.219 -1.7
v 0 2.22 -1.7
v -0.008 2.219 -1.7
v -0.015 2.214 -1.7
v -0.021 2.208 -1.7
v -0.025 2.199 -1.7
v -0.026 2.19 -1.7
v -0.025 2.179 -1.7
v -0.021 2.17 -1.7
v -0.015 2.164 -1.7
v -0.008 2.161 -1.7
v 0 2.16 -1.7
v 0.008 2.161 -1.7
v 0.015 2.164 -1.7
v 0.021 2.17 -1.7
v 0.025 2.179 -1.7
v 0.002 2.193 -1.705
v 0.002 2.194 -1.705
v 0.002 2.195 -1.705
v 0.001 2.195 -1.705
v 0.001 2.196 -1.705
v 0 2.196 -1.705
v -0.001 2.196 -1.705
v -0.001 2.195 -1.705
v -0.002 2.195 -1.705
v -0.002 2.194 -1.705
v -0.002 2.193 -1.705
v -0.002 2.192 -1.705
v -0.002 2.191 -1.705
v -0.001 2.19 -1.705
v 0 2.19 -1.705
v 0.001 2.19 -1.705
v 0.002 2.191 -1.705
v 0.002 2.192 -1.705
vt 0.11 0.869
vt 0.11 0.882
v 0.268 2.103 -1.1
v 0.325 2.091 -1.15
v 0.29 2.092 -1.1
vt 0.86 0.864
vt 0.863 0.861
vt 0.86 0.863
v 0.3 2.102 -1.15
vt 0.863 0.862
v 0.205 2.112 -1.1
vt 0.86 0.866
v 0.23 2.111 -1.15
vt 0.863 0.865
v 0.111 2.118 -1.1
vt 0.86 0.87
v 0.124 2.117 -1.15
vt 0.863 0.87
v 0 2.12 -1.1
vt 0.86 0.875
v 0 2.12 -1.15
vt 0.863 0.875
v -0.111 2.118 -1.1
vt 0.86 0.88
v -0.124 2.117 -1.15
vt 0.863 0.88
v -0.205 2.112 -1.1
vt 0.86 0.884
v -0.23 2.111 -1.15
vt 0.863 0.885
v -0.268 2.103 -1.1
vt 0.86 0.887
v -0.3 2.102 -1.15
vt 0.863 0.888
v -0.29 2.092 -1.1
v -0.325 2.091 -1.15
vt 0.863 0.889
v -0.268 2.081 -1.1
vt 0.86 0.886
v -0.3 2.081 -1.15
v -0.205 2.072 -1.1
v -0.23 2.072 -1.15
v -0.111 2.066 -1.1
v -0.124 2.065 -1.15
v 0 2.064 -1.1
v 0 2.063 -1.15
v 0.111 2.066 -1.1
v 0.124 2.065 -1.15
v 0.205 2.072 -1.1
v 0.23 2.072 -1.15
v 0.268 2.081 -1.1
v 0.3 2.081 -1.15
v 0.344 2.09 -1.201
vt 0.865 0.86
v 0.318 2.101 -1.201
vt 0.865 0.861
v 0.243 2.11 -1.201
vt 0.865 0.865
v 0.132 2.116 -1.201
vt 0.865 0.869
v 0 2.119 -1.201
vt 0.865 0.875
v -0.132 2.116 -1.201
vt 0.866 0.881
v -0.243 2.11 -1.201
vt 0.865 0.885
v -0.318 2.101 -1.201
vt 0.865 0.889
v -0.344 2.09 -1.201
vt 0.866 0.89
v -0.318 2.079 -1.201
vt 0.866 0.889
v -0.243 2.07 -1.201
v -0.132 2.064 -1.201
vt 0.865 0.881
v 0 2.062 -1.201
vt 0.866 0.875
v 0.132 2.064 -1.201
v 0.243 2.07 -1.201
v 0.318 2.079 -1.201
v 0.35 2.088 -1.25
vt 0.868 0.86
v 0.323 2.099 -1.25
vt 0.868 0.861
v 0.247 2.109 -1.25
vt 0.868 0.864
v 0.134 2.115 -1.25
vt 0.868 0.869
v 0 2.117 -1.25
vt 0.868 0.875
v -0.134 2.115 -1.25
vt 0.868 0.881
v -0.247 2.109 -1.25
vt 0.868 0.886
v -0.323 2.099 -1.25
vt 0.868 0.889
v -0.35 2.088 -1.25
vt 0.868 0.89
v -0.323 2.077 -1.25
v -0.247 2.067 -1.25
v -0.134 2.061 -1.25
v 0 2.059 -1.25
v 0.134 2.061 -1.25
v 0.247 2.067 -1.25
v 0.323 2.077 -1.25
v 0.35 2.088 -1.251
v 0.323 2.099 -1.251
v 0.247 2.108 -1.251
v 0.134 2.115 -1.251
v 0 2.117 -1.251
v -0.134 2.115 -1.251
v -0.247 2.108 -1.251
v -0.323 2.099 -1.251
v -0.35 2.088 -1.251
v -0.323 2.077 -1.251
v -0.247 2.067 -1.251
v -0.134 2.061 -1.251
v 0 2.059 -1.251
v 0.134 2.061 -1.251
v 0.247 2.067 -1.251
v 0.323 2.077 -1.251
v 0.337 2.082 -1.301
vt 0.871 0.861
v 0.311 2.094 -1.301
vt 0.871 0.862
v 0.238 2.104 -1.301
vt 0.871 0.865
v 0.129 2.111 -1.301
vt 0.871 0.869
v 0 2.114 -1.301
vt 0.871 0.875
v -0.129 2.111 -1.301
vt 0.871 0.88
v -0.238 2.104 -1.301
vt 0.871 0.885
v -0.311 2.094 -1.301
vt 0.871 0.888
v -0.337 2.082 -1.301
vt 0.871 0.889
v -0.311 2.071 -1.301
v -0.238 2.06 -1.301
v -0.129 2.054 -1.301
vt 0.871 0.881
v 0 2.051 -1.301
v 0.129 2.054 -1.301
v 0.238 2.06 -1.301
v 0.311 2.071 -1.301
v 0.31 2.075 -1.352
vt 0.874 0.862
v 0.287 2.087 -1.352
vt 0.874 0.863
v 0.219 2.098 -1.352
vt 0.874 0.866
v 0.119 2.105 -1.352
vt 0.874 0.87
v 0 2.108 -1.352
vt 0.874 0.875
v -0.119 2.105 -1.352
vt 0.874 0.88
v -0.219 2.098 -1.352
vt 0.874 0.884
v -0.287 2.087 -1.352
vt 0.874 0.887
v -0.31 2.075 -1.352
vt 0.874 0.888
v -0.287 2.062 -1.352
v -0.219 2.051 -1.352
v -0.119 2.044 -1.352
v 0 2.041 -1.352
v 0.119 2.044 -1.352
v 0.219 2.051 -1.352
v 0.287 2.062 -1.352
v 0.306 2.073 -1.36
v 0.283 2.086 -1.36
v 0.216 2.097 -1.36
v 0.117 2.104 -1.36
v 0 2.107 -1.36
v -0.117 2.104 -1.36
v -0.216 2.097 -1.36
v -0.283 2.086 -1.36
v -0.306 2.073 -1.36
v -0.283 2.061 -1.36
v -0.216 2.05 -1.36
v -0.117 2.043 -1.36
v 0 2.04 -1.36
v 0.117 2.043 -1.36
v 0.216 2.05 -1.36
v 0.283 2.061 -1.36
v 0.282 2.067 -1.402
vt 0.876 0.863
v 0.26 2.08 -1.402
vt 0.876 0.864
v 0.199 2.091 -1.402
vt 0.876 0.866
v 0.108 2.098 -1.402
vt 0.876 0.87
v 0 2.101 -1.402
vt 0.876 0.875
v -0.108 2.098 -1.402
vt 0.876 0.88
v -0.199 2.091 -1.402
vt 0.876 0.884
v -0.26 2.08 -1.402
vt 0.876 0.886
v -0.282 2.067 -1.402
vt 0.876 0.887
v -0.26 2.055 -1.402
v -0.199 2.044 -1.402
v -0.108 2.037 -1.402
v 0 2.034 -1.402
v 0.108 2.037 -1.402
v 0.199 2.044 -1.402
v 0.26 2.055 -1.402
v 0.246 2.06 -1.453
vt 0.879 0.865
v 0.227 2.072 -1.453
v 0.174 2.082 -1.453
vt 0.879 0.868
v 0.094 2.089 -1.453
vt 0.879 0.871
v 0 2.091 -1.453
vt 0.879 0.875
v -0.094 2.089 -1.453
vt 0.879 0.879
v -0.174 2.082 -1.453
vt 0.879 0.882
v -0.227 2.072 -1.453
vt 0.879 0.885
v -0.246 2.06 -1.453
vt 0.879 0.886
v -0.227 2.048 -1.453
v -0.174 2.038 -1.453
v -0.094 2.031 -1.453
v 0 2.029 -1.453
v 0.094 2.031 -1.453
v 0.174 2.038 -1.453
vt 0.879 0.867
v 0.227 2.048 -1.453
v 0.233 2.057 -1.47
vt 0.88 0.865
v 0.215 2.069 -1.47
vt 0.88 0.866
v 0.165 2.079 -1.47
vt 0.88 0.868
v 0.089 2.086 -1.47
vt 0.88 0.871
v 0 2.088 -1.47
vt 0.88 0.875
v -0.089 2.086 -1.47
vt 0.88 0.879
v -0.165 2.079 -1.47
vt 0.88 0.882
v -0.215 2.069 -1.47
vt 0.88 0.884
v -0.233 2.057 -1.47
vt 0.88 0.885
v -0.215 2.046 -1.47
v -0.165 2.036 -1.47
v -0.089 2.029 -1.47
v 0 2.027 -1.47
v 0.089 2.029 -1.47
v 0.165 2.036 -1.47
v 0.215 2.046 -1.47
v 0.206 2.053 -1.503
vt 0.882 0.866
v 0.191 2.064 -1.503
vt 0.882 0.867
v 0.146 2.074 -1.503
vt 0.882 0.869
v 0.079 2.08 -1.503
vt 0.882 0.872
v 0 2.082 -1.503
vt 0.882 0.875
v -0.079 2.08 -1.503
vt 0.882 0.878
v -0.146 2.074 -1.503
vt 0.882 0.881
v -0.191 2.064 -1.503
vt 0.882 0.883
v -0.206 2.053 -1.503
vt 0.882 0.884
v -0.191 2.042 -1.503
v -0.146 2.033 -1.503
v -0.079 2.026 -1.503
v 0 2.024 -1.503
v 0.079 2.026 -1.503
v 0.146 2.033 -1.503
v 0.191 2.042 -1.503
v 0.162 2.048 -1.55
vt 0.884 0.868
v 0.15 2.058 -1.55
vt 0.884 0.869
v 0.115 2.067 -1.55
vt 0.884 0.87
v 0.062 2.073 -1.55
vt 0.884 0.872
v 0 2.075 -1.55
vt 0.884 0.875
v -0.062 2.073 -1.55
vt 0.884 0.878
v -0.115 2.067 -1.55
vt 0.884 0.88
v -0.15 2.058 -1.55
vt 0.884 0.881
v -0.162 2.048 -1.55
vt 0.884 0.882
v -0.15 2.038 -1.55
v -0.115 2.029 -1.55
v -0.062 2.023 -1.55
v 0 2.021 -1.55
v 0.062 2.023 -1.55
v 0.115 2.029 -1.55
v 0.15 2.038 -1.55
v 0.159 2.048 -1.553
vt 0.885 0.868
v 0.146 2.058 -1.553
v 0.112 2.067 -1.553
vt 0.885 0.87
v 0.061 2.073 -1.553
vt 0.885 0.872
v 0 2.075 -1.553
vt 0.885 0.875
v -0.061 2.073 -1.553
vt 0.885 0.878
v -0.112 2.067 -1.553
vt 0.885 0.88
v -0.146 2.058 -1.553
vt 0.885 0.881
v -0.159 2.048 -1.553
v -0.146 2.037 -1.553
v -0.112 2.029 -1.553
v -0.061 2.023 -1.553
v 0 2.021 -1.553
v 0.061 2.023 -1.553
v 0.112 2.029 -1.553
v 0.146 2.037 -1.553
v 0.1 2.045 -1.6
vt 0.887 0.871
v 0.092 2.055 -1.6
v 0.071 2.064 -1.6
vt 0.887 0.872
v 0.038 2.07 -1.6
vt 0.887 0.873
v 0 2.072 -1.6
vt 0.887 0.875
v -0.038 2.07 -1.6
vt 0.887 0.877
v -0.071 2.064 -1.6
vt 0.887 0.878
v -0.092 2.055 -1.6
vt 0.887 0.879
v -0.1 2.045 -1.6
v -0.092 2.035 -1.6
v -0.071 2.026 -1.6
v -0.038 2.02 -1.6
v 0 2.018 -1.6
v 0.038 2.02 -1.6
v 0.071 2.026 -1.6
v 0.092 2.035 -1.6
v 0.095 2.045 -1.604
v 0.088 2.055 -1.604
v 0.067 2.064 -1.604
v 0.036 2.07 -1.604
v 0 2.072 -1.604
v -0.036 2.07 -1.604
v -0.067 2.064 -1.604
v -0.088 2.055 -1.604
v -0.095 2.045 -1.604
v -0.088 2.035 -1.604
v -0.067 2.026 -1.604
v -0.036 2.02 -1.604
v 0 2.018 -1.604
v 0.036 2.02 -1.604
v 0.067 2.026 -1.604
v 0.088 2.035 -1.604
v 0.042 2.05 -1.64
vt 0.889 0.873
v 0.039 2.06 -1.64
v 0.03 2.069 -1.64
vt 0.889 0.874
v 0.016 2.074 -1.64
v 0 2.076 -1.64
vt 0.889 0.875
v -0.016 2.074 -1.64
vt 0.889 0.876
v -0.03 2.069 -1.64
v -0.039 2.06 -1.64
vt 0.889 0.877
v -0.042 2.05 -1.64
v -0.039 2.041 -1.64
v -0.03 2.032 -1.64
v -0.016 2.027 -1.64
v 0 2.025 -1.64
v 0.016 2.027 -1.64
v 0.03 2.032 -1.64
v 0.039 2.041 -1.64
v 0.01 2.057 -1.654
vt 0.89 0.875
v 0.009 2.065 -1.654
v 0.007 2.073 -1.654
v 0.004 2.077 -1.654
v 0 2.079 -1.654
v -0.004 2.077 -1.654
v -0.007 2.073 -1.654
v -0.009 2.065 -1.654
v -0.01 2.057 -1.654
v -0.009 2.049 -1.654
v -0.007 2.041 -1.654
v -0.004 2.037 -1.654
v 0 2.035 -1.654
v 0.004 2.037 -1.654
v 0.007 2.041 -1.654
v 0.009 2.049 -1.654
v 0.152 2.028 -0.99
v 0.227 2.006 -1.049
v 0.16 2.004 -0.99
v 0.216 2.028 -1.049
v 0.129 2.048 -0.99
v 0.184 2.049 -1.049
v 0.094 2.065 -0.99
v 0.133 2.065 -1.049
vt 0.113 0.869
v 0.049 2.075 -0.99
v 0.07 2.076 -1.049
v 0 2.079 -0.99
v 0 2.079 -1.049
v -0.049 2.075 -0.99
v -0.07 2.076 -1.049
v -0.094 2.065 -0.99
vt 0.11 0.879
v -0.133 2.065 -1.049
vt 0.113 0.881
v -0.129 2.048 -0.99
v -0.184 2.049 -1.049
v -0.152 2.028 -0.99
v -0.216 2.028 -1.049
v -0.16 2.004 -0.99
vt 0.113 0.885
v -0.227 2.006 -1.049
v -0.152 1.981 -0.99
v -0.216 1.983 -1.049
v -0.129 1.961 -0.99
v -0.184 1.962 -1.049
v -0.094 1.944 -0.99
v -0.133 1.946 -1.049
v -0.049 1.934 -0.99
v -0.07 1.936 -1.049
v 0 1.93 -0.99
v 0 1.932 -1.049
v 0.049 1.934 -0.99
v 0.07 1.936 -1.049
v 0.094 1.944 -0.99
v 0.133 1.946 -1.049
v 0.129 1.961 -0.99
v 0.184 1.962 -1.049
v 0.152 1.981 -0.99
v 0.216 1.983 -1.049
v 0.278 2.008 -1.108
v 0.264 2.03 -1.108
v 0.225 2.05 -1.108
v 0.163 2.066 -1.108
v 0.086 2.076 -1.108
v 0 2.08 -1.108
v -0.086 2.076 -1.108
v -0.163 2.066 -1.108
v -0.225 2.05 -1.108
v -0.264 2.03 -1.108
v -0.278 2.008 -1.108
v -0.264 1.985 -1.108
v -0.225 1.965 -1.108
v -0.163 1.949 -1.108
v -0.086 1.939 -1.108
vt 0.116 0.882
v 0 1.935 -1.108
v 0.086 1.939 -1.108
v 0.163 1.949 -1.108
v 0.225 1.965 -1.108
v 0.264 1.985 -1.108
v 0.285 2.008 -1.12
vt 0.116 0.862
v 0.271 2.03 -1.12
v 0.231 2.05 -1.12
v 0.168 2.066 -1.12
v 0.088 2.076 -1.12
v 0 2.08 -1.12
v -0.088 2.076 -1.12
v -0.168 2.066 -1.12
v -0.231 2.05 -1.12
v -0.271 2.03 -1.12
v -0.285 2.008 -1.12
vt 0.116 0.888
v -0.271 1.986 -1.12
v -0.231 1.966 -1.12
v -0.168 1.95 -1.12
v -0.088 1.94 -1.12
v 0 1.936 -1.12
v 0.088 1.94 -1.12
v 0.168 1.95 -1.12
v 0.231 1.966 -1.12
v 0.271 1.986 -1.12
v 0.313 2.01 -1.167
v 0.297 2.032 -1.167
v 0.253 2.052 -1.167
v 0.184 2.068 -1.167
v 0.097 2.078 -1.167
v 0 2.081 -1.167
v -0.097 2.078 -1.167
v -0.184 2.068 -1.167
v -0.253 2.052 -1.167
v -0.297 2.032 -1.167
v -0.313 2.01 -1.167
v -0.297 1.989 -1.167
v -0.253 1.969 -1.167
v -0.184 1.953 -1.167
v -0.097 1.943 -1.167
v 0 1.94 -1.167
v 0.097 1.943 -1.167
v 0.184 1.953 -1.167
v 0.253 1.969 -1.167
v 0.297 1.989 -1.167
v 0.337 2.015 -1.226
v 0.321 2.036 -1.226
v 0.273 2.055 -1.226
v 0.198 2.07 -1.226
v 0.104 2.08 -1.226
v 0 2.084 -1.226
v -0.104 2.08 -1.226
v -0.198 2.07 -1.226
v -0.273 2.055 -1.226
v -0.321 2.036 -1.226
v -0.337 2.015 -1.226
v -0.321 1.993 -1.226
v -0.273 1.974 -1.226
v -0.198 1.959 -1.226
v -0.104 1.949 -1.226
v 0 1.945 -1.226
v 0.104 1.949 -1.226
v 0.198 1.959 -1.226
v 0.273 1.974 -1.226
v 0.321 1.993 -1.226
v 0.34 2.016 -1.25
vt 0.122 0.86
v 0.323 2.037 -1.25
v 0.275 2.056 -1.25
v 0.2 2.071 -1.25
v 0.105 2.081 -1.25
vt 0.122 0.87
v 0 2.084 -1.25
vt 0.122 0.875
v -0.105 2.081 -1.25
v -0.2 2.071 -1.25
vt 0.122 0.884
v -0.275 2.056 -1.25
vt 0.122 0.887
v -0.323 2.037 -1.25
v -0.34 2.016 -1.25
v -0.323 1.995 -1.25
v -0.275 1.976 -1.25
v -0.2 1.961 -1.25
v -0.105 1.951 -1.25
v 0 1.948 -1.25
v 0.105 1.951 -1.25
v 0.2 1.961 -1.25
v 0.275 1.976 -1.25
v 0.323 1.995 -1.25
v 0.334 2.017 -1.285
vt 0.124 0.86
v 0.317 2.037 -1.285
v 0.27 2.055 -1.285
v 0.196 2.07 -1.285
v 0.103 2.079 -1.285
v 0 2.082 -1.285
v -0.103 2.079 -1.285
v -0.196 2.07 -1.285
v -0.27 2.055 -1.285
v -0.317 2.037 -1.285
v -0.334 2.017 -1.285
v -0.317 1.998 -1.285
v -0.27 1.98 -1.285
v -0.196 1.965 -1.285
v -0.103 1.956 -1.285
v 0 1.953 -1.285
v 0.103 1.956 -1.285
v 0.196 1.965 -1.285
v 0.27 1.98 -1.285
v 0.317 1.998 -1.285
v 0.307 2.018 -1.345
v 0.292 2.035 -1.345
v 0.249 2.051 -1.345
v 0.181 2.063 -1.345
v 0.095 2.071 -1.345
v 0 2.073 -1.345
v -0.095 2.071 -1.345
v -0.181 2.063 -1.345
v -0.249 2.051 -1.345
v -0.292 2.035 -1.345
v -0.307 2.018 -1.345
vt 0.126 0.889
v -0.292 2.001 -1.345
v -0.249 1.985 -1.345
v -0.181 1.973 -1.345
v -0.095 1.965 -1.345
v 0 1.963 -1.345
v 0.095 1.965 -1.345
v 0.181 1.973 -1.345
v 0.249 1.985 -1.345
v 0.292 2.001 -1.345
v 0.3 2.018 -1.36
vt 0.127 0.862
v 0.285 2.034 -1.36
v 0.243 2.049 -1.36
v 0.176 2.061 -1.36
vt 0.127 0.867
v 0.093 2.068 -1.36
v 0 2.071 -1.36
v -0.093 2.068 -1.36
v -0.176 2.061 -1.36
vt 0.127 0.883
v -0.243 2.049 -1.36
v -0.285 2.034 -1.36
vt 0.127 0.888
v -0.3 2.018 -1.36
v -0.285 2.002 -1.36
v -0.243 1.987 -1.36
v -0.176 1.975 -1.36
v -0.093 1.968 -1.36
v 0 1.965 -1.36
v 0.093 1.968 -1.36
v 0.176 1.975 -1.36
v 0.243 1.987 -1.36
v 0.285 2.002 -1.36
v 0.278 2.017 -1.404
v 0.264 2.031 -1.404
v 0.225 2.044 -1.404
v 0.163 2.054 -1.404
v 0.086 2.061 -1.404
v 0 2.063 -1.404
v -0.086 2.061 -1.404
v -0.163 2.054 -1.404
v -0.225 2.044 -1.404
v -0.264 2.031 -1.404
v -0.278 2.017 -1.404
v -0.264 2.003 -1.404
v -0.225 1.99 -1.404
v -0.163 1.98 -1.404
v -0.086 1.973 -1.404
v 0 1.971 -1.404
v 0.086 1.973 -1.404
v 0.163 1.98 -1.404
v 0.225 1.99 -1.404
v 0.264 2.003 -1.404
v 0.241 2.015 -1.463
vt 0.132 0.864
v 0.229 2.026 -1.463
v 0.195 2.036 -1.463
vt 0.132 0.866
v 0.142 2.044 -1.463
v 0.074 2.05 -1.463
v 0 2.051 -1.463
v -0.074 2.05 -1.463
v -0.142 2.044 -1.463
v -0.195 2.036 -1.463
v -0.229 2.026 -1.463
v -0.241 2.015 -1.463
v -0.229 2.004 -1.463
v -0.195 1.994 -1.463
v -0.142 1.986 -1.463
v -0.074 1.981 -1.463
v 0 1.979 -1.463
v 0.074 1.981 -1.463
v 0.142 1.986 -1.463
v 0.195 1.994 -1.463
v 0.229 2.004 -1.463
v 0.236 2.015 -1.47
v 0.224 2.026 -1.47
v 0.191 2.036 -1.47
v 0.139 2.043 -1.47
v 0.073 2.048 -1.47
v 0 2.05 -1.47
v -0.073 2.048 -1.47
v -0.139 2.043 -1.47
v -0.191 2.036 -1.47
v -0.224 2.026 -1.47
v -0.236 2.015 -1.47
v -0.224 2.004 -1.47
v -0.191 1.994 -1.47
v -0.139 1.987 -1.47
v -0.073 1.982 -1.47
v 0 1.98 -1.47
v 0.073 1.982 -1.47
v 0.139 1.987 -1.47
v 0.191 1.994 -1.47
v 0.224 2.004 -1.47
v 0.194 2.013 -1.522
v 0.185 2.021 -1.522
v 0.157 2.029 -1.522
v 0.114 2.034 -1.522
v 0.06 2.038 -1.522
v 0 2.04 -1.522
v -0.06 2.038 -1.522
v -0.114 2.034 -1.522
v -0.157 2.029 -1.522
v -0.185 2.021 -1.522
v -0.194 2.013 -1.522
v -0.185 2.004 -1.522
v -0.157 1.997 -1.522
v -0.114 1.991 -1.522
v -0.06 1.987 -1.522
v 0 1.986 -1.522
v 0.06 1.987 -1.522
v 0.114 1.991 -1.522
v 0.157 1.997 -1.522
v 0.185 2.004 -1.522
v 0.166 2.013 -1.55
v 0.158 2.02 -1.55
v 0.134 2.027 -1.55
v 0.098 2.032 -1.55
v 0.051 2.035 -1.55
v 0 2.036 -1.55
vt 0.136 0.875
v -0.051 2.035 -1.55
v -0.098 2.032 -1.55
vt 0.136 0.879
v -0.134 2.027 -1.55
vt 0.136 0.881
v -0.158 2.02 -1.55
v -0.166 2.013 -1.55
v -0.158 2.006 -1.55
v -0.134 1.999 -1.55
v -0.098 1.994 -1.55
v -0.051 1.991 -1.55
v 0 1.99 -1.55
v 0.051 1.991 -1.55
v 0.098 1.994 -1.55
v 0.134 1.999 -1.55
v 0.158 2.006 -1.55
v 0.13 2.015 -1.581
v 0.123 2.021 -1.581
v 0.105 2.026 -1.581
v 0.076 2.031 -1.581
v 0.04 2.033 -1.581
v 0 2.034 -1.581
v -0.04 2.033 -1.581
v -0.076 2.031 -1.581
v -0.105 2.026 -1.581
v -0.123 2.021 -1.581
v -0.13 2.015 -1.581
v -0.123 2.009 -1.581
v -0.105 2.004 -1.581
v -0.076 2 -1.581
v -0.04 1.997 -1.581
v 0 1.996 -1.581
v 0.04 1.997 -1.581
v 0.076 2 -1.581
v 0.105 2.004 -1.581
v 0.123 2.009 -1.581
v 0.1 2.018 -1.6
v 0.095 2.023 -1.6
v 0.081 2.027 -1.6
v 0.059 2.031 -1.6
v 0.031 2.033 -1.6
v 0 2.034 -1.6
v -0.031 2.033 -1.6
vt 0.138 0.876
v -0.059 2.031 -1.6
v -0.081 2.027 -1.6
v -0.095 2.023 -1.6
v -0.1 2.018 -1.6
v -0.095 2.013 -1.6
v -0.081 2.009 -1.6
v -0.059 2.005 -1.6
v -0.031 2.003 -1.6
v 0 2.002 -1.6
v 0.031 2.003 -1.6
v 0.059 2.005 -1.6
v 0.081 2.009 -1.6
v 0.095 2.013 -1.6
v 0.04 2.027 -1.624
v 0.038 2.03 -1.624
v 0.032 2.033 -1.624
v 0.024 2.035 -1.624
v 0.012 2.037 -1.624
v 0 2.037 -1.624
v -0.012 2.037 -1.624
v -0.024 2.035 -1.624
v -0.032 2.033 -1.624
v -0.038 2.03 -1.624
v -0.04 2.027 -1.624
v -0.038 2.024 -1.624
v -0.032 2.021 -1.624
v -0.024 2.019 -1.624
v -0.012 2.017 -1.624
v 0 2.017 -1.624
v 0.012 2.017 -1.624
v 0.024 2.019 -1.624
v 0.032 2.021 -1.624
v 0.038 2.024 -1.624
v 0.01 2.04 -1.64
v 0.01 2.042 -1.64
v 0.008 2.043 -1.64
v 0.006 2.044 -1.64
v 0.003 2.045 -1.64
v 0 2.045 -1.64
v -0.003 2.045 -1.64
v -0.006 2.044 -1.64
v -0.008 2.043 -1.64
v -0.01 2.042 -1.64
v -0.01 2.04 -1.64
v -0.01 2.038 -1.64
v -0.008 2.037 -1.64
v -0.006 2.036 -1.64
v -0.003 2.035 -1.64
v 0 2.035 -1.64
v 0.003 2.035 -1.64
v 0.006 2.036 -1.64
v 0.008 2.037 -1.64
v 0.01 2.038 -1.64
v 0.043 2.403 -1.631
v 0.045 2.403 -1.622
v 0 2.406 -1.622
vt 0.126 0.62
vt 0.125 0.62
vt 0.125 0.625
v 0.037 2.403 -1.639
vt 0.127 0.621
v 0.027 2.403 -1.645
vt 0.128 0.622
v 0.014 2.403 -1.649
vt 0.129 0.623
v 0 2.403 -1.651
vt 0.129 0.625
v -0.014 2.403 -1.649
vt 0.129 0.627
v -0.027 2.403 -1.645
vt 0.128 0.628
v -0.037 2.403 -1.639
vt 0.127 0.629
v -0.043 2.403 -1.631
vt 0.126 0.629
v -0.045 2.403 -1.622
vt 0.125 0.63
v -0.043 2.403 -1.613
vt 0.124 0.629
v -0.037 2.403 -1.605
vt 0.123 0.629
v -0.027 2.403 -1.599
vt 0.122 0.628
v -0.014 2.403 -1.595
vt 0.121 0.626
v 0 2.403 -1.593
vt 0.121 0.625
v 0.014 2.403 -1.595
vt 0.121 0.624
v 0.027 2.403 -1.599
vt 0.122 0.622
v 0.037 2.403 -1.605
vt 0.123 0.621
v 0.043 2.403 -1.613
vt 0.124 0.621
v 0.085 2.392 -1.622
vt 0.125 0.616
v 0.081 2.392 -1.639
vt 0.127 0.616
v 0.069 2.392 -1.655
vt 0.129 0.618
v 0.05 2.392 -1.667
vt 0.131 0.62
v 0.026 2.392 -1.675
vt 0.132 0.622
v 0 2.392 -1.678
vt 0.132 0.625
v -0.026 2.392 -1.675
vt 0.132 0.628
v -0.05 2.392 -1.667
vt 0.131 0.63
v -0.069 2.392 -1.655
vt 0.129 0.632
v -0.081 2.392 -1.639
vt 0.127 0.634
v -0.085 2.392 -1.622
vt 0.125 0.634
v -0.081 2.392 -1.605
vt 0.123 0.633
v -0.069 2.392 -1.589
vt 0.121 0.632
v -0.05 2.392 -1.577
vt 0.119 0.63
v -0.026 2.392 -1.569
vt 0.118 0.628
v 0 2.392 -1.566
vt 0.117 0.625
v 0.026 2.392 -1.569
vt 0.118 0.622
v 0.05 2.392 -1.577
vt 0.119 0.62
v 0.069 2.392 -1.589
vt 0.121 0.618
v 0.081 2.392 -1.605
vt 0.123 0.616
v 0.117 2.376 -1.622
vt 0.125 0.613
v 0.111 2.376 -1.646
vt 0.128 0.613
v 0.094 2.376 -1.668
vt 0.131 0.615
v 0.069 2.376 -1.685
vt 0.134 0.618
v 0.036 2.376 -1.697
vt 0.135 0.621
v 0 2.376 -1.7
vt 0.136 0.625
v -0.036 2.376 -1.697
vt 0.135 0.629
v -0.069 2.376 -1.685
vt 0.133 0.632
v -0.094 2.376 -1.668
vt 0.131 0.635
v -0.111 2.376 -1.646
vt 0.128 0.637
v -0.117 2.376 -1.622
vt 0.125 0.637
v -0.111 2.376 -1.598
vt 0.122 0.637
v -0.094 2.376 -1.576
vt 0.119 0.635
v -0.069 2.376 -1.559
vt 0.116 0.632
v -0.036 2.376 -1.547
vt 0.115 0.629
v 0 2.376 -1.544
vt 0.114 0.625
v 0.036 2.376 -1.547
vt 0.115 0.621
v 0.069 2.376 -1.559
vt 0.116 0.618
v 0.094 2.376 -1.576
vt 0.119 0.615
v 0.111 2.376 -1.598
vt 0.122 0.613
v 0.136 2.355 -1.622
vt 0.125 0.611
v 0.129 2.355 -1.652
vt 0.129 0.611
v 0.11 2.355 -1.679
vt 0.133 0.613
v 0.08 2.355 -1.7
vt 0.135 0.617
v 0.042 2.355 -1.713
vt 0.137 0.621
v 0 2.355 -1.718
vt 0.138 0.625
v -0.042 2.355 -1.713
vt 0.137 0.629
v -0.08 2.355 -1.7
vt 0.136 0.633
v -0.11 2.355 -1.679
vt 0.133 0.637
v -0.129 2.355 -1.652
vt 0.129 0.639
v -0.136 2.355 -1.622
vt 0.125 0.639
v -0.129 2.355 -1.592
vt 0.121 0.639
v -0.11 2.355 -1.565
vt 0.117 0.637
v -0.08 2.355 -1.544
vt 0.114 0.633
v -0.042 2.355 -1.531
vt 0.113 0.629
v 0 2.355 -1.526
vt 0.112 0.625
v 0.042 2.355 -1.531
vt 0.113 0.621
v 0.08 2.355 -1.544
vt 0.115 0.617
v 0.11 2.355 -1.565
vt 0.117 0.613
v 0.129 2.355 -1.592
vt 0.121 0.611
v 0.143 2.331 -1.622
vt 0.125 0.61
v 0.136 2.331 -1.655
vt 0.13 0.611
v 0.115 2.331 -1.685
vt 0.134 0.613
v 0.084 2.331 -1.709
vt 0.137 0.616
v 0.044 2.331 -1.724
vt 0.139 0.62
v 0 2.331 -1.729
vt 0.139 0.625
v -0.044 2.331 -1.724
vt 0.139 0.63
v -0.084 2.331 -1.709
vt 0.137 0.634
v -0.115 2.331 -1.685
vt 0.134 0.637
v -0.136 2.331 -1.655
v -0.143 2.331 -1.622
vt 0.125 0.64
v -0.136 2.331 -1.589
v -0.115 2.331 -1.559
vt 0.116 0.637
v -0.084 2.331 -1.535
vt 0.113 0.634
v -0.044 2.331 -1.52
vt 0.111 0.63
v 0 2.331 -1.515
vt 0.111 0.625
v 0.044 2.331 -1.52
vt 0.111 0.62
v 0.084 2.331 -1.535
vt 0.113 0.616
v 0.115 2.331 -1.559
v 0.136 2.331 -1.589
vt 0.12 0.611
v 0.138 2.305 -1.622
v 0.131 2.305 -1.656
v 0.111 2.305 -1.687
v 0.081 2.305 -1.712
v 0.043 2.305 -1.728
vt 0.139 0.621
v 0 2.305 -1.733
vt 0.14 0.625
v -0.043 2.305 -1.728
v -0.081 2.305 -1.712
v -0.111 2.305 -1.687
v -0.131 2.305 -1.656
vt 0.13 0.639
v -0.138 2.305 -1.622
v -0.131 2.305 -1.588
vt 0.12 0.639
v -0.111 2.305 -1.557
v -0.081 2.305 -1.532
v -0.043 2.305 -1.516
vt 0.111 0.629
v 0 2.305 -1.511
vt 0.11 0.625
v 0.043 2.305 -1.516
vt 0.111 0.621
v 0.081 2.305 -1.532
v 0.111 2.305 -1.557
vt 0.116 0.613
v 0.131 2.305 -1.588
v 0.124 2.279 -1.622
vt 0.125 0.612
v 0.117 2.279 -1.655
vt 0.129 0.613
v 0.1 2.279 -1.685
vt 0.133 0.614
v 0.073 2.279 -1.709
vt 0.137 0.617
v 0.038 2.279 -1.724
v 0 2.279 -1.729
v -0.038 2.279 -1.724
vt 0.139 0.629
v -0.073 2.279 -1.709
vt 0.137 0.633
v -0.1 2.279 -1.685
vt 0.134 0.636
v -0.117 2.279 -1.655
vt 0.13 0.637
v -0.124 2.279 -1.622
vt 0.125 0.638
v -0.117 2.279 -1.589
vt 0.121 0.637
v -0.1 2.279 -1.559
vt 0.116 0.636
v -0.073 2.279 -1.535
vt 0.113 0.633
v -0.038 2.279 -1.52
v 0 2.279 -1.515
v 0.038 2.279 -1.52
v 0.073 2.279 -1.535
vt 0.113 0.617
v 0.1 2.279 -1.559
vt 0.117 0.614
v 0.117 2.279 -1.589
vt 0.12 0.613
v 0.103 2.254 -1.622
vt 0.125 0.614
v 0.098 2.254 -1.652
vt 0.129 0.615
v 0.083 2.254 -1.679
vt 0.133 0.616
v 0.06 2.254 -1.7
vt 0.136 0.619
v 0.032 2.254 -1.713
vt 0.137 0.622
v 0 2.254 -1.718
v -0.032 2.254 -1.713
vt 0.137 0.628
v -0.06 2.254 -1.7
vt 0.136 0.631
v -0.083 2.254 -1.679
vt 0.133 0.634
v -0.098 2.254 -1.652
vt 0.129 0.635
v -0.103 2.254 -1.622
vt 0.125 0.636
v -0.098 2.254 -1.592
vt 0.121 0.635
v -0.083 2.254 -1.565
vt 0.117 0.634
v -0.06 2.254 -1.544
vt 0.115 0.631
v -0.032 2.254 -1.531
vt 0.113 0.628
v 0 2.254 -1.526
v 0.032 2.254 -1.531
vt 0.113 0.622
v 0.06 2.254 -1.544
vt 0.115 0.619
v 0.083 2.254 -1.565
vt 0.117 0.616
v 0.098 2.254 -1.592
vt 0.121 0.615
v 0.078 2.234 -1.622
vt 0.125 0.617
v 0.074 2.234 -1.646
vt 0.128 0.617
v 0.063 2.234 -1.668
vt 0.131 0.618
v 0.046 2.234 -1.685
vt 0.134 0.62
v 0.024 2.234 -1.697
vt 0.135 0.623
v 0 2.234 -1.7
v -0.024 2.234 -1.697
vt 0.135 0.628
v -0.046 2.234 -1.685
vt 0.134 0.63
v -0.063 2.234 -1.668
vt 0.131 0.632
v -0.074 2.234 -1.646
vt 0.128 0.633
v -0.078 2.234 -1.622
vt 0.125 0.633
v -0.074 2.234 -1.598
vt 0.122 0.633
v -0.063 2.234 -1.576
vt 0.119 0.632
v -0.046 2.234 -1.559
vt 0.116 0.63
v -0.024 2.234 -1.547
vt 0.115 0.628
v 0 2.234 -1.544
v 0.024 2.234 -1.547
vt 0.115 0.622
v 0.046 2.234 -1.559
vt 0.116 0.62
v 0.063 2.234 -1.576
vt 0.119 0.618
v 0.074 2.234 -1.598
vt 0.122 0.617
v 0.052 2.218 -1.622
v 0.05 2.218 -1.639
vt 0.127 0.62
v 0.042 2.218 -1.655
vt 0.129 0.62
v 0.031 2.218 -1.667
vt 0.131 0.622
v 0.016 2.218 -1.675
vt 0.132 0.623
v 0 2.218 -1.678
v -0.016 2.218 -1.675
vt 0.132 0.627
v -0.031 2.218 -1.667
vt 0.131 0.628
v -0.042 2.218 -1.655
vt 0.129 0.629
v -0.05 2.218 -1.639
vt 0.127 0.63
v -0.052 2.218 -1.622
vt 0.125 0.631
v -0.05 2.218 -1.605
vt 0.123 0.63
v -0.042 2.218 -1.589
vt 0.121 0.629
v -0.031 2.218 -1.577
vt 0.119 0.628
v -0.016 2.218 -1.569
vt 0.118 0.627
v 0 2.218 -1.566
v 0.016 2.218 -1.569
vt 0.118 0.623
v 0.031 2.218 -1.577
vt 0.119 0.622
v 0.042 2.218 -1.589
vt 0.121 0.621
v 0.05 2.218 -1.605
vt 0.123 0.62
v 0.026 2.207 -1.622
vt 0.125 0.622
v 0.025 2.207 -1.631
vt 0.126 0.622
v 0.021 2.207 -1.639
vt 0.127 0.623
v 0.015 2.207 -1.645
vt 0.128 0.623
v 0.008 2.207 -1.649
vt 0.129 0.624
v 0 2.207 -1.651
v -0.008 2.207 -1.649
vt 0.129 0.626
v -0.015 2.207 -1.645
vt 0.128 0.627
v -0.021 2.207 -1.639
vt 0.127 0.627
v -0.025 2.207 -1.631
vt 0.126 0.628
v -0.026 2.207 -1.622
vt 0.125 0.628
v -0.025 2.207 -1.613
vt 0.124 0.628
v -0.021 2.207 -1.605
vt 0.123 0.627
v -0.015 2.207 -1.599
vt 0.122 0.627
v -0.008 2.207 -1.595
v 0 2.207 -1.593
v 0.008 2.207 -1.595
v 0.015 2.207 -1.599
vt 0.122 0.623
v 0.021 2.207 -1.605
vt 0.123 0.623
v 0.025 2.207 -1.613
vt 0.124 0.622
v 0 2.204 -1.622
v -0.028 2.352 -1.712
v -0.027 2.352 -1.711
v -0.042 2.353 -1.711
vt 0.389 0.62
vt 0.389 0.619
vt 0.39 0.625
v -0.031 2.352 -1.712
vt 0.389 0.621
v -0.036 2.352 -1.712
vt 0.389 0.623
v -0.042 2.352 -1.713
vt 0.389 0.625
v -0.048 2.352 -1.712
vt 0.389 0.627
v -0.053 2.352 -1.712
vt 0.389 0.629
v -0.056 2.352 -1.712
vt 0.389 0.63
v -0.057 2.352 -1.711
vt 0.389 0.631
v -0.056 2.352 -1.71
v -0.053 2.352 -1.71
v -0.048 2.352 -1.71
v -0.042 2.352 -1.709
v -0.036 2.352 -1.71
v -0.031 2.352 -1.71
v -0.028 2.352 -1.71
v -0.014 2.35 -1.711
vt 0.386 0.614
v -0.017 2.35 -1.712
vt 0.386 0.615
v -0.023 2.35 -1.713
vt 0.386 0.618
v -0.031 2.35 -1.714
vt 0.386 0.621
v -0.042 2.35 -1.714
vt 0.386 0.625
v -0.053 2.35 -1.714
vt 0.386 0.629
v -0.062 2.35 -1.713
vt 0.386 0.632
v -0.067 2.35 -1.712
vt 0.386 0.635
v -0.07 2.35 -1.711
vt 0.386 0.636
v -0.067 2.35 -1.71
v -0.062 2.35 -1.709
v -0.053 2.35 -1.708
v -0.042 2.35 -1.708
v -0.031 2.35 -1.708
v -0.023 2.35 -1.709
vt 0.386 0.617
v -0.017 2.35 -1.71
v -0.006 2.347 -1.711
vt 0.381 0.611
v -0.009 2.347 -1.712
vt 0.381 0.612
v -0.017 2.347 -1.714
vt 0.381 0.615
v -0.028 2.347 -1.714
vt 0.381 0.62
v -0.042 2.347 -1.715
vt 0.381 0.625
v -0.056 2.347 -1.714
vt 0.381 0.63
v -0.067 2.347 -1.714
vt 0.381 0.635
v -0.075 2.347 -1.712
vt 0.381 0.638
v -0.078 2.347 -1.711
vt 0.381 0.639
v -0.075 2.347 -1.71
v -0.067 2.347 -1.708
v -0.056 2.347 -1.708
v -0.042 2.347 -1.707
v -0.028 2.347 -1.708
v -0.017 2.347 -1.708
v -0.009 2.347 -1.71
v -0.003 2.343 -1.711
vt 0.375 0.61
v -0.006 2.343 -1.713
vt 0.375 0.611
v -0.014 2.343 -1.714
vt 0.375 0.614
v -0.027 2.343 -1.715
vt 0.375 0.619
v -0.042 2.343 -1.715
vt 0.375 0.625
v -0.057 2.343 -1.715
vt 0.375 0.631
v -0.07 2.343 -1.714
vt 0.375 0.636
v -0.078 2.343 -1.713
vt 0.375 0.639
v -0.081 2.343 -1.711
vt 0.375 0.64
v -0.078 2.343 -1.709
v -0.07 2.343 -1.708
v -0.057 2.343 -1.707
v -0.042 2.343 -1.707
v -0.027 2.343 -1.707
v -0.014 2.343 -1.708
v -0.006 2.343 -1.709
v -0.006 2.339 -1.711
vt 0.369 0.611
v -0.009 2.339 -1.712
vt 0.369 0.612
v -0.017 2.339 -1.714
vt 0.369 0.615
v -0.028 2.339 -1.714
vt 0.369 0.62
v -0.042 2.339 -1.715
vt 0.369 0.625
v -0.056 2.339 -1.714
vt 0.369 0.63
v -0.067 2.339 -1.714
vt 0.369 0.635
v -0.075 2.339 -1.712
vt 0.369 0.638
v -0.078 2.339 -1.711
vt 0.369 0.639
v -0.075 2.339 -1.71
v -0.067 2.339 -1.708
v -0.056 2.339 -1.708
v -0.042 2.339 -1.707
v -0.028 2.339 -1.708
v -0.017 2.339 -1.708
v -0.009 2.339 -1.71
v -0.014 2.336 -1.711
vt 0.364 0.614
v -0.017 2.336 -1.712
vt 0.364 0.615
v -0.023 2.336 -1.713
vt 0.364 0.617
v -0.031 2.336 -1.714
vt 0.364 0.621
v -0.042 2.336 -1.714
vt 0.364 0.625
v -0.053 2.336 -1.714
vt 0.364 0.629
v -0.062 2.336 -1.713
vt 0.364 0.633
v -0.067 2.336 -1.712
vt 0.364 0.635
v -0.07 2.336 -1.711
vt 0.364 0.636
v -0.067 2.336 -1.71
v -0.062 2.336 -1.709
vt 0.364 0.632
v -0.053 2.336 -1.708
v -0.042 2.336 -1.708
v -0.031 2.336 -1.708
v -0.023 2.336 -1.709
vt 0.364 0.618
v -0.017 2.336 -1.71
v -0.027 2.334 -1.711
vt 0.361 0.619
v -0.028 2.334 -1.712
vt 0.361 0.62
v -0.031 2.334 -1.712
vt 0.361 0.621
v -0.036 2.334 -1.712
vt 0.361 0.623
v -0.042 2.334 -1.713
vt 0.361 0.625
v -0.048 2.334 -1.712
vt 0.361 0.627
v -0.053 2.334 -1.712
vt 0.361 0.629
v -0.056 2.334 -1.712
vt 0.361 0.63
v -0.057 2.334 -1.711
vt 0.361 0.631
v -0.056 2.334 -1.71
v -0.053 2.334 -1.71
v -0.048 2.334 -1.71
v -0.042 2.334 -1.709
v -0.036 2.334 -1.71
v -0.031 2.334 -1.71
v -0.028 2.334 -1.71
v -0.042 2.333 -1.711
vt 0.36 0.625
v -0.003 2.242 -1.694
v -0.001 2.25 -1.692
v -0.002 2.25 -1.691
vt 0.133 0.611
vt 0.132 0.61
vt 0.131 0.61
v -0.001 2.242 -1.695
v 0 2.25 -1.692
v 0 2.242 -1.695
vt 0.134 0.611
v 0.001 2.25 -1.692
v 0.001 2.242 -1.695
v 0.002 2.25 -1.691
v 0.003 2.242 -1.694
v -0.003 2.233 -1.697
vt 0.135 0.613
v -0.001 2.233 -1.698
v 0 2.233 -1.698
v 0.001 2.233 -1.698
v 0.003 2.233 -1.697
v -0.003 2.225 -1.7
vt 0.136 0.614
v -0.001 2.225 -1.701
v 0 2.225 -1.702
vt 0.137 0.614
v 0.001 2.225 -1.701
v 0.003 2.225 -1.7
v -0.003 2.217 -1.703
vt 0.137 0.615
v -0.001 2.217 -1.704
vt 0.138 0.615
v 0 2.217 -1.704
v 0.001 2.217 -1.704
v 0.003 2.217 -1.703
v -0.003 2.208 -1.705
vt 0.138 0.617
v -0.001 2.208 -1.706
vt 0.139 0.617
v 0 2.208 -1.706
vt 0.139 0.616
v 0.001 2.208 -1.706
v 0.003 2.208 -1.705
vt 0.138 0.616
v -0.003 2.2 -1.707
vt 0.139 0.618
v -0.001 2.2 -1.707
v 0 2.2 -1.708
vt 0.14 0.618
v 0.001 2.2 -1.707
v 0.003 2.2 -1.707
v -0.003 2.192 -1.707
vt 0.139 0.619
v -0.001 2.192 -1.708
vt 0.14 0.619
v 0 2.192 -1.709
v 0.001 2.192 -1.708
v 0.003 2.192 -1.707
v -0.003 2.183 -1.706
v -0.001 2.183 -1.707
v 0 2.183 -1.707
v 0.001 2.183 -1.707
v 0.003 2.183 -1.706
v -0.003 2.175 -1.705
vt 0.138 0.622
v -0.001 2.175 -1.706
vt 0.139 0.622
v 0 2.175 -1.706
v 0.001 2.175 -1.706
v 0.003 2.175 -1.705
v -0.003 2.167 -1.704
vt 0.138 0.623
v -0.001 2.167 -1.704
v 0 2.167 -1.705
v 0.001 2.167 -1.704
v 0.003 2.167 -1.704
v -0.003 2.158 -1.702
vt 0.137 0.624
v -0.001 2.158 -1.703
v 0 2.158 -1.703
v 0.001 2.158 -1.703
v 0.003 2.158 -1.702
v -0.003 2.15 -1.7
vt 0.136 0.626
v -0.002 2.15 -1.701
v 0 2.15 -1.701
vt 0.137 0.626
v 0.002 2.15 -1.701
v 0.003 2.15 -1.7
v -0.004 2.141 -1.698
vt 0.135 0.627
v -0.002 2.141 -1.699
v 0 2.141 -1.699
vt 0.136 0.627
v 0.002 2.141 -1.699
v 0.004 2.141 -1.698
v -0.005 2.133 -1.696
vt 0.134 0.628
v -0.003 2.133 -1.697
v 0 2.133 -1.698
v 0.003 2.133 -1.697
v 0.005 2.133 -1.696
v -0.007 2.125 -1.695
vt 0.133 0.63
v -0.004 2.125 -1.695
vt 0.134 0.629
v 0 2.125 -1.696
v 0.004 2.125 -1.695
v 0.007 2.125 -1.695
vt 0.133 0.629
v -0.009 2.116 -1.693
vt 0.132 0.631
v -0.004 2.116 -1.693
vt 0.133 0.631
v 0 2.116 -1.694
v 0.004 2.116 -1.693
v 0.009 2.116 -1.693
v -0.011 2.108 -1.691
v -0.005 2.108 -1.692
vt 0.132 0.632
v 0 2.108 -1.692
v 0.005 2.108 -1.692
v 0.011 2.108 -1.691
v -0.013 2.1 -1.689
vt 0.13 0.634
v -0.007 2.1 -1.69
vt 0.131 0.634
v 0 2.1 -1.69
v 0.007 2.1 -1.69
v 0.013 2.1 -1.689
vt 0.13 0.633
v -0.016 2.091 -1.687
vt 0.13 0.635
v -0.008 2.091 -1.688
v 0 2.091 -1.688
v 0.008 2.091 -1.688
v 0.016 2.091 -1.687
v -0.018 2.083 -1.679
vt 0.126 0.636
v -0.009 2.083 -1.681
vt 0.127 0.636
v 0 2.083 -1.682
v 0.009 2.083 -1.681
v 0.018 2.083 -1.68
v -0.021 2.075 -1.67
v -0.011 2.075 -1.672
v 0 2.075 -1.673
vt 0.123 0.637
v 0.011 2.075 -1.672
v 0.021 2.075 -1.671
v -0.024 2.066 -1.661
vt 0.117 0.639
v -0.012 2.066 -1.663
vt 0.118 0.639
v 0 2.066 -1.664
vt 0.119 0.639
v 0.012 2.066 -1.663
v 0.024 2.066 -1.662
v -0.027 2.058 -1.653
vt 0.113 0.64
v -0.014 2.058 -1.654
vt 0.114 0.64
v 0 2.058 -1.656
v 0.014 2.058 -1.654
v 0.027 2.058 -1.653
v -0.002 2.25 -1.685
v -0.001 2.25 -1.686
v -0.003 2.242 -1.688
vt 0.129 0.61
v -0.001 2.242 -1.689
v 0 2.25 -1.686
v 0 2.242 -1.689
vt 0.131 0.611
v 0.001 2.25 -1.686
v 0.001 2.242 -1.689
v 0.002 2.25 -1.685
v 0.003 2.242 -1.688
v -0.003 2.233 -1.691
vt 0.132 0.613
v -0.001 2.233 -1.692
v 0 2.233 -1.692
v 0.001 2.233 -1.692
v 0.003 2.233 -1.691
v -0.003 2.225 -1.694
v -0.001 2.225 -1.695
vt 0.134 0.614
v 0 2.225 -1.696
v 0.001 2.225 -1.695
v 0.003 2.225 -1.694
v -0.003 2.217 -1.697
vt 0.134 0.615
v -0.001 2.217 -1.698
vt 0.135 0.615
v 0 2.217 -1.698
v 0.001 2.217 -1.698
v 0.003 2.217 -1.697
v -0.003 2.208 -1.699
vt 0.135 0.616
v -0.001 2.208 -1.7
vt 0.136 0.617
v 0 2.208 -1.7
v 0.001 2.208 -1.7
vt 0.136 0.616
v 0.003 2.208 -1.699
v -0.003 2.2 -1.701
vt 0.136 0.618
v -0.001 2.2 -1.701
vt 0.137 0.618
v 0 2.2 -1.702
v 0.001 2.2 -1.701
v 0.003 2.2 -1.701
v -0.003 2.192 -1.701
v -0.001 2.192 -1.702
vt 0.137 0.619
v 0 2.192 -1.702
v 0.001 2.192 -1.702
v 0.003 2.192 -1.701
v -0.003 2.183 -1.7
vt 0.136 0.621
v -0.001 2.183 -1.701
v 0 2.183 -1.701
vt 0.136 0.62
v 0.001 2.183 -1.701
v 0.003 2.183 -1.7
v -0.003 2.175 -1.699
vt 0.135 0.622
v -0.001 2.175 -1.7
vt 0.136 0.622
v 0 2.175 -1.7
v 0.001 2.175 -1.7
v 0.003 2.175 -1.699
v -0.003 2.167 -1.698
v -0.001 2.167 -1.698
v 0 2.167 -1.699
v 0.001 2.167 -1.698
v 0.003 2.167 -1.698
v -0.003 2.158 -1.696
vt 0.134 0.624
v -0.001 2.158 -1.697
v 0 2.158 -1.697
v 0.001 2.158 -1.697
v 0.003 2.158 -1.696
v -0.003 2.15 -1.694
vt 0.133 0.626
v -0.002 2.15 -1.695
v 0 2.15 -1.695
vt 0.134 0.626
v 0.002 2.15 -1.695
v 0.003 2.15 -1.694
v -0.004 2.141 -1.692
v -0.002 2.141 -1.693
vt 0.133 0.627
v 0 2.141 -1.693
v 0.002 2.141 -1.693
v 0.004 2.141 -1.692
v -0.005 2.133 -1.69
v -0.003 2.133 -1.691
v 0 2.133 -1.692
v 0.003 2.133 -1.691
v 0.005 2.133 -1.69
v -0.007 2.125 -1.689
vt 0.13 0.63
v -0.004 2.125 -1.689
v 0 2.125 -1.69
v 0.004 2.125 -1.689
v 0.007 2.125 -1.689
v -0.009 2.116 -1.687
vt 0.129 0.631
v -0.004 2.116 -1.687
vt 0.13 0.631
v 0 2.116 -1.688
v 0.004 2.116 -1.687
v 0.009 2.116 -1.687
v -0.011 2.108 -1.685
v -0.005 2.108 -1.686
v 0 2.108 -1.686
v 0.005 2.108 -1.686
v 0.011 2.108 -1.685
vt 0.128 0.632
v -0.013 2.1 -1.683
vt 0.128 0.634
v -0.007 2.1 -1.684
v 0 2.1 -1.684
v 0.007 2.1 -1.684
v 0.013 2.1 -1.683
v -0.016 2.091 -1.681
vt 0.127 0.635
v -0.008 2.091 -1.682
v 0 2.091 -1.682
v 0.008 2.091 -1.682
v 0.016 2.091 -1.681
v -0.018 2.083 -1.673
vt 0.123 0.636
v -0.009 2.083 -1.675
vt 0.124 0.636
v 0 2.083 -1.676
v 0.009 2.083 -1.675
v 0.018 2.083 -1.674
v -0.021 2.075 -1.664
vt 0.119 0.637
v -0.011 2.075 -1.666
v 0 2.075 -1.667
vt 0.12 0.637
v 0.011 2.075 -1.666
v 0.021 2.075 -1.665
v -0.024 2.066 -1.655
vt 0.114 0.639
v -0.012 2.066 -1.657
vt 0.115 0.639
v 0 2.066 -1.658
vt 0.116 0.639
v 0.012 2.066 -1.657
v 0.024 2.066 -1.656
v -0.027 2.058 -1.647
vt 0.11 0.64
v -0.014 2.058 -1.648
vt 0.111 0.64
v 0 2.058 -1.65
vt 0.112 0.64
v 0.014 2.058 -1.648
v 0.027 2.058 -1.647
v 0.297 2.617 -1.198
v 0.297 2.615 -1.195
v 0.271 2.62 -1.203
vt 0.376 0.861
vt 0.372 0.86
v 0.294 2.618 -1.202
v 0.29 2.619 -1.206
v 0.283 2.619 -1.211
vt 0.373 0.86
v 0.275 2.619 -1.214
v 0.267 2.619 -1.217
vt 0.371 0.86
v 0.259 2.619 -1.219
vt 0.37 0.86
v 0.252 2.618 -1.219
v 0.248 2.617 -1.218
vt 0.368 0.86
v 0.245 2.615 -1.216
vt 0.368 0.861
v 0.246 2.614 -1.212
v 0.248 2.613 -1.208
v 0.253 2.612 -1.204
vt 0.369 0.861
v 0.26 2.611 -1.2
vt 0.37 0.861
v 0.268 2.611 -1.196
v 0.276 2.611 -1.193
vt 0.372 0.861
v 0.284 2.612 -1.192
v 0.29 2.613 -1.192
v 0.295 2.614 -1.193
v 0.324 2.601 -1.191
v 0.323 2.603 -1.197
v 0.318 2.605 -1.205
v 0.309 2.607 -1.213
v 0.296 2.608 -1.221
v 0.28 2.609 -1.228
v 0.265 2.608 -1.233
v 0.25 2.607 -1.237
v 0.237 2.605 -1.237
vt 0.367 0.861
v 0.228 2.603 -1.235
v 0.223 2.601 -1.231
vt 0.365 0.862
v 0.224 2.598 -1.224
v 0.229 2.596 -1.217
vt 0.366 0.863
v 0.239 2.595 -1.209
v 0.252 2.593 -1.2
vt 0.369 0.863
v 0.267 2.593 -1.193
v 0.283 2.593 -1.188
v 0.297 2.595 -1.185
v 0.31 2.596 -1.184
vt 0.378 0.863
v 0.319 2.598 -1.186
v 0.348 2.578 -1.191
vt 0.383 0.864
v 0.348 2.581 -1.2
v 0.34 2.585 -1.211
vt 0.382 0.864
v 0.327 2.587 -1.223
vt 0.38 0.864
v 0.308 2.589 -1.234
vt 0.377 0.863
v 0.287 2.589 -1.244
v 0.265 2.589 -1.252
v 0.243 2.587 -1.256
v 0.225 2.585 -1.257
vt 0.365 0.864
v 0.213 2.581 -1.254
vt 0.363 0.864
v 0.206 2.578 -1.248
vt 0.362 0.864
v 0.207 2.575 -1.239
vt 0.362 0.865
v 0.214 2.572 -1.228
v 0.228 2.569 -1.216
v 0.246 2.568 -1.205
vt 0.368 0.865
v 0.267 2.567 -1.195
vt 0.371 0.866
v 0.29 2.568 -1.188
vt 0.374 0.866
v 0.311 2.569 -1.183
v 0.329 2.572 -1.182
vt 0.38 0.865
v 0.342 2.575 -1.185
vt 0.382 0.865
v 0.369 2.548 -1.197
v 0.368 2.552 -1.208
v 0.359 2.556 -1.221
v 0.343 2.559 -1.235
v 0.32 2.561 -1.249
v 0.294 2.562 -1.261
vt 0.375 0.866
v 0.266 2.561 -1.271
v 0.24 2.559 -1.276
v 0.218 2.556 -1.277
vt 0.364 0.867
v 0.203 2.552 -1.273
v 0.195 2.548 -1.266
vt 0.361 0.867
v 0.195 2.544 -1.255
vt 0.361 0.868
v 0.204 2.54 -1.242
v 0.221 2.537 -1.227
vt 0.365 0.869
v 0.244 2.535 -1.213
vt 0.368 0.869
v 0.27 2.535 -1.201
vt 0.372 0.869
v 0.297 2.535 -1.192
vt 0.376 0.869
v 0.323 2.537 -1.187
vt 0.379 0.869
v 0.345 2.54 -1.186
vt 0.383 0.868
v 0.361 2.544 -1.189
vt 0.385 0.868
v 0.384 2.514 -1.206
v 0.383 2.518 -1.218
v 0.373 2.522 -1.233
v 0.355 2.526 -1.249
vt 0.384 0.87
v 0.33 2.528 -1.265
vt 0.38 0.87
v 0.3 2.529 -1.278
vt 0.376 0.87
v 0.27 2.528 -1.289
vt 0.372 0.87
v 0.241 2.526 -1.295
v 0.217 2.522 -1.296
vt 0.364 0.87
v 0.199 2.518 -1.292
v 0.19 2.514 -1.283
v 0.191 2.509 -1.271
v 0.201 2.505 -1.256
vt 0.362 0.872
v 0.219 2.501 -1.24
v 0.244 2.499 -1.225
vt 0.368 0.873
v 0.274 2.498 -1.211
vt 0.372 0.873
v 0.304 2.499 -1.201
vt 0.377 0.873
v 0.333 2.501 -1.195
vt 0.381 0.872
v 0.358 2.505 -1.194
vt 0.384 0.872
v 0.375 2.509 -1.198
vt 0.387 0.872
v 0.393 2.476 -1.219
v 0.393 2.481 -1.232
vt 0.39 0.874
v 0.382 2.485 -1.247
v 0.363 2.489 -1.264
vt 0.385 0.874
v 0.337 2.491 -1.28
vt 0.381 0.873
v 0.307 2.492 -1.294
v 0.275 2.491 -1.305
vt 0.372 0.874
v 0.245 2.489 -1.311
vt 0.368 0.874
v 0.22 2.485 -1.312
vt 0.364 0.874
v 0.202 2.481 -1.308
v 0.193 2.476 -1.299
v 0.193 2.471 -1.287
v 0.204 2.467 -1.271
vt 0.362 0.876
v 0.223 2.464 -1.255
vt 0.365 0.876
v 0.249 2.461 -1.239
vt 0.369 0.876
v 0.279 2.461 -1.225
vt 0.373 0.877
v 0.311 2.461 -1.214
vt 0.378 0.877
v 0.341 2.464 -1.208
vt 0.382 0.876
v 0.366 2.467 -1.207
vt 0.386 0.876
v 0.384 2.471 -1.211
vt 0.388 0.876
v 0.396 2.439 -1.235
v 0.395 2.444 -1.247
v 0.385 2.448 -1.262
vt 0.388 0.878
v 0.366 2.451 -1.278
v 0.341 2.453 -1.294
vt 0.382 0.877
v 0.312 2.454 -1.307
v 0.281 2.453 -1.318
v 0.253 2.451 -1.324
vt 0.369 0.878
v 0.228 2.448 -1.325
v 0.211 2.444 -1.321
vt 0.363 0.878
v 0.202 2.439 -1.312
vt 0.362 0.879
v 0.202 2.434 -1.3
v 0.212 2.43 -1.285
v 0.231 2.427 -1.269
vt 0.366 0.88
v 0.256 2.425 -1.254
vt 0.37 0.88
v 0.285 2.424 -1.24
vt 0.374 0.88
v 0.316 2.425 -1.23
vt 0.378 0.88
v 0.345 2.427 -1.224
v 0.369 2.43 -1.223
vt 0.386 0.88
v 0.387 2.434 -1.227
v 0.391 2.404 -1.253
vt 0.389 0.883
v 0.39 2.409 -1.264
vt 0.389 0.882
v 0.381 2.412 -1.277
v 0.365 2.415 -1.291
vt 0.385 0.881
v 0.342 2.417 -1.305
vt 0.382 0.881
v 0.316 2.418 -1.317
vt 0.378 0.881
v 0.289 2.417 -1.327
vt 0.374 0.881
v 0.263 2.415 -1.332
vt 0.371 0.881
v 0.241 2.412 -1.333
vt 0.367 0.882
v 0.225 2.409 -1.329
vt 0.365 0.882
v 0.217 2.404 -1.322
v 0.218 2.4 -1.311
v 0.227 2.396 -1.298
vt 0.365 0.883
v 0.243 2.393 -1.283
vt 0.368 0.884
v 0.266 2.391 -1.269
v 0.292 2.391 -1.257
vt 0.375 0.884
v 0.32 2.391 -1.248
vt 0.379 0.884
v 0.345 2.393 -1.243
vt 0.383 0.884
v 0.367 2.396 -1.242
vt 0.386 0.883
v 0.383 2.4 -1.245
v 0.38 2.375 -1.271
vt 0.388 0.886
v 0.379 2.378 -1.28
vt 0.388 0.885
v 0.372 2.381 -1.29
v 0.358 2.383 -1.302
v 0.34 2.385 -1.313
vt 0.382 0.884
v 0.318 2.386 -1.323
v 0.296 2.385 -1.331
v 0.275 2.383 -1.335
vt 0.372 0.885
v 0.257 2.381 -1.336
vt 0.37 0.885
v 0.244 2.378 -1.333
vt 0.368 0.885
v 0.238 2.375 -1.327
vt 0.367 0.886
v 0.238 2.371 -1.318
v 0.246 2.368 -1.307
v 0.259 2.366 -1.296
v 0.277 2.364 -1.284
vt 0.373 0.887
v 0.299 2.363 -1.274
vt 0.376 0.887
v 0.321 2.364 -1.267
v 0.342 2.366 -1.262
v 0.36 2.368 -1.262
vt 0.385 0.886
v 0.373 2.371 -1.264
vt 0.387 0.886
v 0.362 2.352 -1.288
vt 0.385 0.888
v 0.362 2.354 -1.294
v 0.357 2.356 -1.302
v 0.347 2.358 -1.31
v 0.334 2.359 -1.318
vt 0.381 0.887
v 0.319 2.359 -1.325
v 0.303 2.359 -1.33
vt 0.377 0.887
v 0.288 2.358 -1.334
vt 0.374 0.887
v 0.276 2.356 -1.334
v 0.267 2.354 -1.332
v 0.262 2.352 -1.328
vt 0.37 0.888
v 0.262 2.349 -1.321
v 0.268 2.347 -1.314
v 0.277 2.345 -1.305
v 0.29 2.344 -1.297
v 0.305 2.344 -1.29
v 0.321 2.344 -1.285
v 0.336 2.345 -1.282
vt 0.381 0.889
v 0.349 2.347 -1.281
v 0.358 2.349 -1.283
v 0.34 2.337 -1.303
vt 0.382 0.89
v 0.34 2.339 -1.306
vt 0.382 0.889
v 0.338 2.34 -1.31
v 0.333 2.341 -1.315
v 0.326 2.341 -1.319
vt 0.38 0.889
v 0.318 2.341 -1.322
v 0.31 2.341 -1.325
vt 0.378 0.889
v 0.302 2.341 -1.327
v 0.296 2.34 -1.327
v 0.291 2.339 -1.326
v 0.288 2.337 -1.324
v 0.289 2.336 -1.32
vt 0.374 0.89
v 0.291 2.335 -1.316
v 0.296 2.334 -1.312
v 0.303 2.333 -1.308
vt 0.377 0.89
v 0.311 2.333 -1.304
vt 0.378 0.89
v 0.319 2.333 -1.302
vt 0.379 0.89
v 0.327 2.334 -1.3
vt 0.38 0.89
v 0.333 2.335 -1.3
v 0.338 2.336 -1.301
v 0.315 2.332 -1.315
v 0.297 2.619 -1.207
v 0.297 2.618 -1.205
v 0.274 2.622 -1.212
vt 0.625 0.61
vt 0.622 0.61
v 0.295 2.62 -1.21
v 0.292 2.621 -1.213
vt 0.624 0.61
v 0.288 2.621 -1.216
v 0.283 2.622 -1.219
vt 0.623 0.61
v 0.278 2.622 -1.222
v 0.272 2.622 -1.224
vt 0.621 0.61
v 0.267 2.621 -1.225
v 0.262 2.621 -1.226
vt 0.62 0.61
v 0.257 2.62 -1.225
vt 0.619 0.61
v 0.254 2.619 -1.224
v 0.253 2.618 -1.223
v 0.253 2.617 -1.22
v 0.254 2.617 -1.217
vt 0.619 0.611
v 0.257 2.616 -1.214
v 0.261 2.615 -1.211
vt 0.62 0.611
v 0.266 2.615 -1.208
vt 0.621 0.611
v 0.272 2.615 -1.206
v 0.277 2.615 -1.204
vt 0.622 0.611
v 0.283 2.615 -1.203
vt 0.623 0.611
v 0.288 2.616 -1.202
vt 0.624 0.611
v 0.292 2.617 -1.202
v 0.295 2.617 -1.203
v 0.319 2.608 -1.201
vt 0.628 0.611
v 0.319 2.61 -1.205
v 0.316 2.611 -1.211
v 0.311 2.613 -1.217
vt 0.627 0.611
v 0.303 2.614 -1.223
vt 0.626 0.611
v 0.293 2.614 -1.228
vt 0.625 0.611
v 0.283 2.615 -1.233
v 0.271 2.614 -1.237
v 0.26 2.614 -1.24
v 0.251 2.613 -1.241
vt 0.618 0.611
v 0.243 2.611 -1.24
vt 0.617 0.611
v 0.237 2.61 -1.238
vt 0.616 0.611
v 0.234 2.608 -1.235
vt 0.616 0.612
v 0.234 2.606 -1.23
v 0.236 2.604 -1.225
v 0.242 2.603 -1.219
vt 0.617 0.612
v 0.25 2.602 -1.213
vt 0.618 0.612
v 0.259 2.601 -1.208
vt 0.619 0.612
v 0.27 2.601 -1.203
vt 0.621 0.612
v 0.282 2.601 -1.199
vt 0.623 0.612
v 0.292 2.602 -1.196
vt 0.624 0.612
v 0.302 2.603 -1.195
vt 0.626 0.612
v 0.31 2.604 -1.196
vt 0.627 0.612
v 0.316 2.606 -1.198
vt 0.628 0.612
v 0.34 2.591 -1.2
vt 0.631 0.613
v 0.34 2.593 -1.207
vt 0.632 0.613
v 0.336 2.596 -1.214
v 0.329 2.598 -1.223
vt 0.63 0.613
v 0.317 2.6 -1.231
v 0.303 2.601 -1.239
v 0.288 2.601 -1.247
v 0.272 2.601 -1.252
v 0.256 2.6 -1.256
v 0.242 2.598 -1.257
v 0.23 2.596 -1.257
vt 0.615 0.613
v 0.222 2.593 -1.254
vt 0.614 0.613
v 0.218 2.591 -1.249
vt 0.613 0.613
v 0.218 2.588 -1.242
vt 0.613 0.614
v 0.222 2.586 -1.235
vt 0.614 0.614
v 0.23 2.584 -1.226
vt 0.615 0.614
v 0.241 2.582 -1.218
vt 0.617 0.614
v 0.255 2.581 -1.21
vt 0.619 0.614
v 0.27 2.581 -1.202
vt 0.621 0.614
v 0.286 2.581 -1.197
vt 0.624 0.614
v 0.302 2.582 -1.193
vt 0.626 0.614
v 0.316 2.584 -1.192
vt 0.628 0.614
v 0.328 2.586 -1.192
vt 0.63 0.614
v 0.336 2.588 -1.195
vt 0.631 0.614
v 0.359 2.568 -1.203
vt 0.634 0.616
v 0.36 2.572 -1.211
vt 0.634 0.615
v 0.355 2.575 -1.221
v 0.345 2.577 -1.231
vt 0.632 0.615
v 0.33 2.579 -1.242
v 0.313 2.581 -1.252
v 0.294 2.581 -1.261
vt 0.625 0.614
v 0.273 2.581 -1.268
vt 0.622 0.614
v 0.254 2.579 -1.272
vt 0.619 0.615
v 0.236 2.577 -1.274
vt 0.616 0.615
v 0.222 2.575 -1.274
vt 0.614 0.615
v 0.211 2.572 -1.27
vt 0.612 0.615
v 0.206 2.568 -1.264
vt 0.612 0.616
v 0.205 2.565 -1.256
v 0.211 2.562 -1.246
v 0.22 2.56 -1.235
vt 0.614 0.617
v 0.235 2.558 -1.225
vt 0.616 0.617
v 0.252 2.556 -1.214
vt 0.618 0.617
v 0.272 2.556 -1.206
vt 0.621 0.617
v 0.292 2.556 -1.199
vt 0.624 0.617
v 0.311 2.558 -1.194
vt 0.627 0.617
v 0.329 2.56 -1.192
vt 0.63 0.617
v 0.344 2.562 -1.193
vt 0.632 0.616
v 0.354 2.565 -1.197
v 0.375 2.542 -1.208
vt 0.637 0.618
v 0.375 2.545 -1.218
v 0.37 2.549 -1.229
vt 0.636 0.618
v 0.358 2.552 -1.241
vt 0.634 0.617
v 0.342 2.554 -1.254
vt 0.632 0.617
v 0.322 2.555 -1.265
vt 0.629 0.617
v 0.299 2.556 -1.276
vt 0.625 0.617
v 0.276 2.555 -1.284
vt 0.622 0.617
v 0.253 2.554 -1.289
vt 0.619 0.617
v 0.233 2.552 -1.291
v 0.216 2.549 -1.29
vt 0.613 0.618
v 0.204 2.545 -1.286
vt 0.611 0.618
v 0.198 2.542 -1.279
vt 0.61 0.618
v 0.198 2.538 -1.27
vt 0.61 0.619
v 0.204 2.534 -1.258
vt 0.611 0.619
v 0.215 2.531 -1.246
vt 0.613 0.62
v 0.231 2.529 -1.234
vt 0.615 0.62
v 0.252 2.528 -1.222
vt 0.618 0.62
v 0.274 2.527 -1.212
vt 0.622 0.62
v 0.297 2.528 -1.204
vt 0.625 0.62
v 0.32 2.529 -1.198
vt 0.628 0.62
v 0.34 2.531 -1.196
vt 0.632 0.62
v 0.357 2.534 -1.197
vt 0.634 0.619
v 0.369 2.538 -1.201
vt 0.636 0.619
v 0.387 2.512 -1.217
vt 0.639 0.622
v 0.387 2.516 -1.227
vt 0.639 0.621
v 0.381 2.519 -1.24
vt 0.638 0.621
v 0.369 2.523 -1.253
vt 0.636 0.621
v 0.351 2.525 -1.266
vt 0.633 0.62
v 0.329 2.527 -1.279
vt 0.63 0.62
v 0.305 2.527 -1.29
vt 0.626 0.62
v 0.28 2.527 -1.299
vt 0.623 0.62
v 0.255 2.525 -1.304
vt 0.619 0.62
v 0.233 2.523 -1.307
vt 0.616 0.621
v 0.215 2.519 -1.306
vt 0.613 0.621
v 0.202 2.516 -1.301
vt 0.611 0.621
v 0.196 2.512 -1.294
vt 0.61 0.622
v 0.195 2.508 -1.283
v 0.202 2.504 -1.271
vt 0.611 0.622
v 0.214 2.501 -1.258
vt 0.613 0.623
v 0.232 2.498 -1.245
vt 0.615 0.623
v 0.253 2.497 -1.232
vt 0.619 0.623
v 0.278 2.496 -1.221
vt 0.622 0.623
v 0.303 2.497 -1.212
vt 0.626 0.623
v 0.327 2.498 -1.206
vt 0.63 0.623
v 0.349 2.501 -1.204
vt 0.633 0.623
v 0.367 2.504 -1.205
vt 0.636 0.622
v 0.38 2.508 -1.21
vt 0.637 0.622
v 0.394 2.48 -1.229
vt 0.64 0.625
v 0.395 2.484 -1.239
v 0.388 2.488 -1.251
vt 0.639 0.624
v 0.376 2.491 -1.265
vt 0.637 0.624
v 0.358 2.494 -1.279
vt 0.634 0.624
v 0.335 2.495 -1.292
vt 0.631 0.623
v 0.31 2.496 -1.303
vt 0.627 0.623
v 0.284 2.495 -1.312
vt 0.623 0.623
v 0.259 2.494 -1.318
vt 0.62 0.623
v 0.237 2.491 -1.32
vt 0.616 0.624
v 0.218 2.488 -1.319
vt 0.613 0.624
v 0.205 2.484 -1.315
vt 0.611 0.625
v 0.198 2.48 -1.307
vt 0.61 0.625
v 0.198 2.476 -1.296
v 0.204 2.472 -1.284
vt 0.611 0.626
v 0.217 2.469 -1.27
vt 0.613 0.626
v 0.235 2.466 -1.257
vt 0.616 0.626
v 0.257 2.465 -1.244
vt 0.619 0.627
v 0.282 2.464 -1.232
vt 0.623 0.627
v 0.308 2.465 -1.223
vt 0.627 0.627
v 0.333 2.466 -1.217
vt 0.63 0.627
v 0.356 2.469 -1.215
vt 0.634 0.626
v 0.374 2.472 -1.216
vt 0.637 0.626
v 0.387 2.476 -1.221
vt 0.639 0.625
v 0.397 2.448 -1.242
vt 0.64 0.628
v 0.397 2.453 -1.252
v 0.391 2.456 -1.264
vt 0.639 0.627
v 0.379 2.459 -1.277
vt 0.637 0.627
v 0.361 2.462 -1.291
vt 0.635 0.627
v 0.339 2.464 -1.303
vt 0.631 0.627
v 0.315 2.464 -1.314
vt 0.628 0.627
v 0.29 2.464 -1.323
vt 0.624 0.627
v 0.265 2.462 -1.329
vt 0.62 0.627
v 0.243 2.459 -1.331
vt 0.617 0.627
v 0.225 2.456 -1.33
vt 0.614 0.627
v 0.212 2.453 -1.326
vt 0.612 0.628
v 0.205 2.448 -1.318
v 0.205 2.444 -1.308
vt 0.612 0.629
v 0.211 2.441 -1.296
v 0.224 2.438 -1.283
vt 0.614 0.63
v 0.241 2.435 -1.269
vt 0.617 0.63
v 0.263 2.433 -1.257
vt 0.62 0.63
v 0.287 2.433 -1.245
vt 0.624 0.63
v 0.313 2.433 -1.237
vt 0.627 0.63
v 0.337 2.435 -1.231
vt 0.631 0.63
v 0.359 2.438 -1.229
vt 0.634 0.63
v 0.377 2.441 -1.23
vt 0.637 0.629
v 0.39 2.444 -1.234
vt 0.639 0.629
v 0.394 2.419 -1.256
vt 0.64 0.631
v 0.395 2.422 -1.266
v 0.389 2.426 -1.277
vt 0.639 0.631
v 0.377 2.429 -1.289
vt 0.637 0.63
v 0.361 2.431 -1.302
vt 0.635 0.63
v 0.341 2.432 -1.313
vt 0.632 0.63
v 0.318 2.433 -1.323
vt 0.628 0.63
v 0.295 2.432 -1.331
vt 0.625 0.63
v 0.272 2.431 -1.337
vt 0.621 0.63
v 0.252 2.429 -1.339
vt 0.618 0.63
v 0.235 2.426 -1.338
vt 0.616 0.631
v 0.224 2.422 -1.334
vt 0.614 0.631
v 0.217 2.419 -1.327
vt 0.613 0.631
v 0.217 2.415 -1.317
vt 0.613 0.632
v 0.223 2.411 -1.306
vt 0.614 0.632
v 0.234 2.408 -1.294
vt 0.616 0.633
v 0.251 2.406 -1.282
vt 0.618 0.633
v 0.271 2.405 -1.27
vt 0.621 0.633
v 0.293 2.404 -1.26
vt 0.625 0.633
v 0.316 2.405 -1.252
vt 0.628 0.633
v 0.339 2.406 -1.246
vt 0.631 0.633
v 0.359 2.408 -1.244
vt 0.634 0.633
v 0.376 2.411 -1.245
vt 0.637 0.632
v 0.388 2.415 -1.249
vt 0.639 0.632
v 0.387 2.392 -1.271
vt 0.639 0.634
v 0.387 2.395 -1.28
v 0.382 2.398 -1.289
vt 0.638 0.634
v 0.372 2.4 -1.3
vt 0.636 0.633
v 0.358 2.402 -1.311
v 0.34 2.404 -1.321
vt 0.632 0.633
v 0.321 2.404 -1.33
vt 0.629 0.633
v 0.301 2.404 -1.337
vt 0.626 0.633
v 0.281 2.402 -1.341
vt 0.623 0.633
v 0.263 2.4 -1.343
vt 0.62 0.633
v 0.249 2.398 -1.342
vt 0.618 0.634
v 0.239 2.395 -1.339
vt 0.616 0.634
v 0.233 2.392 -1.333
v 0.233 2.388 -1.324
vt 0.616 0.635
v 0.238 2.385 -1.315
v 0.248 2.383 -1.304
vt 0.618 0.635
v 0.262 2.381 -1.293
vt 0.62 0.635
v 0.279 2.38 -1.283
vt 0.623 0.636
v 0.299 2.379 -1.274
vt 0.625 0.636
v 0.319 2.38 -1.267
vt 0.628 0.636
v 0.339 2.381 -1.263
vt 0.631 0.635
v 0.356 2.383 -1.261
vt 0.634 0.635
v 0.371 2.385 -1.262
vt 0.636 0.635
v 0.381 2.388 -1.265
vt 0.638 0.635
v 0.375 2.369 -1.286
vt 0.637 0.637
v 0.375 2.372 -1.293
vt 0.637 0.636
v 0.371 2.374 -1.301
vt 0.636 0.636
v 0.363 2.376 -1.309
vt 0.635 0.636
v 0.352 2.378 -1.318
vt 0.633 0.636
v 0.338 2.379 -1.326
vt 0.631 0.636
v 0.322 2.379 -1.333
vt 0.629 0.636
v 0.306 2.379 -1.338
vt 0.626 0.636
v 0.29 2.378 -1.342
vt 0.624 0.636
v 0.276 2.376 -1.344
vt 0.622 0.636
v 0.265 2.374 -1.343
vt 0.62 0.636
v 0.257 2.372 -1.34
vt 0.619 0.636
v 0.252 2.369 -1.335
vt 0.618 0.637
v 0.252 2.367 -1.329
v 0.256 2.364 -1.321
vt 0.619 0.637
v 0.264 2.362 -1.312
vt 0.62 0.637
v 0.275 2.361 -1.304
vt 0.622 0.638
v 0.289 2.36 -1.296
vt 0.624 0.638
v 0.305 2.359 -1.289
vt 0.626 0.638
v 0.321 2.36 -1.283
vt 0.629 0.638
v 0.336 2.361 -1.279
vt 0.631 0.638
v 0.351 2.362 -1.278
vt 0.633 0.637
v 0.362 2.364 -1.279
vt 0.635 0.637
v 0.37 2.367 -1.282
vt 0.636 0.637
v 0.359 2.352 -1.3
vt 0.634 0.639
v 0.359 2.354 -1.305
vt 0.634 0.638
v 0.356 2.356 -1.31
v 0.35 2.357 -1.316
vt 0.633 0.638
v 0.343 2.358 -1.322
vt 0.632 0.638
v 0.333 2.359 -1.328
v 0.322 2.359 -1.333
v 0.311 2.359 -1.337
vt 0.627 0.638
v 0.3 2.358 -1.339
v 0.29 2.357 -1.34
v 0.282 2.356 -1.34
vt 0.623 0.638
v 0.276 2.354 -1.338
v 0.273 2.352 -1.334
v 0.273 2.35 -1.33
vt 0.622 0.639
v 0.276 2.349 -1.324
v 0.282 2.347 -1.319
vt 0.623 0.639
v 0.289 2.346 -1.313
vt 0.624 0.639
v 0.299 2.346 -1.307
vt 0.625 0.639
v 0.31 2.345 -1.302
vt 0.627 0.639
v 0.321 2.346 -1.298
vt 0.629 0.639
v 0.332 2.346 -1.296
vt 0.63 0.639
v 0.342 2.347 -1.295
vt 0.632 0.639
v 0.35 2.349 -1.295
vt 0.633 0.639
v 0.356 2.35 -1.297
v 0.34 2.342 -1.313
vt 0.631 0.64
v 0.34 2.343 -1.315
v 0.338 2.344 -1.318
vt 0.631 0.639
v 0.335 2.344 -1.321
v 0.331 2.345 -1.324
v 0.326 2.345 -1.327
v 0.321 2.345 -1.329
v 0.315 2.345 -1.331
vt 0.628 0.639
v 0.309 2.345 -1.333
v 0.304 2.344 -1.333
vt 0.626 0.639
v 0.3 2.344 -1.333
v 0.297 2.343 -1.332
vt 0.625 0.64
v 0.296 2.342 -1.33
v 0.296 2.341 -1.328
v 0.297 2.34 -1.325
v 0.3 2.339 -1.322
vt 0.626 0.64
v 0.304 2.339 -1.319
v 0.309 2.338 -1.316
vt 0.627 0.64
v 0.315 2.338 -1.314
vt 0.628 0.64
v 0.32 2.338 -1.312
vt 0.629 0.64
v 0.326 2.339 -1.31
v 0.331 2.339 -1.31
vt 0.63 0.64
v 0.335 2.34 -1.31
v 0.338 2.341 -1.311
v 0.318 2.338 -1.323
v 0.305 2.506 -1.303
v 0.32 2.506 -1.297
v 0.318 2.511 -1.295
vt 0.876 0.624
vt 0.879 0.624
vt 0.879 0.623
v 0.316 2.517 -1.293
vt 0.878 0.623
v 0.313 2.522 -1.292
vt 0.877 0.622
v 0.309 2.525 -1.291
vt 0.877 0.621
v 0.305 2.527 -1.292
vt 0.876 0.621
v 0.301 2.528 -1.293
vt 0.875 0.621
v 0.298 2.527 -1.295
vt 0.874 0.621
v 0.295 2.525 -1.297
vt 0.873 0.621
v 0.292 2.521 -1.3
vt 0.872 0.622
v 0.291 2.517 -1.302
vt 0.872 0.623
v 0.29 2.511 -1.305
vt 0.872 0.624
v 0.291 2.505 -1.308
vt 0.872 0.625
v 0.292 2.5 -1.31
v 0.295 2.494 -1.312
vt 0.873 0.626
v 0.298 2.489 -1.313
vt 0.874 0.627
v 0.301 2.486 -1.313
vt 0.875 0.628
v 0.305 2.484 -1.313
vt 0.876 0.628
v 0.309 2.483 -1.311
vt 0.877 0.628
v 0.312 2.484 -1.31
v 0.316 2.486 -1.307
vt 0.878 0.628
v 0.318 2.49 -1.305
vt 0.879 0.627
v 0.319 2.494 -1.302
vt 0.879 0.626
v 0.32 2.5 -1.299
vt 0.879 0.625
v 0.333 2.505 -1.29
vt 0.883 0.625
v 0.331 2.517 -1.286
vt 0.882 0.622
v 0.326 2.528 -1.282
vt 0.881 0.621
v 0.32 2.537 -1.28
vt 0.879 0.619
v 0.313 2.544 -1.279
vt 0.877 0.618
v 0.305 2.549 -1.28
vt 0.876 0.617
v 0.297 2.55 -1.282
vt 0.874 0.617
v 0.29 2.549 -1.286
vt 0.872 0.617
v 0.284 2.544 -1.29
vt 0.87 0.618
v 0.279 2.537 -1.296
vt 0.869 0.619
v 0.276 2.527 -1.301
vt 0.868 0.621
v 0.275 2.516 -1.307
vt 0.868 0.623
v 0.276 2.505 -1.312
vt 0.868 0.625
v 0.279 2.493 -1.316
vt 0.869 0.626
v 0.283 2.482 -1.32
vt 0.87 0.628
v 0.29 2.473 -1.322
vt 0.872 0.63
v 0.297 2.465 -1.322
vt 0.874 0.631
v 0.304 2.461 -1.322
vt 0.875 0.632
v 0.312 2.459 -1.319
vt 0.877 0.632
v 0.319 2.461 -1.316
vt 0.879 0.632
v 0.325 2.466 -1.311
vt 0.881 0.631
v 0.33 2.473 -1.306
vt 0.882 0.63
v 0.333 2.482 -1.301
vt 0.883 0.628
v 0.334 2.493 -1.295
vt 0.883 0.626
v 0.347 2.504 -1.283
vt 0.886 0.625
v 0.343 2.522 -1.276
vt 0.885 0.622
v 0.336 2.538 -1.271
vt 0.883 0.619
v 0.326 2.552 -1.267
vt 0.881 0.617
v 0.316 2.563 -1.266
vt 0.878 0.615
v 0.304 2.569 -1.267
vt 0.875 0.614
v 0.292 2.572 -1.27
vt 0.872 0.613
v 0.282 2.569 -1.276
vt 0.87 0.614
v 0.272 2.562 -1.282
vt 0.867 0.615
v 0.265 2.552 -1.29
vt 0.866 0.617
v 0.261 2.538 -1.299
vt 0.865 0.619
v 0.259 2.521 -1.308
vt 0.864 0.622
v 0.261 2.504 -1.315
vt 0.864 0.625
v 0.265 2.486 -1.322
vt 0.866 0.628
v 0.272 2.47 -1.327
vt 0.867 0.63
v 0.281 2.456 -1.33
vt 0.87 0.633
v 0.292 2.445 -1.331
vt 0.872 0.635
v 0.303 2.438 -1.329
vt 0.875 0.636
v 0.315 2.436 -1.326
vt 0.878 0.636
v 0.325 2.438 -1.321
vt 0.881 0.636
v 0.335 2.445 -1.314
vt 0.883 0.634
v 0.342 2.456 -1.307
vt 0.885 0.633
v 0.347 2.47 -1.299
vt 0.886 0.63
v 0.348 2.487 -1.29
vt 0.887 0.627
v 0.36 2.503 -1.274
vt 0.89 0.625
v 0.354 2.527 -1.265
vt 0.888 0.621
v 0.345 2.548 -1.258
vt 0.886 0.617
v 0.333 2.567 -1.253
vt 0.882 0.614
v 0.318 2.581 -1.252
vt 0.879 0.612
v 0.303 2.589 -1.253
vt 0.875 0.611
v 0.287 2.592 -1.257
vt 0.871 0.61
v 0.273 2.589 -1.264
vt 0.868 0.611
v 0.26 2.58 -1.273
vt 0.864 0.612
v 0.251 2.566 -1.284
vt 0.862 0.614
v 0.245 2.547 -1.296
vt 0.86 0.617
v 0.243 2.526 -1.307
vt 0.86 0.621
v 0.245 2.502 -1.318
vt 0.86 0.625
v 0.251 2.479 -1.327
vt 0.862 0.629
v 0.26 2.457 -1.333
vt 0.864 0.632
v 0.272 2.438 -1.337
vt 0.867 0.636
v 0.286 2.423 -1.338
vt 0.871 0.638
v 0.302 2.414 -1.336
vt 0.875 0.639
v 0.317 2.411 -1.332
vt 0.879 0.64
v 0.331 2.415 -1.325
vt 0.882 0.639
v 0.344 2.424 -1.316
vt 0.885 0.638
v 0.354 2.439 -1.306
vt 0.888 0.635
v 0.36 2.458 -1.295
vt 0.889 0.632
v 0.362 2.48 -1.285
vt 0.89 0.629
v 0.306 2.506 -1.304
v 0.319 2.506 -1.299
v 0.318 2.512 -1.296
vt 0.126 0.374
vt 0.129 0.375
vt 0.129 0.373
v 0.316 2.517 -1.295
vt 0.128 0.372
v 0.313 2.521 -1.294
vt 0.127 0.372
v 0.309 2.525 -1.293
vt 0.127 0.371
v 0.306 2.527 -1.294
vt 0.126 0.371
v 0.302 2.527 -1.295
vt 0.125 0.371
v 0.299 2.527 -1.296
vt 0.124 0.371
v 0.296 2.524 -1.299
vt 0.123 0.371
v 0.294 2.521 -1.301
vt 0.122 0.372
v 0.292 2.517 -1.304
vt 0.122 0.373
v 0.292 2.512 -1.306
v 0.292 2.506 -1.309
vt 0.122 0.374
v 0.294 2.5 -1.311
vt 0.122 0.376
v 0.296 2.495 -1.312
vt 0.123 0.376
v 0.299 2.491 -1.313
vt 0.124 0.377
v 0.302 2.488 -1.314
vt 0.125 0.378
v 0.306 2.485 -1.313
v 0.309 2.485 -1.312
vt 0.126 0.378
v 0.312 2.486 -1.311
vt 0.127 0.378
v 0.315 2.488 -1.309
vt 0.128 0.378
v 0.318 2.491 -1.306
vt 0.129 0.377
v 0.319 2.496 -1.304
vt 0.129 0.376
v 0.319 2.501 -1.301
v 0.332 2.506 -1.293
vt 0.133 0.374
v 0.329 2.517 -1.288
vt 0.132 0.373
v 0.325 2.527 -1.285
vt 0.131 0.371
v 0.319 2.536 -1.283
vt 0.129 0.369
v 0.313 2.542 -1.282
vt 0.127 0.368
v 0.305 2.547 -1.283
vt 0.125 0.367
v 0.298 2.548 -1.285
vt 0.124 0.367
v 0.292 2.547 -1.288
vt 0.122 0.367
v 0.286 2.542 -1.292
vt 0.12 0.368
v 0.281 2.536 -1.297
vt 0.119 0.369
v 0.279 2.527 -1.303
vt 0.118 0.371
v 0.278 2.516 -1.308
vt 0.118 0.373
v 0.279 2.505 -1.313
vt 0.118 0.375
v 0.281 2.494 -1.317
vt 0.119 0.377
v 0.286 2.484 -1.32
vt 0.12 0.378
v 0.291 2.475 -1.322
vt 0.122 0.38
v 0.298 2.469 -1.322
vt 0.124 0.381
v 0.305 2.464 -1.322
vt 0.125 0.382
v 0.312 2.463 -1.32
vt 0.127 0.382
v 0.319 2.464 -1.316
vt 0.129 0.382
v 0.325 2.469 -1.312
vt 0.131 0.381
v 0.329 2.476 -1.308
vt 0.132 0.38
v 0.332 2.484 -1.302
vt 0.133 0.378
v 0.333 2.495 -1.297
vt 0.133 0.376
v 0.345 2.505 -1.286
vt 0.136 0.375
v 0.341 2.522 -1.279
vt 0.135 0.372
v 0.334 2.537 -1.275
vt 0.133 0.369
v 0.325 2.55 -1.271
vt 0.131 0.367
v 0.315 2.56 -1.27
vt 0.128 0.365
v 0.305 2.566 -1.271
vt 0.125 0.364
v 0.294 2.568 -1.274
vt 0.122 0.363
v 0.284 2.566 -1.279
vt 0.12 0.364
v 0.275 2.56 -1.285
vt 0.117 0.365
v 0.269 2.55 -1.293
vt 0.116 0.367
v 0.265 2.536 -1.301
vt 0.114 0.369
v 0.263 2.521 -1.309
vt 0.114 0.372
v 0.265 2.505 -1.316
vt 0.114 0.375
v 0.269 2.488 -1.322
vt 0.116 0.378
v 0.275 2.473 -1.327
vt 0.117 0.38
v 0.284 2.459 -1.33
vt 0.119 0.383
v 0.293 2.449 -1.331
vt 0.122 0.384
v 0.304 2.443 -1.329
vt 0.125 0.386
v 0.315 2.441 -1.326
vt 0.128 0.386
v 0.325 2.443 -1.321
vt 0.131 0.386
v 0.333 2.449 -1.315
vt 0.133 0.385
v 0.34 2.46 -1.308
vt 0.135 0.383
v 0.344 2.473 -1.301
vt 0.136 0.38
v 0.346 2.489 -1.293
vt 0.137 0.377
v 0.357 2.504 -1.278
vt 0.139 0.375
v 0.351 2.526 -1.27
vt 0.138 0.371
v 0.343 2.546 -1.263
vt 0.136 0.367
v 0.331 2.564 -1.259
vt 0.133 0.364
v 0.318 2.577 -1.257
vt 0.129 0.362
v 0.303 2.585 -1.258
vt 0.125 0.36
v 0.289 2.588 -1.262
vt 0.121 0.36
v 0.276 2.585 -1.268
vt 0.117 0.361
v 0.264 2.577 -1.277
vt 0.114 0.362
v 0.256 2.563 -1.287
vt 0.112 0.364
v 0.25 2.546 -1.298
vt 0.111 0.368
v 0.248 2.525 -1.309
vt 0.11 0.371
v 0.25 2.503 -1.318
vt 0.111 0.375
v 0.256 2.481 -1.327
vt 0.112 0.379
v 0.264 2.461 -1.333
vt 0.114 0.383
v 0.275 2.443 -1.337
vt 0.117 0.386
v 0.289 2.429 -1.338
vt 0.121 0.388
v 0.303 2.421 -1.336
vt 0.125 0.39
v 0.317 2.418 -1.332
vt 0.129 0.39
v 0.33 2.421 -1.325
vt 0.132 0.39
v 0.342 2.43 -1.317
vt 0.135 0.388
v 0.351 2.444 -1.308
vt 0.138 0.386
v 0.357 2.461 -1.298
vt 0.14 0.382
v 0.359 2.482 -1.288
vt 0.14 0.379
v 0.305 2.515 -1.302
v 0.313 2.515 -1.299
v 0.312 2.519 -1.297
vt 0.375 0.375
vt 0.379 0.374
vt 0.378 0.374
v 0.311 2.523 -1.296
vt 0.378 0.373
v 0.309 2.526 -1.295
vt 0.377 0.372
v 0.307 2.529 -1.294
vt 0.376 0.371
v 0.304 2.53 -1.294
vt 0.375 0.371
v 0.302 2.531 -1.295
vt 0.374 0.371
v 0.3 2.53 -1.296
vt 0.373 0.371
v 0.298 2.529 -1.297
vt 0.372 0.371
v 0.297 2.526 -1.299
vt 0.372 0.372
v 0.296 2.523 -1.301
vt 0.375 0.374
vt 0.372 0.373
v 0.296 2.519 -1.303
vt 0.372 0.374
v 0.297 2.515 -1.305
vt 0.372 0.375
v 0.298 2.511 -1.306
vt 0.372 0.376
v 0.299 2.507 -1.308
vt 0.373 0.377
v 0.301 2.504 -1.309
vt 0.374 0.377
v 0.303 2.501 -1.309
vt 0.375 0.378
v 0.305 2.499 -1.309
vt 0.376 0.378
v 0.308 2.499 -1.308
v 0.31 2.499 -1.307
vt 0.377 0.378
v 0.311 2.501 -1.306
vt 0.378 0.378
v 0.313 2.504 -1.304
vt 0.379 0.377
v 0.313 2.507 -1.302
v 0.314 2.511 -1.3
vt 0.379 0.376
v 0.321 2.515 -1.295
vt 0.382 0.375
v 0.319 2.523 -1.292
vt 0.382 0.373
v 0.316 2.531 -1.289
vt 0.38 0.371
v 0.312 2.537 -1.287
vt 0.379 0.369
v 0.308 2.542 -1.286
vt 0.377 0.368
v 0.304 2.546 -1.286
vt 0.375 0.367
v 0.299 2.547 -1.287
vt 0.373 0.367
v 0.295 2.546 -1.289
vt 0.371 0.367
v 0.292 2.542 -1.292
vt 0.37 0.368
v 0.289 2.537 -1.296
vt 0.368 0.369
v 0.288 2.531 -1.3
vt 0.368 0.371
v 0.287 2.523 -1.304
vt 0.368 0.373
v 0.288 2.515 -1.308
vt 0.368 0.375
v 0.29 2.506 -1.311
vt 0.369 0.377
v 0.293 2.499 -1.313
vt 0.37 0.379
v 0.297 2.492 -1.315
vt 0.372 0.38
v 0.301 2.487 -1.316
vt 0.374 0.381
v 0.306 2.484 -1.316
vt 0.376 0.382
v 0.31 2.483 -1.315
vt 0.378 0.382
v 0.314 2.484 -1.312
vt 0.379 0.382
v 0.318 2.487 -1.31
vt 0.381 0.381
v 0.32 2.492 -1.306
vt 0.382 0.38
v 0.322 2.499 -1.303
vt 0.383 0.378
v 0.322 2.507 -1.299
vt 0.383 0.377
v 0.329 2.515 -1.291
vt 0.386 0.375
v 0.326 2.527 -1.286
vt 0.385 0.372
v 0.322 2.539 -1.282
vt 0.383 0.369
v 0.316 2.548 -1.279
vt 0.38 0.367
v 0.309 2.556 -1.277
vt 0.377 0.365
v 0.303 2.561 -1.277
vt 0.374 0.364
v 0.296 2.562 -1.279
vt 0.371 0.364
v 0.29 2.56 -1.282
vt 0.369 0.364
v 0.285 2.556 -1.287
vt 0.367 0.365
v 0.281 2.548 -1.292
vt 0.365 0.367
v 0.279 2.538 -1.298
vt 0.364 0.369
v 0.279 2.527 -1.304
vt 0.364 0.372
v 0.28 2.514 -1.31
vt 0.364 0.375
v 0.283 2.502 -1.315
vt 0.366 0.378
v 0.287 2.49 -1.319
vt 0.368 0.38
v 0.293 2.48 -1.321
vt 0.37 0.383
v 0.299 2.472 -1.322
vt 0.373 0.385
v 0.306 2.468 -1.322
vt 0.376 0.386
v 0.312 2.466 -1.32
vt 0.378 0.386
v 0.318 2.468 -1.317
vt 0.381 0.386
v 0.324 2.473 -1.313
vt 0.383 0.384
v 0.328 2.48 -1.308
vt 0.385 0.383
v 0.33 2.491 -1.303
vt 0.386 0.38
v 0.33 2.502 -1.297
vt 0.386 0.378
v 0.337 2.514 -1.287
vt 0.389 0.375
v 0.333 2.531 -1.28
vt 0.388 0.371
v 0.327 2.546 -1.275
vt 0.385 0.367
v 0.319 2.559 -1.271
vt 0.382 0.364
v 0.311 2.569 -1.268
vt 0.378 0.362
v 0.301 2.575 -1.268
vt 0.374 0.36
v 0.292 2.577 -1.27
vt 0.37 0.36
v 0.284 2.575 -1.274
vt 0.366 0.36
v 0.278 2.569 -1.281
vt 0.364 0.362
v 0.273 2.559 -1.288
vt 0.361 0.364
v 0.27 2.546 -1.296
vt 0.36 0.367
v 0.269 2.53 -1.305
vt 0.36 0.371
v 0.271 2.514 -1.312
vt 0.361 0.375
v 0.275 2.497 -1.319
vt 0.363 0.379
v 0.281 2.482 -1.324
vt 0.365 0.382
v 0.288 2.468 -1.327
vt 0.368 0.386
v 0.297 2.458 -1.328
vt 0.372 0.388
v 0.305 2.451 -1.328
vt 0.376 0.389
v 0.314 2.449 -1.325
vt 0.379 0.39
v 0.323 2.451 -1.321
vt 0.383 0.39
v 0.33 2.458 -1.316
vt 0.386 0.388
v 0.335 2.469 -1.309
vt 0.388 0.385
v 0.338 2.482 -1.302
vt 0.39 0.382
v 0.339 2.498 -1.295
vt 0.39 0.379
v 0.285 2.55 -1.292
v 0.29 2.55 -1.29
v 0.289 2.552 -1.289
vt 0.625 0.375
vt 0.63 0.375
vt 0.629 0.373
v 0.288 2.554 -1.288
vt 0.628 0.371
v 0.286 2.556 -1.288
vt 0.626 0.37
v 0.284 2.556 -1.289
vt 0.624 0.37
v 0.282 2.555 -1.29
vt 0.622 0.37
v 0.28 2.554 -1.291
vt 0.621 0.371
v 0.28 2.552 -1.292
vt 0.62 0.373
v 0.28 2.549 -1.294
vt 0.62 0.375
v 0.281 2.547 -1.295
vt 0.621 0.377
v 0.282 2.545 -1.295
vt 0.623 0.379
v 0.284 2.544 -1.296
vt 0.624 0.379
v 0.286 2.543 -1.295
vt 0.626 0.38
v 0.288 2.544 -1.294
vt 0.628 0.379
v 0.29 2.545 -1.293
vt 0.63 0.378
v 0.29 2.547 -1.292
vt 0.63 0.377
v 0.295 2.55 -1.288
vt 0.635 0.375
v 0.294 2.555 -1.286
vt 0.633 0.371
v 0.29 2.559 -1.285
vt 0.63 0.368
v 0.286 2.561 -1.285
vt 0.627 0.366
v 0.282 2.562 -1.285
vt 0.623 0.365
v 0.278 2.561 -1.287
vt 0.619 0.366
v 0.276 2.558 -1.29
vt 0.616 0.368
v 0.274 2.554 -1.292
vt 0.615 0.371
v 0.274 2.549 -1.295
vt 0.615 0.375
v 0.276 2.544 -1.297
vt 0.617 0.379
v 0.279 2.54 -1.299
vt 0.62 0.382
v 0.283 2.538 -1.299
vt 0.624 0.384
v 0.287 2.537 -1.298
vt 0.627 0.385
v 0.291 2.538 -1.297
vt 0.631 0.384
v 0.294 2.541 -1.294
vt 0.634 0.382
v 0.296 2.545 -1.291
vt 0.635 0.379
v 0.301 2.55 -1.287
vt 0.64 0.375
v 0.298 2.557 -1.283
vt 0.637 0.369
v 0.293 2.563 -1.281
vt 0.633 0.364
v 0.287 2.567 -1.281
vt 0.627 0.361
v 0.281 2.569 -1.282
vt 0.621 0.36
v 0.275 2.567 -1.284
vt 0.616 0.361
v 0.271 2.563 -1.288
vt 0.612 0.365
v 0.269 2.556 -1.292
vt 0.61 0.37
v 0.269 2.549 -1.297
vt 0.61 0.375
v 0.272 2.542 -1.3
vt 0.613 0.381
v 0.276 2.536 -1.302
vt 0.617 0.386
v 0.282 2.532 -1.303
vt 0.623 0.389
v 0.289 2.53 -1.301
vt 0.629 0.39
v 0.294 2.532 -1.299
vt 0.634 0.389
v 0.299 2.536 -1.295
vt 0.638 0.385
v 0.301 2.543 -1.291
vt 0.64 0.38
v 0.322 2.491 -1.308
v 0.325 2.491 -1.307
v 0.324 2.492 -1.306
vt 0.633 0.375
vt 0.631 0.371
v 0.323 2.494 -1.306
vt 0.628 0.369
v 0.321 2.494 -1.307
vt 0.624 0.367
v 0.32 2.494 -1.307
vt 0.62 0.368
v 0.319 2.493 -1.308
vt 0.618 0.371
v 0.319 2.491 -1.309
vt 0.618 0.375
v 0.32 2.489 -1.31
vt 0.619 0.379
v 0.321 2.488 -1.31
vt 0.623 0.381
v 0.322 2.487 -1.309
vt 0.626 0.383
v 0.324 2.488 -1.308
vt 0.63 0.382
v 0.325 2.489 -1.308
vt 0.632 0.379
v 0.327 2.491 -1.305
v 0.326 2.494 -1.304
vt 0.637 0.368
v 0.324 2.497 -1.304
vt 0.63 0.362
v 0.321 2.498 -1.305
vt 0.622 0.36
v 0.318 2.497 -1.307
vt 0.615 0.362
v 0.317 2.494 -1.309
vt 0.611 0.367
v 0.316 2.491 -1.31
v 0.318 2.487 -1.311
vt 0.613 0.382
v 0.32 2.485 -1.311
vt 0.62 0.388
v 0.323 2.484 -1.31
vt 0.628 0.39
v 0.326 2.485 -1.309
vt 0.635 0.388
v 0.327 2.487 -1.307
vt 0.639 0.383
v 0.396 2.494 -1.232
v 0.395 2.494 -1.234
vt 0.36 0.86
vt 0.36 0.861
v 0.389 2.516 -1.224
v 0.398 2.494 -1.232
v 0.392 2.517 -1.224
vt 0.365 0.861
v 0.399 2.495 -1.234
v 0.393 2.518 -1.227
v 0.398 2.495 -1.236
v 0.391 2.518 -1.229
v 0.396 2.495 -1.236
v 0.388 2.517 -1.229
v 0.379 2.537 -1.22
v 0.381 2.537 -1.217
v 0.385 2.538 -1.217
v 0.386 2.54 -1.22
vt 0.37 0.862
v 0.384 2.54 -1.224
v 0.38 2.539 -1.224
v 0.369 2.556 -1.215
v 0.371 2.557 -1.21
v 0.376 2.559 -1.21
v 0.378 2.561 -1.215
v 0.375 2.561 -1.219
v 0.37 2.558 -1.219
v 0.357 2.574 -1.211
vt 0.377 0.866
v 0.36 2.575 -1.206
v 0.364 2.578 -1.206
v 0.366 2.581 -1.211
vt 0.379 0.865
v 0.363 2.579 -1.216
v 0.359 2.576 -1.216
vt 0.378 0.866
v 0.344 2.589 -1.209
v 0.346 2.591 -1.204
vt 0.381 0.868
v 0.35 2.595 -1.204
vt 0.382 0.867
v 0.352 2.598 -1.209
v 0.35 2.596 -1.214
v 0.346 2.592 -1.214
v 0.329 2.602 -1.209
v 0.331 2.604 -1.203
v 0.335 2.61 -1.203
vt 0.385 0.87
v 0.337 2.612 -1.209
vt 0.385 0.869
v 0.335 2.609 -1.215
v 0.331 2.604 -1.215
v 0.314 2.611 -1.21
v 0.315 2.615 -1.205
v 0.318 2.621 -1.205
v 0.321 2.623 -1.21
v 0.32 2.62 -1.216
v 0.316 2.614 -1.216
v 0.299 2.617 -1.214
vt 0.386 0.875
v 0.299 2.621 -1.208
vt 0.387 0.875
v 0.301 2.628 -1.208
vt 0.389 0.874
v 0.304 2.631 -1.214
v 0.304 2.627 -1.22
v 0.302 2.62 -1.22
vt 0.387 0.874
v 0.285 2.62 -1.218
vt 0.387 0.877
v 0.283 2.624 -1.212
vt 0.388 0.877
v 0.284 2.632 -1.212
v 0.286 2.635 -1.218
v 0.288 2.631 -1.224
v 0.287 2.624 -1.224
v 0.271 2.62 -1.225
vt 0.387 0.879
v 0.268 2.624 -1.219
vt 0.388 0.879
v 0.267 2.631 -1.219
vt 0.389 0.88
v 0.269 2.635 -1.225
v 0.272 2.632 -1.23
v 0.273 2.624 -1.23
v 0.258 2.618 -1.232
vt 0.386 0.881
v 0.254 2.62 -1.227
v 0.251 2.627 -1.227
v 0.253 2.631 -1.232
v 0.257 2.629 -1.238
vt 0.389 0.881
v 0.259 2.622 -1.238
vt 0.387 0.881
v 0.245 2.611 -1.241
vt 0.385 0.883
v 0.241 2.613 -1.236
v 0.237 2.618 -1.236
vt 0.386 0.884
v 0.238 2.623 -1.241
v 0.242 2.622 -1.246
v 0.246 2.616 -1.246
v 0.234 2.602 -1.25
v 0.229 2.602 -1.245
vt 0.383 0.885
v 0.225 2.607 -1.245
vt 0.384 0.886
v 0.224 2.611 -1.25
v 0.229 2.611 -1.255
v 0.233 2.607 -1.255
v 0.223 2.59 -1.261
vt 0.38 0.886
v 0.219 2.59 -1.256
v 0.214 2.593 -1.256
v 0.213 2.597 -1.261
v 0.217 2.597 -1.265
v 0.222 2.594 -1.265
vt 0.381 0.886
v 0.215 2.575 -1.271
v 0.211 2.574 -1.267
vt 0.377 0.888
v 0.206 2.576 -1.267
v 0.205 2.579 -1.271
v 0.208 2.581 -1.276
v 0.213 2.578 -1.276
v 0.209 2.558 -1.282
vt 0.374 0.888
v 0.206 2.556 -1.278
v 0.201 2.557 -1.278
v 0.199 2.56 -1.282
v 0.202 2.561 -1.286
v 0.207 2.56 -1.286
v 0.205 2.538 -1.292
vt 0.369 0.889
v 0.203 2.537 -1.289
v 0.199 2.537 -1.289
vt 0.369 0.89
v 0.197 2.539 -1.292
vt 0.37 0.89
v 0.199 2.54 -1.295
v 0.203 2.54 -1.295
vt 0.37 0.889
v 0.203 2.517 -1.303
vt 0.365 0.889
v 0.201 2.516 -1.3
v 0.199 2.516 -1.3
vt 0.365 0.89
v 0.197 2.517 -1.303
v 0.199 2.518 -1.305
v 0.201 2.518 -1.305
v 0.201 2.494 -1.313
vt 0.36 0.889
v 0.201 2.494 -1.311
v 0.199 2.494 -1.311
vt 0.36 0.89
v 0.198 2.494 -1.313
v 0.199 2.495 -1.314
v 0.201 2.495 -1.314
v 0.397 2.494 -1.234
v 0.2 2.494 -1.313
v 0.145 2.649 -1.195
v 0.149 2.659 -1.186
v 0.15 2.658 -1.189
vt 0.89 0.39
vt 0.888 0.39
v 0.145 2.649 -1.196
v 0.152 2.655 -1.191
vt 0.889 0.389
v 0.154 2.652 -1.192
v 0.155 2.65 -1.19
v 0.145 2.649 -1.194
v 0.154 2.652 -1.187
vt 0.888 0.389
v 0.152 2.655 -1.185
vt 0.889 0.39
vt 0.887 0.389
v 0.15 2.658 -1.184
v 0.154 2.667 -1.177
vt 0.885 0.389
v 0.155 2.665 -1.181
vt 0.886 0.389
v 0.159 2.66 -1.185
vt 0.887 0.388
v 0.163 2.655 -1.186
v 0.164 2.653 -1.184
v 0.163 2.655 -1.18
vt 0.886 0.388
v 0.159 2.66 -1.177
vt 0.885 0.388
v 0.155 2.665 -1.175
v 0.16 2.675 -1.169
vt 0.883 0.388
v 0.162 2.672 -1.174
vt 0.884 0.388
v 0.166 2.665 -1.179
v 0.171 2.658 -1.181
vt 0.886 0.387
v 0.173 2.656 -1.179
v 0.171 2.658 -1.174
vt 0.884 0.387
v 0.166 2.665 -1.169
v 0.162 2.672 -1.166
v 0.168 2.682 -1.16
vt 0.881 0.387
v 0.17 2.678 -1.166
vt 0.883 0.387
v 0.174 2.67 -1.173
v 0.178 2.661 -1.176
vt 0.885 0.386
v 0.18 2.658 -1.174
v 0.178 2.661 -1.168
vt 0.883 0.386
v 0.174 2.67 -1.161
v 0.17 2.678 -1.158
v 0.176 2.687 -1.152
vt 0.879 0.386
v 0.178 2.683 -1.159
vt 0.881 0.386
v 0.182 2.673 -1.168
v 0.186 2.663 -1.172
vt 0.884 0.385
v 0.187 2.659 -1.17
v 0.186 2.663 -1.163
vt 0.882 0.385
v 0.182 2.673 -1.155
vt 0.88 0.386
v 0.178 2.683 -1.15
vt 0.878 0.386
v 0.187 2.692 -1.144
vt 0.877 0.385
v 0.188 2.687 -1.153
vt 0.879 0.385
v 0.19 2.675 -1.163
v 0.193 2.664 -1.169
vt 0.883 0.384
v 0.194 2.659 -1.167
v 0.193 2.664 -1.159
vt 0.881 0.384
v 0.19 2.675 -1.149
vt 0.878 0.385
v 0.188 2.687 -1.142
v 0.198 2.695 -1.137
vt 0.875 0.384
v 0.198 2.689 -1.147
vt 0.878 0.384
v 0.199 2.677 -1.159
v 0.2 2.664 -1.166
v 0.2 2.659 -1.165
vt 0.882 0.383
v 0.2 2.664 -1.155
vt 0.88 0.384
v 0.199 2.677 -1.144
vt 0.877 0.384
v 0.198 2.689 -1.136
v 0.209 2.696 -1.132
vt 0.874 0.383
v 0.209 2.69 -1.142
vt 0.877 0.382
v 0.208 2.677 -1.155
vt 0.88 0.383
v 0.208 2.664 -1.164
v 0.208 2.658 -1.162
v 0.208 2.664 -1.152
vt 0.879 0.383
v 0.208 2.677 -1.139
vt 0.876 0.383
v 0.209 2.69 -1.131
v 0.22 2.695 -1.128
vt 0.873 0.381
v 0.22 2.69 -1.138
vt 0.876 0.381
v 0.218 2.676 -1.152
vt 0.879 0.381
v 0.216 2.663 -1.161
vt 0.881 0.382
v 0.216 2.657 -1.16
v 0.216 2.663 -1.149
vt 0.878 0.382
v 0.218 2.676 -1.136
vt 0.875 0.382
v 0.22 2.69 -1.127
v 0.232 2.694 -1.124
vt 0.872 0.38
v 0.231 2.688 -1.135
vt 0.875 0.38
v 0.228 2.675 -1.149
vt 0.878 0.38
v 0.226 2.661 -1.158
vt 0.881 0.381
v 0.225 2.655 -1.157
vt 0.88 0.381
v 0.226 2.661 -1.147
vt 0.878 0.381
v 0.228 2.675 -1.132
vt 0.874 0.38
v 0.231 2.688 -1.123
v 0.244 2.691 -1.121
vt 0.871 0.378
v 0.242 2.686 -1.132
vt 0.874 0.379
v 0.239 2.672 -1.146
vt 0.878 0.379
v 0.236 2.659 -1.156
vt 0.88 0.379
v 0.235 2.653 -1.155
v 0.236 2.659 -1.144
vt 0.877 0.379
v 0.239 2.672 -1.13
vt 0.873 0.379
v 0.242 2.686 -1.12
vt 0.871 0.379
v 0.255 2.688 -1.119
vt 0.871 0.377
v 0.254 2.683 -1.13
vt 0.873 0.377
v 0.251 2.67 -1.144
vt 0.877 0.378
v 0.248 2.656 -1.152
vt 0.879 0.378
v 0.246 2.651 -1.151
v 0.248 2.656 -1.14
vt 0.876 0.378
v 0.251 2.67 -1.127
vt 0.873 0.378
v 0.254 2.683 -1.118
vt 0.87 0.377
v 0.268 2.684 -1.115
vt 0.87 0.376
v 0.266 2.679 -1.125
vt 0.872 0.376
v 0.263 2.666 -1.139
vt 0.876 0.376
v 0.259 2.654 -1.147
vt 0.878 0.377
v 0.258 2.648 -1.146
vt 0.877 0.377
v 0.259 2.654 -1.135
vt 0.875 0.377
v 0.263 2.666 -1.122
v 0.266 2.679 -1.114
vt 0.869 0.376
v 0.281 2.68 -1.111
vt 0.869 0.374
v 0.279 2.675 -1.121
vt 0.871 0.374
v 0.275 2.663 -1.134
vt 0.874 0.375
v 0.272 2.651 -1.142
vt 0.877 0.375
v 0.27 2.646 -1.141
vt 0.876 0.375
v 0.272 2.651 -1.131
v 0.275 2.663 -1.117
vt 0.87 0.375
v 0.279 2.675 -1.109
vt 0.868 0.374
v 0.294 2.674 -1.105
vt 0.867 0.373
v 0.293 2.669 -1.116
vt 0.87 0.373
v 0.288 2.658 -1.129
vt 0.873 0.373
v 0.284 2.647 -1.137
vt 0.875 0.374
v 0.283 2.642 -1.136
v 0.284 2.647 -1.126
vt 0.872 0.374
v 0.288 2.658 -1.113
vt 0.869 0.373
v 0.293 2.669 -1.105
v 0.308 2.667 -1.098
vt 0.865 0.371
v 0.306 2.663 -1.109
vt 0.868 0.371
v 0.302 2.653 -1.124
vt 0.872 0.372
v 0.298 2.643 -1.132
vt 0.874 0.372
v 0.296 2.638 -1.131
v 0.298 2.643 -1.121
vt 0.871 0.372
v 0.302 2.653 -1.109
vt 0.868 0.372
v 0.306 2.663 -1.098
vt 0.866 0.371
v 0.322 2.66 -1.092
vt 0.864 0.369
v 0.32 2.656 -1.102
vt 0.867 0.37
v 0.316 2.647 -1.117
vt 0.87 0.37
v 0.311 2.638 -1.127
vt 0.873 0.371
v 0.309 2.634 -1.126
vt 0.872 0.371
v 0.311 2.638 -1.117
vt 0.87 0.371
v 0.316 2.647 -1.102
v 0.32 2.656 -1.092
vt 0.864 0.37
v 0.336 2.651 -1.087
vt 0.863 0.368
v 0.334 2.647 -1.097
vt 0.865 0.368
v 0.33 2.64 -1.11
vt 0.868 0.368
v 0.325 2.632 -1.119
vt 0.871 0.369
v 0.323 2.628 -1.119
v 0.325 2.632 -1.109
vt 0.868 0.369
v 0.33 2.64 -1.096
v 0.334 2.647 -1.087
v 0.349 2.641 -1.084
vt 0.862 0.366
v 0.348 2.638 -1.092
vt 0.864 0.366
v 0.344 2.632 -1.103
vt 0.867 0.367
v 0.34 2.625 -1.111
vt 0.869 0.367
v 0.338 2.622 -1.111
v 0.34 2.625 -1.103
v 0.344 2.632 -1.091
vt 0.864 0.367
v 0.348 2.638 -1.083
v 0.363 2.63 -1.08
vt 0.861 0.365
v 0.361 2.628 -1.087
vt 0.863 0.365
v 0.358 2.623 -1.097
vt 0.865 0.365
v 0.355 2.617 -1.103
vt 0.867 0.366
v 0.353 2.615 -1.103
v 0.355 2.617 -1.096
vt 0.865 0.366
v 0.358 2.623 -1.087
v 0.361 2.628 -1.08
v 0.376 2.619 -1.078
vt 0.861 0.363
v 0.375 2.617 -1.084
vt 0.862 0.363
v 0.373 2.613 -1.091
vt 0.864 0.363
v 0.37 2.61 -1.095
vt 0.865 0.364
v 0.369 2.608 -1.095
v 0.37 2.61 -1.09
vt 0.863 0.364
v 0.373 2.613 -1.082
v 0.375 2.617 -1.078
vt 0.86 0.363
v 0.39 2.607 -1.077
vt 0.86 0.361
v 0.389 2.606 -1.08
vt 0.861 0.362
v 0.387 2.604 -1.085
vt 0.862 0.362
v 0.386 2.601 -1.087
vt 0.863 0.362
v 0.385 2.6 -1.087
v 0.386 2.601 -1.083
v 0.387 2.604 -1.079
v 0.389 2.606 -1.076
vt 0.86 0.362
v 0.402 2.594 -1.076
vt 0.86 0.36
v 0.402 2.594 -1.077
v 0.402 2.594 -1.078
v -0.248 2.617 -1.218
v -0.245 2.615 -1.216
v -0.271 2.62 -1.203
vt 0.378 0.86
v -0.252 2.618 -1.219
vt 0.381 0.86
v -0.259 2.619 -1.219
vt 0.38 0.86
v -0.267 2.619 -1.217
vt 0.379 0.86
v -0.275 2.619 -1.214
v -0.283 2.619 -1.211
v -0.29 2.619 -1.206
v -0.294 2.618 -1.202
v -0.297 2.617 -1.198
v -0.297 2.615 -1.195
v -0.295 2.614 -1.193
v -0.29 2.613 -1.192
v -0.284 2.612 -1.192
v -0.276 2.611 -1.193
v -0.268 2.611 -1.196
v -0.26 2.611 -1.2
vt 0.38 0.861
v -0.253 2.612 -1.204
vt 0.381 0.861
v -0.248 2.613 -1.208
v -0.246 2.614 -1.212
vt 0.382 0.861
v -0.223 2.601 -1.231
vt 0.385 0.862
v -0.228 2.603 -1.235
v -0.237 2.605 -1.237
v -0.25 2.607 -1.237
v -0.265 2.608 -1.233
v -0.28 2.609 -1.228
v -0.296 2.608 -1.221
v -0.309 2.607 -1.213
v -0.318 2.605 -1.205
v -0.323 2.603 -1.197
v -0.324 2.601 -1.191
v -0.319 2.598 -1.186
v -0.31 2.596 -1.184
v -0.297 2.595 -1.185
v -0.283 2.593 -1.188
v -0.267 2.593 -1.193
vt 0.379 0.863
v -0.252 2.593 -1.2
vt 0.381 0.863
v -0.239 2.595 -1.209
v -0.229 2.596 -1.217
v -0.224 2.598 -1.224
v -0.206 2.578 -1.248
vt 0.388 0.864
v -0.213 2.581 -1.254
vt 0.387 0.864
v -0.225 2.585 -1.257
vt 0.385 0.864
v -0.243 2.587 -1.256
v -0.265 2.589 -1.252
v -0.287 2.589 -1.244
v -0.308 2.589 -1.234
vt 0.373 0.863
v -0.327 2.587 -1.223
v -0.34 2.585 -1.211
v -0.348 2.581 -1.2
vt 0.367 0.864
v -0.348 2.578 -1.191
v -0.342 2.575 -1.185
v -0.329 2.572 -1.182
vt 0.37 0.865
v -0.311 2.569 -1.183
v -0.29 2.568 -1.188
vt 0.375 0.865
v -0.267 2.567 -1.195
v -0.246 2.568 -1.205
v -0.228 2.569 -1.216
v -0.214 2.572 -1.228
vt 0.387 0.865
v -0.207 2.575 -1.239
vt 0.388 0.865
v -0.195 2.548 -1.266
vt 0.389 0.867
v -0.203 2.552 -1.273
v -0.218 2.556 -1.277
v -0.24 2.559 -1.276
v -0.266 2.561 -1.271
v -0.294 2.562 -1.261
v -0.32 2.561 -1.249
v -0.343 2.559 -1.235
v -0.359 2.556 -1.221
v -0.368 2.552 -1.208
v -0.369 2.548 -1.197
v -0.361 2.544 -1.189
vt 0.365 0.868
v -0.345 2.54 -1.186
vt 0.367 0.868
v -0.323 2.537 -1.187
vt 0.371 0.869
v -0.297 2.535 -1.192
vt 0.374 0.869
v -0.27 2.535 -1.201
vt 0.378 0.869
v -0.244 2.535 -1.213
vt 0.382 0.869
v -0.221 2.537 -1.227
vt 0.386 0.869
v -0.204 2.54 -1.242
v -0.195 2.544 -1.255
vt 0.389 0.868
v -0.19 2.514 -1.283
v -0.199 2.518 -1.292
v -0.217 2.522 -1.296
vt 0.386 0.87
v -0.241 2.526 -1.295
v -0.27 2.528 -1.289
vt 0.378 0.87
v -0.3 2.529 -1.278
vt 0.374 0.87
v -0.33 2.528 -1.265
vt 0.37 0.87
v -0.355 2.526 -1.249
vt 0.366 0.87
v -0.373 2.522 -1.233
v -0.383 2.518 -1.218
v -0.384 2.514 -1.206
v -0.375 2.509 -1.198
vt 0.363 0.872
v -0.358 2.505 -1.194
v -0.333 2.501 -1.195
vt 0.369 0.872
v -0.304 2.499 -1.201
vt 0.373 0.873
v -0.274 2.498 -1.211
vt 0.378 0.873
v -0.244 2.499 -1.225
v -0.219 2.501 -1.24
v -0.201 2.505 -1.256
v -0.191 2.509 -1.271
vt 0.39 0.872
v -0.193 2.476 -1.299
v -0.202 2.481 -1.308
v -0.22 2.485 -1.312
vt 0.386 0.874
v -0.245 2.489 -1.311
v -0.275 2.491 -1.305
v -0.307 2.492 -1.294
v -0.337 2.491 -1.28
vt 0.369 0.874
v -0.363 2.489 -1.264
vt 0.365 0.874
v -0.382 2.485 -1.247
v -0.393 2.481 -1.232
v -0.393 2.476 -1.219
v -0.384 2.471 -1.211
v -0.366 2.467 -1.207
vt 0.364 0.876
v -0.341 2.464 -1.208
v -0.311 2.461 -1.214
vt 0.372 0.876
v -0.279 2.461 -1.225
vt 0.377 0.877
v -0.249 2.461 -1.239
v -0.223 2.464 -1.255
vt 0.385 0.876
v -0.204 2.467 -1.271
v -0.193 2.471 -1.287
vt 0.39 0.876
v -0.202 2.439 -1.312
v -0.211 2.444 -1.321
vt 0.387 0.878
v -0.228 2.448 -1.325
vt 0.384 0.878
v -0.253 2.451 -1.324
vt 0.381 0.878
v -0.281 2.453 -1.318
v -0.312 2.454 -1.307
vt 0.372 0.877
v -0.341 2.453 -1.294
v -0.366 2.451 -1.278
v -0.385 2.448 -1.262
vt 0.362 0.878
v -0.395 2.444 -1.247
vt 0.36 0.878
v -0.396 2.439 -1.235
v -0.387 2.434 -1.227
v -0.369 2.43 -1.223
vt 0.364 0.88
v -0.345 2.427 -1.224
v -0.316 2.425 -1.23
vt 0.372 0.88
v -0.285 2.424 -1.24
vt 0.376 0.88
v -0.256 2.425 -1.254
vt 0.38 0.88
v -0.231 2.427 -1.269
vt 0.384 0.88
v -0.212 2.43 -1.285
v -0.202 2.434 -1.3
v -0.217 2.404 -1.322
v -0.225 2.409 -1.329
vt 0.385 0.882
v -0.241 2.412 -1.333
vt 0.383 0.882
v -0.263 2.415 -1.332
vt 0.379 0.881
v -0.289 2.417 -1.327
vt 0.376 0.881
v -0.316 2.418 -1.317
vt 0.372 0.881
v -0.342 2.417 -1.305
vt 0.368 0.881
v -0.365 2.415 -1.291
vt 0.364 0.881
v -0.381 2.412 -1.277
v -0.39 2.409 -1.264
vt 0.361 0.882
v -0.391 2.404 -1.253
vt 0.361 0.883
v -0.383 2.4 -1.245
v -0.367 2.396 -1.242
v -0.345 2.393 -1.243
vt 0.367 0.884
v -0.32 2.391 -1.248
v -0.292 2.391 -1.257
v -0.266 2.391 -1.269
v -0.243 2.393 -1.283
v -0.227 2.396 -1.298
v -0.218 2.4 -1.311
v -0.238 2.375 -1.327
vt 0.383 0.886
v -0.244 2.378 -1.333
vt 0.382 0.885
v -0.257 2.381 -1.336
vt 0.38 0.885
v -0.275 2.383 -1.335
vt 0.378 0.885
v -0.296 2.385 -1.331
v -0.318 2.386 -1.323
v -0.34 2.385 -1.313
v -0.358 2.383 -1.302
v -0.372 2.381 -1.29
vt 0.363 0.885
v -0.379 2.378 -1.28
vt 0.362 0.885
v -0.38 2.375 -1.271
vt 0.362 0.886
v -0.373 2.371 -1.264
vt 0.363 0.886
v -0.36 2.368 -1.262
vt 0.365 0.886
v -0.342 2.366 -1.262
v -0.321 2.364 -1.267
v -0.299 2.363 -1.274
v -0.277 2.364 -1.284
v -0.259 2.366 -1.296
v -0.246 2.368 -1.307
v -0.238 2.371 -1.318
v -0.262 2.352 -1.328
vt 0.38 0.888
v -0.267 2.354 -1.332
v -0.276 2.356 -1.334
v -0.288 2.358 -1.334
v -0.303 2.359 -1.33
v -0.319 2.359 -1.325
v -0.334 2.359 -1.318
vt 0.369 0.887
v -0.347 2.358 -1.31
v -0.357 2.356 -1.302
v -0.362 2.354 -1.294
vt 0.365 0.888
v -0.362 2.352 -1.288
v -0.358 2.349 -1.283
v -0.349 2.347 -1.281
vt 0.367 0.889
v -0.336 2.345 -1.282
v -0.321 2.344 -1.285
v -0.305 2.344 -1.29
v -0.29 2.344 -1.297
v -0.277 2.345 -1.305
v -0.268 2.347 -1.314
v -0.262 2.349 -1.321
v -0.288 2.337 -1.324
v -0.291 2.339 -1.326
v -0.296 2.34 -1.327
v -0.302 2.341 -1.327
v -0.31 2.341 -1.325
vt 0.372 0.889
v -0.318 2.341 -1.322
v -0.326 2.341 -1.319
v -0.333 2.341 -1.315
v -0.338 2.34 -1.31
v -0.34 2.339 -1.306
vt 0.368 0.889
v -0.34 2.337 -1.303
v -0.338 2.336 -1.301
v -0.333 2.335 -1.3
v -0.327 2.334 -1.3
v -0.319 2.333 -1.302
vt 0.371 0.89
v -0.311 2.333 -1.304
vt 0.372 0.89
v -0.303 2.333 -1.308
v -0.296 2.334 -1.312
v -0.291 2.335 -1.316
v -0.289 2.336 -1.32
v -0.315 2.332 -1.315
v -0.254 2.619 -1.224
v -0.253 2.618 -1.223
v -0.274 2.622 -1.212
vt 0.631 0.61
vt 0.628 0.61
v -0.257 2.62 -1.225
v -0.262 2.621 -1.226
vt 0.63 0.61
v -0.267 2.621 -1.225
vt 0.629 0.61
v -0.272 2.622 -1.224
v -0.278 2.622 -1.222
v -0.283 2.622 -1.219
vt 0.627 0.61
v -0.288 2.621 -1.216
vt 0.626 0.61
v -0.292 2.621 -1.213
v -0.295 2.62 -1.21
v -0.297 2.619 -1.207
v -0.297 2.618 -1.205
v -0.295 2.617 -1.203
v -0.292 2.617 -1.202
v -0.288 2.616 -1.202
v -0.283 2.615 -1.203
v -0.277 2.615 -1.204
v -0.272 2.615 -1.206
vt 0.629 0.611
v -0.266 2.615 -1.208
vt 0.63 0.611
v -0.261 2.615 -1.211
v -0.257 2.616 -1.214
vt 0.631 0.611
v -0.254 2.617 -1.217
v -0.253 2.617 -1.22
v -0.234 2.608 -1.235
vt 0.634 0.612
v -0.237 2.61 -1.238
vt 0.634 0.611
v -0.243 2.611 -1.24
vt 0.633 0.611
v -0.251 2.613 -1.241
vt 0.632 0.611
v -0.26 2.614 -1.24
v -0.271 2.614 -1.237
v -0.283 2.615 -1.233
v -0.293 2.614 -1.228
v -0.303 2.614 -1.223
v -0.311 2.613 -1.217
v -0.316 2.611 -1.211
v -0.319 2.61 -1.205
v -0.319 2.608 -1.201
vt 0.622 0.612
v -0.316 2.606 -1.198
v -0.31 2.604 -1.196
v -0.302 2.603 -1.195
v -0.292 2.602 -1.196
v -0.282 2.601 -1.199
v -0.27 2.601 -1.203
vt 0.629 0.612
v -0.259 2.601 -1.208
vt 0.63 0.612
v -0.25 2.602 -1.213
vt 0.632 0.612
v -0.242 2.603 -1.219
vt 0.633 0.612
v -0.236 2.604 -1.225
v -0.234 2.606 -1.23
v -0.218 2.591 -1.249
vt 0.637 0.613
v -0.222 2.593 -1.254
vt 0.636 0.613
v -0.23 2.596 -1.257
vt 0.635 0.613
v -0.242 2.598 -1.257
vt 0.633 0.613
v -0.256 2.6 -1.256
vt 0.631 0.612
v -0.272 2.601 -1.252
v -0.288 2.601 -1.247
v -0.303 2.601 -1.239
v -0.317 2.6 -1.231
v -0.329 2.598 -1.223
vt 0.62 0.612
v -0.336 2.596 -1.214
vt 0.619 0.613
v -0.34 2.593 -1.207
vt 0.618 0.613
v -0.34 2.591 -1.2
v -0.336 2.588 -1.195
v -0.328 2.586 -1.192
vt 0.62 0.614
v -0.316 2.584 -1.192
v -0.302 2.582 -1.193
v -0.286 2.581 -1.197
v -0.27 2.581 -1.202
vt 0.629 0.614
v -0.255 2.581 -1.21
v -0.241 2.582 -1.218
vt 0.633 0.614
v -0.23 2.584 -1.226
vt 0.635 0.614
v -0.222 2.586 -1.235
vt 0.636 0.614
v -0.218 2.588 -1.242
vt 0.637 0.614
v -0.206 2.568 -1.264
vt 0.638 0.616
v -0.211 2.572 -1.27
vt 0.638 0.615
v -0.222 2.575 -1.274
vt 0.636 0.615
v -0.236 2.577 -1.274
v -0.254 2.579 -1.272
vt 0.631 0.615
v -0.273 2.581 -1.268
v -0.294 2.581 -1.261
v -0.313 2.581 -1.252
vt 0.623 0.614
v -0.33 2.579 -1.242
v -0.345 2.577 -1.231
vt 0.618 0.615
v -0.355 2.575 -1.221
v -0.36 2.572 -1.211
v -0.359 2.568 -1.203
vt 0.616 0.616
v -0.354 2.565 -1.197
v -0.344 2.562 -1.193
vt 0.618 0.616
v -0.329 2.56 -1.192
vt 0.62 0.617
v -0.311 2.558 -1.194
vt 0.623 0.617
v -0.292 2.556 -1.199
vt 0.626 0.617
v -0.272 2.556 -1.206
v -0.252 2.556 -1.214
v -0.235 2.558 -1.225
v -0.22 2.56 -1.235
vt 0.636 0.617
v -0.211 2.562 -1.246
v -0.205 2.565 -1.256
v -0.198 2.542 -1.279
vt 0.64 0.618
v -0.204 2.545 -1.286
vt 0.639 0.618
v -0.216 2.549 -1.29
v -0.233 2.552 -1.291
v -0.253 2.554 -1.289
vt 0.631 0.617
v -0.276 2.555 -1.284
vt 0.628 0.617
v -0.299 2.556 -1.276
v -0.322 2.555 -1.265
v -0.342 2.554 -1.254
v -0.358 2.552 -1.241
v -0.37 2.549 -1.229
vt 0.614 0.618
v -0.375 2.545 -1.218
v -0.375 2.542 -1.208
v -0.369 2.538 -1.201
vt 0.614 0.619
v -0.357 2.534 -1.197
vt 0.616 0.619
v -0.34 2.531 -1.196
v -0.32 2.529 -1.198
v -0.297 2.528 -1.204
v -0.274 2.527 -1.212
v -0.252 2.528 -1.222
v -0.231 2.529 -1.234
vt 0.635 0.62
v -0.215 2.531 -1.246
vt 0.637 0.62
v -0.204 2.534 -1.258
vt 0.639 0.619
v -0.198 2.538 -1.27
vt 0.64 0.619
v -0.196 2.512 -1.294
vt 0.64 0.622
v -0.202 2.516 -1.301
v -0.215 2.519 -1.306
vt 0.637 0.621
v -0.233 2.523 -1.307
vt 0.634 0.621
v -0.255 2.525 -1.304
vt 0.631 0.62
v -0.28 2.527 -1.299
vt 0.627 0.62
v -0.305 2.527 -1.29
vt 0.624 0.62
v -0.329 2.527 -1.279
vt 0.62 0.62
v -0.351 2.525 -1.266
vt 0.617 0.62
v -0.369 2.523 -1.253
vt 0.614 0.621
v -0.381 2.519 -1.24
vt 0.612 0.621
v -0.387 2.516 -1.227
v -0.387 2.512 -1.217
v -0.38 2.508 -1.21
vt 0.613 0.622
v -0.367 2.504 -1.205
vt 0.614 0.622
v -0.349 2.501 -1.204
vt 0.617 0.623
v -0.327 2.498 -1.206
v -0.303 2.497 -1.212
vt 0.624 0.623
v -0.278 2.496 -1.221
vt 0.628 0.623
v -0.253 2.497 -1.232
v -0.232 2.498 -1.245
vt 0.635 0.623
v -0.214 2.501 -1.258
vt 0.637 0.623
v -0.202 2.504 -1.271
vt 0.639 0.623
v -0.195 2.508 -1.283
v -0.198 2.48 -1.307
v -0.205 2.484 -1.315
v -0.218 2.488 -1.319
v -0.237 2.491 -1.32
v -0.259 2.494 -1.318
vt 0.63 0.624
v -0.284 2.495 -1.312
v -0.31 2.496 -1.303
v -0.335 2.495 -1.292
v -0.358 2.494 -1.279
v -0.376 2.491 -1.265
v -0.388 2.488 -1.251
vt 0.611 0.624
v -0.395 2.484 -1.239
v -0.394 2.48 -1.229
v -0.387 2.476 -1.221
v -0.374 2.472 -1.216
v -0.356 2.469 -1.215
v -0.333 2.466 -1.217
v -0.308 2.465 -1.223
v -0.282 2.464 -1.232
v -0.257 2.465 -1.244
v -0.235 2.466 -1.257
vt 0.634 0.627
v -0.217 2.469 -1.27
v -0.204 2.472 -1.284
vt 0.639 0.626
v -0.198 2.476 -1.296
v -0.205 2.448 -1.318
vt 0.639 0.628
v -0.212 2.453 -1.326
vt 0.638 0.628
v -0.225 2.456 -1.33
vt 0.636 0.627
v -0.243 2.459 -1.331
vt 0.633 0.627
v -0.265 2.462 -1.329
v -0.29 2.464 -1.323
vt 0.626 0.627
v -0.315 2.464 -1.314
vt 0.622 0.627
v -0.339 2.464 -1.303
v -0.361 2.462 -1.291
vt 0.615 0.627
v -0.379 2.459 -1.277
vt 0.613 0.627
v -0.391 2.456 -1.264
vt 0.611 0.628
v -0.397 2.453 -1.252
vt 0.61 0.628
v -0.397 2.448 -1.242
v -0.39 2.444 -1.234
vt 0.611 0.629
v -0.377 2.441 -1.23
vt 0.613 0.629
v -0.359 2.438 -1.229
vt 0.616 0.63
v -0.337 2.435 -1.231
vt 0.619 0.63
v -0.313 2.433 -1.237
vt 0.623 0.63
v -0.287 2.433 -1.245
vt 0.626 0.63
v -0.263 2.433 -1.257
vt 0.63 0.63
v -0.241 2.435 -1.269
vt 0.633 0.63
v -0.224 2.438 -1.283
vt 0.636 0.629
v -0.211 2.441 -1.296
vt 0.638 0.629
v -0.205 2.444 -1.308
v -0.217 2.419 -1.327
v -0.224 2.422 -1.334
vt 0.636 0.631
v -0.235 2.426 -1.338
vt 0.634 0.631
v -0.252 2.429 -1.339
v -0.272 2.431 -1.337
vt 0.629 0.63
v -0.295 2.432 -1.331
v -0.318 2.433 -1.323
vt 0.622 0.63
v -0.341 2.432 -1.313
v -0.361 2.431 -1.302
vt 0.615 0.63
v -0.377 2.429 -1.289
vt 0.613 0.63
v -0.389 2.426 -1.277
vt 0.611 0.631
v -0.395 2.422 -1.266
vt 0.61 0.631
v -0.394 2.419 -1.256
vt 0.611 0.632
v -0.388 2.415 -1.249
v -0.376 2.411 -1.245
v -0.359 2.408 -1.244
v -0.339 2.406 -1.246
vt 0.619 0.633
v -0.316 2.405 -1.252
vt 0.622 0.633
v -0.293 2.404 -1.26
v -0.271 2.405 -1.27
v -0.251 2.406 -1.282
v -0.234 2.408 -1.294
v -0.223 2.411 -1.306
vt 0.636 0.632
v -0.217 2.415 -1.317
v -0.233 2.392 -1.333
vt 0.634 0.634
v -0.239 2.395 -1.339
v -0.249 2.398 -1.342
vt 0.632 0.634
v -0.263 2.4 -1.343
vt 0.63 0.633
v -0.281 2.402 -1.341
vt 0.627 0.633
v -0.301 2.404 -1.337
vt 0.624 0.633
v -0.321 2.404 -1.33
v -0.34 2.404 -1.321
v -0.358 2.402 -1.311
v -0.372 2.4 -1.3
vt 0.614 0.633
v -0.382 2.398 -1.289
vt 0.612 0.634
v -0.387 2.395 -1.28
v -0.387 2.392 -1.271
v -0.381 2.388 -1.265
vt 0.612 0.635
v -0.371 2.385 -1.262
vt 0.614 0.635
v -0.356 2.383 -1.261
v -0.339 2.381 -1.263
vt 0.619 0.635
v -0.319 2.38 -1.267
v -0.299 2.379 -1.274
v -0.279 2.38 -1.283
vt 0.627 0.636
v -0.262 2.381 -1.293
vt 0.63 0.635
v -0.248 2.383 -1.304
vt 0.632 0.635
v -0.238 2.385 -1.315
v -0.233 2.388 -1.324
v -0.252 2.369 -1.335
vt 0.632 0.637
v -0.257 2.372 -1.34
v -0.265 2.374 -1.343
vt 0.63 0.636
v -0.276 2.376 -1.344
v -0.29 2.378 -1.342
v -0.306 2.379 -1.338
v -0.322 2.379 -1.333
vt 0.621 0.636
v -0.338 2.379 -1.326
v -0.352 2.378 -1.318
vt 0.617 0.636
v -0.363 2.376 -1.309
vt 0.615 0.636
v -0.371 2.374 -1.301
vt 0.614 0.636
v -0.375 2.372 -1.293
vt 0.613 0.637
v -0.375 2.369 -1.286
v -0.37 2.367 -1.282
vt 0.614 0.637
v -0.362 2.364 -1.279
vt 0.615 0.637
v -0.351 2.362 -1.278
vt 0.617 0.637
v -0.336 2.361 -1.279
vt 0.619 0.638
v -0.321 2.36 -1.283
vt 0.621 0.638
v -0.305 2.359 -1.289
v -0.289 2.36 -1.296
v -0.275 2.361 -1.304
vt 0.628 0.638
v -0.264 2.362 -1.312
vt 0.63 0.638
v -0.256 2.364 -1.321
vt 0.631 0.637
v -0.252 2.367 -1.329
v -0.273 2.352 -1.334
v -0.276 2.354 -1.338
v -0.282 2.356 -1.34
v -0.29 2.357 -1.34
v -0.3 2.358 -1.339
v -0.311 2.359 -1.337
v -0.322 2.359 -1.333
v -0.333 2.359 -1.328
v -0.343 2.358 -1.322
vt 0.618 0.638
v -0.35 2.357 -1.316
vt 0.617 0.638
v -0.356 2.356 -1.31
vt 0.616 0.638
v -0.359 2.354 -1.305
v -0.359 2.352 -1.3
vt 0.616 0.639
v -0.356 2.35 -1.297
v -0.35 2.349 -1.295
vt 0.617 0.639
v -0.342 2.347 -1.295
vt 0.618 0.639
v -0.332 2.346 -1.296
vt 0.62 0.639
v -0.321 2.346 -1.298
vt 0.621 0.639
v -0.31 2.345 -1.302
v -0.299 2.346 -1.307
v -0.289 2.346 -1.313
v -0.282 2.347 -1.319
v -0.276 2.349 -1.324
v -0.273 2.35 -1.33
v -0.296 2.342 -1.33
v -0.297 2.343 -1.332
v -0.3 2.344 -1.333
v -0.304 2.344 -1.333
v -0.309 2.345 -1.333
v -0.315 2.345 -1.331
v -0.321 2.345 -1.329
v -0.326 2.345 -1.327
v -0.331 2.345 -1.324
v -0.335 2.344 -1.321
vt 0.619 0.639
v -0.338 2.344 -1.318
v -0.34 2.343 -1.315
vt 0.619 0.64
v -0.34 2.342 -1.313
vt 0.618 0.64
v -0.338 2.341 -1.311
v -0.335 2.34 -1.31
v -0.331 2.339 -1.31
vt 0.62 0.64
v -0.326 2.339 -1.31
vt 0.621 0.64
v -0.32 2.338 -1.312
v -0.315 2.338 -1.314
vt 0.622 0.64
v -0.309 2.338 -1.316
vt 0.623 0.64
v -0.304 2.339 -1.319
vt 0.624 0.64
v -0.3 2.339 -1.322
v -0.297 2.34 -1.325
v -0.296 2.341 -1.328
v -0.318 2.338 -1.323
v -0.305 2.506 -1.303
v -0.291 2.505 -1.308
v -0.29 2.511 -1.305
vt 0.874 0.624
vt 0.878 0.624
v -0.291 2.517 -1.302
vt 0.878 0.622
v -0.292 2.521 -1.3
v -0.295 2.525 -1.297
v -0.298 2.527 -1.295
v -0.301 2.528 -1.293
v -0.305 2.527 -1.292
v -0.309 2.525 -1.291
v -0.313 2.522 -1.292
v -0.316 2.517 -1.293
v -0.318 2.511 -1.295
vt 0.871 0.623
v -0.32 2.506 -1.297
vt 0.871 0.624
v -0.32 2.5 -1.299
vt 0.871 0.625
v -0.319 2.494 -1.302
vt 0.871 0.626
v -0.318 2.49 -1.305
vt 0.871 0.627
v -0.316 2.486 -1.307
vt 0.872 0.628
v -0.312 2.484 -1.31
vt 0.873 0.628
v -0.309 2.483 -1.311
v -0.305 2.484 -1.313
vt 0.874 0.628
v -0.301 2.486 -1.313
v -0.298 2.489 -1.313
vt 0.876 0.627
v -0.295 2.494 -1.312
vt 0.877 0.626
v -0.292 2.5 -1.31
vt 0.878 0.625
v -0.276 2.505 -1.312
vt 0.882 0.624
v -0.275 2.516 -1.307
vt 0.882 0.623
v -0.276 2.527 -1.301
vt 0.882 0.621
v -0.279 2.537 -1.296
vt 0.881 0.619
v -0.284 2.544 -1.29
vt 0.88 0.618
v -0.29 2.549 -1.286
vt 0.878 0.617
v -0.297 2.55 -1.282
v -0.305 2.549 -1.28
v -0.313 2.544 -1.279
vt 0.873 0.618
v -0.32 2.537 -1.28
vt 0.871 0.619
v -0.326 2.528 -1.282
vt 0.869 0.621
v -0.331 2.517 -1.286
v -0.333 2.505 -1.29
vt 0.867 0.625
v -0.334 2.493 -1.295
vt 0.867 0.626
v -0.333 2.482 -1.301
vt 0.867 0.628
v -0.33 2.473 -1.306
vt 0.868 0.63
v -0.325 2.466 -1.311
vt 0.869 0.631
v -0.319 2.461 -1.316
vt 0.871 0.632
v -0.312 2.459 -1.319
vt 0.873 0.632
v -0.304 2.461 -1.322
v -0.297 2.465 -1.322
vt 0.877 0.631
v -0.29 2.473 -1.322
vt 0.878 0.63
v -0.283 2.482 -1.32
vt 0.88 0.628
v -0.279 2.493 -1.316
vt 0.881 0.627
v -0.261 2.504 -1.315
v -0.259 2.521 -1.308
vt 0.886 0.622
v -0.261 2.538 -1.299
vt 0.885 0.619
v -0.265 2.552 -1.29
vt 0.884 0.617
v -0.272 2.562 -1.282
vt 0.883 0.615
v -0.282 2.569 -1.276
vt 0.88 0.614
v -0.292 2.572 -1.27
vt 0.878 0.613
v -0.304 2.569 -1.267
v -0.316 2.563 -1.266
vt 0.872 0.615
v -0.326 2.552 -1.267
vt 0.869 0.617
v -0.336 2.538 -1.271
vt 0.867 0.619
v -0.343 2.522 -1.276
vt 0.865 0.622
v -0.347 2.504 -1.283
v -0.348 2.487 -1.29
vt 0.864 0.627
v -0.347 2.47 -1.299
vt 0.864 0.63
v -0.342 2.456 -1.307
vt 0.865 0.633
v -0.335 2.445 -1.314
vt 0.867 0.634
v -0.325 2.438 -1.321
vt 0.869 0.635
v -0.315 2.436 -1.326
vt 0.872 0.636
v -0.303 2.438 -1.329
v -0.292 2.445 -1.331
vt 0.878 0.634
v -0.281 2.456 -1.33
vt 0.881 0.633
v -0.272 2.47 -1.327
vt 0.883 0.63
v -0.265 2.486 -1.322
vt 0.885 0.628
v -0.245 2.502 -1.318
vt 0.889 0.625
v -0.243 2.526 -1.307
vt 0.89 0.621
v -0.245 2.547 -1.296
vt 0.89 0.618
v -0.251 2.566 -1.284
vt 0.888 0.614
v -0.26 2.58 -1.273
vt 0.886 0.612
v -0.273 2.589 -1.264
vt 0.882 0.611
v -0.287 2.592 -1.257
vt 0.879 0.61
v -0.303 2.589 -1.253
v -0.318 2.581 -1.252
vt 0.871 0.612
v -0.333 2.567 -1.253
vt 0.867 0.614
v -0.345 2.548 -1.258
vt 0.864 0.617
v -0.354 2.527 -1.265
vt 0.862 0.621
v -0.36 2.503 -1.274
v -0.362 2.48 -1.285
vt 0.86 0.629
v -0.36 2.458 -1.295
vt 0.861 0.632
v -0.354 2.439 -1.306
vt 0.862 0.635
v -0.344 2.424 -1.316
vt 0.865 0.638
v -0.331 2.415 -1.325
vt 0.868 0.639
v -0.317 2.411 -1.332
vt 0.871 0.64
v -0.302 2.414 -1.336
v -0.286 2.423 -1.338
vt 0.879 0.638
v -0.272 2.438 -1.337
vt 0.883 0.636
v -0.26 2.457 -1.333
vt 0.886 0.633
v -0.251 2.479 -1.327
vt 0.888 0.629
v -0.306 2.506 -1.304
v -0.292 2.506 -1.309
v -0.292 2.512 -1.306
vt 0.124 0.374
vt 0.128 0.375
vt 0.128 0.373
v -0.292 2.517 -1.304
v -0.294 2.521 -1.301
v -0.296 2.524 -1.299
v -0.299 2.527 -1.296
v -0.302 2.527 -1.295
v -0.306 2.527 -1.294
v -0.309 2.525 -1.293
v -0.313 2.521 -1.294
vt 0.123 0.372
v -0.316 2.517 -1.295
v -0.318 2.512 -1.296
vt 0.121 0.374
v -0.319 2.506 -1.299
vt 0.124 0.375
v -0.319 2.501 -1.301
vt 0.121 0.375
v -0.319 2.496 -1.304
vt 0.121 0.376
v -0.318 2.491 -1.306
vt 0.121 0.377
v -0.315 2.488 -1.309
vt 0.122 0.378
v -0.312 2.486 -1.311
vt 0.123 0.378
v -0.309 2.485 -1.312
v -0.306 2.485 -1.313
v -0.302 2.488 -1.314
v -0.299 2.491 -1.313
vt 0.126 0.377
v -0.296 2.495 -1.312
vt 0.127 0.376
v -0.294 2.5 -1.311
v -0.279 2.505 -1.313
vt 0.132 0.374
v -0.278 2.516 -1.308
v -0.279 2.527 -1.303
vt 0.132 0.371
v -0.281 2.536 -1.297
vt 0.131 0.369
v -0.286 2.542 -1.292
vt 0.13 0.368
v -0.292 2.547 -1.288
vt 0.128 0.367
v -0.298 2.548 -1.285
vt 0.126 0.367
v -0.305 2.547 -1.283
v -0.313 2.542 -1.282
vt 0.123 0.368
v -0.319 2.536 -1.283
vt 0.121 0.369
v -0.325 2.527 -1.285
vt 0.119 0.371
v -0.329 2.517 -1.288
vt 0.118 0.372
v -0.332 2.506 -1.293
vt 0.117 0.375
v -0.333 2.495 -1.297
vt 0.117 0.376
v -0.332 2.484 -1.302
vt 0.117 0.378
v -0.329 2.476 -1.308
vt 0.118 0.38
v -0.325 2.469 -1.312
vt 0.119 0.381
v -0.319 2.464 -1.316
vt 0.121 0.382
v -0.312 2.463 -1.32
vt 0.123 0.382
v -0.305 2.464 -1.322
v -0.298 2.469 -1.322
vt 0.127 0.381
v -0.291 2.475 -1.322
vt 0.128 0.38
v -0.286 2.484 -1.32
vt 0.13 0.378
v -0.281 2.494 -1.317
vt 0.131 0.376
v -0.265 2.505 -1.316
v -0.263 2.521 -1.309
vt 0.136 0.372
v -0.265 2.536 -1.301
vt 0.136 0.369
v -0.269 2.55 -1.293
vt 0.134 0.367
v -0.275 2.56 -1.285
vt 0.133 0.365
v -0.284 2.566 -1.279
vt 0.13 0.364
v -0.294 2.568 -1.274
vt 0.128 0.364
v -0.305 2.566 -1.271
v -0.315 2.56 -1.27
vt 0.122 0.365
v -0.325 2.55 -1.271
vt 0.119 0.367
v -0.334 2.537 -1.275
vt 0.117 0.369
v -0.341 2.522 -1.279
vt 0.115 0.372
v -0.345 2.505 -1.286
v -0.346 2.489 -1.293
vt 0.114 0.378
v -0.344 2.473 -1.301
vt 0.114 0.38
v -0.34 2.46 -1.308
vt 0.115 0.383
v -0.333 2.449 -1.315
vt 0.117 0.385
v -0.325 2.443 -1.321
vt 0.119 0.386
v -0.315 2.441 -1.326
vt 0.122 0.386
v -0.304 2.443 -1.329
v -0.293 2.449 -1.331
vt 0.128 0.384
v -0.284 2.459 -1.33
vt 0.13 0.383
v -0.275 2.473 -1.327
vt 0.133 0.38
v -0.269 2.488 -1.322
vt 0.134 0.378
v -0.25 2.503 -1.318
v -0.248 2.525 -1.309
vt 0.14 0.371
v -0.25 2.546 -1.298
vt 0.14 0.367
v -0.256 2.563 -1.287
vt 0.138 0.364
v -0.264 2.577 -1.277
vt 0.136 0.362
v -0.276 2.585 -1.268
vt 0.133 0.361
v -0.289 2.588 -1.262
vt 0.129 0.36
v -0.303 2.585 -1.258
v -0.318 2.577 -1.257
vt 0.121 0.362
v -0.331 2.564 -1.259
vt 0.118 0.364
v -0.343 2.546 -1.263
vt 0.114 0.367
v -0.351 2.526 -1.27
vt 0.112 0.371
v -0.357 2.504 -1.278
vt 0.11 0.375
v -0.359 2.482 -1.288
vt 0.11 0.379
v -0.357 2.461 -1.298
vt 0.111 0.382
v -0.351 2.444 -1.308
vt 0.112 0.385
v -0.342 2.43 -1.317
vt 0.115 0.388
v -0.33 2.421 -1.325
vt 0.118 0.389
v -0.317 2.418 -1.332
vt 0.121 0.39
v -0.303 2.421 -1.336
vt 0.125 0.389
v -0.289 2.429 -1.338
vt 0.129 0.388
v -0.275 2.443 -1.337
vt 0.133 0.386
v -0.264 2.461 -1.333
vt 0.136 0.383
v -0.256 2.481 -1.327
vt 0.138 0.379
v -0.305 2.515 -1.302
v -0.297 2.515 -1.305
v -0.296 2.519 -1.303
vt 0.378 0.375
v -0.296 2.523 -1.301
v -0.297 2.526 -1.299
vt 0.378 0.372
v -0.298 2.529 -1.297
vt 0.377 0.371
v -0.3 2.53 -1.296
v -0.302 2.531 -1.295
v -0.304 2.53 -1.294
v -0.307 2.529 -1.294
v -0.309 2.526 -1.295
vt 0.373 0.372
v -0.311 2.523 -1.296
v -0.312 2.519 -1.297
vt 0.371 0.374
v -0.313 2.515 -1.299
vt 0.371 0.375
v -0.314 2.511 -1.3
vt 0.371 0.376
v -0.313 2.507 -1.302
v -0.313 2.504 -1.304
vt 0.371 0.377
v -0.311 2.501 -1.306
vt 0.372 0.378
v -0.31 2.499 -1.307
vt 0.373 0.378
v -0.308 2.499 -1.308
vt 0.374 0.378
v -0.305 2.499 -1.309
v -0.303 2.501 -1.309
v -0.301 2.504 -1.309
vt 0.376 0.377
v -0.299 2.507 -1.308
vt 0.377 0.377
v -0.298 2.511 -1.306
vt 0.378 0.376
v -0.288 2.515 -1.308
v -0.287 2.523 -1.304
v -0.288 2.531 -1.3
vt 0.382 0.371
v -0.289 2.537 -1.296
vt 0.382 0.369
v -0.292 2.542 -1.292
vt 0.38 0.368
v -0.295 2.546 -1.289
vt 0.379 0.367
v -0.299 2.547 -1.287
vt 0.377 0.367
v -0.304 2.546 -1.286
v -0.308 2.542 -1.286
vt 0.373 0.368
v -0.312 2.537 -1.287
vt 0.371 0.369
v -0.316 2.531 -1.289
vt 0.37 0.371
v -0.319 2.523 -1.292
v -0.321 2.515 -1.295
v -0.322 2.507 -1.299
vt 0.367 0.377
v -0.322 2.499 -1.303
vt 0.367 0.378
v -0.32 2.492 -1.306
v -0.318 2.487 -1.31
vt 0.369 0.381
v -0.314 2.484 -1.312
vt 0.371 0.382
v -0.31 2.483 -1.315
vt 0.372 0.382
v -0.306 2.484 -1.316
vt 0.374 0.382
v -0.301 2.487 -1.316
vt 0.376 0.381
v -0.297 2.492 -1.315
vt 0.378 0.38
v -0.293 2.499 -1.313
vt 0.38 0.378
v -0.29 2.506 -1.311
vt 0.381 0.377
v -0.28 2.514 -1.31
vt 0.385 0.375
v -0.279 2.527 -1.304
vt 0.386 0.372
v -0.279 2.538 -1.298
vt 0.386 0.369
v -0.281 2.548 -1.292
v -0.285 2.556 -1.287
vt 0.383 0.365
v -0.29 2.56 -1.282
vt 0.381 0.364
v -0.296 2.562 -1.279
vt 0.379 0.364
v -0.303 2.561 -1.277
vt 0.376 0.364
v -0.309 2.556 -1.277
vt 0.373 0.365
v -0.316 2.548 -1.279
vt 0.37 0.367
v -0.322 2.539 -1.282
vt 0.367 0.369
v -0.326 2.527 -1.286
vt 0.365 0.372
v -0.329 2.515 -1.291
v -0.33 2.502 -1.297
vt 0.364 0.378
v -0.33 2.491 -1.303
vt 0.364 0.38
v -0.328 2.48 -1.308
vt 0.365 0.383
v -0.324 2.473 -1.313
vt 0.367 0.385
v -0.318 2.468 -1.317
vt 0.369 0.386
v -0.312 2.466 -1.32
vt 0.371 0.386
v -0.306 2.468 -1.322
vt 0.374 0.386
v -0.299 2.472 -1.322
vt 0.377 0.385
v -0.293 2.48 -1.321
vt 0.38 0.383
v -0.287 2.49 -1.319
v -0.283 2.502 -1.315
vt 0.384 0.378
v -0.271 2.514 -1.312
v -0.269 2.53 -1.305
vt 0.39 0.371
v -0.27 2.546 -1.296
vt 0.39 0.367
v -0.273 2.559 -1.288
vt 0.389 0.364
v -0.278 2.569 -1.281
vt 0.386 0.362
v -0.284 2.575 -1.274
vt 0.384 0.36
v -0.292 2.577 -1.27
vt 0.38 0.36
v -0.301 2.575 -1.268
vt 0.376 0.36
v -0.311 2.569 -1.268
vt 0.372 0.362
v -0.319 2.559 -1.271
vt 0.368 0.364
v -0.327 2.546 -1.275
v -0.333 2.531 -1.28
vt 0.362 0.371
v -0.337 2.514 -1.287
v -0.339 2.498 -1.295
vt 0.36 0.379
v -0.338 2.482 -1.302
vt 0.36 0.382
v -0.335 2.469 -1.309
vt 0.362 0.385
v -0.33 2.458 -1.316
vt 0.364 0.388
v -0.323 2.451 -1.321
vt 0.367 0.389
v -0.314 2.449 -1.325
vt 0.371 0.39
v -0.305 2.451 -1.328
vt 0.374 0.39
v -0.297 2.458 -1.328
vt 0.378 0.388
v -0.288 2.468 -1.327
vt 0.382 0.385
v -0.281 2.482 -1.324
vt 0.385 0.382
v -0.275 2.497 -1.319
vt 0.388 0.379
v -0.313 2.55 -1.281
v -0.308 2.55 -1.284
v -0.308 2.552 -1.282
vt 0.63 0.373
v -0.309 2.554 -1.281
vt 0.629 0.371
v -0.31 2.556 -1.279
vt 0.628 0.37
v -0.312 2.556 -1.278
v -0.314 2.556 -1.277
v -0.316 2.554 -1.277
vt 0.622 0.371
v -0.317 2.552 -1.278
vt 0.621 0.373
v -0.318 2.55 -1.279
v -0.318 2.547 -1.281
vt 0.62 0.377
v -0.317 2.545 -1.282
vt 0.62 0.378
v -0.316 2.544 -1.284
vt 0.622 0.379
v -0.314 2.543 -1.285
vt 0.624 0.38
v -0.312 2.544 -1.285
vt 0.626 0.379
v -0.31 2.545 -1.285
vt 0.627 0.378
v -0.309 2.547 -1.285
vt 0.629 0.377
v -0.303 2.55 -1.286
v -0.303 2.555 -1.283
vt 0.635 0.371
v -0.304 2.559 -1.28
vt 0.634 0.368
v -0.307 2.562 -1.277
vt 0.631 0.366
v -0.31 2.562 -1.275
vt 0.627 0.365
v -0.314 2.561 -1.273
vt 0.623 0.366
v -0.318 2.559 -1.273
v -0.321 2.554 -1.275
vt 0.617 0.371
v -0.323 2.55 -1.277
v -0.323 2.545 -1.28
vt 0.615 0.379
v -0.322 2.541 -1.283
vt 0.616 0.382
v -0.319 2.538 -1.286
vt 0.619 0.384
v -0.316 2.537 -1.288
vt 0.622 0.385
v -0.311 2.538 -1.289
vt 0.626 0.384
v -0.308 2.541 -1.289
v -0.305 2.545 -1.288
vt 0.633 0.379
v -0.298 2.55 -1.288
v -0.297 2.557 -1.283
vt 0.64 0.369
v -0.299 2.563 -1.279
vt 0.638 0.364
v -0.303 2.567 -1.274
vt 0.634 0.361
v -0.309 2.569 -1.271
vt 0.629 0.36
v -0.315 2.567 -1.269
vt 0.623 0.361
v -0.321 2.563 -1.269
vt 0.617 0.365
v -0.325 2.557 -1.271
vt 0.613 0.369
v -0.328 2.549 -1.274
v -0.328 2.542 -1.279
vt 0.61 0.381
v -0.326 2.536 -1.283
vt 0.612 0.386
v -0.322 2.532 -1.287
vt 0.616 0.389
v -0.317 2.53 -1.291
vt 0.621 0.39
v -0.311 2.532 -1.293
vt 0.627 0.389
v -0.305 2.536 -1.293
vt 0.633 0.385
v -0.3 2.543 -1.291
vt 0.637 0.381
v -0.297 2.491 -1.318
v -0.294 2.49 -1.318
v -0.294 2.492 -1.318
vt 0.632 0.375
vt 0.632 0.371
v -0.295 2.494 -1.317
vt 0.63 0.369
v -0.296 2.494 -1.316
vt 0.626 0.367
v -0.298 2.494 -1.316
vt 0.622 0.368
v -0.299 2.492 -1.316
vt 0.619 0.371
v -0.3 2.491 -1.317
vt 0.617 0.375
v -0.299 2.489 -1.317
vt 0.618 0.379
v -0.299 2.488 -1.318
vt 0.62 0.381
v -0.297 2.487 -1.319
vt 0.624 0.382
v -0.296 2.488 -1.319
vt 0.627 0.381
v -0.294 2.489 -1.319
vt 0.631 0.379
v -0.291 2.49 -1.319
v -0.291 2.494 -1.318
vt 0.639 0.368
v -0.293 2.497 -1.316
vt 0.635 0.362
v -0.296 2.498 -1.315
vt 0.628 0.36
v -0.299 2.497 -1.314
vt 0.62 0.362
v -0.301 2.494 -1.315
vt 0.613 0.367
v -0.302 2.491 -1.316
v -0.302 2.487 -1.317
vt 0.611 0.382
v -0.3 2.485 -1.319
vt 0.615 0.388
v -0.298 2.484 -1.32
vt 0.622 0.39
v -0.295 2.484 -1.321
vt 0.63 0.388
v -0.292 2.487 -1.32
vt 0.637 0.383
v -0.203 2.517 -1.303
v -0.201 2.494 -1.311
v -0.202 2.494 -1.313
v -0.201 2.516 -1.3
v -0.199 2.494 -1.311
v -0.198 2.516 -1.3
vt 0.365 0.86
v -0.198 2.494 -1.313
v -0.197 2.517 -1.303
v -0.199 2.495 -1.314
v -0.198 2.518 -1.305
v -0.201 2.495 -1.314
v -0.202 2.518 -1.305
v -0.205 2.538 -1.292
v -0.203 2.537 -1.289
v -0.199 2.537 -1.289
v -0.197 2.539 -1.292
v -0.199 2.54 -1.296
v -0.203 2.54 -1.296
v -0.209 2.558 -1.282
v -0.206 2.556 -1.278
v -0.201 2.557 -1.278
v -0.199 2.56 -1.282
v -0.202 2.561 -1.286
v -0.207 2.56 -1.286
v -0.215 2.575 -1.271
v -0.211 2.574 -1.267
vt 0.377 0.862
v -0.206 2.576 -1.267
v -0.205 2.579 -1.271
vt 0.378 0.861
v -0.208 2.581 -1.276
v -0.213 2.578 -1.276
v -0.223 2.59 -1.261
v -0.219 2.59 -1.256
v -0.214 2.593 -1.256
v -0.213 2.597 -1.261
v -0.217 2.597 -1.265
v -0.222 2.594 -1.265
vt 0.381 0.864
v -0.234 2.602 -1.25
vt 0.383 0.865
v -0.229 2.602 -1.245
v -0.225 2.607 -1.245
vt 0.384 0.864
v -0.224 2.611 -1.25
v -0.229 2.611 -1.255
v -0.233 2.607 -1.255
vt 0.384 0.865
v -0.245 2.611 -1.241
v -0.241 2.613 -1.236
v -0.237 2.618 -1.236
v -0.238 2.623 -1.241
v -0.242 2.622 -1.246
v -0.246 2.616 -1.246
v -0.258 2.618 -1.232
v -0.254 2.62 -1.227
v -0.251 2.627 -1.227
v -0.253 2.631 -1.232
v -0.257 2.629 -1.238
vt 0.389 0.869
v -0.259 2.622 -1.238
vt 0.387 0.869
v -0.271 2.62 -1.225
vt 0.387 0.871
v -0.268 2.624 -1.219
v -0.267 2.631 -1.219
vt 0.389 0.87
v -0.269 2.635 -1.225
v -0.272 2.632 -1.23
v -0.273 2.624 -1.23
v -0.285 2.62 -1.218
vt 0.387 0.873
v -0.283 2.624 -1.212
vt 0.388 0.873
v -0.284 2.632 -1.212
v -0.286 2.635 -1.218
vt 0.39 0.873
v -0.288 2.631 -1.224
v -0.287 2.624 -1.224
v -0.299 2.617 -1.214
v -0.299 2.621 -1.208
v -0.301 2.628 -1.208
v -0.304 2.631 -1.214
v -0.304 2.627 -1.22
v -0.302 2.62 -1.22
v -0.314 2.611 -1.21
v -0.315 2.615 -1.205
v -0.318 2.621 -1.205
v -0.321 2.623 -1.21
v -0.32 2.62 -1.216
v -0.316 2.614 -1.216
v -0.329 2.602 -1.209
v -0.331 2.604 -1.203
v -0.335 2.61 -1.203
v -0.337 2.612 -1.209
v -0.335 2.609 -1.215
v -0.331 2.604 -1.215
v -0.344 2.589 -1.209
v -0.346 2.591 -1.204
v -0.35 2.595 -1.204
vt 0.382 0.883
v -0.352 2.598 -1.209
v -0.35 2.596 -1.214
v -0.346 2.592 -1.214
v -0.357 2.574 -1.211
vt 0.377 0.884
v -0.36 2.575 -1.206
v -0.364 2.578 -1.206
v -0.366 2.581 -1.211
vt 0.379 0.885
v -0.363 2.579 -1.216
v -0.359 2.576 -1.216
v -0.369 2.556 -1.215
v -0.371 2.557 -1.21
v -0.376 2.559 -1.21
v -0.378 2.561 -1.215
v -0.375 2.561 -1.219
vt 0.374 0.886
v -0.37 2.558 -1.219
v -0.379 2.537 -1.22
v -0.381 2.537 -1.217
v -0.385 2.538 -1.217
v -0.386 2.54 -1.22
v -0.384 2.54 -1.223
v -0.38 2.539 -1.223
v -0.388 2.516 -1.227
v -0.389 2.516 -1.225
v -0.392 2.517 -1.225
v -0.393 2.518 -1.227
v -0.391 2.518 -1.229
v -0.389 2.517 -1.229
v -0.396 2.494 -1.234
v -0.397 2.494 -1.233
v -0.398 2.494 -1.233
v -0.399 2.495 -1.234
v -0.398 2.495 -1.235
v -0.396 2.495 -1.235
v -0.2 2.494 -1.313
v -0.397 2.494 -1.234
v -0.171 2.639 -1.193
v -0.166 2.63 -1.203
v -0.166 2.63 -1.202
vt 0.888 0.361
vt 0.89 0.36
v -0.172 2.637 -1.196
v -0.174 2.634 -1.199
vt 0.889 0.361
v -0.175 2.631 -1.2
v -0.176 2.63 -1.198
v -0.166 2.63 -1.201
v -0.175 2.631 -1.195
v -0.174 2.634 -1.192
vt 0.887 0.361
v -0.172 2.637 -1.191
v -0.177 2.646 -1.185
vt 0.886 0.362
v -0.178 2.644 -1.189
vt 0.887 0.362
v -0.181 2.638 -1.193
vt 0.888 0.362
v -0.184 2.633 -1.195
v -0.185 2.631 -1.193
v -0.184 2.633 -1.189
v -0.181 2.638 -1.185
v -0.178 2.644 -1.183
vt 0.885 0.362
v -0.184 2.652 -1.177
vt 0.884 0.362
v -0.186 2.649 -1.182
vt 0.885 0.363
v -0.189 2.642 -1.188
vt 0.886 0.363
v -0.192 2.635 -1.191
vt 0.887 0.363
v -0.194 2.632 -1.189
vt 0.887 0.364
v -0.192 2.635 -1.183
v -0.189 2.642 -1.178
vt 0.884 0.363
v -0.186 2.649 -1.175
vt 0.883 0.363
v -0.192 2.658 -1.169
vt 0.882 0.363
v -0.194 2.654 -1.176
vt 0.883 0.364
v -0.197 2.645 -1.183
vt 0.885 0.364
v -0.2 2.637 -1.186
vt 0.886 0.364
v -0.202 2.633 -1.185
vt 0.886 0.365
v -0.2 2.637 -1.178
vt 0.884 0.364
v -0.197 2.645 -1.171
v -0.194 2.654 -1.167
vt 0.882 0.364
v -0.201 2.662 -1.162
vt 0.88 0.365
v -0.203 2.658 -1.169
vt 0.882 0.365
v -0.205 2.648 -1.178
vt 0.884 0.365
v -0.208 2.638 -1.182
vt 0.885 0.365
v -0.21 2.634 -1.181
vt 0.885 0.366
v -0.208 2.638 -1.173
vt 0.883 0.365
v -0.205 2.648 -1.165
vt 0.881 0.365
v -0.203 2.658 -1.16
v -0.211 2.666 -1.155
vt 0.879 0.366
v -0.212 2.662 -1.163
vt 0.881 0.366
v -0.214 2.65 -1.173
vt 0.883 0.366
v -0.216 2.639 -1.179
vt 0.884 0.366
v -0.217 2.635 -1.177
vt 0.884 0.367
v -0.216 2.639 -1.169
vt 0.882 0.366
v -0.214 2.65 -1.159
vt 0.88 0.366
v -0.212 2.662 -1.153
vt 0.878 0.366
v -0.222 2.669 -1.148
vt 0.877 0.367
v -0.222 2.664 -1.157
vt 0.879 0.367
v -0.224 2.652 -1.168
vt 0.882 0.367
v -0.225 2.64 -1.175
vt 0.883 0.368
v -0.225 2.635 -1.174
v -0.225 2.64 -1.164
vt 0.881 0.368
v -0.224 2.652 -1.153
vt 0.878 0.367
v -0.222 2.664 -1.146
v -0.232 2.67 -1.142
vt 0.876 0.369
v -0.233 2.665 -1.152
vt 0.878 0.368
v -0.233 2.653 -1.164
vt 0.881 0.369
v -0.234 2.64 -1.171
vt 0.883 0.369
v -0.234 2.635 -1.169
vt 0.882 0.369
v -0.234 2.64 -1.16
vt 0.88 0.369
v -0.233 2.653 -1.148
vt 0.877 0.369
v -0.233 2.665 -1.141
vt 0.875 0.368
v -0.244 2.671 -1.137
vt 0.875 0.37
v -0.243 2.666 -1.147
vt 0.877 0.37
v -0.243 2.653 -1.16
vt 0.88 0.37
v -0.243 2.64 -1.166
vt 0.881 0.37
v -0.243 2.634 -1.164
v -0.243 2.64 -1.155
vt 0.879 0.37
v -0.243 2.653 -1.143
vt 0.876 0.37
v -0.243 2.666 -1.136
vt 0.874 0.37
v -0.255 2.671 -1.132
v -0.254 2.665 -1.142
vt 0.876 0.371
v -0.254 2.652 -1.154
vt 0.878 0.371
v -0.253 2.639 -1.161
vt 0.88 0.371
v -0.253 2.634 -1.159
v -0.253 2.639 -1.149
vt 0.877 0.371
v -0.254 2.652 -1.137
vt 0.875 0.371
v -0.254 2.665 -1.13
v -0.266 2.67 -1.126
vt 0.872 0.373
v -0.266 2.665 -1.136
vt 0.874 0.373
v -0.265 2.652 -1.148
vt 0.877 0.373
v -0.263 2.638 -1.156
vt 0.879 0.372
v -0.263 2.633 -1.154
vt 0.878 0.372
v -0.263 2.638 -1.144
vt 0.876 0.372
v -0.265 2.652 -1.131
v -0.266 2.665 -1.124
vt 0.871 0.373
v -0.278 2.669 -1.12
v -0.277 2.663 -1.13
vt 0.873 0.374
v -0.276 2.65 -1.143
vt 0.876 0.374
v -0.274 2.638 -1.15
vt 0.878 0.374
v -0.273 2.632 -1.148
vt 0.877 0.374
v -0.274 2.638 -1.138
v -0.276 2.65 -1.126
v -0.277 2.663 -1.118
vt 0.87 0.374
v -0.29 2.666 -1.115
v -0.289 2.661 -1.125
v -0.287 2.649 -1.137
vt 0.875 0.375
v -0.285 2.636 -1.144
v -0.284 2.631 -1.142
v -0.285 2.636 -1.132
vt 0.873 0.375
v -0.287 2.649 -1.12
vt 0.871 0.375
v -0.289 2.661 -1.113
v -0.302 2.663 -1.107
vt 0.868 0.377
v -0.301 2.659 -1.118
v -0.298 2.647 -1.132
v -0.296 2.635 -1.139
v -0.295 2.63 -1.137
vt 0.874 0.377
v -0.296 2.635 -1.127
vt 0.872 0.377
v -0.298 2.647 -1.115
vt 0.869 0.377
v -0.301 2.659 -1.107
vt 0.867 0.377
v -0.314 2.66 -1.099
vt 0.866 0.379
v -0.313 2.655 -1.11
vt 0.868 0.379
v -0.31 2.644 -1.125
vt 0.872 0.378
v -0.307 2.633 -1.133
vt 0.874 0.378
v -0.306 2.628 -1.132
v -0.307 2.633 -1.122
v -0.31 2.644 -1.109
vt 0.868 0.378
v -0.313 2.655 -1.099
v -0.326 2.655 -1.092
vt 0.864 0.38
v -0.325 2.651 -1.103
vt 0.867 0.38
v -0.322 2.641 -1.117
vt 0.87 0.38
v -0.318 2.631 -1.127
vt 0.872 0.379
v -0.317 2.626 -1.127
v -0.318 2.631 -1.116
vt 0.87 0.379
v -0.322 2.641 -1.102
vt 0.866 0.38
v -0.325 2.651 -1.092
v -0.338 2.649 -1.086
vt 0.863 0.382
v -0.337 2.645 -1.096
vt 0.865 0.382
v -0.333 2.636 -1.11
vt 0.868 0.381
v -0.329 2.627 -1.119
vt 0.87 0.381
v -0.328 2.624 -1.119
v -0.329 2.627 -1.109
v -0.333 2.636 -1.096
vt 0.865 0.381
v -0.337 2.645 -1.086
v -0.35 2.642 -1.082
vt 0.862 0.383
v -0.349 2.639 -1.091
vt 0.864 0.383
v -0.345 2.631 -1.103
vt 0.867 0.383
v -0.341 2.623 -1.112
vt 0.869 0.382
v -0.339 2.62 -1.112
v -0.341 2.623 -1.103
vt 0.866 0.382
v -0.345 2.631 -1.09
v -0.349 2.639 -1.082
v -0.361 2.634 -1.079
vt 0.861 0.385
v -0.36 2.631 -1.087
vt 0.863 0.385
v -0.356 2.625 -1.098
vt 0.865 0.384
v -0.352 2.618 -1.105
vt 0.867 0.384
v -0.351 2.616 -1.105
v -0.352 2.618 -1.097
v -0.356 2.625 -1.086
vt 0.863 0.384
v -0.36 2.631 -1.079
v -0.372 2.625 -1.077
vt 0.861 0.386
v -0.371 2.623 -1.084
vt 0.862 0.386
v -0.367 2.618 -1.093
vt 0.864 0.386
v -0.364 2.613 -1.099
vt 0.866 0.385
v -0.363 2.61 -1.098
vt 0.865 0.385
v -0.364 2.613 -1.092
vt 0.864 0.385
v -0.367 2.618 -1.083
v -0.371 2.623 -1.077
vt 0.86 0.386
v -0.382 2.615 -1.076
vt 0.86 0.388
v -0.381 2.614 -1.081
vt 0.861 0.387
v -0.379 2.61 -1.088
vt 0.863 0.387
v -0.376 2.606 -1.093
vt 0.864 0.387
v -0.375 2.605 -1.092
v -0.376 2.606 -1.087
v -0.379 2.61 -1.08
v -0.381 2.614 -1.076
vt 0.86 0.387
v -0.392 2.605 -1.076
vt 0.86 0.389
v -0.391 2.604 -1.08
vt 0.861 0.389
v -0.39 2.602 -1.084
vt 0.862 0.389
v -0.388 2.6 -1.087
vt 0.863 0.388
v -0.388 2.599 -1.086
v -0.388 2.6 -1.082
vt 0.862 0.388
v -0.39 2.602 -1.078
v -0.391 2.604 -1.075
v -0.401 2.594 -1.077
vt 0.861 0.39
v -0.401 2.594 -1.078
v -0.401 2.594 -1.079
vt 0.86 0.39
v 0.395 2.907 -0.609
v 0.32 2.74 -0.59
v 0.629 2.708 -0.909
vt 0.386 0.886
v 0.32 2.74 -0.496
v 0.395 2.907 -0.515
v 0.629 2.708 -0.815
v 0.498 2.978 -0.646
v 0.498 2.978 -0.553
v 0.657 2.868 -0.712
vt 0.384 0.874
v 0.657 2.868 -0.618
v 0.835 2.819 -0.777
v 0.835 2.819 -0.684
v 0.94 2.729 -0.834
v 0.94 2.729 -0.74
v 0.886 2.688 -0.911
v 0.886 2.688 -0.818
v 0.802 2.491 -0.991
v 0.802 2.491 -0.897
v 0.742 2.435 -1.009
vt 0.36 0.87
v 0.742 2.435 -0.915
v 0.574 2.459 -0.998
v 0.574 2.459 -0.904
v 0.468 2.626 -0.941
vt 0.371 0.883
v 0.468 2.626 -0.847
v -0.577 2.873 -0.83
v -0.32 2.7 -0.61
v -0.3 2.826 -0.59
vt 0.375 0.876
vt 0.389 0.884
v -0.577 2.873 -0.735
v -0.3 2.826 -0.495
v -0.32 2.7 -0.515
v -0.44 2.925 -0.6
v -0.44 2.925 -0.505
v -0.68 3.139 -0.6
v -0.68 3.139 -0.505
vt 0.369 0.864
v -0.816 3.213 -0.62
vt 0.362 0.86
v -0.816 3.213 -0.525
v -0.852 3.174 -0.64
vt 0.36 0.862
v -0.852 3.174 -0.545
v -0.817 2.98 -0.705
v -0.817 2.98 -0.61
v -0.742 2.751 -0.81
vt 0.366 0.882
v -0.742 2.751 -0.715
v -0.565 2.6 -0.917
v -0.565 2.6 -0.822
v -0.436 2.58 -0.894
vt 0.383 0.89
v -0.436 2.58 -0.799
v -0.492 2.816 -0.759
v -0.506 2.861 -0.771
v -0.577 2.873 -0.832
vt 0.137 0.131
vt 0.136 0.127
vt 0.127 0.127
v -0.51 2.873 -0.757
v -0.528 2.892 -0.749
vt 0.135 0.127
vt 0.133 0.125
vt 0.128 0.127
v -0.624 2.994 -0.727
vt 0.122 0.118
v -0.727 3.104 -0.68
v -0.724 3.082 -0.703
vt 0.11 0.11
vt 0.11 0.112
v -0.716 3.025 -0.736
vt 0.111 0.116
v -0.703 2.929 -0.767
vt 0.113 0.123
v -0.702 2.924 -0.768
v -0.656 2.815 -0.822
vt 0.118 0.131
v -0.633 2.76 -0.847
v -0.569 2.701 -0.887
vt 0.121 0.135
vt 0.128 0.139
v -0.553 2.686 -0.888
v -0.504 2.722 -0.865
vt 0.13 0.14
vt 0.136 0.137
v -0.47 2.747 -0.791
vt 0.14 0.136
vt 0.138 0.131
f 1/1 2/2 3/3
f 4/4 5/5 2/2
f 6/6 4/4 1/1
f 1/1 4/7 2/2
f 7/8 1/9 3/3
f 8/10 6/6 1/1
f 9/11 8/10 7/8
f 7/8 8/10 1/9
f 10/12 7/8 3/3
f 11/13 9/11 7/8
f 12/14 11/13 10/12
f 10/15 11/13 7/8
f 13/16 10/12 3/3
f 14/17 12/14 10/15
f 15/18 14/19 13/16
f 13/16 14/19 10/15
f 2/2 13/16 3/3
f 16/20 15/18 13/16
f 5/5 16/20 2/2
f 2/2 16/20 13/16
f 17/21 8/22 9/11
f 18/23 6/6 8/22
f 19/24 18/25 17/21
f 17/21 18/25 8/22
f 20/26 4/7 6/6
f 21/7 5/5 4/7
f 22/6 21/4 20/26
f 20/26 21/7 4/7
f 23/2 16/20 5/5
f 24/16 15/18 16/20
f 25/3 24/16 23/2
f 23/2 24/16 16/20
f 26/17 14/17 15/18
f 27/27 12/14 14/19
f 28/14 27/27 26/19
f 26/19 27/27 14/19
f 29/28 11/29 12/14
f 30/30 9/11 11/29
f 31/31 30/30 29/32
f 29/32 30/30 11/13
f 32/22 33/21 34/11
f 35/23 19/24 33/21
f 22/6 35/25 32/22
f 32/22 35/23 33/21
f 36/8 32/22 34/11
f 37/1 22/6 32/22
f 25/3 37/1 36/8
f 36/8 37/1 32/10
f 38/29 36/8 34/11
f 39/12 25/3 36/8
f 28/14 39/12 38/29
f 38/29 39/15 36/8
f 40/30 38/13 34/11
f 41/28 28/14 38/13
f 31/31 41/28 40/30
f 40/30 41/32 38/13
f 33/21 40/30 34/11
f 42/33 31/31 40/30
f 19/24 42/33 33/21
f 33/21 42/33 40/30
f 20/26 35/25 22/6
f 18/23 19/24 35/25
f 6/6 18/25 20/26
f 20/26 18/23 35/25
f 23/2 37/1 25/3
f 21/7 22/6 37/1
f 5/5 21/7 23/2
f 23/2 21/7 37/1
f 26/17 39/15 28/14
f 24/16 25/3 39/12
f 15/18 24/16 26/17
f 26/17 24/16 39/12
f 29/32 41/28 31/31
f 27/27 28/14 41/32
f 12/14 27/27 29/28
f 29/28 27/27 41/28
f 17/21 42/33 19/24
f 30/30 31/31 42/33
f 9/11 30/30 17/21
f 17/21 30/30 42/33
f 43/34 44/35 45/36
f 46/37 47/38 44/35
f 48/39 46/40 43/34
f 43/34 46/37 44/41
f 49/26 43/34 45/36
f 50/42 48/39 43/34
f 51/43 50/42 49/26
f 49/26 50/42 43/34
f 52/34 49/26 45/36
f 53/42 51/43 49/26
f 54/39 53/42 52/34
f 52/34 53/42 49/26
f 55/35 52/34 45/36
f 56/40 54/39 52/34
f 57/38 56/37 55/41
f 55/35 56/40 52/34
f 44/41 55/35 45/36
f 58/20 57/38 55/35
f 47/38 58/20 44/41
f 44/41 58/20 55/41
f 59/44 50/42 51/43
f 60/45 48/39 50/42
f 61/46 60/45 59/47
f 59/44 60/45 50/42
f 62/8 46/40 48/39
f 63/48 47/38 46/37
f 64/49 63/48 62/8
f 62/8 63/50 46/40
f 65/51 58/20 47/38
f 66/52 57/38 58/20
f 67/53 66/51 65/51
f 65/51 66/52 58/20
f 68/50 56/40 57/38
f 69/8 54/39 56/40
f 70/49 69/8 68/50
f 68/48 69/8 56/37
f 71/45 53/42 54/39
f 72/44 51/43 53/42
f 73/46 72/47 71/45
f 71/54 72/47 53/42
f 74/55 75/56 76/57
f 77/58 61/46 75/56
f 64/49 77/59 74/55
f 74/55 77/59 75/60
f 78/27 74/55 76/57
f 79/61 64/49 74/55
f 67/53 79/61 78/27
f 78/27 79/61 74/55
f 80/55 78/27 76/57
f 81/61 67/53 78/27
f 70/49 81/61 80/55
f 80/55 81/61 78/27
f 82/56 80/55 76/57
f 83/58 70/49 80/55
f 73/46 83/59 82/60
f 82/60 83/59 80/55
f 75/56 82/60 76/57
f 84/33 73/46 82/60
f 61/46 84/33 75/60
f 75/60 84/33 82/56
f 62/8 77/58 64/49
f 60/45 61/46 77/58
f 48/39 60/45 62/8
f 62/8 60/45 77/58
f 65/51 79/61 67/53
f 63/48 64/49 79/61
f 47/38 63/48 65/51
f 65/51 63/48 79/61
f 68/48 81/61 70/49
f 66/52 67/53 81/61
f 57/38 66/52 68/48
f 68/50 66/52 81/61
f 71/54 83/58 73/46
f 69/8 70/49 83/59
f 54/39 69/8 71/45
f 71/45 69/8 83/58
f 59/44 84/33 61/46
f 72/47 73/46 84/33
f 51/43 72/44 59/47
f 59/47 72/47 84/33
f 85/62 86/63 87/64
f 88/65 85/62 87/64
f 89/66 85/62 88/65
f 90/67 89/66 88/65
f 91/68 86/63 85/62
f 89/66 91/68 85/62
f 92/69 91/68 89/66
f 90/67 92/69 89/66
f 93/70 86/63 91/68
f 92/69 93/70 91/68
f 94/71 93/70 92/69
f 90/67 94/72 92/69
f 95/73 86/63 93/70
f 94/72 95/73 93/70
f 96/74 95/73 94/72
f 90/67 96/74 94/72
f 97/75 86/63 95/73
f 96/74 97/75 95/73
f 98/76 97/75 96/74
f 90/67 98/76 96/74
f 99/77 86/63 97/75
f 98/76 99/77 97/75
f 100/78 99/77 98/76
f 90/67 100/78 98/76
f 101/79 86/63 99/77
f 100/78 101/79 99/77
f 102/80 101/79 100/78
f 90/67 102/80 100/78
f 103/81 86/63 101/79
f 102/80 103/82 101/79
f 104/83 103/81 102/80
f 90/67 104/83 102/80
f 105/84 86/63 103/81
f 104/83 105/84 103/81
f 106/85 105/84 104/83
f 90/67 106/85 104/83
f 87/64 86/63 105/84
f 106/85 87/64 105/84
f 88/65 87/86 106/85
f 90/67 88/65 106/85
f 107/34 108/35 109/36
f 110/40 111/38 108/41
f 112/39 110/37 107/34
f 107/34 110/37 108/41
f 113/26 107/34 109/36
f 114/42 112/39 107/34
f 115/43 114/42 113/26
f 113/26 114/42 107/34
f 116/34 113/26 109/36
f 117/42 115/43 113/26
f 118/39 117/42 116/34
f 116/34 117/42 113/26
f 119/35 116/34 109/36
f 120/40 118/39 116/34
f 121/38 120/40 119/41
f 119/35 120/40 116/34
f 108/41 119/35 109/36
f 122/20 121/38 119/35
f 111/38 122/20 108/41
f 108/41 122/20 119/35
f 123/44 114/42 115/43
f 124/45 112/39 114/42
f 125/46 124/54 123/47
f 123/44 124/54 114/42
f 126/8 110/40 112/39
f 127/48 111/38 110/37
f 128/49 127/50 126/8
f 126/8 127/48 110/40
f 129/51 122/20 111/38
f 130/51 121/38 122/20
f 131/53 130/52 129/51
f 129/51 130/51 122/20
f 132/48 120/40 121/38
f 133/8 118/39 120/40
f 134/49 133/8 132/48
f 132/48 133/8 120/37
f 135/45 117/42 118/39
f 136/44 115/43 117/42
f 137/46 136/44 135/45
f 135/54 136/44 117/42
f 138/55 139/60 140/57
f 141/58 125/46 139/60
f 128/49 141/59 138/55
f 138/55 141/58 139/56
f 142/27 138/55 140/57
f 143/61 128/49 138/55
f 131/53 143/61 142/27
f 142/27 143/61 138/55
f 144/55 142/27 140/57
f 145/61 131/53 142/27
f 134/49 145/61 144/55
f 144/55 145/61 142/27
f 146/56 144/55 140/57
f 147/58 134/49 144/55
f 137/46 147/59 146/56
f 146/60 147/59 144/55
f 139/60 146/60 140/57
f 148/33 137/46 146/60
f 125/46 148/33 139/60
f 139/56 148/33 146/56
f 126/8 141/58 128/49
f 124/54 125/46 141/58
f 112/39 124/45 126/8
f 126/8 124/54 141/59
f 129/52 143/61 131/53
f 127/48 128/49 143/61
f 111/38 127/50 129/51
f 129/51 127/50 143/61
f 132/50 145/61 134/49
f 130/51 131/53 145/61
f 121/38 130/52 132/48
f 132/48 130/52 145/61
f 135/45 147/59 137/46
f 133/8 134/49 147/59
f 118/39 133/8 135/45
f 135/54 133/8 147/59
f 123/47 148/33 125/46
f 136/44 137/46 148/33
f 115/43 136/44 123/44
f 123/47 136/44 148/33
f 149/87 150/88 151/89
f 152/90 149/87 151/89
f 153/91 149/87 152/90
f 86/92 153/91 152/90
f 154/93 150/88 149/87
f 153/91 154/93 149/87
f 155/94 154/93 153/91
f 86/92 155/94 153/91
f 156/95 150/88 154/93
f 155/94 156/95 154/93
f 157/67 156/95 155/94
f 86/92 157/67 155/94
f 158/96 150/88 156/95
f 157/67 158/97 156/95
f 159/98 158/96 157/67
f 86/92 159/98 157/67
f 160/99 150/88 158/97
f 159/98 160/99 158/96
f 161/100 160/99 159/98
f 86/92 161/100 159/98
f 162/101 150/88 160/99
f 161/100 162/101 160/99
f 163/102 162/101 161/100
f 86/92 163/102 161/100
f 164/103 150/88 162/101
f 163/102 164/103 162/101
f 165/104 164/103 163/102
f 86/92 165/104 163/102
f 166/63 150/88 164/103
f 165/104 166/63 164/103
f 167/105 166/63 165/104
f 86/92 167/105 165/104
f 168/106 150/88 166/63
f 167/105 168/106 166/63
f 169/107 168/106 167/105
f 86/92 169/108 167/105
f 151/89 150/88 168/106
f 169/107 151/89 168/106
f 152/90 151/89 169/107
f 86/92 152/90 169/108
f 170/109 171/110 172/111
f 173/112 174/113 171/110
f 175/114 173/112 170/115
f 170/109 173/112 171/116
f 176/117 170/109 172/111
f 177/115 175/114 170/115
f 178/111 177/109 176/117
f 176/117 177/115 170/109
f 179/118 176/117 172/111
f 180/118 178/111 176/117
f 181/119 180/118 179/120
f 179/120 180/120 176/117
f 182/121 179/120 172/111
f 183/122 181/119 179/120
f 184/123 183/122 182/121
f 182/124 183/122 179/118
f 171/110 182/121 172/111
f 185/125 184/123 182/121
f 174/113 185/125 171/116
f 171/116 185/125 182/124
f 186/116 177/115 178/111
f 187/112 175/114 177/115
f 188/113 187/112 186/116
f 186/116 187/112 177/109
f 189/126 173/112 175/114
f 190/127 174/113 173/112
f 191/128 190/127 189/126
f 189/126 190/127 173/112
f 192/129 185/125 174/113
f 193/130 184/123 185/125
f 194/131 193/132 192/133
f 192/129 193/132 185/125
f 195/134 183/122 184/123
f 196/135 181/119 183/122
f 197/136 196/135 195/134
f 195/134 196/135 183/122
f 198/122 180/118 181/119
f 199/121 178/111 180/120
f 200/123 199/121 198/122
f 198/122 199/124 180/118
f 201/137 202/129 203/131
f 204/127 188/113 202/129
f 191/128 204/127 201/138
f 201/137 204/127 202/129
f 205/139 201/138 203/131
f 206/138 191/128 201/138
f 194/131 206/138 205/139
f 205/139 206/137 201/138
f 207/140 205/139 203/131
f 208/140 194/131 205/139
f 197/136 208/140 207/141
f 207/141 208/140 205/139
f 209/132 207/141 203/131
f 210/134 197/136 207/141
f 200/123 210/134 209/132
f 209/132 210/134 207/141
f 202/129 209/132 203/131
f 211/125 200/123 209/130
f 188/113 211/125 202/129
f 202/133 211/125 209/132
f 189/126 204/127 191/128
f 187/112 188/113 204/127
f 175/114 187/112 189/126
f 189/126 187/112 204/127
f 192/133 206/137 194/131
f 190/127 191/128 206/138
f 174/113 190/127 192/133
f 192/129 190/127 206/138
f 195/134 208/141 197/136
f 193/132 194/131 208/140
f 184/123 193/130 195/134
f 195/134 193/132 208/140
f 198/122 210/134 200/123
f 196/135 197/136 210/134
f 181/119 196/135 198/122
f 198/122 196/135 210/134
f 186/116 211/125 188/113
f 199/124 200/123 211/125
f 178/111 199/121 186/116
f 186/116 199/121 211/125
f 212/142 213/143 214/144
f 215/145 212/142 214/144
f 216/146 212/142 215/145
f 150/147 216/146 215/145
f 217/148 213/143 212/142
f 216/146 217/148 212/142
f 218/149 217/148 216/146
f 150/147 218/149 216/146
f 219/150 213/143 217/148
f 218/149 219/150 217/148
f 220/151 219/150 218/149
f 150/147 220/151 218/149
f 221/152 213/143 219/150
f 220/151 221/152 219/150
f 222/118 221/152 220/151
f 150/147 222/118 220/151
f 223/153 213/143 221/152
f 222/118 223/153 221/154
f 224/155 223/153 222/118
f 150/147 224/155 222/118
f 225/156 213/143 223/153
f 224/155 225/156 223/157
f 226/158 225/156 224/155
f 150/147 226/158 224/155
f 227/159 213/143 225/156
f 226/158 227/159 225/156
f 228/160 227/159 226/161
f 150/147 228/160 226/158
f 229/162 213/143 227/159
f 228/160 229/162 227/159
f 230/163 229/162 228/160
f 150/147 230/163 228/160
f 231/137 213/143 229/162
f 230/163 231/137 229/162
f 232/164 231/137 230/163
f 150/147 232/165 230/163
f 214/144 213/143 231/137
f 232/166 214/144 231/137
f 215/145 214/144 232/167
f 150/147 215/145 232/164
f 233/115 234/116 235/111
f 236/112 237/113 234/110
f 238/114 236/112 233/109
f 233/115 236/112 234/116
f 239/117 233/115 235/111
f 240/109 238/114 233/109
f 241/111 240/115 239/117
f 239/117 240/109 233/109
f 242/118 239/117 235/111
f 243/118 241/111 239/117
f 244/119 243/118 242/118
f 242/120 243/120 239/117
f 245/124 242/120 235/111
f 246/122 244/119 242/118
f 247/123 246/122 245/124
f 245/121 246/122 242/118
f 234/110 245/121 235/111
f 248/125 247/123 245/121
f 237/113 248/125 234/116
f 234/110 248/125 245/124
f 249/116 240/109 241/111
f 250/112 238/114 240/109
f 251/113 250/112 249/110
f 249/116 250/112 240/109
f 252/126 236/112 238/114
f 253/127 237/113 236/112
f 254/128 253/127 252/126
f 252/126 253/127 236/112
f 255/129 248/125 237/113
f 256/132 247/123 248/125
f 257/131 256/130 255/129
f 255/133 256/130 248/125
f 258/134 246/122 247/123
f 259/135 244/119 246/122
f 260/136 259/135 258/134
f 258/134 259/135 246/122
f 261/122 243/120 244/119
f 262/124 241/111 243/118
f 263/123 262/124 261/122
f 261/122 262/121 243/118
f 264/137 265/129 266/131
f 267/127 251/113 265/129
f 254/128 267/127 264/137
f 264/137 267/127 265/133
f 268/139 264/137 266/131
f 269/137 254/128 264/137
f 257/131 269/137 268/139
f 268/139 269/138 264/137
f 270/141 268/139 266/131
f 271/141 257/131 268/139
f 260/136 271/140 270/140
f 270/141 271/140 268/139
f 272/132 270/140 266/131
f 273/134 260/136 270/141
f 263/123 273/134 272/132
f 272/132 273/134 270/140
f 265/133 272/130 266/131
f 274/125 263/123 272/130
f 251/113 274/125 265/129
f 265/129 274/125 272/130
f 252/126 267/127 254/128
f 250/112 251/113 267/127
f 238/114 250/112 252/126
f 252/126 250/112 267/127
f 255/133 269/137 257/131
f 253/127 254/128 269/137
f 237/113 253/127 255/133
f 255/133 253/127 269/138
f 258/134 271/141 260/136
f 256/132 257/131 271/140
f 247/123 256/130 258/134
f 258/134 256/130 271/140
f 261/122 273/134 263/123
f 259/135 260/136 273/134
f 244/119 259/135 261/122
f 261/122 259/135 273/134
f 249/116 274/125 251/113
f 262/124 263/123 274/125
f 241/111 262/121 249/110
f 249/116 262/121 274/125
f 275/168 276/169 277/165
f 278/170 275/168 277/165
f 279/171 275/168 278/170
f 213/172 279/171 278/170
f 280/173 276/169 275/168
f 279/174 280/173 275/168
f 281/175 280/173 279/174
f 213/172 281/176 279/171
f 282/177 276/169 280/173
f 281/176 282/177 280/173
f 283/148 282/177 281/176
f 213/172 283/178 281/175
f 284/139 276/169 282/177
f 283/178 284/139 282/177
f 285/179 284/139 283/148
f 213/172 285/179 283/178
f 286/180 276/169 284/139
f 285/179 286/180 284/139
f 287/181 286/180 285/179
f 213/172 287/181 285/179
f 288/182 276/169 286/180
f 287/181 288/182 286/180
f 289/183 288/182 287/181
f 213/172 289/183 287/181
f 290/184 276/169 288/185
f 289/183 290/184 288/185
f 291/186 290/184 289/183
f 213/172 291/186 289/183
f 292/160 276/169 290/184
f 291/186 292/160 290/184
f 293/187 292/160 291/186
f 213/172 293/187 291/186
f 294/161 276/169 292/160
f 293/187 294/161 292/160
f 295/117 294/161 293/187
f 213/172 295/117 293/187
f 277/165 276/169 294/161
f 295/117 277/165 294/161
f 278/170 277/165 295/117
f 213/172 278/170 295/117
f 296/109 297/110 298/111
f 299/112 300/113 297/110
f 301/114 299/112 296/109
f 296/109 299/112 297/110
f 302/117 296/109 298/111
f 303/109 301/114 296/115
f 304/111 303/109 302/117
f 302/117 303/109 296/115
f 305/118 302/117 298/111
f 306/118 304/111 302/117
f 307/119 306/120 305/118
f 305/118 306/120 302/117
f 308/124 305/120 298/111
f 309/122 307/119 305/118
f 310/123 309/122 308/124
f 308/121 309/122 305/120
f 297/110 308/121 298/111
f 311/125 310/123 308/121
f 300/113 311/125 297/116
f 297/116 311/125 308/124
f 312/116 303/115 304/111
f 313/112 301/114 303/115
f 314/113 313/112 312/116
f 312/116 313/112 303/115
f 315/126 299/112 301/114
f 316/127 300/113 299/112
f 317/128 316/127 315/126
f 315/126 316/127 299/112
f 318/129 311/125 300/113
f 319/132 310/123 311/125
f 320/131 319/130 318/129
f 318/129 319/130 311/125
f 321/134 309/122 310/123
f 322/135 307/119 309/122
f 323/136 322/135 321/134
f 321/134 322/135 309/122
f 324/122 306/118 307/119
f 325/124 304/111 306/118
f 326/123 325/121 324/122
f 324/122 325/121 306/120
f 327/137 328/133 329/131
f 330/127 314/113 328/129
f 317/128 330/127 327/137
f 327/137 330/127 328/133
f 331/139 327/138 329/131
f 332/138 317/128 327/137
f 320/131 332/137 331/139
f 331/139 332/138 327/138
f 333/140 331/139 329/131
f 334/141 320/131 331/139
f 323/136 334/140 333/141
f 333/140 334/141 331/139
f 335/132 333/141 329/131
f 336/134 323/136 333/141
f 326/123 336/134 335/130
f 335/130 336/134 333/141
f 328/129 335/130 329/131
f 337/125 326/123 335/132
f 314/113 337/125 328/133
f 328/133 337/125 335/130
f 315/126 330/127 317/128
f 313/112 314/113 330/127
f 301/114 313/112 315/126
f 315/126 313/112 330/127
f 318/129 332/138 320/131
f 316/127 317/128 332/138
f 300/113 316/127 318/133
f 318/133 316/127 332/138
f 321/134 334/140 323/136
f 319/130 320/131 334/140
f 310/123 319/132 321/134
f 321/134 319/130 334/140
f 324/122 336/134 326/123
f 322/135 323/136 336/134
f 307/119 322/135 324/122
f 324/122 322/135 336/134
f 312/116 337/125 314/113
f 325/121 326/123 337/125
f 304/111 325/124 312/116
f 312/110 325/121 337/125
f 338/188 339/189 340/190
f 341/191 338/188 340/190
f 342/192 338/188 341/191
f 276/193 342/192 341/191
f 343/194 339/189 338/188
f 342/115 343/194 338/188
f 344/195 343/194 342/192
f 276/193 344/195 342/115
f 345/196 339/189 343/194
f 344/195 345/196 343/197
f 346/198 345/196 344/195
f 276/193 346/198 344/195
f 347/199 339/189 345/196
f 346/198 347/199 345/196
f 348/200 347/199 346/198
f 276/193 348/200 346/198
f 349/201 339/189 347/199
f 348/200 349/201 347/199
f 350/202 349/201 348/200
f 276/193 350/202 348/200
f 351/141 339/189 349/201
f 350/202 351/203 349/201
f 352/204 351/203 350/202
f 276/193 352/204 350/202
f 353/205 339/189 351/203
f 352/204 353/205 351/203
f 354/206 353/205 352/204
f 276/193 354/207 352/204
f 355/208 339/189 353/205
f 354/207 355/208 353/205
f 356/209 355/208 354/207
f 276/193 356/209 354/207
f 357/210 339/189 355/208
f 356/209 357/210 355/208
f 358/211 357/210 356/209
f 276/193 358/211 356/209
f 340/190 339/189 357/210
f 358/211 340/190 357/210
f 341/191 340/190 358/211
f 276/193 341/191 358/211
f 359/109 360/116 361/111
f 362/112 363/113 360/116
f 364/114 362/112 359/109
f 359/115 362/112 360/110
f 365/117 359/109 361/111
f 366/109 364/114 359/115
f 367/111 366/115 365/117
f 365/117 366/109 359/109
f 368/118 365/117 361/111
f 369/118 367/111 365/117
f 370/119 369/120 368/118
f 368/118 369/120 365/117
f 371/124 368/118 361/111
f 372/122 370/119 368/118
f 373/123 372/122 371/124
f 371/121 372/122 368/120
f 360/110 371/124 361/111
f 374/125 373/123 371/124
f 363/113 374/125 360/110
f 360/110 374/125 371/124
f 375/110 366/109 367/111
f 376/112 364/114 366/115
f 377/113 376/112 375/116
f 375/116 376/112 366/115
f 378/126 362/112 364/114
f 379/127 363/113 362/112
f 380/128 379/127 378/126
f 378/126 379/127 362/112
f 381/133 374/125 363/113
f 382/132 373/123 374/125
f 383/131 382/130 381/133
f 381/129 382/132 374/125
f 384/134 372/122 373/123
f 385/135 370/119 372/122
f 386/136 385/135 384/134
f 384/134 385/135 372/122
f 387/122 369/120 370/119
f 388/124 367/111 369/118
f 389/123 388/121 387/122
f 387/122 388/121 369/120
f 390/137 391/133 392/131
f 393/127 377/113 391/133
f 380/128 393/127 390/137
f 390/138 393/127 391/133
f 394/139 390/138 392/131
f 395/137 380/128 390/137
f 383/131 395/137 394/139
f 394/139 395/137 390/137
f 396/141 394/139 392/131
f 397/140 383/131 394/139
f 386/136 397/140 396/141
f 396/141 397/141 394/139
f 398/132 396/141 392/131
f 399/134 386/136 396/141
f 389/123 399/134 398/130
f 398/130 399/134 396/141
f 391/133 398/130 392/131
f 400/125 389/123 398/132
f 377/113 400/125 391/129
f 391/129 400/125 398/132
f 378/126 393/127 380/128
f 376/112 377/113 393/127
f 364/114 376/112 378/126
f 378/126 376/112 393/127
f 381/133 395/138 383/131
f 379/127 380/128 395/137
f 363/113 379/127 381/133
f 381/133 379/127 395/137
f 384/134 397/141 386/136
f 382/132 383/131 397/141
f 373/123 382/130 384/134
f 384/134 382/132 397/140
f 387/122 399/134 389/123
f 385/135 386/136 399/134
f 370/119 385/135 387/122
f 387/122 385/135 399/134
f 375/116 400/125 377/113
f 388/124 389/123 400/125
f 367/111 388/121 375/116
f 375/110 388/121 400/125
f 401/138 402/212 403/201
f 404/213 401/138 403/201
f 405/214 401/138 404/213
f 339/215 405/214 404/213
f 406/216 402/212 401/138
f 405/214 406/216 401/138
f 407/217 406/216 405/218
f 339/215 407/217 405/218
f 408/219 402/212 406/216
f 407/217 408/219 406/216
f 409/220 408/219 407/217
f 339/215 409/220 407/217
f 410/221 402/212 408/219
f 409/220 410/221 408/219
f 411/222 410/221 409/220
f 339/215 411/222 409/220
f 412/223 402/212 410/221
f 411/222 412/223 410/221
f 413/191 412/223 411/222
f 339/215 413/191 411/222
f 414/224 402/212 412/223
f 413/191 414/224 412/223
f 415/120 414/224 413/191
f 339/215 415/120 413/191
f 416/225 402/212 414/226
f 415/120 416/225 414/226
f 417/227 416/225 415/120
f 339/215 417/227 415/120
f 418/228 402/212 416/225
f 417/227 418/228 416/225
f 419/229 418/228 417/227
f 339/215 419/229 417/227
f 420/230 402/212 418/228
f 419/229 420/230 418/228
f 421/231 420/230 419/229
f 339/215 421/231 419/229
f 403/201 402/212 420/230
f 421/231 403/201 420/230
f 404/213 403/201 421/231
f 339/215 404/213 421/231
f 422/124 423/122 424/123
f 425/120 426/119 423/122
f 427/111 425/118 422/124
f 422/124 425/120 423/122
f 428/125 422/121 424/123
f 429/110 427/111 422/124
f 430/113 429/116 428/125
f 428/125 429/116 422/121
f 431/130 428/125 424/123
f 432/129 430/113 428/125
f 433/131 432/129 431/130
f 431/132 432/133 428/125
f 434/134 431/132 424/123
f 435/141 433/131 431/130
f 436/136 435/140 434/134
f 434/134 435/141 431/132
f 423/122 434/134 424/123
f 437/135 436/136 434/134
f 426/119 437/135 423/122
f 423/122 437/135 434/134
f 438/112 429/116 430/113
f 439/109 427/111 429/110
f 440/114 439/109 438/112
f 438/112 439/109 429/110
f 441/117 425/118 427/111
f 442/118 426/119 425/118
f 443/111 442/120 441/117
f 441/117 442/118 425/118
f 444/122 437/135 426/119
f 445/134 436/136 437/135
f 446/123 445/134 444/122
f 444/122 445/134 437/135
f 447/141 435/140 436/136
f 448/139 433/131 435/140
f 449/131 448/139 447/141
f 447/140 448/139 435/140
f 450/137 432/133 433/131
f 451/127 430/113 432/133
f 452/128 451/127 450/137
f 450/138 451/127 432/133
f 453/116 454/112 455/113
f 456/115 440/114 454/112
f 443/111 456/115 453/110
f 453/110 456/109 454/112
f 457/125 453/110 455/113
f 458/124 443/111 453/110
f 446/123 458/121 457/125
f 457/125 458/124 453/110
f 459/129 457/125 455/113
f 460/132 446/123 457/125
f 449/131 460/130 459/133
f 459/129 460/132 457/125
f 461/127 459/129 455/113
f 462/138 449/131 459/129
f 452/128 462/138 461/127
f 461/127 462/137 459/133
f 454/112 461/127 455/113
f 463/126 452/128 461/127
f 440/114 463/126 454/112
f 454/112 463/126 461/127
f 441/117 456/109 443/111
f 439/109 440/114 456/115
f 427/111 439/109 441/117
f 441/117 439/109 456/115
f 444/122 458/124 446/123
f 442/118 443/111 458/121
f 426/119 442/120 444/122
f 444/122 442/118 458/124
f 447/140 460/130 449/131
f 445/134 446/123 460/132
f 436/136 445/134 447/141
f 447/141 445/134 460/130
f 450/138 462/137 452/128
f 448/139 449/131 462/137
f 433/131 448/139 450/138
f 450/138 448/139 462/138
f 438/112 463/126 440/114
f 451/127 452/128 463/126
f 430/113 451/127 438/112
f 438/112 451/127 463/126
f 464/232 465/223 466/233
f 467/120 464/232 466/234
f 468/151 464/232 467/120
f 402/213 468/151 467/235
f 469/236 465/223 464/237
f 468/151 469/236 464/237
f 470/238 469/236 468/151
f 402/213 470/238 468/151
f 471/126 465/223 469/236
f 470/238 471/239 469/236
f 472/240 471/239 470/238
f 402/213 472/240 470/238
f 473/241 465/223 471/239
f 472/240 473/242 471/239
f 474/243 473/242 472/240
f 402/213 474/243 472/240
f 475/244 465/223 473/242
f 474/243 475/138 473/241
f 476/245 475/138 474/243
f 402/213 476/245 474/246
f 477/162 465/223 475/138
f 476/245 477/162 475/138
f 478/247 477/162 476/248
f 402/213 478/249 476/245
f 479/250 465/223 477/162
f 478/249 479/250 477/162
f 480/251 479/250 478/249
f 402/213 480/251 478/249
f 481/252 465/223 479/250
f 480/251 481/252 479/250
f 482/253 481/252 480/251
f 402/213 482/135 480/251
f 483/254 465/223 481/252
f 482/253 483/254 481/252
f 484/255 483/256 482/253
f 402/213 484/255 482/135
f 466/233 465/223 483/256
f 484/255 466/233 483/254
f 467/120 466/234 484/255
f 402/213 467/120 484/257
f 485/258 486/259 487/260
f 488/261 489/262 486/263
f 490/264 488/265 485/258
f 485/258 488/261 486/263
f 491/266 485/258 487/260
f 492/267 490/264 485/258
f 493/268 492/267 491/266
f 491/266 492/267 485/258
f 494/258 491/266 487/260
f 495/267 493/268 491/266
f 496/264 495/267 494/258
f 494/258 495/267 491/266
f 497/259 494/258 487/260
f 498/261 496/264 494/258
f 499/262 498/261 497/263
f 497/259 498/261 494/258
f 486/263 497/259 487/260
f 500/269 499/262 497/263
f 489/262 500/269 486/259
f 486/259 500/269 497/259
f 501/270 492/267 493/268
f 502/271 490/264 492/267
f 503/272 502/271 501/273
f 501/273 502/271 492/267
f 504/274 488/261 490/264
f 505/275 489/262 488/265
f 506/276 505/277 504/274
f 504/274 505/277 488/265
f 507/278 500/269 489/262
f 508/278 499/262 500/269
f 509/279 508/278 507/278
f 507/278 508/278 500/269
f 510/277 498/261 499/262
f 511/274 496/264 498/265
f 512/276 511/274 510/275
f 510/277 511/274 498/265
f 513/280 495/267 496/264
f 514/273 493/268 495/267
f 515/272 514/270 513/271
f 513/271 514/270 495/267
f 516/281 517/282 518/283
f 519/284 503/272 517/285
f 506/276 519/286 516/281
f 516/281 519/284 517/285
f 520/287 516/281 518/283
f 521/288 506/276 516/281
f 509/279 521/288 520/287
f 520/287 521/288 516/281
f 522/281 520/287 518/283
f 523/288 509/279 520/287
f 512/276 523/288 522/281
f 522/281 523/288 520/287
f 524/282 522/281 518/283
f 525/284 512/276 522/281
f 515/272 525/284 524/285
f 524/285 525/284 522/281
f 517/285 524/282 518/283
f 526/289 515/272 524/282
f 503/272 526/289 517/282
f 517/285 526/289 524/282
f 504/274 519/286 506/276
f 502/271 503/272 519/286
f 490/264 502/280 504/274
f 504/274 502/280 519/284
f 507/290 521/288 509/279
f 505/275 506/276 521/288
f 489/262 505/275 507/290
f 507/278 505/275 521/288
f 510/275 523/288 512/276
f 508/278 509/279 523/288
f 499/262 508/290 510/277
f 510/275 508/278 523/288
f 513/271 525/284 515/272
f 511/274 512/276 525/286
f 496/264 511/274 513/280
f 513/271 511/274 525/286
f 501/270 526/289 503/272
f 514/270 515/272 526/289
f 493/268 514/273 501/270
f 501/270 514/270 526/289
f 527/258 528/263 529/260
f 530/265 531/262 528/263
f 532/264 530/261 527/258
f 527/258 530/265 528/263
f 533/266 527/258 529/260
f 534/267 532/264 527/258
f 535/268 534/267 533/266
f 533/266 534/267 527/258
f 536/258 533/266 529/260
f 537/267 535/268 533/266
f 538/264 537/267 536/258
f 536/258 537/267 533/266
f 539/259 536/258 529/260
f 540/261 538/264 536/258
f 541/262 540/261 539/263
f 539/259 540/265 536/258
f 528/263 539/259 529/260
f 542/269 541/262 539/263
f 531/262 542/269 528/259
f 528/263 542/269 539/259
f 543/270 534/267 535/268
f 544/280 532/264 534/267
f 545/272 544/271 543/273
f 543/273 544/271 534/267
f 546/274 530/265 532/264
f 547/277 531/262 530/265
f 548/276 547/275 546/274
f 546/274 547/277 530/265
f 549/278 542/269 531/262
f 550/290 541/262 542/269
f 551/279 550/290 549/290
f 549/278 550/278 542/269
f 552/277 540/261 541/262
f 553/274 538/264 540/265
f 554/276 553/274 552/277
f 552/277 553/274 540/261
f 555/280 537/267 538/264
f 556/270 535/268 537/267
f 557/272 556/270 555/280
f 555/271 556/270 537/267
f 558/281 559/285 560/283
f 561/286 545/272 559/285
f 548/276 561/286 558/281
f 558/281 561/286 559/285
f 562/287 558/281 560/283
f 563/288 548/276 558/281
f 551/279 563/288 562/287
f 562/287 563/288 558/281
f 564/281 562/287 560/283
f 565/288 551/279 562/287
f 554/276 565/288 564/281
f 564/281 565/288 562/287
f 566/282 564/281 560/283
f 567/284 554/276 564/281
f 557/272 567/284 566/285
f 566/285 567/286 564/281
f 559/282 566/282 560/283
f 568/289 557/272 566/285
f 545/272 568/289 559/282
f 559/285 568/289 566/285
f 546/274 561/286 548/276
f 544/271 545/272 561/284
f 532/264 544/271 546/274
f 546/274 544/280 561/286
f 549/290 563/288 551/279
f 547/275 548/276 563/288
f 531/262 547/277 549/278
f 549/278 547/277 563/288
f 552/275 565/288 554/276
f 550/278 551/279 565/288
f 541/262 550/290 552/275
f 552/277 550/278 565/288
f 555/280 567/284 557/272
f 553/274 554/276 567/284
f 538/264 553/274 555/271
f 555/271 553/274 567/286
f 543/270 568/289 545/272
f 556/273 557/272 568/289
f 535/268 556/270 543/270
f 543/270 556/273 568/289
f 569/258 570/259 571/260
f 572/265 573/262 570/263
f 574/264 572/261 569/258
f 569/258 572/265 570/259
f 575/266 569/258 571/260
f 576/267 574/264 569/258
f 577/268 576/267 575/266
f 575/266 576/267 569/258
f 578/258 575/266 571/260
f 579/267 577/268 575/266
f 580/264 579/267 578/258
f 578/258 579/267 575/266
f 581/263 578/258 571/260
f 582/261 580/264 578/258
f 583/262 582/261 581/263
f 581/263 582/261 578/258
f 570/263 581/259 571/260
f 584/269 583/262 581/259
f 573/262 584/269 570/259
f 570/259 584/269 581/259
f 585/273 576/267 577/268
f 586/271 574/264 576/267
f 587/272 586/271 585/270
f 585/273 586/280 576/267
f 588/274 572/265 574/264
f 589/275 573/262 572/261
f 590/276 589/277 588/274
f 588/274 589/275 572/265
f 591/278 584/269 573/262
f 592/290 583/262 584/269
f 593/279 592/278 591/290
f 591/290 592/290 584/269
f 594/277 582/261 583/262
f 595/274 580/264 582/261
f 596/276 595/274 594/275
f 594/275 595/274 582/265
f 597/271 579/267 580/264
f 598/270 577/268 579/267
f 599/272 598/270 597/280
f 597/271 598/270 579/267
f 600/281 601/285 602/283
f 603/284 587/272 601/285
f 590/276 603/286 600/281
f 600/281 603/286 601/285
f 604/287 600/281 602/283
f 605/288 590/276 600/281
f 593/279 605/288 604/287
f 604/287 605/288 600/281
f 606/281 604/287 602/283
f 607/288 593/279 604/287
f 596/276 607/288 606/281
f 606/281 607/288 604/287
f 608/285 606/281 602/283
f 609/286 596/276 606/281
f 599/272 609/284 608/282
f 608/282 609/284 606/281
f 601/285 608/285 602/283
f 610/289 599/272 608/282
f 587/272 610/289 601/282
f 601/285 610/289 608/282
f 588/274 603/286 590/276
f 586/271 587/272 603/284
f 574/264 586/271 588/274
f 588/274 586/271 603/284
f 591/290 605/288 593/279
f 589/275 590/276 605/288
f 573/262 589/275 591/278
f 591/290 589/277 605/288
f 594/277 607/288 596/276
f 592/278 593/279 607/288
f 583/262 592/278 594/277
f 594/277 592/290 607/288
f 597/280 609/284 599/272
f 595/274 596/276 609/286
f 580/264 595/274 597/271
f 597/280 595/274 609/284
f 585/270 610/289 587/272
f 598/270 599/272 610/289
f 577/268 598/270 585/270
f 585/273 598/270 610/289
f 611/34 612/35 613/36
f 614/37 615/38 612/35
f 616/39 614/40 611/34
f 611/34 614/37 612/41
f 617/26 611/34 613/36
f 618/42 616/39 611/34
f 619/43 618/42 617/26
f 617/26 618/42 611/34
f 620/34 617/26 613/36
f 621/42 619/43 617/26
f 622/39 621/42 620/34
f 620/34 621/42 617/26
f 623/35 620/34 613/36
f 624/40 622/39 620/34
f 625/38 624/40 623/35
f 623/41 624/37 620/34
f 612/41 623/35 613/36
f 626/20 625/38 623/41
f 615/38 626/20 612/35
f 612/35 626/20 623/41
f 627/44 618/42 619/43
f 628/54 616/39 618/42
f 629/46 628/45 627/44
f 627/47 628/54 618/42
f 630/8 614/37 616/39
f 631/48 615/38 614/37
f 632/49 631/48 630/8
f 630/8 631/48 614/40
f 633/52 626/20 615/38
f 634/52 625/38 626/20
f 635/53 634/51 633/51
f 633/52 634/51 626/20
f 636/50 624/40 625/38
f 637/8 622/39 624/37
f 638/49 637/8 636/50
f 636/50 637/8 624/37
f 639/45 621/42 622/39
f 640/44 619/43 621/42
f 641/46 640/44 639/54
f 639/45 640/44 621/42
f 642/55 643/56 644/57
f 645/59 629/46 643/56
f 632/49 645/59 642/55
f 642/55 645/58 643/60
f 646/27 642/55 644/57
f 647/61 632/49 642/55
f 635/53 647/61 646/27
f 646/27 647/61 642/55
f 648/55 646/27 644/57
f 649/61 635/53 646/27
f 638/49 649/61 648/55
f 648/55 649/61 646/27
f 650/60 648/55 644/57
f 651/58 638/49 648/55
f 641/46 651/59 650/60
f 650/56 651/59 648/55
f 643/56 650/56 644/57
f 652/33 641/46 650/60
f 629/46 652/33 643/60
f 643/56 652/33 650/56
f 630/8 645/59 632/49
f 628/45 629/46 645/59
f 616/39 628/45 630/8
f 630/8 628/54 645/58
f 633/51 647/61 635/53
f 631/50 632/49 647/61
f 615/38 631/48 633/52
f 633/52 631/50 647/61
f 636/50 649/61 638/49
f 634/52 635/53 649/61
f 625/38 634/52 636/48
f 636/50 634/52 649/61
f 639/54 651/59 641/46
f 637/8 638/49 651/59
f 622/39 637/8 639/54
f 639/54 637/8 651/59
f 627/47 652/33 629/46
f 640/44 641/46 652/33
f 619/43 640/44 627/44
f 627/44 640/44 652/33
f 653/44 654/54 655/46
f 656/42 657/39 654/54
f 658/43 656/42 653/44
f 653/47 656/42 654/54
f 659/33 653/47 655/46
f 660/47 658/43 653/44
f 661/46 660/44 659/33
f 659/33 660/47 653/47
f 662/56 659/33 655/46
f 663/56 661/46 659/33
f 664/57 663/60 662/60
f 662/56 663/60 659/33
f 665/59 662/60 655/46
f 666/55 664/57 662/60
f 667/49 666/55 665/59
f 665/59 666/55 662/60
f 654/54 665/58 655/46
f 668/8 667/49 665/58
f 657/39 668/8 654/54
f 654/54 668/8 665/59
f 669/45 660/47 661/46
f 670/42 658/43 660/44
f 671/39 670/42 669/45
f 669/54 670/42 660/47
f 672/26 656/42 658/43
f 673/34 657/39 656/42
f 674/36 673/34 672/26
f 672/26 673/34 656/42
f 675/40 668/8 657/39
f 676/50 667/49 668/8
f 677/38 676/48 675/40
f 675/37 676/48 668/8
f 678/61 666/55 667/49
f 679/27 664/57 666/55
f 680/53 679/27 678/61
f 678/61 679/27 666/55
f 681/55 663/60 664/57
f 682/59 661/46 663/56
f 683/49 682/58 681/55
f 681/55 682/59 663/56
f 684/41 685/37 686/38
f 687/34 671/39 685/40
f 674/36 687/34 684/35
f 684/41 687/34 685/37
f 688/20 684/35 686/38
f 689/41 674/36 684/35
f 677/38 689/41 688/20
f 688/20 689/35 684/35
f 690/51 688/20 686/38
f 691/51 677/38 688/20
f 680/53 691/52 690/51
f 690/51 691/52 688/20
f 692/50 690/52 686/38
f 693/61 680/53 690/51
f 683/49 693/61 692/50
f 692/50 693/61 690/51
f 685/37 692/48 686/38
f 694/8 683/49 692/50
f 671/39 694/8 685/40
f 685/37 694/8 692/50
f 672/26 687/34 674/36
f 670/42 671/39 687/34
f 658/43 670/42 672/26
f 672/26 670/42 687/34
f 675/40 689/35 677/38
f 673/34 674/36 689/35
f 657/39 673/34 675/37
f 675/40 673/34 689/35
f 678/61 691/52 680/53
f 676/50 677/38 691/51
f 667/49 676/48 678/61
f 678/61 676/48 691/52
f 681/55 693/61 683/49
f 679/27 680/53 693/61
f 664/57 679/27 681/55
f 681/55 679/27 693/61
f 669/45 694/8 671/39
f 682/59 683/49 694/8
f 661/46 682/59 669/45
f 669/54 682/59 694/8
f 695/109 696/110 697/111
f 698/112 699/113 696/116
f 700/114 698/112 695/115
f 695/109 698/112 696/110
f 701/117 695/115 697/111
f 702/115 700/114 695/109
f 703/111 702/115 701/117
f 701/117 702/115 695/115
f 704/120 701/117 697/111
f 705/120 703/111 701/117
f 706/119 705/118 704/120
f 704/120 705/120 701/117
f 707/124 704/118 697/111
f 708/122 706/119 704/120
f 709/123 708/122 707/124
f 707/124 708/122 704/118
f 696/116 707/124 697/111
f 710/125 709/123 707/124
f 699/113 710/125 696/116
f 696/110 710/125 707/124
f 711/116 702/115 703/111
f 712/112 700/114 702/115
f 713/113 712/112 711/110
f 711/116 712/112 702/115
f 714/126 698/112 700/114
f 715/127 699/113 698/112
f 716/128 715/127 714/126
f 714/126 715/127 698/112
f 717/133 710/125 699/113
f 718/130 709/123 710/125
f 719/131 718/132 717/129
f 717/129 718/130 710/125
f 720/134 708/122 709/123
f 721/135 706/119 708/122
f 722/136 721/135 720/134
f 720/134 721/135 708/122
f 723/122 705/118 706/119
f 724/124 703/111 705/120
f 725/123 724/124 723/122
f 723/122 724/121 705/120
f 726/138 727/129 728/131
f 729/127 713/113 727/129
f 716/128 729/127 726/137
f 726/137 729/127 727/133
f 730/139 726/138 728/131
f 731/137 716/128 726/137
f 719/131 731/137 730/139
f 730/139 731/138 726/138
f 732/141 730/139 728/131
f 733/140 719/131 730/139
f 722/136 733/141 732/140
f 732/141 733/140 730/139
f 734/130 732/140 728/131
f 735/134 722/136 732/140
f 725/123 735/134 734/130
f 734/132 735/134 732/141
f 727/129 734/130 728/131
f 736/125 725/123 734/132
f 713/113 736/125 727/133
f 727/133 736/125 734/130
f 714/126 729/127 716/128
f 712/112 713/113 729/127
f 700/114 712/112 714/126
f 714/126 712/112 729/127
f 717/129 731/138 719/131
f 715/127 716/128 731/138
f 699/113 715/127 717/133
f 717/133 715/127 731/138
f 720/134 733/141 722/136
f 718/132 719/131 733/141
f 709/123 718/130 720/134
f 720/134 718/132 733/141
f 723/122 735/134 725/123
f 721/135 722/136 735/134
f 706/119 721/135 723/122
f 723/122 721/135 735/134
f 711/110 736/125 713/113
f 724/121 725/123 736/125
f 703/111 724/121 711/110
f 711/116 724/124 736/125
f 737/258 738/259 739/260
f 740/265 741/262 738/259
f 742/264 740/265 737/258
f 737/258 740/261 738/259
f 743/266 737/258 739/260
f 744/267 742/264 737/258
f 745/268 744/267 743/266
f 743/266 744/267 737/258
f 746/258 743/266 739/260
f 747/267 745/268 743/266
f 748/264 747/267 746/258
f 746/258 747/267 743/266
f 749/263 746/258 739/260
f 750/261 748/264 746/258
f 751/262 750/265 749/263
f 749/259 750/265 746/258
f 738/259 749/259 739/260
f 752/269 751/262 749/263
f 741/262 752/269 738/259
f 738/259 752/269 749/263
f 753/273 744/267 745/268
f 754/271 742/264 744/267
f 755/272 754/271 753/270
f 753/273 754/280 744/267
f 756/274 740/265 742/264
f 757/275 741/262 740/265
f 758/276 757/277 756/274
f 756/274 757/277 740/265
f 759/278 752/269 741/262
f 760/290 751/262 752/269
f 761/279 760/278 759/278
f 759/290 760/278 752/269
f 762/275 750/261 751/262
f 763/274 748/264 750/265
f 764/276 763/274 762/277
f 762/275 763/274 750/261
f 765/280 747/267 748/264
f 766/273 745/268 747/267
f 767/272 766/273 765/271
f 765/280 766/273 747/267
f 768/281 769/282 770/283
f 771/286 755/272 769/285
f 758/276 771/284 768/281
f 768/281 771/286 769/282
f 772/287 768/281 770/283
f 773/288 758/276 768/281
f 761/279 773/288 772/287
f 772/287 773/288 768/281
f 774/281 772/287 770/283
f 775/288 761/279 772/287
f 764/276 775/288 774/281
f 774/281 775/288 772/287
f 776/285 774/281 770/283
f 777/286 764/276 774/281
f 767/272 777/284 776/285
f 776/282 777/286 774/281
f 769/285 776/282 770/283
f 778/289 767/272 776/282
f 755/272 778/289 769/282
f 769/282 778/289 776/285
f 756/274 771/286 758/276
f 754/271 755/272 771/286
f 742/264 754/271 756/274
f 756/274 754/280 771/286
f 759/290 773/288 761/279
f 757/275 758/276 773/288
f 741/262 757/275 759/290
f 759/278 757/277 773/288
f 762/275 775/288 764/276
f 760/290 761/279 775/288
f 751/262 760/290 762/277
f 762/277 760/290 775/288
f 765/271 777/286 767/272
f 763/274 764/276 777/284
f 748/264 763/274 765/280
f 765/280 763/274 777/286
f 753/270 778/289 755/272
f 766/270 767/272 778/289
f 745/268 766/270 753/273
f 753/270 766/273 778/289
f 779/258 780/263 781/260
f 782/261 783/262 780/259
f 784/264 782/261 779/258
f 779/258 782/265 780/263
f 785/266 779/258 781/260
f 786/267 784/264 779/258
f 787/268 786/267 785/266
f 785/266 786/267 779/258
f 788/258 785/266 781/260
f 789/267 787/268 785/266
f 790/264 789/267 788/258
f 788/258 789/267 785/266
f 791/263 788/258 781/260
f 792/261 790/264 788/258
f 793/262 792/265 791/263
f 791/259 792/261 788/258
f 780/259 791/263 781/260
f 794/269 793/262 791/259
f 783/262 794/269 780/259
f 780/263 794/269 791/263
f 795/273 786/267 787/268
f 796/280 784/264 786/267
f 797/272 796/280 795/270
f 795/270 796/280 786/267
f 798/274 782/261 784/264
f 799/275 783/262 782/265
f 800/276 799/275 798/274
f 798/274 799/275 782/261
f 801/290 794/269 783/262
f 802/278 793/262 794/269
f 803/279 802/290 801/290
f 801/278 802/290 794/269
f 804/277 792/261 793/262
f 805/274 790/264 792/265
f 806/276 805/274 804/277
f 804/277 805/274 792/261
f 807/280 789/267 790/264
f 808/273 787/268 789/267
f 809/272 808/270 807/271
f 807/280 808/270 789/267
f 810/281 811/285 812/283
f 813/284 797/272 811/282
f 800/276 813/284 810/281
f 810/281 813/286 811/282
f 814/287 810/281 812/283
f 815/288 800/276 810/281
f 803/279 815/288 814/287
f 814/287 815/288 810/281
f 816/281 814/287 812/283
f 817/288 803/279 814/287
f 806/276 817/288 816/281
f 816/281 817/288 814/287
f 818/282 816/281 812/283
f 819/286 806/276 816/281
f 809/272 819/286 818/282
f 818/282 819/284 816/281
f 811/285 818/282 812/283
f 820/289 809/272 818/282
f 797/272 820/289 811/285
f 811/285 820/289 818/285
f 798/274 813/284 800/276
f 796/271 797/272 813/286
f 784/264 796/280 798/274
f 798/274 796/280 813/286
f 801/290 815/288 803/279
f 799/275 800/276 815/288
f 783/262 799/275 801/290
f 801/278 799/275 815/288
f 804/277 817/288 806/276
f 802/278 803/279 817/288
f 793/262 802/278 804/275
f 804/277 802/290 817/288
f 807/280 819/284 809/272
f 805/274 806/276 819/286
f 790/264 805/274 807/280
f 807/271 805/274 819/286
f 795/273 820/289 797/272
f 808/273 809/272 820/289
f 787/268 808/270 795/270
f 795/270 808/270 820/289
f 821/258 822/263 823/260
f 824/261 825/262 822/259
f 826/264 824/265 821/258
f 821/258 824/261 822/263
f 827/266 821/258 823/260
f 828/267 826/264 821/258
f 829/268 828/267 827/266
f 827/266 828/267 821/258
f 830/258 827/266 823/260
f 831/267 829/268 827/266
f 832/264 831/267 830/258
f 830/258 831/267 827/266
f 833/263 830/258 823/260
f 834/265 832/264 830/258
f 835/262 834/261 833/263
f 833/263 834/265 830/258
f 822/263 833/263 823/260
f 836/269 835/262 833/259
f 825/262 836/269 822/259
f 822/263 836/269 833/263
f 837/270 828/267 829/268
f 838/271 826/264 828/267
f 839/272 838/271 837/270
f 837/270 838/280 828/267
f 840/274 824/265 826/264
f 841/277 825/262 824/265
f 842/276 841/275 840/274
f 840/274 841/277 824/261
f 843/278 836/269 825/262
f 844/278 835/262 836/269
f 845/279 844/278 843/290
f 843/278 844/290 836/269
f 846/277 834/265 835/262
f 847/274 832/264 834/265
f 848/276 847/274 846/277
f 846/277 847/274 834/265
f 849/280 831/267 832/264
f 850/273 829/268 831/267
f 851/272 850/270 849/271
f 849/271 850/273 831/267
f 852/281 853/285 854/283
f 855/286 839/272 853/285
f 842/276 855/286 852/281
f 852/281 855/286 853/285
f 856/287 852/281 854/283
f 857/288 842/276 852/281
f 845/279 857/288 856/287
f 856/287 857/288 852/281
f 858/281 856/287 854/283
f 859/288 845/279 856/287
f 848/276 859/288 858/281
f 858/281 859/288 856/287
f 860/285 858/281 854/283
f 861/284 848/276 858/281
f 851/272 861/286 860/282
f 860/282 861/284 858/281
f 853/285 860/285 854/283
f 862/289 851/272 860/285
f 839/272 862/289 853/282
f 853/285 862/289 860/285
f 840/274 855/284 842/276
f 838/271 839/272 855/286
f 826/264 838/271 840/274
f 840/274 838/280 855/286
f 843/278 857/288 845/279
f 841/275 842/276 857/288
f 825/262 841/275 843/290
f 843/278 841/275 857/288
f 846/277 859/288 848/276
f 844/278 845/279 859/288
f 835/262 844/290 846/275
f 846/277 844/278 859/288
f 849/280 861/284 851/272
f 847/274 848/276 861/286
f 832/264 847/274 849/271
f 849/280 847/274 861/284
f 837/270 862/289 839/272
f 850/270 851/272 862/289
f 829/268 850/273 837/273
f 837/270 850/270 862/289
f 863/34 864/41 865/36
f 866/40 867/38 864/35
f 868/39 866/37 863/34
f 863/34 866/40 864/41
f 869/26 863/34 865/36
f 870/42 868/39 863/34
f 871/43 870/42 869/26
f 869/26 870/42 863/34
f 872/34 869/26 865/36
f 873/42 871/43 869/26
f 874/39 873/42 872/34
f 872/34 873/42 869/26
f 875/35 872/34 865/36
f 876/40 874/39 872/34
f 877/38 876/37 875/41
f 875/41 876/40 872/34
f 864/41 875/41 865/36
f 878/20 877/38 875/41
f 867/38 878/20 864/35
f 864/35 878/20 875/41
f 879/47 870/42 871/43
f 880/45 868/39 870/42
f 881/46 880/54 879/47
f 879/44 880/45 870/42
f 882/8 866/37 868/39
f 883/48 867/38 866/37
f 884/49 883/50 882/8
f 882/8 883/50 866/40
f 885/52 878/20 867/38
f 886/52 877/38 878/20
f 887/53 886/51 885/52
f 885/52 886/52 878/20
f 888/48 876/37 877/38
f 889/8 874/39 876/40
f 890/49 889/8 888/50
f 888/48 889/8 876/37
f 891/54 873/42 874/39
f 892/44 871/43 873/42
f 893/46 892/44 891/54
f 891/54 892/47 873/42
f 894/55 895/60 896/57
f 897/58 881/46 895/56
f 884/49 897/59 894/55
f 894/55 897/59 895/60
f 898/27 894/55 896/57
f 899/61 884/49 894/55
f 887/53 899/61 898/27
f 898/27 899/61 894/55
f 900/55 898/27 896/57
f 901/61 887/53 898/27
f 890/49 901/61 900/55
f 900/55 901/61 898/27
f 902/60 900/55 896/57
f 903/58 890/49 900/55
f 893/46 903/59 902/60
f 902/60 903/58 900/55
f 895/56 902/56 896/57
f 904/33 893/46 902/56
f 881/46 904/33 895/56
f 895/56 904/33 902/56
f 882/8 897/58 884/49
f 880/54 881/46 897/59
f 868/39 880/54 882/8
f 882/8 880/45 897/58
f 885/52 899/61 887/53
f 883/48 884/49 899/61
f 867/38 883/48 885/51
f 885/52 883/50 899/61
f 888/50 901/61 890/49
f 886/52 887/53 901/61
f 877/38 886/51 888/50
f 888/50 886/52 901/61
f 891/54 903/59 893/46
f 889/8 890/49 903/58
f 874/39 889/8 891/45
f 891/45 889/8 903/59
f 879/44 904/33 881/46
f 892/44 893/46 904/33
f 871/43 892/44 879/44
f 879/44 892/47 904/33
f 905/47 906/54 907/46
f 908/42 909/39 906/45
f 910/43 908/42 905/44
f 905/47 908/42 906/54
f 911/33 905/47 907/46
f 912/47 910/43 905/47
f 913/46 912/44 911/33
f 911/33 912/44 905/44
f 914/60 911/33 907/46
f 915/56 913/46 911/33
f 916/57 915/60 914/60
f 914/56 915/60 911/33
f 917/59 914/56 907/46
f 918/55 916/57 914/60
f 919/49 918/55 917/59
f 917/59 918/55 914/56
f 906/45 917/58 907/46
f 920/8 919/49 917/58
f 909/39 920/8 906/45
f 906/54 920/8 917/59
f 921/45 912/47 913/46
f 922/42 910/43 912/44
f 923/39 922/42 921/54
f 921/45 922/42 912/47
f 924/26 908/42 910/43
f 925/34 909/39 908/42
f 926/36 925/34 924/26
f 924/26 925/34 908/42
f 927/37 920/8 909/39
f 928/50 919/49 920/8
f 929/38 928/50 927/40
f 927/40 928/48 920/8
f 930/61 918/55 919/49
f 931/27 916/57 918/55
f 932/53 931/27 930/61
f 930/61 931/27 918/55
f 933/55 915/60 916/57
f 934/59 913/46 915/60
f 935/49 934/59 933/55
f 933/55 934/59 915/56
f 936/35 937/37 938/38
f 939/34 923/39 937/37
f 926/36 939/34 936/35
f 936/35 939/34 937/40
f 940/20 936/35 938/38
f 941/35 926/36 936/41
f 929/38 941/41 940/20
f 940/20 941/41 936/35
f 942/52 940/20 938/38
f 943/52 929/38 940/20
f 932/53 943/51 942/52
f 942/52 943/52 940/20
f 944/50 942/51 938/38
f 945/61 932/53 942/51
f 935/49 945/61 944/48
f 944/48 945/61 942/51
f 937/37 944/48 938/38
f 946/8 935/49 944/50
f 923/39 946/8 937/40
f 937/37 946/8 944/50
f 924/26 939/34 926/36
f 922/42 923/39 939/34
f 910/43 922/42 924/26
f 924/26 922/42 939/34
f 927/37 941/35 929/38
f 925/34 926/36 941/41
f 909/39 925/34 927/40
f 927/37 925/34 941/35
f 930/61 943/52 932/53
f 928/48 929/38 943/52
f 919/49 928/48 930/61
f 930/61 928/48 943/51
f 933/55 945/61 935/49
f 931/27 932/53 945/61
f 916/57 931/27 933/55
f 933/55 931/27 945/61
f 921/54 946/8 923/39
f 934/58 935/49 946/8
f 913/46 934/58 921/45
f 921/45 934/59 946/8
f 947/109 948/110 949/111
f 950/112 951/113 948/110
f 952/114 950/112 947/109
f 947/115 950/112 948/110
f 953/117 947/109 949/111
f 954/115 952/114 947/115
f 955/111 954/109 953/117
f 953/117 954/115 947/109
f 956/120 953/117 949/111
f 957/118 955/111 953/117
f 958/119 957/120 956/118
f 956/120 957/120 953/117
f 959/124 956/118 949/111
f 960/122 958/119 956/120
f 961/123 960/122 959/124
f 959/124 960/122 956/118
f 948/110 959/124 949/111
f 962/125 961/123 959/124
f 951/113 962/125 948/116
f 948/116 962/125 959/124
f 963/116 954/115 955/111
f 964/112 952/114 954/109
f 965/113 964/112 963/116
f 963/110 964/112 954/109
f 966/126 950/112 952/114
f 967/127 951/113 950/112
f 968/128 967/127 966/126
f 966/126 967/127 950/112
f 969/133 962/125 951/113
f 970/130 961/123 962/125
f 971/131 970/132 969/129
f 969/133 970/130 962/125
f 972/134 960/122 961/123
f 973/135 958/119 960/122
f 974/136 973/135 972/134
f 972/134 973/135 960/122
f 975/122 957/120 958/119
f 976/124 955/111 957/118
f 977/123 976/121 975/122
f 975/122 976/121 957/118
f 978/137 979/133 980/131
f 981/127 965/113 979/133
f 968/128 981/127 978/138
f 978/137 981/127 979/133
f 982/139 978/137 980/131
f 983/138 968/128 978/138
f 971/131 983/137 982/139
f 982/139 983/138 978/138
f 984/141 982/139 980/131
f 985/141 971/131 982/139
f 974/136 985/141 984/141
f 984/140 985/140 982/139
f 986/132 984/140 980/131
f 987/134 974/136 984/141
f 977/123 987/134 986/130
f 986/132 987/134 984/140
f 979/133 986/130 980/131
f 988/125 977/123 986/130
f 965/113 988/125 979/129
f 979/129 988/125 986/132
f 966/126 981/127 968/128
f 964/112 965/113 981/127
f 952/114 964/112 966/126
f 966/126 964/112 981/127
f 969/129 983/138 971/131
f 967/127 968/128 983/137
f 951/113 967/127 969/129
f 969/133 967/127 983/137
f 972/134 985/141 974/136
f 970/130 971/131 985/141
f 961/123 970/132 972/134
f 972/134 970/132 985/140
f 975/122 987/134 977/123
f 973/135 974/136 987/134
f 958/119 973/135 975/122
f 975/122 973/135 987/134
f 963/110 988/125 965/113
f 976/124 977/123 988/125
f 955/111 976/124 963/116
f 963/116 976/121 988/125
f 989/258 990/263 991/260
f 992/261 993/262 990/259
f 994/264 992/261 989/258
f 989/258 992/261 990/263
f 995/266 989/258 991/260
f 996/267 994/264 989/258
f 997/268 996/267 995/266
f 995/266 996/267 989/258
f 998/258 995/266 991/260
f 999/267 997/268 995/266
f 1000/264 999/267 998/258
f 998/258 999/267 995/266
f 1001/259 998/258 991/260
f 1002/265 1000/264 998/258
f 1003/262 1002/265 1001/263
f 1001/263 1002/265 998/258
f 990/259 1001/263 991/260
f 1004/269 1003/262 1001/263
f 993/262 1004/269 990/259
f 990/263 1004/269 1001/263
f 1005/270 996/267 997/268
f 1006/280 994/264 996/267
f 1007/272 1006/280 1005/270
f 1005/273 1006/280 996/267
f 1008/274 992/265 994/264
f 1009/277 993/262 992/265
f 1010/276 1009/277 1008/274
f 1008/274 1009/277 992/265
f 1011/290 1004/269 993/262
f 1012/290 1003/262 1004/269
f 1013/279 1012/290 1011/290
f 1011/290 1012/278 1004/269
f 1014/275 1002/265 1003/262
f 1015/274 1000/264 1002/265
f 1016/276 1015/274 1014/275
f 1014/277 1015/274 1002/261
f 1017/271 999/267 1000/264
f 1018/270 997/268 999/267
f 1019/272 1018/270 1017/271
f 1017/271 1018/270 999/267
f 1020/281 1021/282 1022/283
f 1023/286 1007/272 1021/285
f 1010/276 1023/284 1020/281
f 1020/281 1023/286 1021/282
f 1024/287 1020/281 1022/283
f 1025/288 1010/276 1020/281
f 1013/279 1025/288 1024/287
f 1024/287 1025/288 1020/281
f 1026/281 1024/287 1022/283
f 1027/288 1013/279 1024/287
f 1016/276 1027/288 1026/281
f 1026/281 1027/288 1024/287
f 1028/282 1026/281 1022/283
f 1029/284 1016/276 1026/281
f 1019/272 1029/286 1028/285
f 1028/285 1029/286 1026/281
f 1021/285 1028/285 1022/283
f 1030/289 1019/272 1028/282
f 1007/272 1030/289 1021/282
f 1021/282 1030/289 1028/282
f 1008/274 1023/286 1010/276
f 1006/271 1007/272 1023/284
f 994/264 1006/280 1008/274
f 1008/274 1006/271 1023/284
f 1011/290 1025/288 1013/279
f 1009/277 1010/276 1025/288
f 993/262 1009/275 1011/278
f 1011/278 1009/277 1025/288
f 1014/275 1027/288 1016/276
f 1012/290 1013/279 1027/288
f 1003/262 1012/278 1014/275
f 1014/275 1012/278 1027/288
f 1017/280 1029/284 1019/272
f 1015/274 1016/276 1029/284
f 1000/264 1015/274 1017/271
f 1017/280 1015/274 1029/284
f 1005/273 1030/289 1007/272
f 1018/270 1019/272 1030/289
f 997/268 1018/273 1005/273
f 1005/273 1018/270 1030/289
f 1031/258 1032/263 1033/260
f 1034/265 1035/262 1032/259
f 1036/264 1034/261 1031/258
f 1031/258 1034/261 1032/263
f 1037/266 1031/258 1033/260
f 1038/267 1036/264 1031/258
f 1039/268 1038/267 1037/266
f 1037/266 1038/267 1031/258
f 1040/258 1037/266 1033/260
f 1041/267 1039/268 1037/266
f 1042/264 1041/267 1040/258
f 1040/258 1041/267 1037/266
f 1043/259 1040/258 1033/260
f 1044/265 1042/264 1040/258
f 1045/262 1044/265 1043/259
f 1043/259 1044/265 1040/258
f 1032/263 1043/263 1033/260
f 1046/269 1045/262 1043/259
f 1035/262 1046/269 1032/259
f 1032/259 1046/269 1043/259
f 1047/273 1038/267 1039/268
f 1048/271 1036/264 1038/267
f 1049/272 1048/271 1047/273
f 1047/270 1048/271 1038/267
f 1050/274 1034/261 1036/264
f 1051/277 1035/262 1034/261
f 1052/276 1051/277 1050/274
f 1050/274 1051/275 1034/265
f 1053/278 1046/269 1035/262
f 1054/290 1045/262 1046/269
f 1055/279 1054/278 1053/290
f 1053/278 1054/278 1046/269
f 1056/277 1044/265 1045/262
f 1057/274 1042/264 1044/265
f 1058/276 1057/274 1056/277
f 1056/277 1057/274 1044/261
f 1059/271 1041/267 1042/264
f 1060/273 1039/268 1041/267
f 1061/272 1060/273 1059/271
f 1059/271 1060/273 1041/267
f 1062/281 1063/282 1064/283
f 1065/284 1049/272 1063/285
f 1052/276 1065/286 1062/281
f 1062/281 1065/284 1063/282
f 1066/287 1062/281 1064/283
f 1067/288 1052/276 1062/281
f 1055/279 1067/288 1066/287
f 1066/287 1067/288 1062/281
f 1068/281 1066/287 1064/283
f 1069/288 1055/279 1066/287
f 1058/276 1069/288 1068/281
f 1068/281 1069/288 1066/287
f 1070/285 1068/281 1064/283
f 1071/284 1058/276 1068/281
f 1061/272 1071/286 1070/282
f 1070/282 1071/286 1068/281
f 1063/282 1070/282 1064/283
f 1072/289 1061/272 1070/282
f 1049/272 1072/289 1063/282
f 1063/282 1072/289 1070/282
f 1050/274 1065/286 1052/276
f 1048/271 1049/272 1065/286
f 1036/264 1048/280 1050/274
f 1050/274 1048/271 1065/284
f 1053/290 1067/288 1055/279
f 1051/275 1052/276 1067/288
f 1035/262 1051/277 1053/290
f 1053/290 1051/277 1067/288
f 1056/275 1069/288 1058/276
f 1054/290 1055/279 1069/288
f 1045/262 1054/278 1056/277
f 1056/277 1054/290 1069/288
f 1059/280 1071/286 1061/272
f 1057/274 1058/276 1071/286
f 1042/264 1057/274 1059/280
f 1059/280 1057/274 1071/284
f 1047/270 1072/289 1049/272
f 1060/270 1061/272 1072/289
f 1039/268 1060/270 1047/273
f 1047/273 1060/270 1072/289
f 1073/258 1074/259 1075/260
f 1076/265 1077/262 1074/259
f 1078/264 1076/265 1073/258
f 1073/258 1076/261 1074/263
f 1079/266 1073/258 1075/260
f 1080/267 1078/264 1073/258
f 1081/268 1080/267 1079/266
f 1079/266 1080/267 1073/258
f 1082/258 1079/266 1075/260
f 1083/267 1081/268 1079/266
f 1084/264 1083/267 1082/258
f 1082/258 1083/267 1079/266
f 1085/259 1082/258 1075/260
f 1086/261 1084/264 1082/258
f 1087/262 1086/265 1085/259
f 1085/259 1086/261 1082/258
f 1074/259 1085/263 1075/260
f 1088/269 1087/262 1085/263
f 1077/262 1088/269 1074/263
f 1074/263 1088/269 1085/259
f 1089/270 1080/267 1081/268
f 1090/280 1078/264 1080/267
f 1091/272 1090/271 1089/273
f 1089/273 1090/271 1080/267
f 1092/274 1076/265 1078/264
f 1093/277 1077/262 1076/265
f 1094/276 1093/277 1092/274
f 1092/274 1093/277 1076/265
f 1095/278 1088/269 1077/262
f 1096/290 1087/262 1088/269
f 1097/279 1096/278 1095/290
f 1095/278 1096/290 1088/269
f 1098/275 1086/265 1087/262
f 1099/274 1084/264 1086/261
f 1100/276 1099/274 1098/275
f 1098/277 1099/274 1086/261
f 1101/280 1083/267 1084/264
f 1102/273 1081/268 1083/267
f 1103/272 1102/270 1101/280
f 1101/280 1102/270 1083/267
f 1104/281 1105/282 1106/283
f 1107/286 1091/272 1105/282
f 1094/276 1107/284 1104/281
f 1104/281 1107/286 1105/282
f 1108/287 1104/281 1106/283
f 1109/288 1094/276 1104/281
f 1097/279 1109/288 1108/287
f 1108/287 1109/288 1104/281
f 1110/281 1108/287 1106/283
f 1111/288 1097/279 1108/287
f 1100/276 1111/288 1110/281
f 1110/281 1111/288 1108/287
f 1112/282 1110/281 1106/283
f 1113/286 1100/276 1110/281
f 1103/272 1113/286 1112/285
f 1112/285 1113/286 1110/281
f 1105/285 1112/285 1106/283
f 1114/289 1103/272 1112/285
f 1091/272 1114/289 1105/282
f 1105/282 1114/289 1112/285
f 1092/274 1107/286 1094/276
f 1090/271 1091/272 1107/286
f 1078/264 1090/271 1092/274
f 1092/274 1090/280 1107/284
f 1095/290 1109/288 1097/279
f 1093/277 1094/276 1109/288
f 1077/262 1093/275 1095/278
f 1095/290 1093/275 1109/288
f 1098/275 1111/288 1100/276
f 1096/290 1097/279 1111/288
f 1087/262 1096/278 1098/275
f 1098/277 1096/278 1111/288
f 1101/280 1113/286 1103/272
f 1099/274 1100/276 1113/284
f 1084/264 1099/274 1101/271
f 1101/271 1099/274 1113/286
f 1089/273 1114/289 1091/272
f 1102/270 1103/272 1114/289
f 1081/268 1102/273 1089/273
f 1089/273 1102/270 1114/289
f 1115/34 1116/35 1117/36
f 1118/37 1119/38 1116/35
f 1120/39 1118/40 1115/34
f 1115/34 1118/40 1116/35
f 1121/26 1115/34 1117/36
f 1122/42 1120/39 1115/34
f 1123/43 1122/42 1121/26
f 1121/26 1122/42 1115/34
f 1124/34 1121/26 1117/36
f 1125/42 1123/43 1121/26
f 1126/39 1125/42 1124/34
f 1124/34 1125/42 1121/26
f 1127/35 1124/34 1117/36
f 1128/37 1126/39 1124/34
f 1129/38 1128/40 1127/35
f 1127/35 1128/40 1124/34
f 1116/41 1127/41 1117/36
f 1130/20 1129/38 1127/41
f 1119/38 1130/20 1116/35
f 1116/41 1130/20 1127/41
f 1131/47 1122/42 1123/43
f 1132/45 1120/39 1122/42
f 1133/46 1132/45 1131/44
f 1131/47 1132/45 1122/42
f 1134/8 1118/40 1120/39
f 1135/48 1119/38 1118/40
f 1136/49 1135/48 1134/8
f 1134/8 1135/48 1118/40
f 1137/52 1130/20 1119/38
f 1138/52 1129/38 1130/20
f 1139/53 1138/52 1137/52
f 1137/52 1138/52 1130/20
f 1140/48 1128/40 1129/38
f 1141/8 1126/39 1128/37
f 1142/49 1141/8 1140/48
f 1140/48 1141/8 1128/37
f 1143/45 1125/42 1126/39
f 1144/44 1123/43 1125/42
f 1145/46 1144/47 1143/45
f 1143/45 1144/47 1125/42
f 1146/55 1147/56 1148/57
f 1149/59 1133/46 1147/60
f 1136/49 1149/58 1146/55
f 1146/55 1149/58 1147/56
f 1150/27 1146/55 1148/57
f 1151/61 1136/49 1146/55
f 1139/53 1151/61 1150/27
f 1150/27 1151/61 1146/55
f 1152/55 1150/27 1148/57
f 1153/61 1139/53 1150/27
f 1142/49 1153/61 1152/55
f 1152/55 1153/61 1150/27
f 1154/56 1152/55 1148/57
f 1155/58 1142/49 1152/55
f 1145/46 1155/59 1154/56
f 1154/60 1155/59 1152/55
f 1147/56 1154/56 1148/57
f 1156/33 1145/46 1154/56
f 1133/46 1156/33 1147/56
f 1147/60 1156/33 1154/56
f 1134/8 1149/58 1136/49
f 1132/54 1133/46 1149/59
f 1120/39 1132/54 1134/8
f 1134/8 1132/54 1149/58
f 1137/51 1151/61 1139/53
f 1135/50 1136/49 1151/61
f 1119/38 1135/48 1137/51
f 1137/51 1135/50 1151/61
f 1140/48 1153/61 1142/49
f 1138/52 1139/53 1153/61
f 1129/38 1138/51 1140/50
f 1140/48 1138/52 1153/61
f 1143/45 1155/58 1145/46
f 1141/8 1142/49 1155/58
f 1126/39 1141/8 1143/54
f 1143/45 1141/8 1155/59
f 1131/47 1156/33 1133/46
f 1144/44 1145/46 1156/33
f 1123/43 1144/47 1131/47
f 1131/47 1144/47 1156/33
f 1157/44 1158/45 1159/46
f 1160/42 1161/39 1158/54
f 1162/43 1160/42 1157/44
f 1157/47 1160/42 1158/54
f 1163/33 1157/47 1159/46
f 1164/44 1162/43 1157/44
f 1165/46 1164/44 1163/33
f 1163/33 1164/47 1157/44
f 1166/60 1163/33 1159/46
f 1167/56 1165/46 1163/33
f 1168/57 1167/60 1166/56
f 1166/56 1167/60 1163/33
f 1169/59 1166/60 1159/46
f 1170/55 1168/57 1166/60
f 1171/49 1170/55 1169/58
f 1169/58 1170/55 1166/60
f 1158/54 1169/58 1159/46
f 1172/8 1171/49 1169/59
f 1161/39 1172/8 1158/54
f 1158/45 1172/8 1169/59
f 1173/54 1164/44 1165/46
f 1174/42 1162/43 1164/47
f 1175/39 1174/42 1173/54
f 1173/45 1174/42 1164/44
f 1176/26 1160/42 1162/43
f 1177/34 1161/39 1160/42
f 1178/36 1177/34 1176/26
f 1176/26 1177/34 1160/42
f 1179/37 1172/8 1161/39
f 1180/50 1171/49 1172/8
f 1181/38 1180/48 1179/37
f 1179/37 1180/48 1172/8
f 1182/61 1170/55 1171/49
f 1183/27 1168/57 1170/55
f 1184/53 1183/27 1182/61
f 1182/61 1183/27 1170/55
f 1185/55 1167/56 1168/57
f 1186/59 1165/46 1167/60
f 1187/49 1186/58 1185/55
f 1185/55 1186/59 1167/60
f 1188/41 1189/40 1190/38
f 1191/34 1175/39 1189/37
f 1178/36 1191/34 1188/41
f 1188/35 1191/34 1189/40
f 1192/20 1188/41 1190/38
f 1193/41 1178/36 1188/35
f 1181/38 1193/35 1192/20
f 1192/20 1193/35 1188/41
f 1194/51 1192/20 1190/38
f 1195/52 1181/38 1192/20
f 1184/53 1195/52 1194/52
f 1194/51 1195/51 1192/20
f 1196/50 1194/52 1190/38
f 1197/61 1184/53 1194/51
f 1187/49 1197/61 1196/48
f 1196/50 1197/61 1194/52
f 1189/40 1196/48 1190/38
f 1198/8 1187/49 1196/50
f 1175/39 1198/8 1189/40
f 1189/40 1198/8 1196/50
f 1176/26 1191/34 1178/36
f 1174/42 1175/39 1191/34
f 1162/43 1174/42 1176/26
f 1176/26 1174/42 1191/34
f 1179/40 1193/41 1181/38
f 1177/34 1178/36 1193/35
f 1161/39 1177/34 1179/37
f 1179/37 1177/34 1193/35
f 1182/61 1195/51 1184/53
f 1180/50 1181/38 1195/52
f 1171/49 1180/50 1182/61
f 1182/61 1180/48 1195/52
f 1185/55 1197/61 1187/49
f 1183/27 1184/53 1197/61
f 1168/57 1183/27 1185/55
f 1185/55 1183/27 1197/61
f 1173/54 1198/8 1175/39
f 1186/58 1187/49 1198/8
f 1165/46 1186/58 1173/54
f 1173/45 1186/58 1198/8
f 1199/115 1200/110 1201/111
f 1202/112 1203/113 1200/116
f 1204/114 1202/112 1199/115
f 1199/109 1202/112 1200/116
f 1205/117 1199/115 1201/111
f 1206/115 1204/114 1199/109
f 1207/111 1206/115 1205/117
f 1205/117 1206/109 1199/109
f 1208/120 1205/117 1201/111
f 1209/120 1207/111 1205/117
f 1210/119 1209/118 1208/120
f 1208/118 1209/118 1205/117
f 1211/124 1208/120 1201/111
f 1212/122 1210/119 1208/118
f 1213/123 1212/122 1211/121
f 1211/121 1212/122 1208/118
f 1200/110 1211/124 1201/111
f 1214/125 1213/123 1211/121
f 1203/113 1214/125 1200/116
f 1200/116 1214/125 1211/124
f 1215/110 1206/109 1207/111
f 1216/112 1204/114 1206/115
f 1217/113 1216/112 1215/116
f 1215/110 1216/112 1206/115
f 1218/126 1202/112 1204/114
f 1219/127 1203/113 1202/112
f 1220/128 1219/127 1218/126
f 1218/126 1219/127 1202/112
f 1221/129 1214/125 1203/113
f 1222/130 1213/123 1214/125
f 1223/131 1222/132 1221/129
f 1221/133 1222/130 1214/125
f 1224/134 1212/122 1213/123
f 1225/135 1210/119 1212/122
f 1226/136 1225/135 1224/134
f 1224/134 1225/135 1212/122
f 1227/122 1209/120 1210/119
f 1228/121 1207/111 1209/118
f 1229/123 1228/124 1227/122
f 1227/122 1228/121 1209/120
f 1230/137 1231/133 1232/131
f 1233/127 1217/113 1231/133
f 1220/128 1233/127 1230/138
f 1230/138 1233/127 1231/129
f 1234/139 1230/138 1232/131
f 1235/137 1220/128 1230/138
f 1223/131 1235/138 1234/139
f 1234/139 1235/138 1230/137
f 1236/141 1234/139 1232/131
f 1237/140 1223/131 1234/139
f 1226/136 1237/141 1236/141
f 1236/141 1237/141 1234/139
f 1238/132 1236/141 1232/131
f 1239/134 1226/136 1236/140
f 1229/123 1239/134 1238/132
f 1238/130 1239/134 1236/140
f 1231/129 1238/130 1232/131
f 1240/125 1229/123 1238/130
f 1217/113 1240/125 1231/129
f 1231/133 1240/125 1238/130
f 1218/126 1233/127 1220/128
f 1216/112 1217/113 1233/127
f 1204/114 1216/112 1218/126
f 1218/126 1216/112 1233/127
f 1221/129 1235/138 1223/131
f 1219/127 1220/128 1235/138
f 1203/113 1219/127 1221/129
f 1221/133 1219/127 1235/137
f 1224/134 1237/140 1226/136
f 1222/132 1223/131 1237/140
f 1213/123 1222/132 1224/134
f 1224/134 1222/132 1237/141
f 1227/122 1239/134 1229/123
f 1225/135 1226/136 1239/134
f 1210/119 1225/135 1227/122
f 1227/122 1225/135 1239/134
f 1215/110 1240/125 1217/113
f 1228/124 1229/123 1240/125
f 1207/111 1228/124 1215/116
f 1215/110 1228/121 1240/125
f 1241/258 1242/263 1243/260
f 1244/261 1245/262 1242/259
f 1246/264 1244/261 1241/258
f 1241/258 1244/261 1242/259
f 1247/266 1241/258 1243/260
f 1248/267 1246/264 1241/258
f 1249/268 1248/267 1247/266
f 1247/266 1248/267 1241/258
f 1250/258 1247/266 1243/260
f 1251/267 1249/268 1247/266
f 1252/264 1251/267 1250/258
f 1250/258 1251/267 1247/266
f 1253/263 1250/258 1243/260
f 1254/261 1252/264 1250/258
f 1255/262 1254/261 1253/259
f 1253/259 1254/261 1250/258
f 1242/263 1253/259 1243/260
f 1256/269 1255/262 1253/263
f 1245/262 1256/269 1242/259
f 1242/263 1256/269 1253/263
f 1257/273 1248/267 1249/268
f 1258/280 1246/264 1248/267
f 1259/272 1258/271 1257/273
f 1257/270 1258/280 1248/267
f 1260/274 1244/261 1246/264
f 1261/277 1245/262 1244/261
f 1262/276 1261/275 1260/274
f 1260/274 1261/277 1244/265
f 1263/290 1256/269 1245/262
f 1264/278 1255/262 1256/269
f 1265/279 1264/290 1263/278
f 1263/278 1264/278 1256/269
f 1266/275 1254/261 1255/262
f 1267/274 1252/264 1254/261
f 1268/276 1267/274 1266/277
f 1266/275 1267/274 1254/265
f 1269/280 1251/267 1252/264
f 1270/270 1249/268 1251/267
f 1271/272 1270/273 1269/271
f 1269/280 1270/270 1251/267
f 1272/281 1273/285 1274/283
f 1275/286 1259/272 1273/285
f 1262/276 1275/284 1272/281
f 1272/281 1275/286 1273/285
f 1276/287 1272/281 1274/283
f 1277/288 1262/276 1272/281
f 1265/279 1277/288 1276/287
f 1276/287 1277/288 1272/281
f 1278/281 1276/287 1274/283
f 1279/288 1265/279 1276/287
f 1268/276 1279/288 1278/281
f 1278/281 1279/288 1276/287
f 1280/282 1278/281 1274/283
f 1281/286 1268/276 1278/281
f 1271/272 1281/284 1280/285
f 1280/282 1281/284 1278/281
f 1273/285 1280/285 1274/283
f 1282/289 1271/272 1280/285
f 1259/272 1282/289 1273/282
f 1273/285 1282/289 1280/285
f 1260/274 1275/286 1262/276
f 1258/271 1259/272 1275/286
f 1246/264 1258/271 1260/274
f 1260/274 1258/280 1275/284
f 1263/290 1277/288 1265/279
f 1261/277 1262/276 1277/288
f 1245/262 1261/275 1263/278
f 1263/290 1261/275 1277/288
f 1266/275 1279/288 1268/276
f 1264/278 1265/279 1279/288
f 1255/262 1264/278 1266/277
f 1266/275 1264/278 1279/288
f 1269/280 1281/284 1271/272
f 1267/274 1268/276 1281/286
f 1252/264 1267/274 1269/280
f 1269/280 1267/274 1281/284
f 1257/270 1282/289 1259/272
f 1270/273 1271/272 1282/289
f 1249/268 1270/273 1257/273
f 1257/273 1270/270 1282/289
f 1283/258 1284/263 1285/260
f 1286/265 1287/262 1284/259
f 1288/264 1286/265 1283/258
f 1283/258 1286/261 1284/263
f 1289/266 1283/258 1285/260
f 1290/267 1288/264 1283/258
f 1291/268 1290/267 1289/266
f 1289/266 1290/267 1283/258
f 1292/258 1289/266 1285/260
f 1293/267 1291/268 1289/266
f 1294/264 1293/267 1292/258
f 1292/258 1293/267 1289/266
f 1295/263 1292/258 1285/260
f 1296/265 1294/264 1292/258
f 1297/262 1296/261 1295/259
f 1295/263 1296/261 1292/258
f 1284/259 1295/259 1285/260
f 1298/269 1297/262 1295/263
f 1287/262 1298/269 1284/263
f 1284/263 1298/269 1295/263
f 1299/270 1290/267 1291/268
f 1300/271 1288/264 1290/267
f 1301/272 1300/271 1299/273
f 1299/273 1300/280 1290/267
f 1302/274 1286/265 1288/264
f 1303/277 1287/262 1286/261
f 1304/276 1303/277 1302/274
f 1302/274 1303/275 1286/261
f 1305/290 1298/269 1287/262
f 1306/278 1297/262 1298/269
f 1307/279 1306/278 1305/278
f 1305/290 1306/290 1298/269
f 1308/275 1296/261 1297/262
f 1309/274 1294/264 1296/265
f 1310/276 1309/274 1308/275
f 1308/277 1309/274 1296/261
f 1311/280 1293/267 1294/264
f 1312/273 1291/268 1293/267
f 1313/272 1312/270 1311/280
f 1311/271 1312/270 1293/267
f 1314/281 1315/282 1316/283
f 1317/286 1301/272 1315/282
f 1304/276 1317/284 1314/281
f 1314/281 1317/284 1315/282
f 1318/287 1314/281 1316/283
f 1319/288 1304/276 1314/281
f 1307/279 1319/288 1318/287
f 1318/287 1319/288 1314/281
f 1320/281 1318/287 1316/283
f 1321/288 1307/279 1318/287
f 1310/276 1321/288 1320/281
f 1320/281 1321/288 1318/287
f 1322/285 1320/281 1316/283
f 1323/286 1310/276 1320/281
f 1313/272 1323/286 1322/285
f 1322/285 1323/286 1320/281
f 1315/285 1322/282 1316/283
f 1324/289 1313/272 1322/285
f 1301/272 1324/289 1315/282
f 1315/285 1324/289 1322/282
f 1302/274 1317/286 1304/276
f 1300/271 1301/272 1317/286
f 1288/264 1300/271 1302/274
f 1302/274 1300/271 1317/284
f 1305/278 1319/288 1307/279
f 1303/275 1304/276 1319/288
f 1287/262 1303/275 1305/290
f 1305/278 1303/277 1319/288
f 1308/277 1321/288 1310/276
f 1306/278 1307/279 1321/288
f 1297/262 1306/278 1308/275
f 1308/275 1306/290 1321/288
f 1311/280 1323/286 1313/272
f 1309/274 1310/276 1323/284
f 1294/264 1309/274 1311/271
f 1311/271 1309/274 1323/286
f 1299/273 1324/289 1301/272
f 1312/270 1313/272 1324/289
f 1291/268 1312/270 1299/270
f 1299/273 1312/270 1324/289
f 1325/258 1326/259 1327/260
f 1328/265 1329/262 1326/263
f 1330/264 1328/261 1325/258
f 1325/258 1328/265 1326/263
f 1331/266 1325/258 1327/260
f 1332/267 1330/264 1325/258
f 1333/268 1332/267 1331/266
f 1331/266 1332/267 1325/258
f 1334/258 1331/266 1327/260
f 1335/267 1333/268 1331/266
f 1336/264 1335/267 1334/258
f 1334/258 1335/267 1331/266
f 1337/263 1334/258 1327/260
f 1338/261 1336/264 1334/258
f 1339/262 1338/265 1337/259
f 1337/263 1338/265 1334/258
f 1326/259 1337/263 1327/260
f 1340/269 1339/262 1337/263
f 1329/262 1340/269 1326/259
f 1326/263 1340/269 1337/259
f 1341/273 1332/267 1333/268
f 1342/271 1330/264 1332/267
f 1343/272 1342/271 1341/270
f 1341/270 1342/280 1332/267
f 1344/274 1328/261 1330/264
f 1345/275 1329/262 1328/265
f 1346/276 1345/275 1344/274
f 1344/274 1345/275 1328/265
f 1347/278 1340/269 1329/262
f 1348/290 1339/262 1340/269
f 1349/279 1348/278 1347/278
f 1347/278 1348/278 1340/269
f 1350/275 1338/261 1339/262
f 1351/274 1336/264 1338/261
f 1352/276 1351/274 1350/277
f 1350/275 1351/274 1338/265
f 1353/271 1335/267 1336/264
f 1354/273 1333/268 1335/267
f 1355/272 1354/270 1353/271
f 1353/271 1354/270 1335/267
f 1356/281 1357/285 1358/283
f 1359/284 1343/272 1357/285
f 1346/276 1359/284 1356/281
f 1356/281 1359/286 1357/282
f 1360/287 1356/281 1358/283
f 1361/288 1346/276 1356/281
f 1349/279 1361/288 1360/287
f 1360/287 1361/288 1356/281
f 1362/281 1360/287 1358/283
f 1363/288 1349/279 1360/287
f 1352/276 1363/288 1362/281
f 1362/281 1363/288 1360/287
f 1364/282 1362/281 1358/283
f 1365/286 1352/276 1362/281
f 1355/272 1365/286 1364/285
f 1364/285 1365/286 1362/281
f 1357/282 1364/282 1358/283
f 1366/289 1355/272 1364/282
f 1343/272 1366/289 1357/285
f 1357/285 1366/289 1364/285
f 1344/274 1359/284 1346/276
f 1342/280 1343/272 1359/286
f 1330/264 1342/271 1344/274
f 1344/274 1342/271 1359/286
f 1347/290 1361/288 1349/279
f 1345/277 1346/276 1361/288
f 1329/262 1345/275 1347/290
f 1347/290 1345/277 1361/288
f 1350/275 1363/288 1352/276
f 1348/278 1349/279 1363/288
f 1339/262 1348/290 1350/275
f 1350/277 1348/290 1363/288
f 1353/271 1365/286 1355/272
f 1351/274 1352/276 1365/286
f 1336/264 1351/274 1353/271
f 1353/280 1351/274 1365/284
f 1341/273 1366/289 1343/272
f 1354/273 1355/272 1366/289
f 1333/268 1354/273 1341/273
f 1341/273 1354/273 1366/289
f 1367/34 1368/41 1369/36
f 1370/40 1371/38 1368/41
f 1372/39 1370/40 1367/34
f 1367/34 1370/40 1368/35
f 1373/26 1367/34 1369/36
f 1374/42 1372/39 1367/34
f 1375/43 1374/42 1373/26
f 1373/26 1374/42 1367/34
f 1376/34 1373/26 1369/36
f 1377/42 1375/43 1373/26
f 1378/39 1377/42 1376/34
f 1376/34 1377/42 1373/26
f 1379/35 1376/34 1369/36
f 1380/37 1378/39 1376/34
f 1381/38 1380/40 1379/41
f 1379/41 1380/37 1376/34
f 1368/41 1379/35 1369/36
f 1382/20 1381/38 1379/35
f 1371/38 1382/20 1368/35
f 1368/35 1382/20 1379/35
f 1383/44 1374/42 1375/43
f 1384/45 1372/39 1374/42
f 1385/46 1384/54 1383/44
f 1383/47 1384/54 1374/42
f 1386/8 1370/37 1372/39
f 1387/50 1371/38 1370/40
f 1388/49 1387/50 1386/8
f 1386/8 1387/50 1370/37
f 1389/52 1382/20 1371/38
f 1390/52 1381/38 1382/20
f 1391/53 1390/52 1389/52
f 1389/51 1390/52 1382/20
f 1392/50 1380/40 1381/38
f 1393/8 1378/39 1380/40
f 1394/49 1393/8 1392/48
f 1392/48 1393/8 1380/40
f 1395/54 1377/42 1378/39
f 1396/47 1375/43 1377/42
f 1397/46 1396/44 1395/54
f 1395/45 1396/44 1377/42
f 1398/55 1399/60 1400/57
f 1401/58 1385/46 1399/56
f 1388/49 1401/58 1398/55
f 1398/55 1401/59 1399/56
f 1402/27 1398/55 1400/57
f 1403/61 1388/49 1398/55
f 1391/53 1403/61 1402/27
f 1402/27 1403/61 1398/55
f 1404/55 1402/27 1400/57
f 1405/61 1391/53 1402/27
f 1394/49 1405/61 1404/55
f 1404/55 1405/61 1402/27
f 1406/60 1404/55 1400/57
f 1407/59 1394/49 1404/55
f 1397/46 1407/59 1406/60
f 1406/60 1407/58 1404/55
f 1399/60 1406/56 1400/57
f 1408/33 1397/46 1406/60
f 1385/46 1408/33 1399/60
f 1399/56 1408/33 1406/60
f 1386/8 1401/59 1388/49
f 1384/54 1385/46 1401/59
f 1372/39 1384/54 1386/8
f 1386/8 1384/45 1401/58
f 1389/51 1403/61 1391/53
f 1387/50 1388/49 1403/61
f 1371/38 1387/50 1389/52
f 1389/52 1387/48 1403/61
f 1392/48 1405/61 1394/49
f 1390/51 1391/53 1405/61
f 1381/38 1390/51 1392/50
f 1392/48 1390/51 1405/61
f 1395/45 1407/59 1397/46
f 1393/8 1394/49 1407/58
f 1378/39 1393/8 1395/54
f 1395/45 1393/8 1407/59
f 1383/47 1408/33 1385/46
f 1396/47 1397/46 1408/33
f 1375/43 1396/47 1383/47
f 1383/47 1396/47 1408/33
f 1409/44 1410/45 1411/46
f 1412/42 1413/39 1410/54
f 1414/43 1412/42 1409/47
f 1409/44 1412/42 1410/45
f 1415/33 1409/47 1411/46
f 1416/44 1414/43 1409/47
f 1417/46 1416/47 1415/33
f 1415/33 1416/44 1409/44
f 1418/60 1415/33 1411/46
f 1419/56 1417/46 1415/33
f 1420/57 1419/60 1418/60
f 1418/56 1419/56 1415/33
f 1421/59 1418/60 1411/46
f 1422/55 1420/57 1418/56
f 1423/49 1422/55 1421/59
f 1421/58 1422/55 1418/60
f 1410/45 1421/58 1411/46
f 1424/8 1423/49 1421/59
f 1413/39 1424/8 1410/45
f 1410/45 1424/8 1421/58
f 1425/45 1416/44 1417/46
f 1426/42 1414/43 1416/47
f 1427/39 1426/42 1425/54
f 1425/54 1426/42 1416/44
f 1428/26 1412/42 1414/43
f 1429/34 1413/39 1412/42
f 1430/36 1429/34 1428/26
f 1428/26 1429/34 1412/42
f 1431/37 1424/8 1413/39
f 1432/48 1423/49 1424/8
f 1433/38 1432/50 1431/37
f 1431/40 1432/50 1424/8
f 1434/61 1422/55 1423/49
f 1435/27 1420/57 1422/55
f 1436/53 1435/27 1434/61
f 1434/61 1435/27 1422/55
f 1437/55 1419/56 1420/57
f 1438/58 1417/46 1419/60
f 1439/49 1438/59 1437/55
f 1437/55 1438/58 1419/60
f 1440/41 1441/37 1442/38
f 1443/34 1427/39 1441/37
f 1430/36 1443/34 1440/41
f 1440/41 1443/34 1441/37
f 1444/20 1440/35 1442/38
f 1445/35 1430/36 1440/35
f 1433/38 1445/41 1444/20
f 1444/20 1445/41 1440/35
f 1446/51 1444/20 1442/38
f 1447/52 1433/38 1444/20
f 1436/53 1447/51 1446/52
f 1446/51 1447/52 1444/20
f 1448/50 1446/52 1442/38
f 1449/61 1436/53 1446/52
f 1439/49 1449/61 1448/48
f 1448/48 1449/61 1446/52
f 1441/37 1448/50 1442/38
f 1450/8 1439/49 1448/50
f 1427/39 1450/8 1441/40
f 1441/37 1450/8 1448/50
f 1428/26 1443/34 1430/36
f 1426/42 1427/39 1443/34
f 1414/43 1426/42 1428/26
f 1428/26 1426/42 1443/34
f 1431/40 1445/41 1433/38
f 1429/34 1430/36 1445/41
f 1413/39 1429/34 1431/37
f 1431/37 1429/34 1445/35
f 1434/61 1447/52 1436/53
f 1432/50 1433/38 1447/51
f 1423/49 1432/50 1434/61
f 1434/61 1432/50 1447/52
f 1437/55 1449/61 1439/49
f 1435/27 1436/53 1449/61
f 1420/57 1435/27 1437/55
f 1437/55 1435/27 1449/61
f 1425/45 1450/8 1427/39
f 1438/58 1439/49 1450/8
f 1417/46 1438/59 1425/54
f 1425/45 1438/59 1450/8
f 1451/115 1452/116 1453/111
f 1454/112 1455/113 1452/110
f 1456/114 1454/112 1451/109
f 1451/109 1454/112 1452/110
f 1457/117 1451/109 1453/111
f 1458/109 1456/114 1451/109
f 1459/111 1458/115 1457/117
f 1457/117 1458/109 1451/109
f 1460/118 1457/117 1453/111
f 1461/118 1459/111 1457/117
f 1462/119 1461/120 1460/120
f 1460/120 1461/118 1457/117
f 1463/121 1460/118 1453/111
f 1464/122 1462/119 1460/120
f 1465/123 1464/122 1463/121
f 1463/124 1464/122 1460/120
f 1452/116 1463/124 1453/111
f 1466/125 1465/123 1463/121
f 1455/113 1466/125 1452/110
f 1452/110 1466/125 1463/121
f 1467/116 1458/109 1459/111
f 1468/112 1456/114 1458/115
f 1469/113 1468/112 1467/116
f 1467/116 1468/112 1458/115
f 1470/126 1454/112 1456/114
f 1471/127 1455/113 1454/112
f 1472/128 1471/127 1470/126
f 1470/126 1471/127 1454/112
f 1473/133 1466/125 1455/113
f 1474/132 1465/123 1466/125
f 1475/131 1474/132 1473/133
f 1473/133 1474/130 1466/125
f 1476/134 1464/122 1465/123
f 1477/135 1462/119 1464/122
f 1478/136 1477/135 1476/134
f 1476/134 1477/135 1464/122
f 1479/122 1461/120 1462/119
f 1480/124 1459/111 1461/118
f 1481/123 1480/124 1479/122
f 1479/122 1480/124 1461/118
f 1482/138 1483/133 1484/131
f 1485/127 1469/113 1483/129
f 1472/128 1485/127 1482/137
f 1482/138 1485/127 1483/129
f 1486/139 1482/137 1484/131
f 1487/137 1472/128 1482/137
f 1475/131 1487/138 1486/139
f 1486/139 1487/137 1482/137
f 1488/140 1486/139 1484/131
f 1489/140 1475/131 1486/139
f 1478/136 1489/140 1488/141
f 1488/140 1489/141 1486/139
f 1490/132 1488/141 1484/131
f 1491/134 1478/136 1488/141
f 1481/123 1491/134 1490/130
f 1490/132 1491/134 1488/140
f 1483/133 1490/132 1484/131
f 1492/125 1481/123 1490/130
f 1469/113 1492/125 1483/129
f 1483/133 1492/125 1490/130
f 1470/126 1485/127 1472/128
f 1468/112 1469/113 1485/127
f 1456/114 1468/112 1470/126
f 1470/126 1468/112 1485/127
f 1473/133 1487/137 1475/131
f 1471/127 1472/128 1487/137
f 1455/113 1471/127 1473/133
f 1473/133 1471/127 1487/138
f 1476/134 1489/140 1478/136
f 1474/132 1475/131 1489/141
f 1465/123 1474/132 1476/134
f 1476/134 1474/132 1489/141
f 1479/122 1491/134 1481/123
f 1477/135 1478/136 1491/134
f 1462/119 1477/135 1479/122
f 1479/122 1477/135 1491/134
f 1467/116 1492/125 1469/113
f 1480/121 1481/123 1492/125
f 1459/111 1480/124 1467/116
f 1467/110 1480/124 1492/125
f 1493/291 1494/292 1495/36
f 1496/293 1497/35 1494/292
f 1498/34 1496/293 1493/294
f 1493/294 1496/293 1494/295
f 1499/296 1500/297 1497/35
f 1501/298 1502/38 1500/297
f 1503/37 1501/298 1499/296
f 1499/296 1501/298 1500/297
f 1504/299 1505/300 1498/34
f 1506/301 1503/37 1505/300
f 1507/39 1506/302 1504/299
f 1504/299 1506/302 1505/300
f 1496/293 1499/296 1497/35
f 1505/300 1503/40 1499/296
f 1498/34 1505/300 1496/293
f 1496/293 1505/300 1499/296
f 1508/303 1493/291 1495/36
f 1509/304 1498/34 1493/291
f 1510/26 1509/305 1508/303
f 1508/303 1509/304 1493/291
f 1511/6 1504/299 1498/34
f 1512/306 1507/39 1504/299
f 1513/42 1512/306 1511/6
f 1511/6 1512/306 1504/299
f 1514/307 1515/86 1510/26
f 1516/308 1513/42 1515/86
f 1517/43 1516/309 1514/307
f 1514/307 1516/309 1515/86
f 1509/304 1511/6 1498/34
f 1515/86 1513/42 1511/6
f 1510/26 1515/86 1509/304
f 1509/305 1515/86 1511/6
f 1518/291 1508/303 1495/36
f 1519/304 1510/26 1508/303
f 1520/34 1519/304 1518/291
f 1518/291 1519/305 1508/303
f 1521/64 1514/307 1510/26
f 1522/309 1517/43 1514/310
f 1523/42 1522/308 1521/86
f 1521/86 1522/308 1514/307
f 1524/299 1525/6 1520/34
f 1526/306 1523/42 1525/6
f 1527/39 1526/306 1524/299
f 1524/299 1526/306 1525/6
f 1519/304 1521/86 1510/26
f 1525/6 1523/42 1521/86
f 1520/34 1525/6 1519/304
f 1519/305 1525/6 1521/86
f 1528/292 1518/291 1495/36
f 1529/293 1520/34 1518/291
f 1530/41 1529/293 1528/295
f 1528/295 1529/293 1518/291
f 1531/300 1524/299 1520/34
f 1532/301 1527/39 1524/299
f 1533/40 1532/302 1531/300
f 1531/300 1532/302 1524/299
f 1534/297 1535/296 1530/35
f 1536/311 1533/37 1535/296
f 1537/38 1536/298 1534/297
f 1534/297 1536/298 1535/296
f 1529/293 1531/300 1520/34
f 1535/296 1533/40 1531/300
f 1530/41 1535/296 1529/293
f 1529/293 1535/296 1531/300
f 1494/292 1528/292 1495/36
f 1538/5 1530/41 1528/292
f 1497/41 1538/5 1494/292
f 1494/292 1538/5 1528/295
f 1539/312 1534/297 1530/35
f 1540/313 1537/38 1534/297
f 1541/20 1540/313 1539/312
f 1539/312 1540/313 1534/297
f 1500/297 1542/312 1497/35
f 1543/20 1541/20 1542/312
f 1502/38 1543/313 1500/297
f 1500/297 1543/20 1542/312
f 1538/5 1539/312 1530/41
f 1542/312 1541/20 1539/312
f 1497/41 1542/312 1538/5
f 1538/5 1542/312 1539/312
f 1544/314 1516/309 1517/43
f 1545/315 1513/42 1516/309
f 1546/44 1545/315 1544/314
f 1544/314 1545/315 1516/308
f 1547/316 1512/306 1513/42
f 1548/317 1507/39 1512/306
f 1549/54 1548/317 1547/316
f 1547/316 1548/317 1512/306
f 1550/318 1551/319 1546/44
f 1552/320 1549/45 1551/319
f 1553/46 1552/320 1550/318
f 1550/318 1552/320 1551/319
f 1545/315 1547/316 1513/42
f 1551/319 1549/54 1547/316
f 1546/44 1551/319 1545/315
f 1545/315 1551/319 1547/316
f 1554/321 1506/301 1507/39
f 1555/322 1503/37 1506/302
f 1556/8 1555/322 1554/321
f 1554/321 1555/323 1506/302
f 1557/3 1501/298 1503/40
f 1558/324 1502/38 1501/311
f 1559/50 1558/94 1557/3
f 1557/3 1558/94 1501/311
f 1560/325 1561/326 1556/8
f 1562/327 1559/48 1561/326
f 1563/49 1562/328 1560/325
f 1560/325 1562/328 1561/326
f 1555/323 1557/3 1503/40
f 1561/326 1559/48 1557/3
f 1556/8 1561/326 1555/322
f 1555/323 1561/326 1557/3
f 1564/329 1543/313 1502/38
f 1565/330 1541/20 1543/313
f 1566/51 1565/330 1564/329
f 1564/329 1565/330 1543/313
f 1567/330 1540/313 1541/20
f 1568/329 1537/38 1540/313
f 1569/51 1568/329 1567/330
f 1567/330 1568/329 1540/313
f 1570/331 1571/18 1566/52
f 1572/332 1569/51 1571/18
f 1573/53 1572/331 1570/331
f 1570/332 1572/331 1571/18
f 1565/330 1567/330 1541/20
f 1571/18 1569/52 1567/330
f 1566/51 1571/18 1565/330
f 1565/330 1571/18 1567/330
f 1574/94 1536/298 1537/38
f 1575/3 1533/40 1536/298
f 1576/50 1575/3 1574/324
f 1574/324 1575/3 1536/311
f 1577/322 1532/301 1533/37
f 1578/321 1527/39 1532/301
f 1579/8 1578/321 1577/323
f 1577/323 1578/321 1532/302
f 1580/328 1581/326 1576/50
f 1582/325 1579/8 1581/326
f 1583/49 1582/325 1580/327
f 1580/328 1582/325 1581/333
f 1575/3 1577/323 1533/40
f 1581/326 1579/8 1577/323
f 1576/50 1581/326 1575/3
f 1575/3 1581/326 1577/323
f 1584/317 1526/306 1527/39
f 1585/316 1523/42 1526/306
f 1586/45 1585/316 1584/334
f 1584/334 1585/316 1526/306
f 1587/315 1522/309 1523/42
f 1588/314 1517/43 1522/309
f 1589/44 1588/314 1587/315
f 1587/315 1588/314 1522/308
f 1590/103 1591/319 1586/54
f 1592/318 1589/47 1591/319
f 1593/46 1592/318 1590/103
f 1590/103 1592/318 1591/319
f 1585/316 1587/315 1523/42
f 1591/319 1589/44 1587/315
f 1586/54 1591/319 1585/316
f 1585/316 1591/319 1587/315
f 1594/335 1595/336 1596/57
f 1597/337 1598/56 1595/336
f 1599/55 1597/337 1594/335
f 1594/338 1597/337 1595/339
f 1600/340 1601/341 1598/60
f 1602/342 1553/46 1601/341
f 1603/58 1602/342 1600/340
f 1600/340 1602/343 1601/341
f 1604/344 1605/345 1599/55
f 1606/346 1603/59 1605/345
f 1563/49 1606/347 1604/344
f 1604/344 1606/347 1605/345
f 1597/337 1600/340 1598/56
f 1605/345 1603/59 1600/340
f 1599/55 1605/345 1597/337
f 1597/337 1605/345 1600/340
f 1607/348 1594/338 1596/57
f 1608/349 1599/55 1594/338
f 1609/27 1608/349 1607/348
f 1607/348 1608/350 1594/338
f 1610/14 1604/344 1599/55
f 1611/351 1563/49 1604/344
f 1612/61 1611/351 1610/14
f 1610/14 1611/351 1604/344
f 1613/352 1614/353 1609/27
f 1615/354 1612/61 1614/353
f 1573/53 1615/355 1613/356
f 1613/352 1615/355 1614/353
f 1608/349 1610/14 1599/55
f 1614/353 1612/61 1610/14
f 1609/27 1614/353 1608/349
f 1608/349 1614/353 1610/14
f 1616/338 1607/348 1596/57
f 1617/349 1609/27 1607/348
f 1618/55 1617/349 1616/338
f 1616/335 1617/349 1607/348
f 1619/353 1613/352 1609/27
f 1620/355 1573/53 1613/352
f 1621/61 1620/354 1619/353
f 1619/76 1620/354 1613/356
f 1622/344 1623/14 1618/55
f 1624/351 1621/61 1623/14
f 1583/49 1624/351 1622/344
f 1622/344 1624/351 1623/14
f 1617/349 1619/353 1609/27
f 1623/14 1621/61 1619/353
f 1618/55 1623/14 1617/350
f 1617/349 1623/14 1619/353
f 1625/339 1616/338 1596/57
f 1626/337 1618/55 1616/335
f 1627/60 1626/337 1625/339
f 1625/336 1626/337 1616/338
f 1628/345 1622/344 1618/55
f 1629/347 1583/49 1622/344
f 1630/58 1629/346 1628/345
f 1628/345 1629/346 1622/344
f 1631/341 1632/340 1627/56
f 1633/343 1630/59 1632/340
f 1593/46 1633/342 1631/341
f 1631/341 1633/343 1632/340
f 1626/337 1628/345 1618/55
f 1632/340 1630/58 1628/345
f 1627/56 1632/340 1626/337
f 1626/337 1632/340 1628/345
f 1595/336 1625/339 1596/57
f 1634/31 1627/60 1625/339
f 1598/60 1634/31 1595/336
f 1595/339 1634/31 1625/339
f 1635/357 1631/341 1627/60
f 1636/358 1593/46 1631/341
f 1637/33 1636/358 1635/357
f 1635/357 1636/358 1631/341
f 1601/341 1638/357 1598/56
f 1639/358 1637/33 1638/357
f 1553/46 1639/358 1601/341
f 1601/341 1639/33 1638/357
f 1634/31 1635/357 1627/60
f 1638/357 1637/33 1635/357
f 1598/56 1638/357 1634/31
f 1634/31 1638/357 1635/357
f 1560/325 1606/347 1563/49
f 1640/359 1603/59 1606/346
f 1556/8 1640/359 1560/325
f 1560/325 1640/359 1606/346
f 1641/11 1602/342 1603/58
f 1552/103 1553/46 1602/343
f 1549/45 1552/320 1641/11
f 1641/11 1552/103 1602/343
f 1554/321 1642/360 1556/8
f 1548/334 1549/54 1642/360
f 1507/39 1548/317 1554/321
f 1554/321 1548/317 1642/360
f 1640/359 1641/11 1603/58
f 1642/360 1549/54 1641/11
f 1556/8 1642/360 1640/359
f 1640/361 1642/360 1641/11
f 1570/331 1615/354 1573/53
f 1643/362 1612/61 1615/354
f 1566/52 1643/362 1570/331
f 1570/331 1643/362 1615/355
f 1644/363 1611/351 1612/61
f 1562/327 1563/49 1611/351
f 1559/48 1562/327 1644/363
f 1644/363 1562/327 1611/351
f 1564/329 1645/364 1566/52
f 1558/324 1559/48 1645/364
f 1502/38 1558/94 1564/329
f 1564/329 1558/324 1645/364
f 1643/362 1644/363 1612/61
f 1645/364 1559/50 1644/363
f 1566/52 1645/364 1643/362
f 1643/362 1645/364 1644/363
f 1580/328 1624/351 1583/49
f 1646/363 1621/61 1624/351
f 1576/50 1646/363 1580/328
f 1580/328 1646/363 1624/351
f 1647/362 1620/354 1621/61
f 1572/331 1573/53 1620/355
f 1569/51 1572/331 1647/362
f 1647/362 1572/332 1620/354
f 1574/324 1648/364 1576/50
f 1568/329 1569/52 1648/364
f 1537/38 1568/329 1574/324
f 1574/94 1568/329 1648/364
f 1646/363 1647/362 1621/61
f 1648/364 1569/52 1647/362
f 1576/48 1648/364 1646/363
f 1646/363 1648/364 1647/362
f 1590/320 1633/342 1593/46
f 1649/11 1630/59 1633/342
f 1586/54 1649/11 1590/103
f 1590/103 1649/11 1633/342
f 1650/361 1629/346 1630/58
f 1582/325 1583/49 1629/346
f 1579/8 1582/325 1650/359
f 1650/361 1582/325 1629/346
f 1584/317 1651/360 1586/54
f 1578/321 1579/8 1651/365
f 1527/39 1578/321 1584/317
f 1584/317 1578/321 1651/360
f 1649/11 1650/359 1630/58
f 1651/360 1579/8 1650/359
f 1586/54 1651/360 1649/11
f 1649/11 1651/360 1650/359
f 1550/318 1639/358 1553/46
f 1652/366 1637/33 1639/358
f 1546/44 1652/366 1550/318
f 1550/318 1652/366 1639/358
f 1653/366 1636/33 1637/33
f 1592/318 1593/46 1636/358
f 1589/47 1592/318 1653/366
f 1653/366 1592/318 1636/358
f 1544/314 1654/24 1546/44
f 1588/314 1589/44 1654/24
f 1517/43 1588/314 1544/314
f 1544/314 1588/314 1654/24
f 1652/366 1653/366 1637/33
f 1654/24 1589/47 1653/366
f 1546/44 1654/24 1652/366
f 1652/366 1654/24 1653/366
f 1655/236 1656/367 1657/368
f 1658/369 1659/370 1656/367
f 1660/371 1658/369 1655/236
f 1655/236 1658/369 1656/372
f 1661/373 1662/374 1659/370
f 1663/375 1664/376 1662/374
f 1665/377 1663/375 1661/373
f 1661/373 1663/375 1662/374
f 1666/378 1667/379 1660/200
f 1668/380 1665/377 1667/379
f 1669/381 1668/382 1666/378
f 1666/378 1668/382 1667/379
f 1658/369 1661/373 1659/383
f 1667/379 1665/377 1661/373
f 1660/371 1667/379 1658/369
f 1658/369 1667/379 1661/373
f 1670/384 1655/236 1657/368
f 1671/385 1660/371 1655/236
f 1672/126 1671/385 1670/384
f 1670/384 1671/385 1655/236
f 1673/114 1666/378 1660/200
f 1674/378 1669/381 1666/386
f 1675/371 1674/378 1673/114
f 1673/114 1674/378 1666/386
f 1676/384 1677/385 1672/126
f 1678/236 1675/371 1677/385
f 1679/368 1678/236 1676/126
f 1676/384 1678/236 1677/385
f 1671/385 1673/114 1660/371
f 1677/385 1675/200 1673/114
f 1672/126 1677/385 1671/385
f 1671/385 1677/385 1673/114
f 1680/387 1670/126 1657/368
f 1681/388 1672/126 1670/384
f 1682/389 1681/388 1680/387
f 1680/387 1681/388 1670/384
f 1683/388 1676/384 1672/126
f 1684/387 1679/368 1676/384
f 1685/390 1684/387 1683/388
f 1683/388 1684/387 1676/384
f 1686/391 1687/128 1682/389
f 1688/391 1685/390 1687/128
f 1689/194 1688/392 1686/391
f 1686/391 1688/391 1687/128
f 1681/388 1683/388 1672/126
f 1687/128 1685/390 1683/388
f 1682/390 1687/128 1681/388
f 1681/388 1687/128 1683/388
f 1690/393 1680/387 1657/368
f 1691/394 1682/389 1680/387
f 1692/395 1691/394 1690/396
f 1690/396 1691/394 1680/387
f 1693/397 1686/391 1682/389
f 1694/197 1689/194 1686/391
f 1695/398 1694/197 1693/397
f 1693/397 1694/197 1686/392
f 1696/399 1697/400 1692/401
f 1698/188 1695/398 1697/400
f 1699/402 1698/188 1696/399
f 1696/399 1698/188 1697/400
f 1691/394 1693/397 1682/390
f 1697/400 1695/398 1693/397
f 1692/395 1697/400 1691/394
f 1691/394 1697/400 1693/397
f 1656/372 1690/396 1657/368
f 1700/113 1692/395 1690/393
f 1659/370 1700/113 1656/367
f 1656/367 1700/113 1690/393
f 1701/403 1696/399 1692/401
f 1702/404 1699/402 1696/399
f 1703/125 1702/404 1701/403
f 1701/403 1702/404 1696/405
f 1662/406 1704/407 1659/383
f 1705/408 1703/125 1704/409
f 1664/376 1705/408 1662/406
f 1662/406 1705/408 1704/407
f 1700/113 1701/403 1692/401
f 1704/407 1703/125 1701/403
f 1659/383 1704/407 1700/113
f 1700/113 1704/409 1701/403
f 1706/367 1678/236 1679/368
f 1707/369 1675/371 1678/236
f 1708/383 1707/369 1706/367
f 1706/367 1707/369 1678/236
f 1709/379 1674/378 1675/371
f 1710/382 1669/381 1674/378
f 1711/377 1710/382 1709/379
f 1709/379 1710/382 1674/386
f 1712/406 1713/373 1708/383
f 1714/375 1711/377 1713/373
f 1715/376 1714/375 1712/374
f 1712/374 1714/375 1713/373
f 1707/369 1709/379 1675/371
f 1713/373 1711/377 1709/379
f 1708/383 1713/373 1707/369
f 1707/369 1713/373 1709/379
f 1716/410 1668/380 1669/381
f 1717/411 1665/377 1668/380
f 1718/117 1717/238 1716/410
f 1716/410 1717/238 1668/382
f 1719/111 1663/375 1665/377
f 1720/204 1664/376 1663/375
f 1721/412 1720/204 1719/111
f 1719/111 1720/204 1663/375
f 1722/413 1723/414 1718/117
f 1724/206 1721/412 1723/414
f 1725/207 1724/206 1722/413
f 1722/413 1724/206 1723/414
f 1717/238 1719/111 1665/377
f 1723/414 1721/412 1719/111
f 1718/117 1723/414 1717/238
f 1717/238 1723/414 1719/111
f 1726/415 1705/408 1664/376
f 1727/416 1703/125 1705/408
f 1728/417 1727/416 1726/415
f 1726/415 1727/416 1705/408
f 1729/418 1702/404 1703/125
f 1730/419 1699/402 1702/404
f 1731/420 1730/419 1729/418
f 1729/418 1730/421 1702/404
f 1732/422 1733/123 1728/423
f 1734/424 1731/425 1733/123
f 1735/426 1734/424 1732/427
f 1732/427 1734/424 1733/123
f 1727/416 1729/418 1703/125
f 1733/123 1731/420 1729/418
f 1728/423 1733/123 1727/416
f 1727/416 1733/123 1729/418
f 1736/428 1698/188 1699/402
f 1737/131 1695/398 1698/188
f 1738/429 1737/131 1736/428
f 1736/428 1737/131 1698/188
f 1739/430 1694/197 1695/398
f 1740/431 1689/194 1694/197
f 1741/139 1740/431 1739/430
f 1739/430 1740/432 1694/433
f 1742/434 1743/250 1738/429
f 1744/435 1741/139 1743/250
f 1745/436 1744/435 1742/437
f 1742/437 1744/180 1743/250
f 1737/131 1739/430 1695/398
f 1743/250 1741/139 1739/430
f 1738/429 1743/438 1737/131
f 1737/131 1743/438 1739/439
f 1746/197 1688/392 1689/194
f 1747/397 1685/390 1688/391
f 1748/398 1747/397 1746/197
f 1746/433 1747/397 1688/392
f 1749/394 1684/387 1685/389
f 1750/393 1679/368 1684/387
f 1751/395 1750/393 1749/394
f 1749/394 1750/393 1684/387
f 1752/188 1753/400 1748/398
f 1754/399 1751/395 1753/400
f 1755/402 1754/399 1752/188
f 1752/188 1754/399 1753/400
f 1747/397 1749/394 1685/390
f 1753/400 1751/401 1749/394
f 1748/398 1753/400 1747/397
f 1747/397 1753/400 1749/394
f 1756/440 1757/427 1758/426
f 1759/441 1760/423 1757/422
f 1761/442 1759/441 1756/440
f 1756/440 1759/441 1757/427
f 1762/443 1763/415 1760/417
f 1764/204 1715/376 1763/444
f 1765/412 1764/204 1762/443
f 1762/443 1764/204 1763/444
f 1766/445 1767/446 1761/442
f 1768/206 1765/412 1767/446
f 1725/207 1768/206 1766/447
f 1766/445 1768/448 1767/446
f 1759/441 1762/443 1760/423
f 1767/446 1765/412 1762/443
f 1761/449 1767/446 1759/441
f 1759/441 1767/446 1762/443
f 1769/450 1756/440 1758/426
f 1770/451 1761/449 1756/440
f 1771/135 1770/451 1769/450
f 1769/450 1770/451 1756/440
f 1772/119 1766/447 1761/449
f 1773/445 1725/207 1766/445
f 1774/442 1773/447 1772/119
f 1772/119 1773/445 1766/445
f 1775/135 1776/451 1771/135
f 1777/440 1774/442 1776/451
f 1735/426 1777/440 1775/450
f 1775/450 1777/440 1776/451
f 1770/451 1772/119 1761/449
f 1776/451 1774/442 1772/119
f 1771/135 1776/451 1770/451
f 1770/451 1776/451 1772/119
f 1778/251 1769/450 1758/426
f 1779/452 1771/135 1769/450
f 1780/453 1779/452 1778/251
f 1778/251 1779/452 1769/450
f 1781/452 1775/450 1771/135
f 1782/251 1735/426 1775/450
f 1783/453 1782/251 1781/452
f 1781/452 1782/251 1775/450
f 1784/454 1785/136 1780/453
f 1786/455 1783/210 1785/136
f 1745/436 1786/454 1784/454
f 1784/455 1786/455 1785/136
f 1779/452 1781/452 1771/135
f 1785/136 1783/210 1781/452
f 1780/210 1785/136 1779/452
f 1779/452 1785/136 1781/452
f 1787/424 1778/251 1758/426
f 1788/456 1780/210 1778/251
f 1789/425 1788/456 1787/457
f 1787/424 1788/456 1778/251
f 1790/458 1784/455 1780/210
f 1791/437 1745/436 1784/455
f 1792/429 1791/434 1790/458
f 1790/458 1791/437 1784/455
f 1793/419 1794/459 1789/420
f 1795/428 1792/429 1794/459
f 1755/402 1795/428 1793/421
f 1793/419 1795/428 1794/459
f 1788/456 1790/458 1780/453
f 1794/459 1792/429 1790/458
f 1789/420 1794/459 1788/456
f 1788/456 1794/459 1790/458
f 1757/422 1787/424 1758/426
f 1796/123 1789/420 1787/457
f 1760/423 1796/123 1757/427
f 1757/427 1796/123 1787/424
f 1797/418 1793/419 1789/425
f 1798/404 1755/402 1793/421
f 1799/125 1798/404 1797/418
f 1797/418 1798/404 1793/419
f 1763/415 1800/416 1760/423
f 1801/408 1799/125 1800/416
f 1715/376 1801/408 1763/444
f 1763/444 1801/408 1800/416
f 1796/123 1797/418 1789/425
f 1800/416 1799/125 1797/418
f 1760/417 1800/416 1796/123
f 1796/123 1800/416 1797/418
f 1722/413 1768/206 1725/207
f 1802/460 1765/412 1768/448
f 1718/117 1802/414 1722/461
f 1722/413 1802/414 1768/206
f 1803/111 1764/204 1765/412
f 1714/375 1715/376 1764/204
f 1711/377 1714/375 1803/111
f 1803/111 1714/375 1764/204
f 1716/410 1804/411 1718/117
f 1710/380 1711/377 1804/238
f 1669/381 1710/380 1716/410
f 1716/410 1710/382 1804/238
f 1802/414 1803/111 1765/412
f 1804/238 1711/377 1803/111
f 1718/117 1804/238 1802/414
f 1802/460 1804/411 1803/111
f 1732/427 1777/440 1735/426
f 1805/441 1774/442 1777/440
f 1728/423 1805/441 1732/427
f 1732/422 1805/441 1777/440
f 1806/446 1773/445 1774/442
f 1724/206 1725/207 1773/445
f 1721/412 1724/448 1806/446
f 1806/446 1724/448 1773/445
f 1726/415 1807/443 1728/423
f 1720/204 1721/412 1807/443
f 1664/376 1720/204 1726/444
f 1726/444 1720/204 1807/443
f 1805/441 1806/446 1774/449
f 1807/443 1721/412 1806/446
f 1728/417 1807/443 1805/441
f 1805/441 1807/443 1806/446
f 1742/437 1786/455 1745/436
f 1808/458 1783/210 1786/455
f 1738/429 1808/458 1742/434
f 1742/434 1808/458 1786/455
f 1809/456 1782/251 1783/453
f 1734/424 1735/426 1782/251
f 1731/425 1734/424 1809/456
f 1809/456 1734/457 1782/251
f 1736/428 1810/459 1738/429
f 1730/419 1731/420 1810/459
f 1699/402 1730/421 1736/428
f 1736/428 1730/421 1810/459
f 1808/458 1809/456 1783/453
f 1810/459 1731/425 1809/456
f 1738/429 1810/459 1808/458
f 1808/458 1810/459 1809/456
f 1752/188 1795/428 1755/402
f 1811/131 1792/429 1795/428
f 1748/398 1811/131 1752/188
f 1752/188 1811/131 1795/428
f 1812/250 1791/437 1792/429
f 1744/435 1745/436 1791/434
f 1741/139 1744/435 1812/438
f 1812/438 1744/435 1791/434
f 1746/197 1813/430 1748/398
f 1740/431 1741/139 1813/439
f 1689/194 1740/431 1746/197
f 1746/197 1740/431 1813/430
f 1811/131 1812/250 1792/429
f 1813/430 1741/139 1812/250
f 1748/398 1813/430 1811/131
f 1811/131 1813/430 1812/250
f 1712/406 1801/408 1715/376
f 1814/407 1799/125 1801/408
f 1708/370 1814/407 1712/374
f 1712/406 1814/407 1801/408
f 1815/403 1798/404 1799/125
f 1754/405 1755/402 1798/404
f 1751/401 1754/399 1815/403
f 1815/403 1754/405 1798/404
f 1706/372 1816/113 1708/370
f 1750/393 1751/395 1816/113
f 1679/368 1750/393 1706/372
f 1706/372 1750/393 1816/113
f 1814/409 1815/403 1799/125
f 1816/113 1751/395 1815/403
f 1708/370 1816/113 1814/407
f 1814/409 1816/113 1815/403
f 1817/462 1818/397 1819/462
f 1820/433 1821/398 1819/462
f 1820/433 1819/462 1818/397
f 1820/433 1822/391 1823/194
f 1818/397 1824/390 1822/392
f 1820/433 1818/397 1822/391
f 1825/463 1826/464 1827/394
f 1827/394 1828/143 1825/463
f 1827/394 1829/387 1824/389
f 1830/465 1831/466 1832/464
f 1829/387 1832/467 1831/466
f 1833/468 1832/467 1829/387
f 1826/469 1834/464 1833/468
f 1833/468 1829/387 1827/394
f 1827/394 1826/464 1833/468
f 1817/462 1835/470 1818/397
f 1818/397 1827/394 1824/389
f 1836/471 1828/143 1827/394
f 1837/472 1836/471 1827/394
f 1818/397 1835/470 1837/472
f 1837/472 1827/394 1818/397
f 1838/473 1839/251 1840/251
f 1841/474 1842/210 1843/475
f 1840/251 1843/475 1842/210
f 1839/251 1843/475 1840/251
f 1844/434 1845/437 1846/458
f 1847/458 1846/458 1845/434
f 1847/458 1848/454 1842/453
f 1845/434 1849/436 1848/455
f 1847/458 1845/437 1848/455
f 1850/458 1847/458 1851/455
f 1842/210 1841/474 1851/476
f 1842/453 1851/455 1847/458
f 1852/458 1846/458 1847/458
f 1850/458 1852/458 1847/458
f 1853/477 1854/438 1845/437
f 1845/434 1844/434 1853/477
f 1845/434 1855/435 1849/436
f 1856/250 1857/250 1858/139
f 1855/435 1859/438 1856/250
f 1856/250 1858/139 1855/435
f 1854/438 1859/250 1855/435
f 1855/435 1845/437 1854/438
f 1821/398 1820/433 1860/478
f 1861/430 1862/478 1860/478
f 1861/430 1860/478 1820/197
f 1861/430 1863/431 1858/139
f 1820/197 1823/194 1863/432
f 1861/430 1820/433 1863/431
f 1864/479 1861/430 1858/139
f 1858/139 1857/250 1864/250
f 1865/480 1862/478 1861/430
f 1861/430 1864/479 1865/480
f 1866/232 1867/481 1868/369
f 1868/369 1869/482 1866/232
f 1870/483 1871/482 1872/236
f 1873/484 1874/485 1870/483
f 1870/483 1872/236 1873/484
f 1868/369 1875/200 1872/236
f 1869/486 1868/369 1872/236
f 1871/482 1876/482 1869/482
f 1869/482 1872/236 1871/482
f 1877/377 1878/382 1879/217
f 1880/379 1881/217 1879/217
f 1880/379 1879/217 1878/382
f 1880/379 1882/386 1875/371
f 1878/380 1883/381 1882/378
f 1880/379 1878/382 1882/378
f 1867/481 1884/487 1868/369
f 1868/369 1880/379 1875/371
f 1885/488 1881/217 1880/379
f 1886/489 1885/488 1880/379
f 1868/369 1884/487 1886/489
f 1886/489 1880/379 1868/369
f 1887/384 1888/384 1831/466
f 1829/387 1831/466 1888/384
f 1829/387 1889/388 1824/389
f 1888/384 1890/126 1889/388
f 1829/387 1888/384 1889/388
f 1824/389 1891/128 1822/391
f 1892/391 1823/194 1822/392
f 1893/389 1892/392 1891/128
f 1891/128 1892/391 1822/391
f 1894/384 1895/388 1890/126
f 1896/387 1893/389 1895/388
f 1897/368 1896/387 1894/384
f 1894/384 1896/387 1895/388
f 1824/389 1889/388 1891/128
f 1895/388 1893/390 1891/128
f 1890/126 1895/388 1889/388
f 1889/388 1895/388 1891/128
f 1898/433 1863/431 1823/194
f 1899/439 1858/139 1863/431
f 1900/398 1899/430 1898/197
f 1898/197 1899/430 1863/431
f 1901/250 1855/435 1858/139
f 1902/437 1849/436 1855/435
f 1903/429 1902/437 1901/250
f 1901/250 1902/434 1855/435
f 1904/188 1905/131 1900/398
f 1906/428 1903/429 1905/131
f 1907/402 1906/428 1904/188
f 1904/188 1906/428 1905/131
f 1899/430 1901/250 1858/139
f 1905/131 1903/429 1901/250
f 1900/398 1905/131 1899/430
f 1899/430 1905/131 1901/250
f 1908/455 1848/455 1849/436
f 1848/454 1909/136 1842/210
f 1910/210 1909/136 1908/455
f 1908/454 1909/136 1848/455
f 1842/453 1911/452 1840/251
f 1840/251 1912/163 1838/473
f 1913/135 1914/135 1915/490
f 1915/450 1911/452 1913/135
f 1911/452 1915/450 1912/163
f 1912/163 1840/251 1911/452
f 1916/251 1917/452 1910/210
f 1918/450 1913/135 1917/452
f 1919/426 1918/450 1916/251
f 1916/251 1918/135 1917/452
f 1842/210 1909/136 1911/452
f 1917/452 1913/135 1911/452
f 1910/453 1917/452 1909/136
f 1909/136 1917/452 1911/452
f 1920/440 1921/491 1922/440
f 1923/442 1924/155 1925/231
f 1925/122 1922/440 1923/449
f 1925/231 1920/440 1922/440
f 1923/442 1926/445 1927/446
f 1928/206 1929/448 1930/446
f 1930/446 1927/446 1928/206
f 1926/447 1931/207 1928/206
f 1927/446 1926/445 1928/448
f 1930/446 1932/446 1927/446
f 1933/492 1924/155 1923/449
f 1927/446 1934/446 1933/492
f 1933/492 1923/449 1927/446
f 1932/446 1934/446 1927/446
f 1935/374 1936/375 1937/376
f 1938/373 1939/377 1936/375
f 1940/370 1938/373 1935/406
f 1935/374 1938/373 1936/375
f 1941/379 1942/382 1939/377
f 1943/378 1883/381 1942/380
f 1944/200 1943/378 1941/379
f 1941/379 1943/378 1942/382
f 1945/367 1946/369 1940/370
f 1947/236 1944/371 1946/369
f 1897/368 1947/236 1945/372
f 1945/372 1947/236 1946/369
f 1938/373 1941/379 1939/377
f 1946/369 1944/200 1941/379
f 1940/370 1946/369 1938/373
f 1938/373 1946/369 1941/379
f 1948/408 1935/374 1937/376
f 1949/407 1940/370 1935/374
f 1950/125 1949/409 1948/408
f 1948/408 1949/407 1935/374
f 1951/113 1945/372 1940/383
f 1952/393 1897/368 1945/367
f 1953/401 1952/396 1951/113
f 1951/113 1952/393 1945/367
f 1954/404 1955/403 1950/125
f 1956/399 1953/401 1955/403
f 1907/402 1956/405 1954/404
f 1954/404 1956/405 1955/493
f 1949/407 1951/113 1940/383
f 1955/403 1953/395 1951/113
f 1950/125 1955/403 1949/407
f 1949/407 1955/403 1951/113
f 1957/415 1948/408 1937/376
f 1958/416 1950/125 1948/408
f 1959/423 1958/416 1957/415
f 1957/444 1958/416 1948/408
f 1960/494 1954/404 1950/125
f 1961/419 1907/402 1954/404
f 1962/425 1961/419 1960/418
f 1960/418 1961/419 1954/404
f 1963/427 1964/123 1959/417
f 1965/424 1962/425 1964/123
f 1919/426 1965/457 1963/427
f 1963/422 1965/424 1964/123
f 1958/416 1960/418 1950/125
f 1964/123 1962/425 1960/418
f 1959/417 1964/123 1958/416
f 1958/416 1964/123 1960/418
f 1966/204 1957/444 1937/376
f 1967/443 1959/417 1957/444
f 1968/412 1967/443 1966/204
f 1966/204 1967/443 1957/415
f 1969/441 1963/427 1959/417
f 1970/440 1919/426 1963/422
f 1971/442 1970/440 1969/441
f 1969/441 1970/440 1963/427
f 1972/448 1973/446 1968/412
f 1974/445 1971/442 1973/446
f 1931/207 1974/447 1972/448
f 1972/206 1974/447 1973/446
f 1967/443 1969/441 1959/417
f 1973/446 1971/442 1969/441
f 1968/412 1973/446 1967/443
f 1967/443 1973/446 1969/441
f 1936/375 1966/204 1937/376
f 1975/111 1968/412 1966/204
f 1939/377 1975/111 1936/375
f 1936/375 1975/111 1966/204
f 1976/414 1972/206 1968/412
f 1977/413 1931/207 1972/448
f 1978/117 1977/413 1976/460
f 1976/414 1977/461 1972/206
f 1942/382 1979/238 1939/377
f 1980/410 1978/117 1979/238
f 1883/381 1980/410 1942/382
f 1942/382 1980/410 1979/238
f 1975/111 1976/414 1968/412
f 1979/238 1978/117 1976/414
f 1939/377 1979/411 1975/111
f 1975/111 1979/238 1976/414
f 1894/384 1947/236 1897/368
f 1981/385 1944/371 1947/236
f 1890/126 1981/385 1894/126
f 1894/384 1981/385 1947/236
f 1982/114 1943/378 1944/200
f 1882/378 1883/381 1943/378
f 1982/114 1875/371 1882/378
f 1982/114 1882/386 1943/386
f 1890/126 1888/126 1983/385
f 1983/385 1872/236 1875/200
f 1887/384 1873/484 1888/384
f 1872/236 1888/384 1873/484
f 1983/385 1888/384 1872/236
f 1981/385 1982/114 1944/371
f 1982/114 1983/385 1875/371
f 1890/126 1983/385 1981/385
f 1981/385 1983/385 1982/114
f 1904/188 1956/399 1907/402
f 1984/400 1953/401 1956/405
f 1900/398 1984/400 1904/188
f 1904/188 1984/400 1956/405
f 1985/394 1952/393 1953/401
f 1896/387 1897/368 1952/393
f 1893/389 1896/387 1985/394
f 1985/394 1896/387 1952/393
f 1898/197 1986/397 1900/398
f 1892/391 1893/389 1986/397
f 1823/194 1892/392 1898/197
f 1898/197 1892/392 1986/397
f 1984/400 1985/394 1953/401
f 1986/397 1893/390 1985/394
f 1900/398 1986/397 1984/400
f 1984/400 1986/397 1985/394
f 1916/251 1965/424 1919/426
f 1987/456 1962/425 1965/424
f 1910/210 1987/456 1916/251
f 1916/251 1987/456 1965/424
f 1988/459 1961/421 1962/420
f 1906/428 1907/402 1961/419
f 1903/429 1906/428 1988/459
f 1988/459 1906/428 1961/419
f 1908/454 1989/458 1910/453
f 1902/437 1903/429 1989/458
f 1849/436 1902/437 1908/454
f 1908/454 1902/437 1989/458
f 1987/456 1988/459 1962/420
f 1989/458 1903/429 1988/459
f 1910/210 1989/458 1987/456
f 1987/456 1989/458 1988/459
f 1926/445 1974/445 1931/207
f 1990/119 1971/449 1974/447
f 1926/447 1923/449 1990/119
f 1926/445 1990/119 1974/447
f 1991/451 1970/440 1971/442
f 1918/450 1919/426 1970/440
f 1913/135 1918/450 1991/451
f 1991/451 1918/450 1970/440
f 1923/442 1922/440 1992/451
f 1993/161 1914/135 1913/135
f 1913/135 1992/451 1993/161
f 1922/440 1921/491 1994/158
f 1922/440 1994/158 1992/451
f 1993/450 1992/451 1994/158
f 1990/119 1991/451 1971/449
f 1992/451 1913/135 1991/451
f 1990/119 1923/442 1992/451
f 1990/119 1992/451 1991/451
f 1883/381 1878/380 1980/410
f 1980/410 1995/238 1978/117
f 1996/495 1997/495 1995/238
f 1878/380 1877/377 1996/495
f 1996/495 1995/238 1878/380
f 1980/410 1878/380 1995/238
f 1998/414 1999/460 1977/413
f 1978/117 2000/414 1998/414
f 1998/414 1977/413 1978/117
f 1977/413 1928/448 1931/207
f 2001/448 1929/448 1928/206
f 1928/206 2002/460 2001/448
f 1999/414 2002/460 1977/413
f 1928/448 1977/413 2002/460
f 1995/238 2003/414 1978/117
f 2000/414 1978/117 2003/414
f 1995/238 1997/495 2004/496
f 2004/496 2003/497 1995/238
f 2005/3 2006/498 2007/499
f 2007/499 2008/500 2009/501
f 2006/498 2010/9 2008/500
f 2007/499 2006/498 2008/500
f 1817/502 1819/502 2009/501
f 1821/503 2009/501 1819/502
f 2011/504 1826/505 2010/9
f 1825/506 1828/506 2010/9
f 1825/506 2010/9 1826/505
f 2012/507 1831/508 1830/509
f 1830/509 1832/510 2011/504
f 2011/504 2012/6 1830/509
f 1834/510 1826/505 2011/504
f 1832/510 1833/511 1834/505
f 1834/505 2011/505 1832/510
f 2008/500 1835/512 1817/502
f 1817/502 2009/501 2008/500
f 2010/9 1828/506 1836/513
f 1836/513 2008/500 2010/9
f 1837/293 1835/512 2008/500
f 2008/500 1836/513 1837/293
f 2005/3 2013/514 2006/498
f 2006/498 2014/515 2010/9
f 2013/514 2015/8 2014/516
f 2006/498 2013/514 2014/515
f 2010/9 2016/517 2011/505
f 2011/505 2017/518 2012/507
f 2016/39 2018/22 2017/519
f 2011/505 2016/517 2017/519
f 2015/8 2019/520 2020/521
f 2020/521 2021/522 2018/22
f 2019/520 2022/11 2021/522
f 2020/521 2019/520 2021/522
f 2010/9 2014/515 2016/39
f 2016/517 2020/521 2018/22
f 2014/515 2015/8 2020/521
f 2016/39 2014/515 2020/521
f 2005/3 2023/523 2013/514
f 2013/514 2024/524 2015/8
f 2023/523 2025/15 2024/524
f 2013/514 2023/523 2024/525
f 2015/8 2026/526 2019/520
f 2019/520 2027/527 2022/11
f 2026/526 2028/29 2027/527
f 2019/520 2026/526 2027/527
f 2025/15 2029/528 2030/49
f 2030/49 2031/529 2028/29
f 2029/530 2032/14 2031/531
f 2030/49 2029/530 2031/531
f 2015/8 2024/525 2026/532
f 2026/526 2030/49 2028/29
f 2024/525 2025/15 2030/49
f 2026/526 2024/524 2030/49
f 2005/3 2033/324 2023/523
f 2023/523 2034/533 2025/12
f 2033/324 2035/534 2034/533
f 2023/523 2033/324 2034/533
f 2025/15 2036/535 2029/528
f 1839/536 1838/98 2029/530
f 2032/14 2029/530 1838/98
f 2036/537 1841/537 1843/102
f 2036/537 1843/102 2029/530
f 1839/536 2029/530 1843/102
f 2035/534 1844/538 1846/539
f 2025/12 2034/533 2036/537
f 1850/539 1851/332 2036/537
f 1841/537 2036/535 1851/332
f 2035/534 1846/539 2034/533
f 1852/539 2034/533 1846/539
f 2034/533 1852/539 1850/539
f 1850/539 2036/535 2034/533
f 2005/3 2007/499 2033/324
f 2033/324 2037/38 2035/329
f 2007/499 2009/501 2037/38
f 2033/324 2007/499 2037/38
f 1854/83 1853/540 2035/329
f 2035/534 2038/541 1854/83
f 1844/538 2035/534 1853/540
f 1857/541 1856/541 2038/541
f 1859/541 2038/541 1856/541
f 1859/541 1854/83 2038/541
f 1821/503 1860/501 2009/501
f 1862/297 2009/501 1860/501
f 2035/534 2037/38 2038/541
f 2038/541 1864/542 1857/541
f 2009/501 1862/297 2037/38
f 1865/108 2037/38 1862/297
f 1864/542 2038/541 2037/38
f 2037/38 1865/543 1864/542
f 2022/11 2039/544 2021/522
f 2021/522 2040/545 2018/22
f 2039/544 2041/546 2040/545
f 2021/522 2039/544 2040/545
f 1866/547 1869/518 2018/22
f 2018/22 1867/547 1866/547
f 2017/519 2018/22 1869/518
f 1874/548 1873/549 2012/507
f 1871/550 1870/64 1874/548
f 2012/507 2017/519 1874/548
f 1871/550 1874/548 2017/519
f 2017/518 1869/518 1876/518
f 1876/550 1871/550 2017/519
f 1877/551 1879/552 2041/546
f 1881/552 2041/546 1879/47
f 2040/545 1884/553 2018/22
f 1867/547 2018/22 1884/553
f 2041/546 1881/552 2040/545
f 1885/554 2040/545 1881/552
f 1886/315 1884/553 2040/545
f 2040/545 1885/554 1886/315
f 2012/507 1887/26 1831/508
f 1912/353 2042/27 2032/14
f 2032/14 1838/98 1912/353
f 1915/555 1914/27 2042/27
f 1912/353 1915/555 2042/27
f 1921/72 1920/72 2031/531
f 2031/531 2032/14 1921/72
f 2031/529 2043/556 2028/29
f 1925/557 1924/556 2043/558
f 1920/72 1925/557 2031/529
f 2043/556 2031/531 1925/557
f 2028/29 2044/559 2027/527
f 2027/527 2045/342 2022/11
f 2044/559 2046/560 2045/342
f 2027/527 2044/559 2045/342
f 1930/561 1929/562 2046/560
f 2028/13 2043/558 2044/559
f 1932/561 1930/561 2044/559
f 2046/560 2044/559 1930/561
f 1924/556 1933/336 2043/558
f 1934/561 2043/556 1933/336
f 2043/556 1934/561 2044/559
f 1932/561 2044/559 1934/561
f 1873/549 1887/26 2012/507
f 1914/27 1993/563 2042/27
f 1921/71 2032/14 1994/349
f 2042/27 1994/349 2032/14
f 1993/27 1994/349 2042/27
f 1996/546 1877/551 2041/546
f 2041/546 1997/318 1996/546
f 1998/97 2000/97 2047/97
f 2047/97 1999/97 1998/97
f 1929/562 2001/564 2046/341
f 2047/97 2046/341 2002/565
f 2002/565 2046/560 2001/564
f 2002/565 1999/97 2047/97
f 2041/546 2039/544 2048/46
f 2048/46 2045/342 2046/560
f 2039/544 2022/11 2045/342
f 2048/46 2039/544 2045/342
f 2000/97 2003/566 2047/97
f 2047/97 2048/46 2046/341
f 1997/318 2041/546 2048/46
f 2048/46 2004/567 1997/318
f 2047/97 2003/566 2048/46
f 2004/567 2048/46 2003/566
f 2049/568 2050/569 2051/570
f 2052/571 2053/572 2054/321
f 2055/321 2053/572 2056/573
f 2057/574 2058/573 2054/321
f 2053/572 2059/573 2056/571
f 2052/571 2059/573 2053/572
f 2060/575 2061/576 2062/512
f 2063/577 2064/300 2065/578
f 2063/577 2061/576 2064/300
f 2061/576 2063/577 2062/512
f 2066/569 2063/577 2065/570
f 2067/579 2068/580 2069/59
f 2070/581 2057/574 2064/300
f 2061/576 2070/581 2064/300
f 2070/581 2067/579 2057/574
f 2050/569 2071/582 2051/570
f 2071/582 2050/569 2072/583
f 2066/569 2071/570 2072/583
f 2071/570 2066/569 2065/578
f 2073/506 2049/568 2051/578
f 2074/584 2055/321 2056/571
f 2075/585 2052/571 2054/321
f 2058/573 2075/585 2054/586
f 2058/573 2076/587 2069/59
f 2076/587 2058/573 2057/574
f 2076/587 2067/579 2069/59
f 2067/579 2076/587 2057/574
f 2060/575 2077/588 2061/576
f 2077/8 2070/589 2061/576
f 2077/8 2060/575 2078/590
f 2049/568 2079/300 2080/292
f 2073/506 2079/300 2049/578
f 2081/591 2075/585 2058/573
f 2082/592 2059/585 2052/571
f 2079/300 2083/302 2080/292
f 2083/302 2079/300 2055/321
f 2074/584 2083/302 2055/321
f 2075/585 2084/340 2052/571
f 2081/591 2084/340 2075/585
f 2084/340 2081/591 2085/593
f 2059/585 2086/594 2056/573
f 2082/592 2086/594 2059/585
f 2086/559 2082/592 2087/31
f 2057/574 2088/506 2064/300
f 2088/506 2057/574 2054/321
f 2088/506 2071/570 2064/300
f 2064/300 2071/570 2065/578
f 2073/506 2071/570 2088/506
f 2071/570 2073/506 2051/570
f 2073/506 2088/506 2054/321
f 2053/572 2073/506 2054/321
f 2079/300 2073/506 2053/572
f 2055/321 2079/300 2053/572
f 2089/595 2090/596 2091/597
f 2092/598 2093/8 2094/599
f 2095/13 2093/600 2096/588
f 2092/598 2097/13 2098/601
f 2095/13 2099/13 2093/8
f 2093/602 2099/13 2094/599
f 2100/603 2101/604 2102/605
f 2103/595 2104/606 2105/35
f 2104/606 2101/604 2105/35
f 2100/603 2105/35 2101/604
f 2103/595 2105/35 2106/596
f 2107/558 2108/607 2109/608
f 2104/606 2098/601 2110/601
f 2104/606 2110/601 2101/604
f 2098/609 2109/608 2110/609
f 2089/595 2111/610 2090/596
f 2112/611 2090/596 2111/610
f 2112/611 2111/610 2106/596
f 2103/595 2106/596 2111/610
f 2089/595 2091/597 2113/612
f 2095/599 2096/8 2114/532
f 2092/613 2094/599 2115/13
f 2092/598 2115/13 2097/13
f 2107/558 2116/29 2097/13
f 2098/601 2097/13 2116/29
f 2107/558 2109/608 2116/29
f 2098/609 2116/29 2109/608
f 2101/604 2117/614 2102/605
f 2101/604 2110/601 2117/325
f 2118/49 2102/605 2117/614
f 2119/615 2120/606 2091/597
f 2091/597 2120/606 2113/612
f 2097/13 2115/13 2121/339
f 2094/599 2099/13 2122/616
f 2119/615 2123/322 2120/606
f 2096/8 2120/606 2123/322
f 2096/598 2123/322 2114/532
f 2094/599 2124/339 2115/13
f 2115/13 2124/339 2121/339
f 2125/617 2121/339 2124/339
f 2095/599 2126/337 2099/13
f 2099/13 2126/337 2122/616
f 2127/618 2122/616 2126/337
f 2104/606 2128/612 2098/601
f 2092/8 2098/609 2128/612
f 2104/606 2111/610 2128/612
f 2103/595 2111/610 2104/606
f 2128/612 2111/610 2113/612
f 2089/595 2113/612 2111/610
f 2092/613 2128/612 2113/612
f 2092/588 2113/612 2093/600
f 2093/588 2113/612 2120/606
f 2093/600 2120/606 2096/8
f 2090/596 2050/569 2049/568
f 2091/597 2090/596 2049/568
f 2102/605 2060/575 2062/512
f 2100/603 2102/605 2062/512
f 2100/603 2062/512 2063/577
f 2105/35 2100/603 2063/577
f 2105/35 2063/577 2066/569
f 2106/596 2105/35 2066/569
f 2107/558 2069/59 2068/580
f 2108/607 2107/619 2068/580
f 2108/607 2068/580 2067/579
f 2109/608 2108/607 2067/579
f 2109/608 2067/579 2070/589
f 2110/601 2109/608 2070/581
f 2112/611 2072/583 2050/569
f 2090/596 2112/611 2050/569
f 2106/596 2066/569 2072/583
f 2112/611 2106/596 2072/583
f 2114/532 2074/584 2056/571
f 2095/13 2114/532 2056/573
f 2097/13 2058/573 2069/59
f 2107/558 2097/13 2069/59
f 2110/609 2070/581 2077/8
f 2117/614 2110/601 2077/588
f 2118/49 2078/590 2060/575
f 2102/605 2118/49 2060/575
f 2117/325 2077/588 2078/590
f 2118/49 2117/325 2078/590
f 2091/597 2049/568 2080/292
f 2119/615 2091/597 2080/292
f 2121/339 2081/591 2058/573
f 2097/13 2121/339 2058/573
f 2122/620 2082/592 2052/571
f 2094/599 2122/620 2052/571
f 2119/615 2080/292 2083/302
f 2123/322 2119/615 2083/302
f 2123/322 2083/302 2074/584
f 2114/532 2123/322 2074/584
f 2094/599 2052/571 2084/340
f 2124/339 2094/599 2084/340
f 2125/617 2085/593 2081/591
f 2121/339 2125/617 2081/591
f 2124/339 2084/340 2085/593
f 2125/617 2124/339 2085/593
f 2095/599 2056/573 2086/559
f 2126/337 2095/599 2086/559
f 2127/621 2087/60 2082/592
f 2122/620 2127/622 2082/592
f 2126/337 2086/559 2087/60
f 2127/618 2126/337 2087/31
f 2129/623 2130/624 2131/48
f 2132/625 2133/625 2134/626
f 2135/627 2133/625 2132/625
f 2136/317 2137/626 2138/314
f 2137/22 2133/625 2138/314
f 2133/625 2137/626 2134/626
f 2139/628 2140/629 2141/574
f 2139/574 2142/628 2143/630
f 2142/574 2137/626 2136/317
f 2144/631 2145/364 2146/632
f 2130/624 2147/633 2131/48
f 2148/634 2135/627 2132/625
f 2135/627 2148/634 2149/635
f 2148/634 2150/627 2149/635
f 2151/629 2139/574 2143/629
f 2151/629 2140/629 2139/628
f 2152/629 2140/629 2145/364
f 2144/631 2152/629 2145/364
f 2152/629 2144/631 2153/630
f 2152/629 2153/636 2141/581
f 2140/629 2152/629 2141/581
f 2142/574 2154/637 2143/629
f 2154/637 2142/628 2136/317
f 2155/533 2151/629 2143/629
f 2151/629 2156/52 2140/629
f 2156/52 2155/92 2157/52
f 2155/533 2156/52 2151/629
f 2158/22 2159/600 2160/581
f 2153/630 2159/600 2141/574
f 2147/633 2159/581 2153/630
f 2160/638 2159/581 2130/624
f 2159/581 2147/633 2130/624
f 2161/10 2158/22 2160/581
f 2161/10 2160/581 2162/590
f 2163/639 2161/10 2164/554
f 2158/22 2161/10 2163/639
f 2148/634 2165/625 2150/627
f 2150/627 2165/625 2163/639
f 2165/625 2158/22 2163/639
f 2166/640 2161/10 2162/590
f 2161/10 2166/640 2164/554
f 2139/574 2167/626 2134/626
f 2167/626 2139/574 2141/574
f 2142/628 2139/574 2134/626
f 2137/626 2142/574 2134/641
f 2167/626 2148/634 2134/626
f 2148/634 2132/625 2134/626
f 2159/602 2167/626 2141/628
f 2159/600 2158/22 2167/626
f 2165/625 2148/634 2167/626
f 2158/22 2165/625 2167/626
f 2168/642 2169/643 2170/644
f 2171/640 2172/645 2173/645
f 2173/645 2172/645 2174/646
f 2175/647 2176/648 2177/365
f 2175/647 2172/645 2176/648
f 2171/640 2176/648 2172/645
f 2178/601 2179/649 2180/598
f 2181/649 2182/609 2180/598
f 2177/365 2176/648 2182/601
f 2183/650 2184/331 2185/331
f 2168/535 2186/363 2169/643
f 2173/645 2174/646 2187/651
f 2188/652 2187/651 2174/646
f 2188/652 2189/646 2187/651
f 2181/12 2180/598 2190/67
f 2180/598 2179/649 2190/649
f 2184/331 2179/649 2191/649
f 2184/331 2191/649 2185/331
f 2192/12 2185/331 2191/649
f 2178/601 2192/12 2191/649
f 2178/609 2191/649 2179/649
f 2181/649 2193/525 2182/601
f 2177/365 2182/601 2193/525
f 2181/649 2190/649 2194/362
f 2179/649 2195/653 2190/67
f 2196/654 2194/362 2195/653
f 2190/649 2195/653 2194/362
f 2197/601 2198/590 2199/648
f 2178/601 2198/590 2192/12
f 2192/12 2198/590 2186/363
f 2169/643 2198/590 2197/655
f 2169/643 2186/363 2198/590
f 2197/655 2199/648 2200/656
f 2201/49 2197/655 2200/656
f 2202/657 2200/658 2203/47
f 2203/47 2200/656 2199/648
f 2189/646 2204/645 2187/651
f 2203/47 2204/645 2189/646
f 2203/47 2199/648 2204/645
f 2201/49 2200/658 2205/659
f 2202/657 2205/659 2200/658
f 2171/640 2206/640 2180/598
f 2178/601 2180/598 2206/640
f 2171/640 2180/598 2182/601
f 2171/640 2182/601 2176/648
f 2171/640 2187/651 2206/640
f 2171/640 2173/645 2187/651
f 2178/601 2206/640 2198/590
f 2206/640 2199/648 2198/590
f 2206/640 2187/651 2204/645
f 2206/640 2204/645 2199/648
f 2169/643 2130/624 2129/623
f 2170/644 2169/643 2129/623
f 2170/644 2129/623 2131/48
f 2168/642 2170/644 2131/48
f 2172/645 2133/625 2135/627
f 2174/646 2172/645 2135/627
f 2177/365 2136/317 2138/314
f 2175/647 2177/365 2138/314
f 2175/647 2138/314 2133/625
f 2172/645 2175/647 2133/625
f 2183/650 2146/632 2145/364
f 2184/331 2183/650 2145/364
f 2185/331 2144/631 2146/632
f 2183/650 2185/331 2146/632
f 2168/535 2131/48 2147/633
f 2186/363 2168/535 2147/633
f 2174/646 2135/627 2149/635
f 2188/652 2174/646 2149/635
f 2188/652 2149/635 2150/627
f 2189/646 2188/652 2150/627
f 2184/331 2145/364 2140/629
f 2179/649 2184/331 2140/629
f 2192/12 2153/630 2144/631
f 2185/331 2192/12 2144/631
f 2181/649 2143/630 2154/637
f 2193/525 2181/12 2154/637
f 2193/525 2154/637 2136/317
f 2177/365 2193/525 2136/317
f 2194/362 2155/533 2143/629
f 2181/649 2194/362 2143/630
f 2179/649 2140/629 2156/52
f 2195/653 2179/649 2156/52
f 2196/660 2157/18 2155/533
f 2194/362 2196/653 2155/533
f 2195/653 2156/52 2157/52
f 2196/661 2195/653 2157/52
f 2186/363 2147/633 2153/636
f 2192/12 2186/363 2153/630
f 2197/601 2160/581 2130/624
f 2169/643 2197/655 2130/624
f 2201/49 2162/590 2160/638
f 2197/601 2201/49 2160/581
f 2203/47 2163/639 2164/554
f 2202/657 2203/47 2164/554
f 2189/646 2150/627 2163/639
f 2203/47 2189/646 2163/639
f 2205/659 2166/640 2162/590
f 2201/49 2205/659 2162/590
f 2202/657 2164/554 2166/640
f 2205/659 2202/657 2166/640
f 2207/352 2208/356 2209/356
f 2207/352 2210/353 2208/356
f 2210/353 2211/356 2208/356
f 2210/353 2212/662 2211/356
f 2212/662 2213/356 2211/356
f 2212/662 2214/663 2213/356
f 2214/663 2215/356 2213/356
f 2214/663 2216/663 2215/356
f 2216/663 2217/356 2215/356
f 2216/663 2218/663 2217/356
f 2218/663 2219/356 2217/356
f 2218/663 2220/662 2219/356
f 2220/662 2221/356 2219/356
f 2220/662 2222/353 2221/356
f 2222/353 2223/356 2221/356
f 2222/353 2224/352 2223/356
f 2224/352 2225/356 2223/356
f 2224/352 2226/664 2225/356
f 2226/664 2227/356 2225/356
f 2226/664 2228/665 2227/356
f 2228/665 2229/356 2227/356
f 2228/665 2230/666 2229/356
f 2230/666 2231/356 2229/356
f 2230/666 2232/666 2231/356
f 2232/666 2233/356 2231/356
f 2232/666 2234/666 2233/356
f 2234/666 2235/356 2233/356
f 2234/666 2236/665 2235/356
f 2236/665 2237/356 2235/356
f 2236/665 2238/664 2237/356
f 2238/664 2209/356 2237/356
f 2238/664 2207/352 2209/356
f 2239/667 2210/353 2207/352
f 2239/667 2240/668 2210/353
f 2240/668 2212/662 2210/353
f 2240/668 2241/669 2212/662
f 2241/670 2214/663 2212/662
f 2241/669 2242/671 2214/663
f 2242/671 2216/663 2214/663
f 2242/671 2243/672 2216/663
f 2243/672 2218/663 2216/663
f 2243/672 2244/671 2218/663
f 2244/671 2220/662 2218/663
f 2244/671 2245/670 2220/662
f 2245/670 2222/353 2220/662
f 2245/669 2246/668 2222/353
f 2246/668 2224/352 2222/353
f 2246/668 2247/667 2224/352
f 2247/667 2226/664 2224/352
f 2247/667 2248/19 2226/664
f 2248/19 2228/665 2226/664
f 2248/19 2249/673 2228/665
f 2249/673 2230/666 2228/665
f 2249/673 2250/674 2230/666
f 2250/674 2232/644 2230/666
f 2250/674 2251/674 2232/666
f 2251/674 2234/666 2232/666
f 2251/674 2252/674 2234/666
f 2252/674 2236/665 2234/666
f 2252/674 2253/673 2236/665
f 2253/673 2238/664 2236/665
f 2253/673 2254/19 2238/664
f 2254/19 2207/352 2238/664
f 2254/19 2239/667 2207/352
f 2255/675 2240/668 2239/667
f 2255/675 2256/676 2240/668
f 2256/676 2241/670 2240/668
f 2256/676 2257/677 2241/669
f 2257/678 2242/671 2241/670
f 2257/678 2258/345 2242/671
f 2258/345 2243/672 2242/671
f 2258/345 2259/345 2243/672
f 2259/345 2244/671 2243/672
f 2259/345 2260/345 2244/671
f 2260/345 2245/670 2244/671
f 2260/345 2261/677 2245/670
f 2261/678 2246/668 2245/669
f 2261/678 2262/676 2246/668
f 2262/676 2247/667 2246/668
f 2262/676 2263/675 2247/667
f 2263/675 2248/19 2247/667
f 2263/675 2264/104 2248/679
f 2264/104 2249/673 2248/19
f 2264/104 2265/539 2249/673
f 2265/539 2250/674 2249/673
f 2265/539 2266/680 2250/674
f 2266/680 2251/674 2250/674
f 2266/680 2267/681 2251/674
f 2267/681 2252/682 2251/674
f 2267/681 2268/680 2252/674
f 2268/680 2253/673 2252/674
f 2268/680 2269/539 2253/673
f 2269/539 2254/19 2253/673
f 2269/539 2270/104 2254/19
f 2270/104 2239/667 2254/679
f 2270/104 2255/675 2239/667
f 2271/624 2256/676 2255/675
f 2271/624 2272/683 2256/676
f 2272/683 2257/678 2256/676
f 2272/683 2273/684 2257/678
f 2273/684 2258/345 2257/677
f 2273/684 2274/59 2258/345
f 2274/59 2259/345 2258/345
f 2274/59 2275/58 2259/619
f 2275/58 2260/345 2259/345
f 2275/58 2276/59 2260/345
f 2276/59 2261/677 2260/345
f 2276/59 2277/684 2261/678
f 2277/684 2262/676 2261/678
f 2277/684 2278/683 2262/676
f 2278/683 2263/675 2262/676
f 2278/683 2279/624 2263/675
f 2279/66 2264/104 2263/675
f 2279/624 2280/50 2264/104
f 2280/50 2265/539 2264/104
f 2280/50 2281/16 2265/539
f 2281/16 2266/680 2265/539
f 2281/16 2282/540 2266/680
f 2282/540 2267/681 2266/680
f 2282/540 2283/685 2267/681
f 2283/685 2268/680 2267/681
f 2283/685 2284/540 2268/680
f 2284/540 2269/539 2268/680
f 2284/540 2285/16 2269/539
f 2285/16 2270/104 2269/539
f 2285/16 2286/50 2270/104
f 2286/50 2255/675 2270/104
f 2286/50 2271/624 2255/675
f 2287/686 2272/683 2271/66
f 2287/686 2288/687 2272/683
f 2288/687 2273/684 2272/683
f 2288/687 2289/585 2273/684
f 2289/585 2274/59 2273/684
f 2289/585 2290/688 2274/59
f 2290/688 2275/58 2274/59
f 2290/688 2291/688 2275/58
f 2291/689 2276/59 2275/58
f 2291/688 2292/688 2276/59
f 2292/688 2277/684 2276/59
f 2292/688 2293/585 2277/684
f 2293/585 2278/683 2277/684
f 2293/585 2294/687 2278/683
f 2294/687 2279/66 2278/683
f 2294/687 2295/686 2279/624
f 2295/686 2280/50 2279/624
f 2295/690 2296/691 2280/50
f 2296/691 2281/16 2280/50
f 2296/691 2297/94 2281/16
f 2297/94 2282/540 2281/16
f 2297/94 2298/692 2282/540
f 2298/692 2283/685 2282/540
f 2298/692 2299/693 2283/685
f 2299/692 2284/540 2283/685
f 2299/693 2300/692 2284/540
f 2300/692 2285/16 2284/540
f 2300/692 2301/94 2285/16
f 2301/94 2286/50 2285/16
f 2301/94 2302/691 2286/50
f 2302/691 2271/624 2286/50
f 2302/691 2287/690 2271/624
f 2303/600 2288/687 2287/686
f 2303/600 2304/694 2288/687
f 2304/694 2289/585 2288/687
f 2304/694 2305/695 2289/585
f 2305/695 2290/688 2289/585
f 2305/696 2306/697 2290/688
f 2306/697 2291/688 2290/688
f 2306/698 2307/698 2291/688
f 2307/698 2292/688 2291/688
f 2307/698 2308/698 2292/688
f 2308/697 2293/585 2292/688
f 2308/698 2309/695 2293/585
f 2309/696 2294/687 2293/585
f 2309/696 2310/694 2294/687
f 2310/694 2295/686 2294/687
f 2310/694 2311/600 2295/686
f 2311/600 2296/691 2295/686
f 2311/600 2312/699 2296/691
f 2312/699 2297/94 2296/691
f 2312/699 2313/700 2297/94
f 2313/700 2298/692 2297/94
f 2313/700 2314/701 2298/692
f 2314/701 2299/692 2298/692
f 2314/701 2315/701 2299/693
f 2315/702 2300/692 2299/693
f 2315/702 2316/701 2300/692
f 2316/701 2301/94 2300/692
f 2316/701 2317/700 2301/94
f 2317/700 2302/691 2301/94
f 2317/700 2318/699 2302/691
f 2318/699 2287/686 2302/691
f 2318/699 2303/600 2287/686
f 2319/703 2304/694 2303/600
f 2319/703 2320/648 2304/694
f 2320/648 2305/695 2304/694
f 2320/648 2321/704 2305/696
f 2321/704 2306/697 2305/695
f 2321/704 2322/705 2306/698
f 2322/705 2307/698 2306/697
f 2322/705 2323/706 2307/698
f 2323/706 2308/698 2307/698
f 2323/706 2324/705 2308/697
f 2324/705 2309/696 2308/697
f 2324/705 2325/704 2309/695
f 2325/704 2310/694 2309/695
f 2325/704 2326/648 2310/694
f 2326/648 2311/600 2310/694
f 2326/648 2327/703 2311/600
f 2327/703 2312/699 2311/600
f 2327/703 2328/586 2312/699
f 2328/586 2313/700 2312/699
f 2328/586 2329/707 2313/700
f 2329/707 2314/701 2313/700
f 2329/707 2330/708 2314/701
f 2330/708 2315/702 2314/701
f 2330/708 2331/498 2315/702
f 2331/498 2316/701 2315/702
f 2331/498 2332/708 2316/701
f 2332/708 2317/700 2316/701
f 2332/708 2333/707 2317/700
f 2333/707 2318/699 2317/700
f 2333/707 2334/516 2318/699
f 2334/516 2303/600 2318/699
f 2334/586 2319/703 2303/600
f 2335/709 2320/648 2319/703
f 2335/709 2336/710 2320/648
f 2336/710 2321/704 2320/648
f 2336/710 2337/711 2321/704
f 2337/711 2322/705 2321/704
f 2337/711 2338/712 2322/705
f 2338/712 2323/706 2322/705
f 2338/712 2339/713 2323/706
f 2339/713 2324/705 2323/706
f 2339/713 2340/712 2324/705
f 2340/712 2325/704 2324/705
f 2340/712 2341/711 2325/704
f 2341/711 2326/648 2325/704
f 2341/711 2342/714 2326/648
f 2342/710 2327/703 2326/648
f 2342/710 2343/709 2327/703
f 2343/709 2328/516 2327/703
f 2343/709 2344/715 2328/586
f 2344/715 2329/707 2328/516
f 2344/715 2345/716 2329/707
f 2345/716 2330/708 2329/707
f 2345/716 2346/717 2330/708
f 2346/717 2331/498 2330/708
f 2346/717 2347/612 2331/498
f 2347/612 2332/708 2331/498
f 2347/612 2348/717 2332/708
f 2348/717 2333/707 2332/708
f 2348/717 2349/716 2333/707
f 2349/716 2334/516 2333/707
f 2349/716 2350/718 2334/516
f 2350/715 2319/703 2334/586
f 2350/715 2335/709 2319/703
f 2351/719 2336/710 2335/709
f 2351/719 2352/93 2336/710
f 2352/93 2337/711 2336/714
f 2352/93 2353/645 2337/711
f 2353/645 2338/712 2337/711
f 2353/645 2354/720 2338/712
f 2354/720 2339/713 2338/712
f 2354/720 2355/721 2339/713
f 2355/721 2340/712 2339/713
f 2355/721 2356/720 2340/712
f 2356/720 2341/711 2340/722
f 2356/720 2357/645 2341/711
f 2357/645 2342/710 2341/711
f 2357/645 2358/93 2342/714
f 2358/93 2343/709 2342/710
f 2358/93 2359/719 2343/709
f 2359/719 2344/718 2343/723
f 2359/719 2360/517 2344/715
f 2360/517 2345/716 2344/715
f 2360/517 2361/724 2345/716
f 2361/724 2346/717 2345/716
f 2361/724 2362/725 2346/717
f 2362/725 2347/612 2346/717
f 2362/725 2363/725 2347/612
f 2363/300 2348/717 2347/612
f 2363/725 2364/725 2348/717
f 2364/725 2349/716 2348/717
f 2364/725 2365/724 2349/716
f 2365/724 2350/715 2349/716
f 2365/724 2366/517 2350/715
f 2366/517 2335/709 2350/726
f 2366/517 2351/719 2335/709
f 2367/727 2352/93 2351/719
f 2367/727 2368/728 2352/93
f 2368/728 2353/645 2352/93
f 2368/728 2369/729 2353/645
f 2369/729 2354/720 2353/645
f 2369/729 2370/730 2354/720
f 2370/730 2355/721 2354/720
f 2370/730 2371/652 2355/721
f 2371/652 2356/720 2355/720
f 2371/652 2372/730 2356/720
f 2372/730 2357/645 2356/720
f 2372/730 2373/729 2357/645
f 2373/729 2358/93 2357/645
f 2373/729 2374/728 2358/93
f 2374/728 2359/719 2358/93
f 2374/728 2375/727 2359/719
f 2375/727 2360/517 2359/719
f 2375/727 2376/731 2360/517
f 2376/731 2361/724 2360/517
f 2376/731 2377/504 2361/724
f 2377/504 2362/725 2361/724
f 2377/504 2378/732 2362/725
f 2378/732 2363/300 2362/725
f 2378/732 2379/733 2363/725
f 2379/733 2364/725 2363/725
f 2379/733 2380/732 2364/725
f 2380/732 2365/724 2364/725
f 2380/732 2381/504 2365/724
f 2381/504 2366/517 2365/724
f 2381/504 2382/731 2366/517
f 2382/731 2351/719 2366/517
f 2382/731 2367/727 2351/719
f 2383/87 2368/728 2367/727
f 2383/87 2384/734 2368/728
f 2384/735 2369/729 2368/728
f 2384/734 2385/736 2369/729
f 2385/737 2370/730 2369/729
f 2385/736 2386/738 2370/730
f 2386/738 2371/652 2370/730
f 2386/739 2387/740 2371/652
f 2387/740 2372/730 2371/652
f 2387/741 2388/738 2372/730
f 2388/738 2373/729 2372/730
f 2388/738 2389/737 2373/729
f 2389/737 2374/728 2373/729
f 2389/736 2390/735 2374/728
f 2390/734 2375/727 2374/728
f 2390/735 2391/87 2375/727
f 2391/742 2376/731 2375/727
f 2391/742 2392/548 2376/731
f 2392/548 2377/504 2376/731
f 2392/548 2393/304 2377/504
f 2393/304 2378/732 2377/504
f 2393/304 2394/81 2378/732
f 2394/303 2379/733 2378/732
f 2394/303 2395/743 2379/733
f 2395/743 2380/732 2379/733
f 2395/744 2396/303 2380/732
f 2396/81 2381/504 2380/732
f 2396/81 2397/304 2381/504
f 2397/745 2382/731 2381/504
f 2397/745 2398/549 2382/731
f 2398/549 2367/727 2382/731
f 2398/549 2383/87 2367/727
f 2399/746 2384/734 2383/87
f 2399/746 2400/747 2384/734
f 2400/747 2385/737 2384/734
f 2400/748 2401/749 2385/737
f 2401/750 2386/739 2385/737
f 2401/750 2402/751 2386/739
f 2402/752 2387/740 2386/739
f 2402/752 2403/752 2387/740
f 2403/752 2388/738 2387/740
f 2403/752 2404/752 2388/738
f 2404/752 2389/737 2388/739
f 2404/751 2405/749 2389/737
f 2405/750 2390/734 2389/736
f 2405/749 2406/747 2390/734
f 2406/747 2391/87 2390/734
f 2406/748 2407/746 2391/742
f 2407/746 2392/549 2391/87
f 2407/746 2408/753 2392/548
f 2408/753 2393/745 2392/548
f 2408/753 2409/84 2393/745
f 2409/84 2394/303 2393/745
f 2409/84 2410/754 2394/303
f 2410/754 2395/744 2394/303
f 2410/754 2411/754 2395/743
f 2411/754 2396/81 2395/744
f 2411/754 2412/754 2396/81
f 2412/754 2397/745 2396/81
f 2412/754 2413/84 2397/745
f 2413/84 2398/548 2397/745
f 2413/84 2414/753 2398/548
f 2414/753 2383/87 2398/548
f 2414/753 2399/746 2383/87
f 2208/356 2211/356 2209/356
f 2401/750 2400/747 2399/746
f 2211/356 2213/356 2209/356
f 2402/752 2401/750 2399/746
f 2213/356 2215/356 2209/356
f 2403/752 2402/752 2399/746
f 2215/356 2217/356 2209/356
f 2404/752 2403/752 2399/746
f 2217/356 2219/356 2209/356
f 2405/750 2404/752 2399/746
f 2219/356 2221/356 2209/356
f 2406/747 2405/750 2399/746
f 2221/356 2223/356 2209/356
f 2407/746 2406/748 2399/746
f 2223/356 2225/356 2209/356
f 2408/753 2407/746 2399/746
f 2225/356 2227/356 2209/356
f 2409/84 2408/753 2399/746
f 2227/356 2229/356 2209/356
f 2410/754 2409/84 2399/746
f 2229/356 2231/356 2209/356
f 2411/754 2410/754 2399/746
f 2231/356 2233/356 2209/356
f 2412/754 2411/754 2399/746
f 2233/356 2235/356 2209/356
f 2413/84 2412/754 2399/746
f 2235/356 2237/356 2209/356
f 2414/753 2413/84 2399/746
f 2415/755 2416/577 2417/755
f 2418/756 2416/577 2415/755
f 2419/757 2418/756 2415/755
f 2420/595 2418/756 2419/757
f 2421/758 2420/595 2419/757
f 2422/41 2420/595 2421/758
f 2423/759 2422/41 2421/758
f 2424/760 2422/41 2423/759
f 2425/20 2424/760 2423/759
f 2426/761 2424/762 2425/20
f 2427/83 2426/761 2425/20
f 2428/763 2426/761 2427/83
f 2429/685 2428/105 2427/83
f 2430/51 2428/763 2429/685
f 2431/764 2430/51 2429/765
f 2432/766 2430/51 2431/764
f 2433/767 2432/766 2431/764
f 2434/768 2432/766 2433/767
f 2435/767 2434/768 2433/767
f 2436/653 2434/768 2435/767
f 2437/767 2436/768 2435/767
f 2438/768 2436/653 2437/767
f 2439/764 2438/768 2437/767
f 2440/766 2438/768 2439/764
f 2441/685 2440/766 2439/764
f 2442/51 2440/766 2441/765
f 2443/83 2442/51 2441/765
f 2444/105 2442/51 2443/83
f 2445/20 2444/105 2443/83
f 2446/761 2444/763 2445/20
f 2447/759 2446/761 2445/20
f 2448/760 2446/761 2447/759
f 2449/758 2448/762 2447/759
f 2450/41 2448/762 2449/758
f 2451/769 2450/41 2449/758
f 2452/595 2450/41 2451/757
f 2453/755 2452/595 2451/757
f 2454/756 2452/595 2453/755
f 2417/755 2454/756 2453/755
f 2416/756 2454/756 2417/755
f 2418/756 2455/770 2416/577
f 2456/771 2455/770 2418/756
f 2420/595 2456/771 2418/756
f 2457/295 2456/771 2420/595
f 2422/41 2457/292 2420/595
f 2458/772 2457/295 2422/41
f 2424/760 2458/772 2422/41
f 2459/773 2458/772 2424/760
f 2426/761 2459/773 2424/760
f 2460/774 2459/773 2426/761
f 2428/105 2460/774 2426/761
f 2461/775 2460/774 2428/763
f 2430/51 2461/775 2428/763
f 2462/776 2461/775 2430/51
f 2432/766 2462/776 2430/51
f 2463/331 2462/776 2432/766
f 2434/768 2463/332 2432/766
f 2464/682 2463/331 2434/768
f 2436/653 2464/682 2434/768
f 2465/777 2464/682 2436/768
f 2438/768 2465/777 2436/768
f 2466/682 2465/777 2438/768
f 2440/766 2466/682 2438/768
f 2467/331 2466/682 2440/766
f 2442/51 2467/331 2440/766
f 2468/776 2467/332 2442/51
f 2444/763 2468/776 2442/51
f 2469/775 2468/776 2444/763
f 2446/761 2469/775 2444/105
f 2470/774 2469/775 2446/761
f 2448/760 2470/774 2446/761
f 2471/773 2470/774 2448/762
f 2450/41 2471/773 2448/760
f 2472/772 2471/773 2450/41
f 2452/595 2472/772 2450/41
f 2473/292 2472/772 2452/595
f 2454/756 2473/292 2452/595
f 2474/771 2473/292 2454/756
f 2416/577 2474/771 2454/756
f 2455/770 2474/771 2416/577
f 2456/771 2475/770 2455/770
f 2476/778 2475/770 2456/771
f 2457/292 2476/778 2456/771
f 2477/779 2476/771 2457/292
f 2458/772 2477/292 2457/295
f 2478/772 2477/293 2458/772
f 2459/773 2478/772 2458/772
f 2479/780 2478/781 2459/773
f 2460/774 2479/780 2459/773
f 2480/782 2479/773 2460/774
f 2461/775 2480/774 2460/774
f 2481/783 2480/782 2461/775
f 2462/776 2481/775 2461/775
f 2482/776 2481/783 2462/776
f 2463/332 2482/776 2462/776
f 2483/331 2482/776 2463/332
f 2464/682 2483/331 2463/332
f 2484/682 2483/331 2464/682
f 2465/777 2484/673 2464/682
f 2485/777 2484/682 2465/777
f 2466/682 2485/777 2465/777
f 2486/682 2485/777 2466/682
f 2467/332 2486/682 2466/682
f 2487/331 2486/682 2467/332
f 2468/776 2487/331 2467/331
f 2488/776 2487/784 2468/776
f 2469/775 2488/785 2468/776
f 2489/775 2488/776 2469/775
f 2470/774 2489/775 2469/775
f 2490/774 2489/775 2470/774
f 2471/773 2490/774 2470/774
f 2491/773 2490/774 2471/773
f 2472/772 2491/773 2471/773
f 2492/772 2491/773 2472/772
f 2473/295 2492/781 2472/772
f 2493/292 2492/772 2473/292
f 2474/771 2493/292 2473/292
f 2494/778 2493/779 2474/771
f 2455/770 2494/771 2474/771
f 2475/770 2494/771 2455/770
f 2476/771 2495/786 2475/770
f 2496/786 2495/786 2476/771
f 2477/293 2496/786 2476/770
f 2497/4 2496/786 2477/292
f 2478/772 2497/4 2477/292
f 2498/787 2497/4 2478/772
f 2479/780 2498/787 2478/772
f 2499/498 2498/787 2479/773
f 2480/782 2499/498 2479/773
f 2500/788 2499/498 2480/774
f 2481/783 2500/788 2480/774
f 2501/523 2500/788 2481/783
f 2482/776 2501/523 2481/783
f 2502/789 2501/523 2482/776
f 2483/784 2502/789 2482/776
f 2503/537 2502/789 2483/331
f 2484/777 2503/19 2483/331
f 2504/666 2503/19 2484/673
f 2485/777 2504/666 2484/682
f 2505/666 2504/666 2485/777
f 2486/682 2505/666 2485/777
f 2506/666 2505/666 2486/682
f 2487/784 2506/666 2486/673
f 2507/19 2506/666 2487/331
f 2488/776 2507/19 2487/784
f 2508/789 2507/19 2488/776
f 2489/775 2508/789 2488/776
f 2509/523 2508/789 2489/783
f 2490/774 2509/523 2489/775
f 2510/788 2509/523 2490/774
f 2491/773 2510/788 2490/774
f 2511/498 2510/788 2491/773
f 2492/772 2511/498 2491/780
f 2512/787 2511/498 2492/772
f 2493/292 2512/787 2492/772
f 2513/790 2512/787 2493/292
f 2494/778 2513/4 2493/292
f 2514/786 2513/4 2494/771
f 2475/770 2514/786 2494/778
f 2495/786 2514/786 2475/770
f 2496/786 2515/754 2495/786
f 2516/303 2515/754 2496/786
f 2497/4 2516/303 2496/786
f 2517/511 2516/303 2497/4
f 2498/787 2517/511 2497/790
f 2518/791 2517/511 2498/787
f 2499/498 2518/791 2498/787
f 2519/792 2518/791 2499/40
f 2500/788 2519/792 2499/498
f 2520/514 2519/792 2500/788
f 2501/523 2520/514 2500/788
f 2521/624 2520/514 2501/523
f 2502/789 2521/624 2501/523
f 2522/675 2521/624 2502/789
f 2503/19 2522/675 2502/789
f 2523/667 2522/675 2503/19
f 2504/666 2523/667 2503/19
f 2524/352 2523/667 2504/666
f 2505/666 2524/352 2504/666
f 2525/356 2524/352 2505/666
f 2506/666 2525/356 2505/666
f 2526/352 2525/356 2506/666
f 2507/19 2526/352 2506/666
f 2527/667 2526/352 2507/19
f 2508/789 2527/667 2507/19
f 2528/675 2527/667 2508/789
f 2509/523 2528/675 2508/789
f 2529/624 2528/675 2509/523
f 2510/788 2529/624 2509/523
f 2530/514 2529/624 2510/788
f 2511/498 2530/514 2510/788
f 2531/792 2530/514 2511/498
f 2512/787 2531/792 2511/498
f 2532/791 2531/792 2512/787
f 2513/4 2532/791 2512/787
f 2533/511 2532/791 2513/4
f 2514/786 2533/511 2513/4
f 2534/303 2533/511 2514/786
f 2495/786 2534/303 2514/786
f 2515/754 2534/303 2495/786
f 2516/303 2535/754 2515/754
f 2536/303 2535/754 2516/303
f 2517/511 2536/303 2516/303
f 2537/511 2536/303 2517/511
f 2518/791 2537/511 2517/511
f 2538/791 2537/511 2518/791
f 2519/792 2538/791 2518/791
f 2539/792 2538/791 2519/792
f 2520/514 2539/792 2519/792
f 2540/514 2539/792 2520/514
f 2521/624 2540/514 2520/514
f 2541/624 2540/514 2521/624
f 2522/675 2541/624 2521/624
f 2542/675 2541/624 2522/675
f 2523/667 2542/675 2522/675
f 2543/667 2542/675 2523/667
f 2524/352 2543/667 2523/667
f 2544/352 2543/667 2524/352
f 2525/356 2544/352 2524/352
f 2545/356 2544/352 2525/356
f 2526/352 2545/356 2525/356
f 2546/352 2545/356 2526/352
f 2527/667 2546/352 2526/352
f 2547/667 2546/352 2527/667
f 2528/675 2547/667 2527/667
f 2548/675 2547/667 2528/675
f 2529/624 2548/675 2528/675
f 2549/624 2548/675 2529/624
f 2530/514 2549/624 2529/624
f 2550/514 2549/624 2530/514
f 2531/792 2550/514 2530/514
f 2551/792 2550/514 2531/792
f 2532/791 2551/792 2531/792
f 2552/791 2551/792 2532/791
f 2533/511 2552/791 2532/791
f 2553/511 2552/791 2533/511
f 2534/303 2553/511 2533/511
f 2554/303 2553/511 2534/303
f 2515/754 2554/303 2534/303
f 2535/754 2554/303 2515/754
f 2536/303 2555/508 2535/754
f 2556/508 2555/508 2536/303
f 2537/511 2556/508 2536/303
f 2557/509 2556/508 2537/511
f 2538/791 2557/509 2537/511
f 2558/793 2557/509 2538/791
f 2539/792 2558/793 2538/791
f 2559/586 2558/794 2539/792
f 2540/514 2559/586 2539/792
f 2560/588 2559/586 2540/514
f 2541/624 2560/588 2540/514
f 2561/614 2560/588 2541/624
f 2542/675 2561/795 2541/624
f 2562/796 2561/614 2542/675
f 2543/667 2562/797 2542/675
f 2563/668 2562/796 2543/667
f 2544/352 2563/668 2543/667
f 2564/662 2563/668 2544/352
f 2545/356 2564/662 2544/352
f 2565/662 2564/662 2545/356
f 2546/352 2565/662 2545/356
f 2566/662 2565/662 2546/352
f 2547/667 2566/662 2546/352
f 2567/668 2566/662 2547/667
f 2548/675 2567/668 2547/667
f 2568/797 2567/668 2548/675
f 2549/624 2568/797 2548/675
f 2569/795 2568/797 2549/624
f 2550/514 2569/614 2549/624
f 2570/588 2569/614 2550/514
f 2551/792 2570/588 2550/514
f 2571/586 2570/588 2551/792
f 2552/791 2571/586 2551/792
f 2572/794 2571/586 2552/791
f 2553/511 2572/793 2552/791
f 2573/509 2572/793 2553/511
f 2554/303 2573/509 2553/511
f 2574/508 2573/509 2554/303
f 2535/754 2574/508 2554/303
f 2555/508 2574/508 2535/754
f 2556/508 2575/548 2555/508
f 2576/548 2575/548 2556/508
f 2557/509 2576/548 2556/508
f 2577/731 2576/548 2557/509
f 2558/794 2577/731 2557/509
f 2578/798 2577/731 2558/794
f 2559/586 2578/798 2558/793
f 2579/799 2578/798 2559/586
f 2560/588 2579/799 2559/586
f 2580/800 2579/799 2560/588
f 2561/614 2580/800 2560/588
f 2581/801 2580/800 2561/795
f 2562/797 2581/801 2561/614
f 2582/802 2581/801 2562/797
f 2563/668 2582/802 2562/796
f 2583/803 2582/802 2563/668
f 2564/662 2583/803 2563/668
f 2584/804 2583/803 2564/662
f 2565/662 2584/804 2564/662
f 2585/804 2584/804 2565/662
f 2566/662 2585/804 2565/662
f 2586/804 2585/804 2566/662
f 2567/668 2586/804 2566/662
f 2587/803 2586/804 2567/668
f 2568/797 2587/803 2567/668
f 2588/802 2587/803 2568/797
f 2569/614 2588/802 2568/797
f 2589/801 2588/802 2569/614
f 2570/588 2589/801 2569/614
f 2590/800 2589/801 2570/588
f 2571/805 2590/800 2570/588
f 2591/799 2590/800 2571/805
f 2572/794 2591/799 2571/805
f 2592/798 2591/799 2572/794
f 2573/509 2592/798 2572/793
f 2593/731 2592/798 2573/509
f 2574/508 2593/731 2573/509
f 2594/548 2593/731 2574/508
f 2555/508 2594/548 2574/508
f 2575/548 2594/548 2555/508
f 2576/548 2595/548 2575/548
f 2596/548 2595/548 2576/548
f 2577/731 2596/548 2576/548
f 2597/731 2596/548 2577/731
f 2578/798 2597/731 2577/731
f 2598/798 2597/731 2578/798
f 2579/799 2598/798 2578/798
f 2599/799 2598/798 2579/799
f 2580/800 2599/799 2579/799
f 2600/800 2599/799 2580/800
f 2581/801 2600/800 2580/800
f 2601/801 2600/800 2581/801
f 2582/802 2601/801 2581/801
f 2602/802 2601/801 2582/802
f 2583/803 2602/802 2582/802
f 2603/803 2602/802 2583/803
f 2584/804 2603/803 2583/803
f 2604/804 2603/803 2584/804
f 2585/804 2604/804 2584/804
f 2605/804 2604/804 2585/804
f 2586/804 2605/804 2585/804
f 2606/804 2605/804 2586/804
f 2587/803 2606/804 2586/804
f 2607/803 2606/804 2587/803
f 2588/802 2607/803 2587/803
f 2608/802 2607/803 2588/802
f 2589/801 2608/802 2588/802
f 2609/801 2608/802 2589/801
f 2590/800 2609/801 2589/801
f 2610/800 2609/801 2590/800
f 2591/799 2610/800 2590/800
f 2611/799 2610/800 2591/799
f 2592/798 2611/799 2591/799
f 2612/798 2611/799 2592/798
f 2593/731 2612/798 2592/798
f 2613/731 2612/798 2593/731
f 2594/548 2613/731 2593/731
f 2614/806 2613/731 2594/548
f 2575/548 2614/548 2594/548
f 2595/548 2614/548 2575/548
f 2596/548 2615/807 2595/548
f 2616/808 2615/807 2596/548
f 2597/731 2616/808 2596/548
f 2617/809 2616/808 2597/731
f 2598/798 2617/809 2597/731
f 2618/317 2617/809 2598/798
f 2599/799 2618/317 2598/798
f 2619/810 2618/317 2599/799
f 2600/800 2619/810 2599/799
f 2620/520 2619/810 2600/800
f 2601/801 2620/520 2600/800
f 2621/811 2620/520 2601/801
f 2602/802 2621/811 2601/801
f 2622/346 2621/811 2602/802
f 2603/803 2622/346 2602/802
f 2623/608 2622/346 2603/803
f 2604/804 2623/608 2603/803
f 2624/812 2623/608 2604/804
f 2605/804 2624/812 2604/804
f 2625/672 2624/812 2605/804
f 2606/804 2625/672 2605/804
f 2626/812 2625/672 2606/804
f 2607/803 2626/812 2606/670
f 2627/608 2626/812 2607/803
f 2608/802 2627/608 2607/803
f 2628/346 2627/608 2608/802
f 2609/801 2628/346 2608/802
f 2629/811 2628/346 2609/801
f 2610/800 2629/811 2609/801
f 2630/520 2629/811 2610/800
f 2611/799 2630/520 2610/800
f 2631/810 2630/520 2611/799
f 2612/798 2631/810 2611/799
f 2632/317 2631/810 2612/798
f 2613/731 2632/317 2612/798
f 2633/809 2632/317 2613/731
f 2614/548 2633/809 2613/731
f 2634/808 2633/809 2614/548
f 2595/548 2634/808 2614/548
f 2615/807 2634/808 2595/548
f 2616/808 2635/813 2615/807
f 2636/547 2635/813 2616/808
f 2617/809 2636/547 2616/808
f 2637/316 2636/547 2617/809
f 2618/317 2637/316 2617/809
f 2638/710 2637/316 2618/317
f 2619/810 2638/710 2618/317
f 2639/814 2638/710 2619/810
f 2620/520 2639/814 2619/810
f 2640/815 2639/814 2620/520
f 2621/811 2640/815 2620/520
f 2641/571 2640/815 2621/811
f 2622/346 2641/571 2621/811
f 2642/816 2641/571 2622/346
f 2623/608 2642/816 2622/346
f 2643/345 2642/816 2623/608
f 2624/812 2643/345 2623/608
f 2644/817 2643/345 2624/812
f 2625/672 2644/817 2624/812
f 2645/818 2644/817 2625/672
f 2626/812 2645/818 2625/672
f 2646/817 2645/818 2626/812
f 2627/608 2646/817 2626/812
f 2647/345 2646/817 2627/608
f 2628/346 2647/345 2627/608
f 2648/816 2647/345 2628/346
f 2629/811 2648/816 2628/346
f 2649/571 2648/816 2629/811
f 2630/520 2649/571 2629/811
f 2650/815 2649/571 2630/520
f 2631/810 2650/815 2630/520
f 2651/814 2650/815 2631/810
f 2632/317 2651/814 2631/810
f 2652/710 2651/814 2632/317
f 2633/809 2652/710 2632/317
f 2653/316 2652/710 2633/809
f 2634/808 2653/316 2633/809
f 2654/547 2653/316 2634/808
f 2615/807 2654/547 2634/808
f 2635/813 2654/547 2615/807
f 2636/547 2655/553 2635/813
f 2656/553 2655/553 2636/547
f 2637/316 2656/553 2636/547
f 2657/819 2656/553 2637/316
f 2638/710 2657/819 2637/316
f 2658/820 2657/819 2638/710
f 2639/814 2658/820 2638/710
f 2659/821 2658/820 2639/814
f 2640/815 2659/821 2639/814
f 2660/822 2659/821 2640/815
f 2641/571 2660/822 2640/815
f 2661/823 2660/822 2641/571
f 2642/816 2661/823 2641/571
f 2662/824 2661/823 2642/816
f 2643/345 2662/824 2642/816
f 2663/825 2662/824 2643/345
f 2644/817 2663/825 2643/345
f 2664/558 2663/825 2644/817
f 2645/818 2664/558 2644/817
f 2665/558 2664/558 2645/818
f 2646/817 2665/558 2645/818
f 2666/558 2665/558 2646/817
f 2647/345 2666/558 2646/817
f 2667/825 2666/558 2647/345
f 2648/816 2667/825 2647/345
f 2668/824 2667/825 2648/816
f 2649/571 2668/824 2648/816
f 2669/823 2668/824 2649/571
f 2650/815 2669/823 2649/571
f 2670/822 2669/823 2650/815
f 2651/814 2670/822 2650/815
f 2671/821 2670/822 2651/814
f 2652/710 2671/821 2651/814
f 2672/820 2671/821 2652/710
f 2653/316 2672/820 2652/710
f 2673/819 2672/820 2653/316
f 2654/547 2673/819 2653/316
f 2674/553 2673/819 2654/547
f 2635/813 2674/553 2654/547
f 2655/553 2674/553 2635/813
f 2656/553 2675/826 2655/553
f 2676/826 2675/827 2656/553
f 2657/819 2676/828 2656/553
f 2677/647 2676/826 2657/819
f 2658/820 2677/647 2657/819
f 2678/657 2677/545 2658/820
f 2659/821 2678/657 2658/820
f 2679/829 2678/88 2659/821
f 2660/822 2679/830 2659/821
f 2680/831 2679/830 2660/822
f 2661/823 2680/831 2660/822
f 2681/832 2680/833 2661/823
f 2662/824 2681/832 2661/823
f 2682/834 2681/832 2662/824
f 2663/825 2682/834 2662/824
f 2683/591 2682/594 2663/825
f 2664/558 2683/835 2663/825
f 2684/836 2683/835 2664/558
f 2665/558 2684/837 2664/558
f 2685/838 2684/836 2665/558
f 2666/558 2685/839 2665/558
f 2686/836 2685/836 2666/558
f 2667/825 2686/837 2666/558
f 2687/591 2686/836 2667/825
f 2668/824 2687/835 2667/825
f 2688/834 2687/591 2668/824
f 2669/823 2688/834 2668/824
f 2689/832 2688/834 2669/823
f 2670/822 2689/840 2669/823
f 2690/833 2689/832 2670/822
f 2671/821 2690/831 2670/822
f 2691/830 2690/831 2671/821
f 2672/820 2691/829 2671/821
f 2692/657 2691/829 2672/820
f 2673/819 2692/657 2672/820
f 2693/545 2692/88 2673/819
f 2674/553 2693/647 2673/819
f 2694/826 2693/647 2674/553
f 2655/553 2694/826 2674/553
f 2675/554 2694/828 2655/553
f 2676/826 2695/826 2675/554
f 2696/826 2695/826 2676/826
f 2677/647 2696/826 2676/826
f 2697/319 2696/826 2677/647
f 2678/657 2697/319 2677/647
f 2698/657 2697/319 2678/657
f 2679/830 2698/657 2678/657
f 2699/103 2698/657 2679/830
f 2680/831 2699/103 2679/830
f 2700/831 2699/103 2680/831
f 2681/832 2700/831 2680/831
f 2701/343 2700/831 2681/840
f 2682/834 2701/832 2681/840
f 2702/834 2701/343 2682/834
f 2683/835 2702/834 2682/594
f 2703/591 2702/834 2683/591
f 2684/836 2703/340 2683/591
f 2704/836 2703/340 2684/836
f 2685/836 2704/836 2684/836
f 2705/836 2704/836 2685/836
f 2686/837 2705/836 2685/837
f 2706/836 2705/836 2686/837
f 2687/835 2706/591 2686/836
f 2707/340 2706/836 2687/591
f 2688/594 2707/591 2687/591
f 2708/834 2707/340 2688/594
f 2689/832 2708/834 2688/834
f 2709/343 2708/834 2689/832
f 2690/831 2709/343 2689/832
f 2710/831 2709/343 2690/831
f 2691/830 2710/831 2690/833
f 2711/103 2710/831 2691/829
f 2692/657 2711/103 2691/829
f 2712/657 2711/830 2692/657
f 2693/647 2712/657 2692/657
f 2713/319 2712/657 2693/647
f 2694/826 2713/319 2693/647
f 2714/826 2713/647 2694/826
f 2675/554 2714/826 2694/826
f 2695/826 2714/826 2675/828
f 2696/826 2715/713 2695/826
f 2716/713 2715/713 2696/826
f 2697/319 2716/713 2696/826
f 2717/21 2716/713 2697/319
f 2698/657 2717/21 2697/319
f 2718/841 2717/21 2698/657
f 2699/830 2718/841 2698/657
f 2719/842 2718/841 2699/103
f 2700/831 2719/842 2699/103
f 2720/843 2719/842 2700/831
f 2701/343 2720/843 2700/831
f 2721/844 2720/843 2701/343
f 2702/834 2721/844 2701/343
f 2722/845 2721/844 2702/834
f 2703/340 2722/845 2702/834
f 2723/30 2722/845 2703/340
f 2704/836 2723/30 2703/340
f 2724/846 2723/30 2704/836
f 2705/836 2724/846 2704/836
f 2725/846 2724/846 2705/836
f 2706/836 2725/846 2705/836
f 2726/846 2725/846 2706/836
f 2707/340 2726/846 2706/836
f 2727/30 2726/846 2707/591
f 2708/834 2727/30 2707/340
f 2728/847 2727/30 2708/834
f 2709/343 2728/847 2708/834
f 2729/844 2728/845 2709/832
f 2710/831 2729/844 2709/343
f 2730/843 2729/844 2710/831
f 2711/103 2730/843 2710/831
f 2731/842 2730/843 2711/103
f 2712/657 2731/842 2711/830
f 2732/841 2731/842 2712/657
f 2713/319 2732/841 2712/657
f 2733/21 2732/95 2713/319
f 2714/826 2733/21 2713/319
f 2734/713 2733/21 2714/826
f 2695/826 2734/713 2714/826
f 2715/713 2734/713 2695/826
f 2716/713 2735/546 2715/713
f 2736/546 2735/546 2716/713
f 2717/21 2736/546 2716/713
f 2737/318 2736/546 2717/21
f 2718/95 2737/318 2717/21
f 2738/848 2737/318 2718/841
f 2719/842 2738/848 2718/95
f 2739/849 2738/848 2719/842
f 2720/843 2739/849 2719/842
f 2740/46 2739/849 2720/843
f 2721/844 2740/46 2720/843
f 2741/850 2740/46 2721/844
f 2722/845 2741/850 2721/844
f 2742/101 2741/850 2722/845
f 2723/30 2742/101 2722/845
f 2743/341 2742/101 2723/30
f 2724/846 2743/341 2723/30
f 2744/560 2743/341 2724/846
f 2725/846 2744/560 2724/846
f 2745/560 2744/560 2725/846
f 2726/846 2745/560 2725/846
f 2746/560 2745/560 2726/846
f 2727/30 2746/560 2726/846
f 2747/341 2746/560 2727/30
f 2728/845 2747/341 2727/30
f 2748/101 2747/341 2728/847
f 2729/844 2748/101 2728/847
f 2749/850 2748/101 2729/844
f 2730/843 2749/850 2729/844
f 2750/46 2749/850 2730/843
f 2731/842 2750/46 2730/843
f 2751/849 2750/46 2731/842
f 2732/95 2751/849 2731/842
f 2752/848 2751/849 2732/841
f 2733/21 2752/848 2732/841
f 2753/318 2752/848 2733/21
f 2734/713 2753/318 2733/21
f 2754/546 2753/318 2734/713
f 2715/713 2754/546 2734/713
f 2735/546 2754/546 2715/713
f 2736/546 2755/851 2735/546
f 2756/851 2755/851 2736/546
f 2737/318 2756/851 2736/546
f 2757/852 2756/851 2737/318
f 2738/848 2757/852 2737/318
f 2758/852 2757/852 2738/848
f 2739/849 2758/852 2738/848
f 2759/567 2758/852 2739/849
f 2740/46 2759/567 2739/849
f 2760/358 2759/567 2740/46
f 2741/850 2760/358 2740/46
f 2761/853 2760/358 2741/850
f 2742/101 2761/853 2741/850
f 2762/96 2761/853 2742/101
f 2743/341 2762/96 2742/101
f 2763/96 2762/96 2743/341
f 2744/560 2763/96 2743/341
f 2764/854 2763/96 2744/560
f 2745/560 2764/854 2744/560
f 2765/854 2764/854 2745/560
f 2746/560 2765/854 2745/560
f 2766/854 2765/854 2746/560
f 2747/341 2766/854 2746/560
f 2767/96 2766/854 2747/341
f 2748/101 2767/96 2747/341
f 2768/96 2767/96 2748/101
f 2749/850 2768/96 2748/101
f 2769/853 2768/96 2749/850
f 2750/46 2769/853 2749/850
f 2770/358 2769/853 2750/46
f 2751/849 2770/358 2750/46
f 2771/567 2770/358 2751/849
f 2752/848 2771/567 2751/849
f 2772/852 2771/567 2752/848
f 2753/318 2772/852 2752/848
f 2773/852 2772/852 2753/318
f 2754/546 2773/852 2753/318
f 2774/851 2773/852 2754/546
f 2735/546 2774/851 2754/546
f 2755/851 2774/851 2735/546
f 2756/851 2775/855 2755/851
f 2776/855 2775/855 2756/851
f 2757/852 2776/855 2756/851
f 2777/855 2776/855 2757/852
f 2758/852 2777/855 2757/852
f 2778/855 2777/855 2758/852
f 2759/567 2778/855 2758/852
f 2779/33 2778/855 2759/567
f 2760/358 2779/33 2759/567
f 2780/33 2779/33 2760/358
f 2761/853 2780/33 2760/358
f 2781/33 2780/33 2761/853
f 2762/96 2781/33 2761/853
f 2782/33 2781/33 2762/96
f 2763/96 2782/566 2762/96
f 2783/566 2782/566 2763/96
f 2764/854 2783/566 2763/96
f 2784/566 2783/566 2764/854
f 2765/854 2784/566 2764/854
f 2785/566 2784/566 2765/854
f 2766/854 2785/566 2765/854
f 2786/566 2785/566 2766/854
f 2767/96 2786/566 2766/854
f 2787/566 2786/566 2767/96
f 2768/96 2787/566 2767/96
f 2788/566 2787/566 2768/96
f 2769/853 2788/566 2768/96
f 2789/33 2788/566 2769/853
f 2770/358 2789/33 2769/853
f 2790/33 2789/33 2770/358
f 2771/567 2790/33 2770/358
f 2791/33 2790/33 2771/567
f 2772/852 2791/33 2771/567
f 2792/855 2791/33 2772/852
f 2773/852 2792/855 2772/852
f 2793/855 2792/855 2773/852
f 2774/851 2793/855 2773/852
f 2794/855 2793/855 2774/851
f 2755/851 2794/855 2774/851
f 2775/855 2794/855 2755/851
f 2776/855 2795/33 2775/855
f 2796/33 2795/33 2776/855
f 2777/855 2796/33 2776/855
f 2797/33 2796/33 2777/855
f 2778/855 2797/33 2777/855
f 2798/33 2797/33 2778/855
f 2779/33 2798/33 2778/855
f 2799/33 2798/33 2779/33
f 2780/33 2799/33 2779/33
f 2800/33 2799/33 2780/33
f 2781/33 2800/33 2780/33
f 2801/33 2800/33 2781/33
f 2782/566 2801/33 2781/33
f 2802/33 2801/33 2782/566
f 2783/566 2802/33 2782/566
f 2803/33 2802/33 2783/566
f 2784/566 2803/33 2783/566
f 2804/33 2803/33 2784/566
f 2785/566 2804/33 2784/566
f 2805/33 2804/33 2785/566
f 2786/566 2805/33 2785/566
f 2806/33 2805/33 2786/566
f 2787/566 2806/33 2786/566
f 2807/33 2806/33 2787/566
f 2788/566 2807/33 2787/566
f 2808/33 2807/33 2788/33
f 2789/33 2808/33 2788/566
f 2790/33 2808/33 2789/33
f 2809/33 2808/33 2790/33
f 2791/33 2809/33 2790/33
f 2810/33 2809/33 2791/33
f 2792/855 2810/33 2791/33
f 2793/855 2810/33 2792/855
f 2811/33 2810/33 2793/855
f 2794/855 2811/33 2793/855
f 2812/33 2811/33 2794/855
f 2775/855 2812/33 2794/855
f 2795/33 2812/33 2775/855
f 2419/757 2415/755 2417/755
f 2796/33 2797/33 2795/33
f 2421/856 2419/769 2417/755
f 2797/33 2798/33 2795/33
f 2423/759 2421/758 2417/755
f 2798/33 2799/33 2795/33
f 2425/20 2423/759 2417/755
f 2799/33 2800/33 2795/33
f 2427/83 2425/20 2417/755
f 2800/33 2801/33 2795/33
f 2429/765 2427/83 2417/755
f 2801/33 2802/33 2795/33
f 2431/857 2429/765 2417/755
f 2802/33 2803/33 2795/33
f 2433/767 2431/764 2417/755
f 2803/33 2804/33 2795/33
f 2435/767 2433/767 2417/755
f 2804/33 2805/33 2795/33
f 2437/767 2435/767 2417/755
f 2805/33 2806/33 2795/33
f 2439/764 2437/767 2417/755
f 2806/33 2807/33 2795/33
f 2441/685 2439/764 2417/755
f 2807/33 2808/33 2795/33
f 2443/83 2441/765 2417/755
f 2445/20 2443/83 2417/755
f 2808/33 2809/33 2795/33
f 2447/759 2445/20 2417/755
f 2809/33 2810/33 2795/33
f 2449/758 2447/759 2417/755
f 2451/769 2449/758 2417/755
f 2810/33 2811/33 2795/33
f 2453/755 2451/757 2417/755
f 2811/33 2812/33 2795/33
f 2813/858 2814/859 2815/860
f 2816/861 2814/859 2813/858
f 2817/862 2816/861 2813/858
f 2818/863 2816/861 2817/862
f 2819/864 2818/863 2817/862
f 2820/865 2818/863 2819/864
f 2821/866 2820/865 2819/864
f 2822/867 2820/865 2821/866
f 2823/868 2822/867 2821/866
f 2824/869 2822/867 2823/868
f 2825/870 2824/869 2823/868
f 2826/871 2824/869 2825/870
f 2827/872 2826/871 2825/870
f 2828/873 2826/871 2827/872
f 2829/872 2828/873 2827/872
f 2830/874 2828/873 2829/872
f 2831/875 2830/874 2829/872
f 2832/873 2830/874 2831/875
f 2833/870 2832/873 2831/875
f 2834/871 2832/873 2833/870
f 2835/868 2834/871 2833/870
f 2836/869 2834/871 2835/868
f 2837/866 2836/869 2835/868
f 2838/867 2836/869 2837/866
f 2839/864 2838/867 2837/866
f 2840/865 2838/867 2839/864
f 2841/862 2840/865 2839/864
f 2842/863 2840/865 2841/862
f 2843/858 2842/863 2841/862
f 2844/861 2842/863 2843/858
f 2815/860 2844/861 2843/858
f 2814/859 2844/861 2815/860
f 2816/861 2845/876 2814/859
f 2846/877 2845/876 2816/861
f 2818/863 2846/877 2816/861
f 2847/878 2846/877 2818/863
f 2820/865 2847/878 2818/863
f 2848/879 2847/878 2820/865
f 2822/867 2848/879 2820/865
f 2849/880 2848/879 2822/867
f 2824/869 2849/880 2822/867
f 2850/881 2849/880 2824/869
f 2826/871 2850/881 2824/869
f 2851/882 2850/881 2826/871
f 2828/873 2851/882 2826/871
f 2852/883 2851/882 2828/873
f 2830/874 2852/883 2828/873
f 2853/884 2852/883 2830/874
f 2832/873 2853/884 2830/874
f 2854/885 2853/884 2832/873
f 2834/871 2854/885 2832/873
f 2855/882 2854/885 2834/871
f 2836/869 2855/882 2834/871
f 2856/886 2855/882 2836/869
f 2838/867 2856/886 2836/869
f 2857/887 2856/886 2838/867
f 2840/865 2857/887 2838/867
f 2858/879 2857/887 2840/865
f 2842/863 2858/879 2840/865
f 2859/878 2858/879 2842/863
f 2844/861 2859/878 2842/863
f 2860/877 2859/878 2844/861
f 2814/859 2860/877 2844/861
f 2845/876 2860/877 2814/859
f 2846/877 2861/888 2845/876
f 2862/889 2861/888 2846/877
f 2847/878 2862/889 2846/877
f 2863/890 2862/889 2847/878
f 2848/879 2863/890 2847/878
f 2864/891 2863/890 2848/879
f 2849/880 2864/891 2848/879
f 2865/892 2864/891 2849/880
f 2850/881 2865/892 2849/880
f 2866/893 2865/892 2850/881
f 2851/882 2866/893 2850/881
f 2867/894 2866/893 2851/882
f 2852/883 2867/894 2851/882
f 2868/895 2867/894 2852/883
f 2853/884 2868/895 2852/883
f 2869/896 2868/895 2853/884
f 2854/885 2869/896 2853/884
f 2870/895 2869/896 2854/885
f 2855/882 2870/895 2854/885
f 2871/894 2870/895 2855/882
f 2856/886 2871/894 2855/882
f 2872/893 2871/894 2856/886
f 2857/887 2872/893 2856/886
f 2873/892 2872/893 2857/887
f 2858/879 2873/892 2857/887
f 2874/891 2873/892 2858/879
f 2859/878 2874/891 2858/879
f 2875/890 2874/891 2859/878
f 2860/877 2875/890 2859/878
f 2876/889 2875/890 2860/877
f 2845/876 2876/889 2860/877
f 2861/888 2876/889 2845/876
f 2862/889 2877/888 2861/888
f 2878/889 2877/888 2862/889
f 2863/890 2878/889 2862/889
f 2879/890 2878/889 2863/890
f 2864/891 2879/890 2863/890
f 2880/891 2879/890 2864/891
f 2865/892 2880/891 2864/891
f 2881/892 2880/891 2865/892
f 2866/893 2881/892 2865/892
f 2882/893 2881/892 2866/893
f 2867/894 2882/893 2866/893
f 2883/894 2882/893 2867/894
f 2868/895 2883/894 2867/894
f 2884/895 2883/894 2868/895
f 2869/896 2884/895 2868/895
f 2885/896 2884/895 2869/896
f 2870/895 2885/896 2869/896
f 2886/895 2885/896 2870/895
f 2871/894 2886/895 2870/895
f 2887/894 2886/895 2871/894
f 2872/893 2887/894 2871/894
f 2888/893 2887/894 2872/893
f 2873/892 2888/893 2872/893
f 2889/892 2888/893 2873/892
f 2874/891 2889/892 2873/892
f 2890/891 2889/892 2874/891
f 2875/890 2890/891 2874/891
f 2891/890 2890/891 2875/890
f 2876/889 2891/890 2875/890
f 2892/889 2891/890 2876/889
f 2861/888 2892/889 2876/889
f 2877/888 2892/889 2861/888
f 2878/889 2893/897 2877/888
f 2894/898 2893/897 2878/889
f 2879/890 2894/898 2878/889
f 2895/899 2894/898 2879/890
f 2880/891 2895/899 2879/890
f 2896/900 2895/899 2880/891
f 2881/892 2896/900 2880/891
f 2897/901 2896/900 2881/892
f 2882/893 2897/901 2881/892
f 2898/902 2897/901 2882/893
f 2883/894 2898/902 2882/893
f 2899/903 2898/902 2883/894
f 2884/895 2899/903 2883/894
f 2900/904 2899/903 2884/895
f 2885/896 2900/904 2884/895
f 2901/905 2900/904 2885/896
f 2886/895 2901/905 2885/896
f 2902/904 2901/905 2886/895
f 2887/894 2902/904 2886/895
f 2903/903 2902/904 2887/894
f 2888/893 2903/903 2887/894
f 2904/906 2903/903 2888/893
f 2889/892 2904/906 2888/893
f 2905/901 2904/906 2889/892
f 2890/891 2905/901 2889/892
f 2906/900 2905/901 2890/891
f 2891/890 2906/900 2890/891
f 2907/899 2906/900 2891/890
f 2892/889 2907/899 2891/890
f 2908/898 2907/899 2892/889
f 2877/888 2908/898 2892/889
f 2893/897 2908/898 2877/888
f 2894/898 2909/907 2893/897
f 2910/908 2909/907 2894/898
f 2895/899 2910/908 2894/898
f 2911/909 2910/908 2895/899
f 2896/900 2911/909 2895/899
f 2912/910 2911/909 2896/900
f 2897/901 2912/910 2896/900
f 2913/911 2912/910 2897/901
f 2898/902 2913/911 2897/901
f 2914/912 2913/911 2898/902
f 2899/903 2914/912 2898/902
f 2915/913 2914/912 2899/903
f 2900/904 2915/913 2899/903
f 2916/914 2915/913 2900/904
f 2901/905 2916/914 2900/904
f 2917/915 2916/914 2901/905
f 2902/904 2917/915 2901/905
f 2918/914 2917/915 2902/904
f 2903/903 2918/914 2902/904
f 2919/913 2918/914 2903/903
f 2904/906 2919/913 2903/903
f 2920/912 2919/913 2904/906
f 2905/901 2920/912 2904/906
f 2921/911 2920/912 2905/901
f 2906/900 2921/911 2905/901
f 2922/910 2921/911 2906/900
f 2907/899 2922/910 2906/900
f 2923/909 2922/910 2907/899
f 2908/898 2923/909 2907/899
f 2924/908 2923/909 2908/898
f 2893/897 2924/908 2908/898
f 2909/907 2924/908 2893/897
f 2910/908 2925/907 2909/907
f 2926/908 2925/907 2910/908
f 2911/909 2926/908 2910/908
f 2927/909 2926/908 2911/909
f 2912/910 2927/909 2911/909
f 2928/910 2927/909 2912/910
f 2913/911 2928/910 2912/910
f 2929/911 2928/910 2913/911
f 2914/912 2929/911 2913/911
f 2930/912 2929/911 2914/912
f 2915/913 2930/912 2914/912
f 2931/913 2930/912 2915/913
f 2916/914 2931/913 2915/913
f 2932/914 2931/913 2916/914
f 2917/915 2932/914 2916/914
f 2933/915 2932/914 2917/915
f 2918/914 2933/915 2917/915
f 2934/914 2933/915 2918/914
f 2919/913 2934/914 2918/914
f 2935/913 2934/914 2919/913
f 2920/912 2935/913 2919/913
f 2936/912 2935/913 2920/912
f 2921/911 2936/912 2920/912
f 2937/911 2936/912 2921/911
f 2922/910 2937/911 2921/911
f 2938/910 2937/911 2922/910
f 2923/909 2938/910 2922/910
f 2939/909 2938/910 2923/909
f 2924/908 2939/909 2923/909
f 2940/908 2939/909 2924/908
f 2909/907 2940/908 2924/908
f 2925/907 2940/908 2909/907
f 2926/908 2941/916 2925/907
f 2942/917 2941/916 2926/908
f 2927/909 2942/917 2926/908
f 2943/918 2942/917 2927/909
f 2928/910 2943/918 2927/909
f 2944/919 2943/918 2928/910
f 2929/911 2944/919 2928/910
f 2945/920 2944/919 2929/911
f 2930/912 2945/920 2929/911
f 2946/921 2945/920 2930/912
f 2931/913 2946/921 2930/912
f 2947/922 2946/921 2931/913
f 2932/914 2947/922 2931/913
f 2948/923 2947/922 2932/914
f 2933/915 2948/923 2932/914
f 2949/924 2948/923 2933/915
f 2934/914 2949/924 2933/915
f 2950/923 2949/924 2934/914
f 2935/913 2950/923 2934/914
f 2951/922 2950/923 2935/913
f 2936/912 2951/922 2935/913
f 2952/921 2951/922 2936/912
f 2937/911 2952/921 2936/912
f 2953/920 2952/921 2937/911
f 2938/910 2953/920 2937/911
f 2954/919 2953/920 2938/910
f 2939/909 2954/919 2938/910
f 2955/918 2954/919 2939/909
f 2940/908 2955/918 2939/909
f 2956/917 2955/918 2940/908
f 2925/907 2956/917 2940/908
f 2941/916 2956/917 2925/907
f 2942/917 2957/925 2941/916
f 2958/925 2957/925 2942/917
f 2943/918 2958/925 2942/917
f 2959/926 2958/925 2943/918
f 2944/919 2959/926 2943/918
f 2960/927 2959/926 2944/919
f 2945/920 2960/927 2944/919
f 2961/928 2960/927 2945/920
f 2946/921 2961/928 2945/920
f 2962/929 2961/928 2946/921
f 2947/922 2962/929 2946/921
f 2963/930 2962/929 2947/922
f 2948/923 2963/930 2947/922
f 2964/931 2963/930 2948/923
f 2949/924 2964/931 2948/923
f 2965/932 2964/931 2949/924
f 2950/923 2965/932 2949/924
f 2966/931 2965/932 2950/923
f 2951/922 2966/931 2950/923
f 2967/930 2966/931 2951/922
f 2952/921 2967/930 2951/922
f 2968/929 2967/930 2952/921
f 2953/920 2968/929 2952/921
f 2969/928 2968/929 2953/920
f 2954/919 2969/928 2953/920
f 2970/927 2969/928 2954/919
f 2955/918 2970/927 2954/919
f 2971/933 2970/927 2955/918
f 2956/917 2971/933 2955/918
f 2972/925 2971/933 2956/917
f 2941/916 2972/925 2956/917
f 2957/925 2972/925 2941/916
f 2958/925 2973/934 2957/925
f 2974/935 2973/934 2958/925
f 2959/926 2974/935 2958/925
f 2975/936 2974/935 2959/926
f 2960/927 2975/936 2959/926
f 2976/937 2975/936 2960/927
f 2961/928 2976/937 2960/927
f 2977/938 2976/937 2961/928
f 2962/929 2977/938 2961/928
f 2978/939 2977/938 2962/929
f 2963/930 2978/939 2962/929
f 2979/940 2978/939 2963/930
f 2964/931 2979/940 2963/930
f 2980/941 2979/940 2964/931
f 2965/932 2980/941 2964/931
f 2981/942 2980/941 2965/932
f 2966/931 2981/942 2965/932
f 2982/941 2981/942 2966/931
f 2967/930 2982/941 2966/931
f 2983/940 2982/941 2967/930
f 2968/929 2983/940 2967/930
f 2984/939 2983/940 2968/929
f 2969/928 2984/939 2968/929
f 2985/938 2984/939 2969/928
f 2970/927 2985/938 2969/928
f 2986/937 2985/938 2970/927
f 2971/933 2986/937 2970/927
f 2987/936 2986/937 2971/933
f 2972/925 2987/936 2971/933
f 2988/935 2987/936 2972/925
f 2957/925 2988/935 2972/925
f 2973/934 2988/935 2957/925
f 2974/935 2989/943 2973/934
f 2990/944 2989/943 2974/935
f 2975/936 2990/944 2974/935
f 2991/945 2990/944 2975/936
f 2976/937 2991/945 2975/936
f 2992/946 2991/945 2976/937
f 2977/938 2992/946 2976/937
f 2993/947 2992/946 2977/938
f 2978/939 2993/947 2977/938
f 2994/948 2993/947 2978/939
f 2979/940 2994/948 2978/939
f 2995/949 2994/948 2979/940
f 2980/941 2995/949 2979/940
f 2996/950 2995/949 2980/941
f 2981/942 2996/950 2980/941
f 2997/951 2996/950 2981/942
f 2982/941 2997/951 2981/942
f 2998/950 2997/951 2982/941
f 2983/940 2998/950 2982/941
f 2999/949 2998/950 2983/940
f 2984/939 2999/949 2983/940
f 3000/948 2999/949 2984/939
f 2985/938 3000/948 2984/939
f 3001/947 3000/948 2985/938
f 2986/937 3001/947 2985/938
f 3002/946 3001/947 2986/937
f 2987/936 3002/946 2986/937
f 3003/945 3002/946 2987/936
f 2988/935 3003/945 2987/936
f 3004/944 3003/945 2988/935
f 2973/934 3004/944 2988/935
f 2989/943 3004/944 2973/934
f 2990/944 3005/952 2989/943
f 3006/953 3005/952 2990/944
f 2991/945 3006/953 2990/944
f 3007/954 3006/953 2991/945
f 2992/946 3007/954 2991/945
f 3008/955 3007/954 2992/946
f 2993/947 3008/955 2992/946
f 3009/956 3008/955 2993/947
f 2994/948 3009/956 2993/947
f 3010/957 3009/956 2994/948
f 2995/949 3010/957 2994/948
f 3011/958 3010/957 2995/949
f 2996/950 3011/958 2995/949
f 3012/959 3011/958 2996/950
f 2997/951 3012/959 2996/950
f 3013/960 3012/959 2997/951
f 2998/950 3013/960 2997/951
f 3014/959 3013/960 2998/950
f 2999/949 3014/959 2998/950
f 3015/958 3014/959 2999/949
f 3000/948 3015/958 2999/949
f 3016/957 3015/958 3000/948
f 3001/947 3016/957 3000/948
f 3017/956 3016/957 3001/947
f 3002/946 3017/956 3001/947
f 3018/955 3017/956 3002/946
f 3003/945 3018/955 3002/946
f 3019/954 3018/955 3003/945
f 3004/944 3019/954 3003/945
f 3020/953 3019/954 3004/944
f 2989/943 3020/953 3004/944
f 3005/952 3020/953 2989/943
f 3006/953 3021/961 3005/952
f 3022/953 3021/961 3006/953
f 3007/954 3022/953 3006/953
f 3023/962 3022/953 3007/954
f 3008/955 3023/962 3007/954
f 3024/963 3023/962 3008/955
f 3009/956 3024/963 3008/955
f 3025/964 3024/963 3009/956
f 3010/957 3025/964 3009/956
f 3026/965 3025/964 3010/957
f 3011/958 3026/965 3010/957
f 3027/966 3026/965 3011/958
f 3012/959 3027/966 3011/958
f 3028/967 3027/966 3012/959
f 3013/960 3028/967 3012/959
f 3029/960 3028/967 3013/960
f 3014/959 3029/960 3013/960
f 3030/967 3029/960 3014/959
f 3015/958 3030/967 3014/959
f 3031/966 3030/967 3015/958
f 3016/957 3031/966 3015/958
f 3032/965 3031/966 3016/957
f 3017/956 3032/965 3016/957
f 3033/964 3032/965 3017/956
f 3018/955 3033/964 3017/956
f 3034/963 3033/964 3018/955
f 3019/954 3034/963 3018/955
f 3035/954 3034/963 3019/954
f 3020/953 3035/954 3019/954
f 3036/953 3035/954 3020/953
f 3005/952 3036/953 3020/953
f 3021/961 3036/953 3005/952
f 3022/953 3037/968 3021/961
f 3038/968 3037/968 3022/953
f 3023/962 3038/968 3022/953
f 3039/969 3038/968 3023/962
f 3024/963 3039/969 3023/962
f 3040/970 3039/969 3024/963
f 3025/964 3040/970 3024/963
f 3041/971 3040/970 3025/964
f 3026/965 3041/971 3025/964
f 3042/972 3041/971 3026/965
f 3027/966 3042/972 3026/965
f 3043/973 3042/972 3027/966
f 3028/967 3043/973 3027/966
f 3044/974 3043/973 3028/967
f 3029/960 3044/974 3028/967
f 3045/974 3044/974 3029/960
f 3030/967 3045/974 3029/960
f 3046/974 3045/974 3030/967
f 3031/966 3046/974 3030/967
f 3047/973 3046/974 3031/966
f 3032/965 3047/973 3031/966
f 3048/972 3047/973 3032/965
f 3033/964 3048/972 3032/965
f 3049/971 3048/972 3033/964
f 3034/963 3049/971 3033/964
f 3050/970 3049/971 3034/963
f 3035/954 3050/970 3034/963
f 3051/969 3050/970 3035/954
f 3036/953 3051/969 3035/954
f 3052/968 3051/969 3036/953
f 3021/961 3052/968 3036/953
f 3037/968 3052/968 3021/961
f 3038/968 3053/968 3037/968
f 3054/968 3053/968 3038/968
f 3039/969 3054/968 3038/968
f 3055/969 3054/968 3039/969
f 3040/970 3055/969 3039/969
f 3056/970 3055/969 3040/970
f 3041/971 3056/970 3040/970
f 3057/971 3056/970 3041/971
f 3042/972 3057/971 3041/971
f 3058/972 3057/971 3042/972
f 3043/973 3058/972 3042/972
f 3059/973 3058/972 3043/973
f 3044/974 3059/973 3043/973
f 3060/974 3059/973 3044/974
f 3045/974 3060/974 3044/974
f 3061/974 3060/974 3045/974
f 3046/974 3061/974 3045/974
f 3062/974 3061/974 3046/974
f 3047/973 3062/974 3046/974
f 3063/973 3062/974 3047/973
f 3048/972 3063/973 3047/973
f 3064/972 3063/973 3048/972
f 3049/971 3064/972 3048/972
f 3065/971 3064/972 3049/971
f 3050/970 3065/971 3049/971
f 3066/970 3065/971 3050/970
f 3051/969 3066/970 3050/970
f 3067/969 3066/970 3051/969
f 3052/968 3067/969 3051/969
f 3068/968 3067/969 3052/968
f 3037/968 3068/968 3052/968
f 3053/968 3068/968 3037/968
f 3054/968 3069/975 3053/968
f 3070/975 3069/975 3054/968
f 3055/969 3070/975 3054/968
f 3071/976 3070/975 3055/969
f 3056/970 3071/976 3055/969
f 3072/976 3071/976 3056/970
f 3057/971 3072/976 3056/970
f 3073/977 3072/976 3057/971
f 3058/972 3073/977 3057/971
f 3074/978 3073/977 3058/972
f 3059/973 3074/978 3058/972
f 3075/978 3074/978 3059/973
f 3060/974 3075/978 3059/973
f 3076/979 3075/978 3060/974
f 3061/974 3076/979 3060/974
f 3077/979 3076/979 3061/974
f 3062/974 3077/979 3061/974
f 3078/979 3077/979 3062/974
f 3063/973 3078/979 3062/974
f 3079/978 3078/979 3063/973
f 3064/972 3079/978 3063/973
f 3080/978 3079/978 3064/972
f 3065/971 3080/978 3064/972
f 3081/977 3080/978 3065/971
f 3066/970 3081/977 3065/971
f 3082/976 3081/977 3066/970
f 3067/969 3082/976 3066/970
f 3083/976 3082/976 3067/969
f 3068/968 3083/976 3067/969
f 3084/975 3083/976 3068/968
f 3053/968 3084/975 3068/968
f 3069/975 3084/975 3053/968
f 3070/975 3085/980 3069/975
f 3086/980 3085/980 3070/975
f 3071/976 3086/980 3070/975
f 3087/980 3086/980 3071/976
f 3072/976 3087/980 3071/976
f 3088/980 3087/980 3072/976
f 3073/977 3088/980 3072/976
f 3089/980 3088/980 3073/977
f 3074/978 3089/980 3073/977
f 3090/980 3089/980 3074/978
f 3075/978 3090/980 3074/978
f 3091/980 3090/980 3075/978
f 3076/979 3091/980 3075/978
f 3092/980 3091/980 3076/979
f 3077/979 3092/980 3076/979
f 3093/980 3092/980 3077/979
f 3078/979 3093/980 3077/979
f 3094/980 3093/980 3078/979
f 3079/978 3094/980 3078/979
f 3095/980 3094/980 3079/978
f 3080/978 3095/980 3079/978
f 3096/980 3095/980 3080/978
f 3081/977 3096/980 3080/978
f 3097/980 3096/980 3081/977
f 3082/976 3097/980 3081/977
f 3098/980 3097/980 3082/976
f 3083/976 3098/980 3082/976
f 3099/980 3098/980 3083/976
f 3084/975 3099/980 3083/976
f 3100/980 3099/980 3084/975
f 3069/975 3100/980 3084/975
f 3085/980 3100/980 3069/975
f 2817/862 2813/858 2815/860
f 3086/980 3087/980 3085/980
f 2819/864 2817/862 2815/860
f 3087/980 3088/980 3085/980
f 2821/866 2819/864 2815/860
f 3088/980 3089/980 3085/980
f 2823/868 2821/866 2815/860
f 3089/980 3090/980 3085/980
f 2825/870 2823/868 2815/860
f 3090/980 3091/980 3085/980
f 2827/872 2825/870 2815/860
f 3091/980 3092/980 3085/980
f 2829/872 2827/872 2815/860
f 3092/980 3093/980 3085/980
f 2831/875 2829/872 2815/860
f 3093/980 3094/980 3085/980
f 2833/870 2831/875 2815/860
f 3094/980 3095/980 3085/980
f 2835/868 2833/870 2815/860
f 3095/980 3096/980 3085/980
f 2837/866 2835/868 2815/860
f 3096/980 3097/980 3085/980
f 2839/864 2837/866 2815/860
f 3097/980 3098/980 3085/980
f 2841/862 2839/864 2815/860
f 3098/980 3099/980 3085/980
f 2843/858 2841/862 2815/860
f 3099/980 3100/980 3085/980
f 3101/769 3102/610 3103/769
f 3104/610 3102/610 3101/769
f 3105/856 3104/610 3101/769
f 3106/35 3104/610 3105/856
f 3107/90 3106/35 3105/856
f 3108/981 3106/35 3107/90
f 3109/107 3108/981 3107/90
f 3110/762 3108/981 3109/107
f 3111/20 3110/762 3109/107
f 3112/761 3110/762 3111/20
f 3113/541 3112/761 3111/20
f 3114/105 3112/761 3113/541
f 3115/982 3114/105 3113/541
f 3116/983 3114/105 3115/982
f 3117/765 3116/983 3115/982
f 3118/52 3116/983 3117/765
f 3119/857 3118/52 3117/765
f 3120/766 3118/52 3119/857
f 3121/857 3120/984 3119/857
f 3122/984 3120/984 3121/857
f 3123/857 3122/984 3121/857
f 3124/984 3122/984 3123/857
f 3125/765 3124/984 3123/857
f 3126/52 3124/984 3125/765
f 3127/982 3126/52 3125/765
f 3128/983 3126/52 3127/982
f 3129/541 3128/983 3127/982
f 3130/105 3128/983 3129/541
f 3131/20 3130/105 3129/541
f 3132/761 3130/105 3131/20
f 3133/107 3132/761 3131/20
f 3134/762 3132/761 3133/107
f 3135/90 3134/762 3133/107
f 3136/981 3134/762 3135/90
f 3137/856 3136/981 3135/90
f 3138/35 3136/981 3137/856
f 3139/769 3138/35 3137/856
f 3140/610 3138/35 3139/769
f 3103/769 3140/610 3139/769
f 3102/610 3140/595 3103/769
f 3104/595 3141/771 3102/610
f 3142/771 3141/771 3104/595
f 3106/35 3142/778 3104/610
f 3143/293 3142/778 3106/35
f 3108/981 3143/295 3106/35
f 3144/500 3143/295 3108/981
f 3110/762 3144/615 3108/981
f 3145/773 3144/615 3110/762
f 3112/761 3145/780 3110/762
f 3146/774 3145/773 3112/761
f 3114/105 3146/774 3112/761
f 3147/775 3146/774 3114/105
f 3116/983 3147/775 3114/105
f 3148/631 3147/775 3116/983
f 3118/52 3148/631 3116/983
f 3149/332 3148/631 3118/52
f 3120/984 3149/332 3118/52
f 3150/682 3149/332 3120/984
f 3122/984 3150/682 3120/984
f 3151/682 3150/673 3122/984
f 3124/984 3151/682 3122/984
f 3152/682 3151/682 3124/766
f 3126/52 3152/682 3124/766
f 3153/362 3152/682 3126/52
f 3128/983 3153/332 3126/52
f 3154/631 3153/332 3128/983
f 3130/105 3154/631 3128/983
f 3155/775 3154/985 3130/105
f 3132/761 3155/775 3130/105
f 3156/774 3155/775 3132/761
f 3134/762 3156/782 3132/761
f 3157/773 3156/782 3134/762
f 3136/981 3157/773 3134/762
f 3158/615 3157/780 3136/981
f 3138/35 3158/615 3136/981
f 3159/293 3158/615 3138/35
f 3140/610 3159/295 3138/35
f 3160/771 3159/295 3140/610
f 3102/610 3160/778 3140/595
f 3141/778 3160/778 3102/610
f 3142/771 3161/986 3141/771
f 3162/778 3161/986 3142/771
f 3143/295 3162/778 3142/771
f 3163/293 3162/778 3143/295
f 3144/615 3163/293 3143/293
f 3164/500 3163/293 3144/615
f 3145/773 3164/500 3144/615
f 3165/780 3164/500 3145/780
f 3146/782 3165/780 3145/773
f 3166/782 3165/780 3146/774
f 3147/775 3166/782 3146/774
f 3167/783 3166/782 3147/775
f 3148/985 3167/783 3147/775
f 3168/985 3167/783 3148/985
f 3149/332 3168/985 3148/631
f 3169/362 3168/985 3149/332
f 3150/682 3169/362 3149/332
f 3170/673 3169/362 3150/682
f 3151/682 3170/673 3150/682
f 3171/987 3170/673 3151/682
f 3152/682 3171/987 3151/673
f 3172/673 3171/987 3152/682
f 3153/362 3172/673 3152/682
f 3173/362 3172/673 3153/332
f 3154/631 3173/362 3153/332
f 3174/985 3173/362 3154/985
f 3155/775 3174/985 3154/631
f 3175/783 3174/985 3155/775
f 3156/774 3175/783 3155/775
f 3176/782 3175/783 3156/774
f 3157/773 3176/782 3156/774
f 3177/780 3176/782 3157/773
f 3158/615 3177/780 3157/773
f 3178/500 3177/780 3158/615
f 3159/295 3178/500 3158/615
f 3179/293 3178/500 3159/295
f 3160/771 3179/293 3159/295
f 3180/778 3179/293 3160/771
f 3141/778 3180/778 3160/771
f 3161/986 3180/778 3141/771
f 3162/778 3181/786 3161/986
f 3182/291 3181/786 3162/778
f 3163/293 3182/291 3162/778
f 3183/790 3182/291 3163/293
f 3164/500 3183/790 3163/293
f 3184/787 3183/790 3164/500
f 3165/780 3184/787 3164/500
f 3185/498 3184/787 3165/780
f 3166/782 3185/498 3165/780
f 3186/788 3185/498 3166/782
f 3167/783 3186/788 3166/782
f 3187/523 3186/788 3167/783
f 3168/985 3187/523 3167/783
f 3188/789 3187/523 3168/985
f 3169/362 3188/789 3168/985
f 3189/537 3188/789 3169/362
f 3170/673 3189/537 3169/362
f 3190/354 3189/537 3170/673
f 3171/987 3190/354 3170/673
f 3191/666 3190/354 3171/987
f 3172/673 3191/666 3171/987
f 3192/354 3191/666 3172/673
f 3173/362 3192/354 3172/673
f 3193/537 3192/354 3173/362
f 3174/985 3193/537 3173/362
f 3194/789 3193/537 3174/985
f 3175/783 3194/789 3174/985
f 3195/523 3194/789 3175/783
f 3176/782 3195/523 3175/783
f 3196/788 3195/523 3176/782
f 3177/780 3196/788 3176/782
f 3197/498 3196/788 3177/780
f 3178/500 3197/498 3177/780
f 3198/787 3197/498 3178/500
f 3179/293 3198/787 3178/500
f 3199/790 3198/787 3179/293
f 3180/778 3199/790 3179/293
f 3200/291 3199/790 3180/778
f 3161/986 3200/291 3180/778
f 3181/786 3200/291 3161/986
f 3182/291 3201/754 3181/786
f 3202/303 3201/754 3182/291
f 3183/790 3202/303 3182/291
f 3203/511 3202/303 3183/790
f 3184/787 3203/511 3183/790
f 3204/791 3203/511 3184/787
f 3185/498 3204/791 3184/787
f 3205/792 3204/791 3185/498
f 3186/788 3205/792 3185/498
f 3206/514 3205/792 3186/788
f 3187/523 3206/514 3186/788
f 3207/624 3206/514 3187/523
f 3188/789 3207/624 3187/523
f 3208/675 3207/624 3188/789
f 3189/537 3208/675 3188/789
f 3209/667 3208/675 3189/537
f 3190/354 3209/667 3189/537
f 3210/352 3209/667 3190/354
f 3191/666 3210/352 3190/354
f 3211/356 3210/352 3191/666
f 3192/354 3211/356 3191/666
f 3212/352 3211/356 3192/354
f 3193/537 3212/352 3192/354
f 3213/667 3212/352 3193/537
f 3194/789 3213/667 3193/537
f 3214/675 3213/667 3194/789
f 3195/523 3214/675 3194/789
f 3215/624 3214/675 3195/523
f 3196/788 3215/624 3195/523
f 3216/514 3215/624 3196/788
f 3197/498 3216/514 3196/788
f 3217/792 3216/514 3197/498
f 3198/787 3217/792 3197/498
f 3218/791 3217/792 3198/787
f 3199/790 3218/791 3198/787
f 3219/511 3218/791 3199/790
f 3200/291 3219/511 3199/790
f 3220/303 3219/511 3200/291
f 3181/786 3220/303 3200/291
f 3201/754 3220/303 3181/786
f 3202/303 3221/988 3201/754
f 3222/305 3221/988 3202/303
f 3203/511 3222/305 3202/303
f 3223/510 3222/305 3203/511
f 3204/791 3223/510 3203/511
f 3224/724 3223/510 3204/791
f 3205/792 3224/724 3204/791
f 3225/989 3224/724 3205/792
f 3206/514 3225/989 3205/792
f 3226/990 3225/989 3206/514
f 3207/624 3226/990 3206/514
f 3227/66 3226/990 3207/624
f 3208/675 3227/66 3207/624
f 3228/991 3227/66 3208/675
f 3209/667 3228/991 3208/675
f 3229/992 3228/991 3209/667
f 3210/352 3229/992 3209/667
f 3230/76 3229/992 3210/352
f 3211/356 3230/76 3210/352
f 3231/100 3230/76 3211/356
f 3212/352 3231/100 3211/356
f 3232/76 3231/100 3212/352
f 3213/667 3232/76 3212/352
f 3233/992 3232/76 3213/667
f 3214/675 3233/992 3213/667
f 3234/991 3233/992 3214/675
f 3215/624 3234/991 3214/675
f 3235/66 3234/991 3215/624
f 3216/514 3235/66 3215/624
f 3236/990 3235/66 3216/514
f 3217/792 3236/990 3216/514
f 3237/989 3236/990 3217/792
f 3218/791 3237/989 3217/792
f 3238/724 3237/989 3218/791
f 3219/511 3238/724 3218/791
f 3239/510 3238/724 3219/511
f 3220/303 3239/510 3219/511
f 3240/305 3239/510 3220/303
f 3201/754 3240/305 3220/303
f 3221/988 3240/305 3201/754
f 3222/305 3241/993 3221/988
f 3242/508 3241/993 3222/305
f 3223/510 3242/508 3222/305
f 3243/509 3242/508 3223/510
f 3224/724 3243/509 3223/510
f 3244/793 3243/509 3224/724
f 3225/989 3244/793 3224/724
f 3245/805 3244/793 3225/989
f 3226/990 3245/805 3225/989
f 3246/588 3245/805 3226/990
f 3227/66 3246/588 3226/990
f 3247/795 3246/588 3227/66
f 3228/991 3247/795 3227/66
f 3248/796 3247/795 3228/991
f 3229/992 3248/796 3228/991
f 3249/668 3248/796 3229/992
f 3230/76 3249/668 3229/992
f 3250/662 3249/668 3230/76
f 3231/100 3250/662 3230/76
f 3251/555 3250/662 3231/100
f 3232/76 3251/555 3231/100
f 3252/662 3251/555 3232/76
f 3233/992 3252/662 3232/76
f 3253/668 3252/662 3233/992
f 3234/991 3253/668 3233/992
f 3254/796 3253/668 3234/991
f 3235/66 3254/796 3234/991
f 3255/795 3254/796 3235/66
f 3236/990 3255/795 3235/66
f 3256/588 3255/795 3236/990
f 3237/989 3256/588 3236/990
f 3257/805 3256/588 3237/989
f 3238/724 3257/805 3237/989
f 3258/793 3257/805 3238/724
f 3239/510 3258/793 3238/724
f 3259/509 3258/793 3239/510
f 3240/305 3259/509 3239/510
f 3260/508 3259/509 3240/305
f 3221/988 3260/508 3240/305
f 3241/993 3260/508 3221/988
f 3242/508 3261/548 3241/993
f 3262/548 3261/549 3242/508
f 3243/509 3262/548 3242/508
f 3263/731 3262/548 3243/509
f 3244/793 3263/731 3243/509
f 3264/798 3263/731 3244/793
f 3245/805 3264/798 3244/793
f 3265/799 3264/798 3245/805
f 3246/588 3265/799 3245/586
f 3266/800 3265/799 3246/588
f 3247/795 3266/800 3246/588
f 3267/801 3266/800 3247/795
f 3248/796 3267/801 3247/795
f 3268/802 3267/801 3248/796
f 3249/668 3268/802 3248/796
f 3269/803 3268/802 3249/668
f 3250/662 3269/803 3249/668
f 3270/804 3269/803 3250/662
f 3251/555 3270/804 3250/662
f 3271/994 3270/804 3251/555
f 3252/662 3271/994 3251/555
f 3272/804 3271/804 3252/662
f 3253/668 3272/804 3252/662
f 3273/803 3272/804 3253/668
f 3254/796 3273/803 3253/668
f 3274/802 3273/803 3254/796
f 3255/795 3274/802 3254/796
f 3275/801 3274/802 3255/795
f 3256/588 3275/801 3255/795
f 3276/800 3275/801 3256/588
f 3257/805 3276/800 3256/588
f 3277/799 3276/800 3257/805
f 3258/793 3277/799 3257/805
f 3278/798 3277/799 3258/793
f 3259/509 3278/798 3258/793
f 3279/731 3278/798 3259/509
f 3260/508 3279/731 3259/509
f 3280/548 3279/731 3260/508
f 3241/993 3280/548 3260/508
f 3261/549 3280/548 3241/993
f 3262/548 3281/995 3261/549
f 3282/995 3281/995 3262/548
f 3263/731 3282/995 3262/548
f 3283/519 3282/995 3263/731
f 3264/798 3283/519 3263/731
f 3284/996 3283/519 3264/798
f 3265/799 3284/996 3264/798
f 3285/703 3284/996 3265/799
f 3266/800 3285/703 3265/799
f 3286/584 3285/703 3266/800
f 3267/801 3286/584 3266/800
f 3287/532 3286/584 3267/801
f 3268/802 3287/532 3267/801
f 3288/997 3287/532 3268/802
f 3269/803 3288/997 3268/802
f 3289/529 3288/997 3269/803
f 3270/804 3289/529 3269/803
f 3290/998 3289/529 3270/804
f 3271/994 3290/998 3270/804
f 3291/998 3290/998 3271/994
f 3272/804 3291/998 3271/804
f 3292/998 3291/998 3272/804
f 3273/803 3292/998 3272/804
f 3293/529 3292/998 3273/803
f 3274/802 3293/529 3273/803
f 3294/997 3293/529 3274/802
f 3275/801 3294/997 3274/802
f 3295/532 3294/997 3275/801
f 3276/800 3295/532 3275/801
f 3296/584 3295/532 3276/800
f 3277/799 3296/584 3276/800
f 3297/703 3296/584 3277/799
f 3278/798 3297/703 3277/799
f 3298/996 3297/703 3278/798
f 3279/731 3298/996 3278/798
f 3299/519 3298/996 3279/731
f 3280/548 3299/519 3279/731
f 3300/995 3299/519 3280/548
f 3261/548 3300/995 3280/548
f 3281/995 3300/995 3261/548
f 3282/995 3301/807 3281/995
f 3302/807 3301/807 3282/995
f 3283/519 3302/807 3282/995
f 3303/809 3302/807 3283/519
f 3284/996 3303/809 3283/519
f 3304/317 3303/809 3284/996
f 3285/703 3304/317 3284/996
f 3305/810 3304/317 3285/703
f 3286/584 3305/810 3285/703
f 3306/520 3305/810 3286/584
f 3287/532 3306/520 3286/584
f 3307/811 3306/520 3287/532
f 3288/997 3307/811 3287/532
f 3308/346 3307/811 3288/997
f 3289/529 3308/346 3288/997
f 3309/608 3308/346 3289/529
f 3290/998 3309/608 3289/529
f 3310/672 3309/608 3290/998
f 3291/998 3310/672 3290/998
f 3311/672 3310/672 3291/998
f 3292/998 3311/672 3291/998
f 3312/672 3311/672 3292/998
f 3293/529 3312/672 3292/998
f 3313/608 3312/672 3293/529
f 3294/997 3313/608 3293/529
f 3314/346 3313/608 3294/997
f 3295/532 3314/346 3294/997
f 3315/811 3314/346 3295/532
f 3296/584 3315/811 3295/532
f 3316/520 3315/811 3296/584
f 3297/703 3316/520 3296/584
f 3317/810 3316/520 3297/703
f 3298/996 3317/810 3297/703
f 3318/317 3317/810 3298/996
f 3299/519 3318/317 3298/996
f 3319/809 3318/317 3299/519
f 3300/995 3319/809 3299/519
f 3320/807 3319/809 3300/995
f 3281/995 3320/807 3300/995
f 3301/807 3320/807 3281/995
f 3302/807 3321/999 3301/807
f 3322/553 3321/999 3302/807
f 3303/809 3322/553 3302/807
f 3323/1000 3322/553 3303/809
f 3304/317 3323/1000 3303/809
f 3324/820 3323/1000 3304/317
f 3305/810 3324/820 3304/317
f 3325/821 3324/820 3305/810
f 3306/520 3325/821 3305/810
f 3326/822 3325/821 3306/520
f 3307/811 3326/822 3306/520
f 3327/823 3326/822 3307/811
f 3308/346 3327/823 3307/811
f 3328/824 3327/823 3308/346
f 3309/608 3328/824 3308/346
f 3329/619 3328/824 3309/608
f 3310/672 3329/619 3309/608
f 3330/558 3329/619 3310/672
f 3311/672 3330/558 3310/672
f 3331/556 3330/558 3311/672
f 3312/672 3331/556 3311/672
f 3332/558 3331/556 3312/672
f 3313/608 3332/558 3312/672
f 3333/619 3332/558 3313/608
f 3314/346 3333/619 3313/608
f 3334/824 3333/619 3314/346
f 3315/811 3334/824 3314/346
f 3335/823 3334/824 3315/811
f 3316/520 3335/823 3315/811
f 3336/822 3335/823 3316/520
f 3317/810 3336/822 3316/520
f 3337/821 3336/822 3317/810
f 3318/317 3337/821 3317/810
f 3338/820 3337/821 3318/317
f 3319/809 3338/820 3318/317
f 3339/1000 3338/820 3319/809
f 3320/807 3339/1000 3319/809
f 3340/553 3339/1000 3320/807
f 3301/807 3340/553 3320/807
f 3321/999 3340/553 3301/807
f 3322/553 3341/553 3321/999
f 3342/553 3341/553 3322/553
f 3323/1000 3342/553 3322/553
f 3343/819 3342/553 3323/1000
f 3324/820 3343/819 3323/1000
f 3344/820 3343/819 3324/820
f 3325/821 3344/820 3324/820
f 3345/821 3344/820 3325/821
f 3326/822 3345/821 3325/821
f 3346/822 3345/821 3326/822
f 3327/823 3346/822 3326/822
f 3347/823 3346/822 3327/823
f 3328/824 3347/823 3327/823
f 3348/824 3347/823 3328/824
f 3329/619 3348/824 3328/824
f 3349/825 3348/824 3329/619
f 3330/558 3349/825 3329/619
f 3350/558 3349/619 3330/558
f 3331/556 3350/558 3330/558
f 3351/558 3350/558 3331/556
f 3332/558 3351/558 3331/556
f 3352/558 3351/558 3332/558
f 3333/619 3352/558 3332/558
f 3353/825 3352/558 3333/619
f 3334/824 3353/825 3333/619
f 3354/824 3353/825 3334/824
f 3335/823 3354/824 3334/824
f 3355/823 3354/824 3335/823
f 3336/822 3355/823 3335/823
f 3356/822 3355/823 3336/822
f 3337/821 3356/822 3336/822
f 3357/821 3356/822 3337/821
f 3338/820 3357/821 3337/821
f 3358/820 3357/821 3338/820
f 3339/1000 3358/820 3338/820
f 3359/819 3358/820 3339/1000
f 3340/553 3359/819 3339/1000
f 3360/553 3359/819 3340/553
f 3321/999 3360/553 3340/553
f 3341/553 3360/553 3321/999
f 3342/553 3361/554 3341/553
f 3362/826 3361/554 3342/553
f 3343/819 3362/826 3342/553
f 3363/647 3362/826 3343/819
f 3344/820 3363/647 3343/819
f 3364/657 3363/647 3344/820
f 3345/821 3364/657 3344/820
f 3365/829 3364/657 3345/821
f 3346/822 3365/830 3345/821
f 3366/833 3365/829 3346/822
f 3347/823 3366/831 3346/822
f 3367/840 3366/833 3347/823
f 3348/824 3367/840 3347/823
f 3368/834 3367/832 3348/824
f 3349/825 3368/834 3348/824
f 3369/835 3368/834 3349/825
f 3350/558 3369/591 3349/825
f 3370/837 3369/591 3350/558
f 3351/558 3370/837 3350/558
f 3371/839 3370/836 3351/558
f 3352/558 3371/838 3351/558
f 3372/836 3371/839 3352/558
f 3353/825 3372/836 3352/558
f 3373/591 3372/836 3353/825
f 3354/824 3373/835 3353/825
f 3374/834 3373/591 3354/824
f 3355/823 3374/594 3354/824
f 3375/840 3374/834 3355/823
f 3356/822 3375/832 3355/823
f 3376/831 3375/832 3356/822
f 3357/821 3376/833 3356/822
f 3377/830 3376/831 3357/821
f 3358/820 3377/830 3357/821
f 3378/88 3377/830 3358/820
f 3359/819 3378/657 3358/820
f 3379/647 3378/657 3359/1000
f 3360/553 3379/647 3359/819
f 3380/826 3379/647 3360/553
f 3341/553 3380/826 3360/553
f 3361/827 3380/826 3341/553
f 3362/826 3381/722 3361/827
f 3382/722 3381/722 3362/826
f 3363/647 3382/722 3362/828
f 3383/712 3382/722 3363/647
f 3364/657 3383/712 3363/647
f 3384/706 3383/712 3364/657
f 3365/830 3384/706 3364/657
f 3385/320 3384/706 3365/830
f 3366/831 3385/320 3365/830
f 3386/1001 3385/320 3366/833
f 3367/832 3386/1001 3366/831
f 3387/342 3386/1001 3367/832
f 3368/834 3387/342 3367/832
f 3388/1002 3387/342 3368/834
f 3369/591 3388/1002 3368/594
f 3389/1003 3388/1002 3369/591
f 3370/836 3389/1003 3369/591
f 3390/592 3389/1003 3370/836
f 3371/838 3390/592 3370/836
f 3391/592 3390/592 3371/839
f 3372/836 3391/592 3371/839
f 3392/592 3391/592 3372/836
f 3373/591 3392/592 3372/836
f 3393/1003 3392/592 3373/591
f 3374/834 3393/1003 3373/591
f 3394/1002 3393/1003 3374/834
f 3375/840 3394/1002 3374/834
f 3395/342 3394/1002 3375/832
f 3376/831 3395/342 3375/832
f 3396/1001 3395/342 3376/831
f 3377/830 3396/1001 3376/831
f 3397/320 3396/1001 3377/830
f 3378/657 3397/320 3377/830
f 3398/706 3397/320 3378/657
f 3379/647 3398/706 3378/657
f 3399/712 3398/706 3379/647
f 3380/826 3399/712 3379/647
f 3400/722 3399/712 3380/826
f 3361/554 3400/722 3380/828
f 3381/722 3400/722 3361/827
f 3382/722 3401/713 3381/722
f 3402/21 3401/713 3382/722
f 3383/712 3402/21 3382/722
f 3403/21 3402/21 3383/712
f 3384/706 3403/21 3383/712
f 3404/95 3403/21 3384/706
f 3385/320 3404/95 3384/706
f 3405/842 3404/95 3385/320
f 3386/1001 3405/842 3385/320
f 3406/843 3405/842 3386/1001
f 3387/342 3406/843 3386/1001
f 3407/844 3406/843 3387/342
f 3388/1002 3407/844 3387/342
f 3408/847 3407/844 3388/1002
f 3389/1003 3408/847 3388/1002
f 3409/30 3408/847 3389/1003
f 3390/592 3409/30 3389/1003
f 3410/846 3409/30 3390/592
f 3391/592 3410/30 3390/592
f 3411/846 3410/30 3391/592
f 3392/592 3411/846 3391/592
f 3412/846 3411/846 3392/592
f 3393/1003 3412/30 3392/592
f 3413/30 3412/846 3393/1003
f 3394/1002 3413/30 3393/1003
f 3414/847 3413/30 3394/1002
f 3395/342 3414/847 3394/1002
f 3415/844 3414/847 3395/342
f 3396/1001 3415/844 3395/342
f 3416/843 3415/844 3396/1001
f 3397/320 3416/843 3396/1001
f 3417/842 3416/843 3397/320
f 3398/706 3417/842 3397/320
f 3418/95 3417/842 3398/706
f 3399/712 3418/95 3398/706
f 3419/21 3418/95 3399/712
f 3400/722 3419/21 3399/712
f 3420/21 3419/21 3400/722
f 3381/722 3420/21 3400/722
f 3401/713 3420/21 3381/722
f 3402/21 3421/318 3401/713
f 3422/318 3421/318 3402/21
f 3403/21 3422/318 3402/21
f 3423/318 3422/318 3403/21
f 3404/95 3423/318 3403/21
f 3424/848 3423/318 3404/95
f 3405/842 3424/848 3404/95
f 3425/73 3424/848 3405/842
f 3406/843 3425/73 3405/842
f 3426/46 3425/73 3406/843
f 3407/844 3426/46 3406/843
f 3427/1004 3426/46 3407/844
f 3408/847 3427/1004 3407/844
f 3428/101 3427/1004 3408/847
f 3409/30 3428/101 3408/847
f 3429/341 3428/101 3409/30
f 3410/846 3429/341 3409/30
f 3430/341 3429/341 3410/30
f 3411/846 3430/341 3410/30
f 3431/341 3430/341 3411/846
f 3412/846 3431/341 3411/846
f 3432/341 3431/341 3412/846
f 3413/30 3432/341 3412/30
f 3433/341 3432/341 3413/30
f 3414/847 3433/341 3413/30
f 3434/101 3433/341 3414/847
f 3415/844 3434/101 3414/847
f 3435/1004 3434/101 3415/844
f 3416/843 3435/1004 3415/844
f 3436/46 3435/1004 3416/843
f 3417/842 3436/46 3416/843
f 3437/73 3436/46 3417/842
f 3418/95 3437/73 3417/842
f 3438/848 3437/73 3418/95
f 3419/21 3438/848 3418/95
f 3439/318 3438/848 3419/21
f 3420/21 3439/318 3419/21
f 3440/318 3439/318 3420/21
f 3401/713 3440/318 3420/713
f 3421/318 3440/318 3401/713
f 3422/318 3441/852 3421/318
f 3442/852 3441/852 3422/318
f 3423/848 3442/852 3422/318
f 3443/567 3442/852 3423/318
f 3424/848 3443/567 3423/318
f 3444/567 3443/567 3424/848
f 3425/73 3444/567 3424/848
f 3445/567 3444/567 3425/73
f 3426/46 3445/567 3425/73
f 3446/358 3445/567 3426/46
f 3427/1004 3446/358 3426/46
f 3447/853 3446/358 3427/1004
f 3428/101 3447/853 3427/1004
f 3448/853 3447/853 3428/101
f 3429/341 3448/853 3428/101
f 3449/853 3448/853 3429/341
f 3430/341 3449/853 3429/341
f 3450/96 3449/853 3430/341
f 3431/341 3450/96 3430/341
f 3451/96 3450/96 3431/341
f 3432/341 3451/96 3431/341
f 3452/96 3451/96 3432/341
f 3433/341 3452/96 3432/341
f 3453/853 3452/96 3433/101
f 3434/101 3453/853 3433/341
f 3454/853 3453/853 3434/101
f 3435/1004 3454/853 3434/101
f 3455/853 3454/853 3435/1004
f 3436/46 3455/358 3435/1004
f 3456/358 3455/853 3436/46
f 3437/73 3456/358 3436/46
f 3457/567 3456/358 3437/73
f 3438/848 3457/358 3437/73
f 3458/567 3457/358 3438/848
f 3439/848 3458/567 3438/848
f 3459/852 3458/567 3439/318
f 3440/318 3459/567 3439/318
f 3460/852 3459/567 3440/318
f 3421/318 3460/852 3440/318
f 3441/852 3460/852 3421/318
f 3442/852 3461/855 3441/852
f 3462/33 3461/855 3442/852
f 3443/567 3462/33 3442/852
f 3463/33 3462/33 3443/852
f 3444/567 3463/33 3443/567
f 3464/33 3463/33 3444/567
f 3445/567 3464/33 3444/567
f 3465/33 3464/33 3445/567
f 3446/358 3465/33 3445/567
f 3466/33 3465/33 3446/358
f 3447/853 3466/33 3446/358
f 3467/33 3466/33 3447/358
f 3448/853 3467/33 3447/853
f 3468/33 3467/33 3448/853
f 3449/853 3468/33 3448/853
f 3469/33 3468/33 3449/853
f 3450/96 3469/33 3449/853
f 3470/566 3469/33 3450/96
f 3451/96 3470/33 3450/96
f 3471/33 3470/33 3451/96
f 3452/96 3471/33 3451/96
f 3472/33 3471/33 3452/96
f 3453/96 3472/33 3452/96
f 3473/33 3472/33 3453/853
f 3454/853 3473/33 3453/853
f 3474/33 3473/33 3454/853
f 3455/853 3474/33 3454/853
f 3475/33 3474/33 3455/853
f 3456/358 3475/33 3455/853
f 3476/33 3475/33 3456/358
f 3457/358 3476/33 3456/358
f 3477/33 3476/33 3457/567
f 3458/567 3477/33 3457/358
f 3478/33 3477/33 3458/567
f 3459/567 3478/33 3458/567
f 3479/33 3478/33 3459/567
f 3460/852 3479/33 3459/567
f 3480/33 3479/33 3460/852
f 3441/852 3480/33 3460/852
f 3461/33 3480/33 3441/852
f 3105/856 3101/769 3103/769
f 3462/33 3463/33 3461/33
f 3107/90 3105/856 3103/769
f 3463/33 3464/33 3461/855
f 3109/107 3107/90 3103/769
f 3464/33 3465/33 3461/33
f 3111/20 3109/107 3103/769
f 3465/33 3466/33 3461/33
f 3113/541 3111/20 3103/769
f 3466/33 3467/33 3461/33
f 3115/982 3113/541 3103/769
f 3467/33 3468/33 3461/855
f 3117/765 3115/982 3103/769
f 3468/33 3469/33 3461/855
f 3119/857 3117/765 3103/769
f 3469/33 3470/33 3461/33
f 3121/857 3119/857 3103/769
f 3470/33 3471/566 3461/33
f 3123/857 3121/857 3103/769
f 3471/33 3472/33 3461/33
f 3125/765 3123/857 3103/769
f 3472/33 3473/33 3461/33
f 3127/982 3125/765 3103/769
f 3473/33 3474/33 3461/33
f 3129/541 3127/982 3103/769
f 3474/33 3475/33 3461/33
f 3131/20 3129/541 3103/769
f 3475/33 3476/33 3461/33
f 3133/107 3131/20 3103/769
f 3476/33 3477/33 3461/855
f 3135/90 3133/107 3103/769
f 3477/33 3478/33 3461/33
f 3137/856 3135/90 3103/769
f 3478/33 3479/33 3461/33
f 3139/769 3137/856 3103/769
f 3479/33 3480/33 3461/33
f 3481/1005 3482/1006 3483/1007
f 3484/1008 3481/1005 3483/1007
f 3485/1009 3484/1008 3483/1007
f 3486/1010 3485/1009 3483/1007
f 3487/1011 3486/1010 3483/1007
f 3488/1012 3487/1011 3483/1007
f 3489/1013 3488/1012 3483/1007
f 3490/1014 3489/1013 3483/1007
f 3491/1015 3490/1014 3483/1007
f 3492/1016 3491/1015 3483/1007
f 3493/1017 3492/1016 3483/1007
f 3494/1018 3493/1017 3483/1007
f 3495/1019 3494/1018 3483/1007
f 3496/1020 3495/1019 3483/1007
f 3497/1021 3496/1020 3483/1007
f 3498/1022 3497/1021 3483/1007
f 3499/1023 3498/1022 3483/1007
f 3500/1024 3499/1023 3483/1007
f 3501/1025 3500/1024 3483/1007
f 3482/1006 3501/1025 3483/1007
f 3481/1005 3502/1026 3482/1006
f 3503/1027 3502/1026 3481/1005
f 3484/1008 3503/1027 3481/1005
f 3504/1028 3503/1027 3484/1008
f 3485/1009 3504/1028 3484/1008
f 3505/1029 3504/1028 3485/1009
f 3486/1010 3505/1029 3485/1009
f 3506/1030 3505/1029 3486/1010
f 3487/1011 3506/1030 3486/1010
f 3507/1031 3506/1030 3487/1011
f 3488/1012 3507/1031 3487/1011
f 3508/1032 3507/1031 3488/1012
f 3489/1013 3508/1032 3488/1012
f 3509/1033 3508/1032 3489/1013
f 3490/1014 3509/1033 3489/1013
f 3510/1034 3509/1033 3490/1014
f 3491/1015 3510/1034 3490/1014
f 3511/1035 3510/1034 3491/1015
f 3492/1016 3511/1035 3491/1015
f 3512/1036 3511/1035 3492/1016
f 3493/1017 3512/1036 3492/1016
f 3513/1037 3512/1036 3493/1017
f 3494/1018 3513/1037 3493/1017
f 3514/1038 3513/1037 3494/1018
f 3495/1019 3514/1038 3494/1018
f 3515/1039 3514/1038 3495/1019
f 3496/1020 3515/1039 3495/1019
f 3516/1040 3515/1039 3496/1020
f 3497/1021 3516/1040 3496/1020
f 3517/1041 3516/1040 3497/1021
f 3498/1022 3517/1041 3497/1021
f 3518/1042 3517/1041 3498/1022
f 3499/1023 3518/1042 3498/1022
f 3519/1043 3518/1042 3499/1023
f 3500/1024 3519/1043 3499/1023
f 3520/1044 3519/1043 3500/1024
f 3501/1025 3520/1044 3500/1024
f 3521/1045 3520/1044 3501/1025
f 3482/1006 3521/1045 3501/1025
f 3502/1026 3521/1045 3482/1006
f 3503/1027 3522/1046 3502/1026
f 3523/1047 3522/1046 3503/1027
f 3504/1028 3523/1047 3503/1027
f 3524/1048 3523/1047 3504/1028
f 3505/1029 3524/1048 3504/1028
f 3525/1049 3524/1048 3505/1029
f 3506/1030 3525/1049 3505/1029
f 3526/1050 3525/1049 3506/1030
f 3507/1031 3526/1050 3506/1030
f 3527/1051 3526/1050 3507/1031
f 3508/1032 3527/1051 3507/1031
f 3528/1052 3527/1051 3508/1032
f 3509/1033 3528/1052 3508/1032
f 3529/1053 3528/1052 3509/1033
f 3510/1034 3529/1053 3509/1033
f 3530/1054 3529/1053 3510/1034
f 3511/1035 3530/1054 3510/1034
f 3531/1055 3530/1054 3511/1035
f 3512/1036 3531/1055 3511/1035
f 3532/1056 3531/1055 3512/1036
f 3513/1037 3532/1056 3512/1036
f 3533/1057 3532/1056 3513/1037
f 3514/1038 3533/1057 3513/1037
f 3534/1058 3533/1057 3514/1038
f 3515/1039 3534/1058 3514/1038
f 3535/1059 3534/1058 3515/1039
f 3516/1040 3535/1059 3515/1039
f 3536/1060 3535/1059 3516/1040
f 3517/1041 3536/1060 3516/1040
f 3537/1061 3536/1060 3517/1041
f 3518/1042 3537/1061 3517/1041
f 3538/1062 3537/1061 3518/1042
f 3519/1043 3538/1062 3518/1042
f 3539/1063 3538/1062 3519/1043
f 3520/1044 3539/1063 3519/1043
f 3540/1064 3539/1063 3520/1044
f 3521/1045 3540/1064 3520/1044
f 3541/1065 3540/1064 3521/1045
f 3502/1026 3541/1065 3521/1045
f 3522/1046 3541/1065 3502/1026
f 3523/1047 3542/1066 3522/1046
f 3543/1067 3542/1066 3523/1047
f 3524/1048 3543/1067 3523/1047
f 3544/1068 3543/1067 3524/1048
f 3525/1049 3544/1068 3524/1048
f 3545/1069 3544/1068 3525/1049
f 3526/1050 3545/1069 3525/1049
f 3546/1070 3545/1069 3526/1050
f 3527/1051 3546/1070 3526/1050
f 3547/1071 3546/1070 3527/1051
f 3528/1052 3547/1071 3527/1051
f 3548/1072 3547/1071 3528/1052
f 3529/1053 3548/1072 3528/1052
f 3549/1073 3548/1072 3529/1053
f 3530/1054 3549/1073 3529/1053
f 3550/1074 3549/1073 3530/1054
f 3531/1055 3550/1074 3530/1054
f 3551/1075 3550/1074 3531/1055
f 3532/1056 3551/1075 3531/1055
f 3552/1076 3551/1075 3532/1056
f 3533/1057 3552/1076 3532/1056
f 3553/1077 3552/1076 3533/1057
f 3534/1058 3553/1077 3533/1057
f 3554/1078 3553/1077 3534/1058
f 3535/1059 3554/1078 3534/1058
f 3555/1079 3554/1078 3535/1059
f 3536/1060 3555/1079 3535/1059
f 3556/1080 3555/1079 3536/1060
f 3537/1061 3556/1080 3536/1060
f 3557/1081 3556/1080 3537/1061
f 3538/1062 3557/1081 3537/1061
f 3558/1082 3557/1081 3538/1062
f 3539/1063 3558/1082 3538/1062
f 3559/1083 3558/1082 3539/1063
f 3540/1064 3559/1083 3539/1063
f 3560/1084 3559/1083 3540/1064
f 3541/1065 3560/1084 3540/1064
f 3561/1085 3560/1084 3541/1065
f 3522/1046 3561/1085 3541/1065
f 3542/1066 3561/1085 3522/1046
f 3543/1067 3562/1086 3542/1066
f 3563/1087 3562/1086 3543/1067
f 3544/1068 3563/1087 3543/1067
f 3564/1088 3563/1087 3544/1068
f 3545/1069 3564/1088 3544/1068
f 3565/1089 3564/1088 3545/1069
f 3546/1070 3565/1089 3545/1069
f 3566/1090 3565/1089 3546/1070
f 3547/1071 3566/1090 3546/1070
f 3567/1091 3566/1090 3547/1071
f 3548/1072 3567/1091 3547/1071
f 3568/1092 3567/1091 3548/1072
f 3549/1073 3568/1092 3548/1072
f 3569/1093 3568/1092 3549/1073
f 3550/1074 3569/1093 3549/1073
f 3570/1094 3569/1093 3550/1074
f 3551/1075 3570/1094 3550/1074
f 3571/1075 3570/1094 3551/1075
f 3552/1076 3571/1075 3551/1075
f 3572/1095 3571/1075 3552/1076
f 3553/1077 3572/1095 3552/1076
f 3573/1077 3572/1095 3553/1077
f 3554/1078 3573/1077 3553/1077
f 3574/1096 3573/1077 3554/1078
f 3555/1079 3574/1096 3554/1078
f 3575/1097 3574/1096 3555/1079
f 3556/1080 3575/1097 3555/1079
f 3576/1098 3575/1097 3556/1080
f 3557/1081 3576/1098 3556/1080
f 3577/1099 3576/1098 3557/1081
f 3558/1082 3577/1099 3557/1081
f 3578/1100 3577/1099 3558/1082
f 3559/1083 3578/1100 3558/1082
f 3579/1101 3578/1100 3559/1083
f 3560/1084 3579/1101 3559/1083
f 3580/1084 3579/1101 3560/1084
f 3561/1085 3580/1084 3560/1084
f 3581/1102 3580/1084 3561/1085
f 3542/1066 3581/1102 3561/1085
f 3562/1086 3581/1102 3542/1066
f 3563/1087 3582/1066 3562/1086
f 3583/1087 3582/1066 3563/1087
f 3564/1088 3583/1087 3563/1087
f 3584/1088 3583/1087 3564/1088
f 3565/1089 3584/1088 3564/1088
f 3585/1089 3584/1088 3565/1089
f 3566/1090 3585/1089 3565/1089
f 3586/1103 3585/1089 3566/1090
f 3567/1091 3586/1103 3566/1090
f 3587/1104 3586/1103 3567/1091
f 3568/1092 3587/1104 3567/1091
f 3588/1092 3587/1104 3568/1092
f 3569/1093 3588/1092 3568/1092
f 3589/1093 3588/1092 3569/1093
f 3570/1094 3589/1093 3569/1093
f 3590/1094 3589/1093 3570/1094
f 3571/1075 3590/1094 3570/1094
f 3591/1105 3590/1094 3571/1075
f 3572/1095 3591/1105 3571/1075
f 3592/1095 3591/1105 3572/1095
f 3573/1077 3592/1095 3572/1095
f 3593/1106 3592/1095 3573/1077
f 3574/1096 3593/1106 3573/1077
f 3594/1096 3593/1106 3574/1096
f 3575/1097 3594/1096 3574/1096
f 3595/1097 3594/1096 3575/1097
f 3576/1098 3595/1097 3575/1097
f 3596/1107 3595/1097 3576/1098
f 3577/1099 3596/1107 3576/1098
f 3597/1108 3596/1107 3577/1099
f 3578/1100 3597/1108 3577/1099
f 3598/1109 3597/1108 3578/1100
f 3579/1101 3598/1109 3578/1100
f 3599/1101 3598/1109 3579/1101
f 3580/1084 3599/1101 3579/1101
f 3600/1110 3599/1101 3580/1084
f 3581/1102 3600/1110 3580/1084
f 3601/1102 3600/1110 3581/1102
f 3562/1086 3601/1102 3581/1102
f 3582/1066 3601/1102 3562/1086
f 3583/1087 3602/1111 3582/1066
f 3603/1112 3602/1111 3583/1087
f 3584/1088 3603/1112 3583/1087
f 3604/1113 3603/1112 3584/1088
f 3585/1089 3604/1113 3584/1088
f 3605/1114 3604/1113 3585/1089
f 3586/1103 3605/1114 3585/1089
f 3606/1103 3605/1114 3586/1103
f 3587/1104 3606/1103 3586/1103
f 3607/1104 3606/1103 3587/1104
f 3588/1092 3607/1104 3587/1104
f 3608/1115 3607/1104 3588/1092
f 3589/1093 3608/1115 3588/1092
f 3609/1116 3608/1115 3589/1093
f 3590/1094 3609/1116 3589/1093
f 3610/1117 3609/1116 3590/1094
f 3591/1105 3610/1117 3590/1094
f 3611/1118 3610/1117 3591/1105
f 3592/1095 3611/1118 3591/1105
f 3612/1119 3611/1118 3592/1095
f 3593/1106 3612/1119 3592/1095
f 3613/1120 3612/1119 3593/1106
f 3594/1096 3613/1120 3593/1106
f 3614/1121 3613/1120 3594/1096
f 3595/1097 3614/1121 3594/1096
f 3615/1122 3614/1121 3595/1097
f 3596/1107 3615/1122 3595/1097
f 3616/1107 3615/1122 3596/1107
f 3597/1108 3616/1107 3596/1107
f 3617/1108 3616/1107 3597/1108
f 3598/1109 3617/1108 3597/1108
f 3618/1109 3617/1108 3598/1109
f 3599/1101 3618/1109 3598/1109
f 3619/1123 3618/1109 3599/1101
f 3600/1110 3619/1123 3599/1101
f 3620/1124 3619/1123 3600/1110
f 3601/1102 3620/1124 3600/1110
f 3621/1125 3620/1124 3601/1102
f 3582/1066 3621/1125 3601/1102
f 3602/1111 3621/1125 3582/1066
f 3603/1112 3622/1126 3602/1111
f 3623/1127 3622/1126 3603/1112
f 3604/1113 3623/1127 3603/1112
f 3624/1128 3623/1127 3604/1113
f 3605/1114 3624/1128 3604/1113
f 3625/1129 3624/1128 3605/1114
f 3606/1103 3625/1129 3605/1114
f 3626/1130 3625/1129 3606/1103
f 3607/1104 3626/1130 3606/1103
f 3627/1071 3626/1130 3607/1104
f 3608/1115 3627/1071 3607/1104
f 3628/1131 3627/1071 3608/1115
f 3609/1116 3628/1131 3608/1115
f 3629/1132 3628/1131 3609/1116
f 3610/1117 3629/1132 3609/1116
f 3630/1133 3629/1132 3610/1117
f 3611/1118 3630/1133 3610/1117
f 3631/1134 3630/1133 3611/1118
f 3612/1119 3631/1134 3611/1118
f 3632/1135 3631/1134 3612/1119
f 3613/1120 3632/1135 3612/1119
f 3633/1136 3632/1135 3613/1120
f 3614/1121 3633/1136 3613/1120
f 3634/1137 3633/1136 3614/1121
f 3615/1122 3634/1137 3614/1121
f 3635/1138 3634/1137 3615/1122
f 3616/1107 3635/1138 3615/1122
f 3636/1139 3635/1138 3616/1107
f 3617/1108 3636/1139 3616/1107
f 3637/1081 3636/1139 3617/1108
f 3618/1109 3637/1081 3617/1108
f 3638/1140 3637/1081 3618/1109
f 3619/1123 3638/1140 3618/1109
f 3639/1141 3638/1140 3619/1123
f 3620/1124 3639/1141 3619/1123
f 3640/1142 3639/1141 3620/1124
f 3621/1125 3640/1142 3620/1124
f 3641/1143 3640/1142 3621/1125
f 3602/1111 3641/1143 3621/1125
f 3622/1126 3641/1143 3602/1111
f 3623/1127 3642/1144 3622/1126
f 3643/1145 3642/1144 3623/1127
f 3624/1128 3643/1145 3623/1127
f 3644/1146 3643/1145 3624/1128
f 3625/1129 3644/1146 3624/1128
f 3645/1147 3644/1146 3625/1129
f 3626/1130 3645/1147 3625/1129
f 3646/1148 3645/1147 3626/1130
f 3627/1071 3646/1148 3626/1130
f 3647/1051 3646/1148 3627/1071
f 3628/1131 3647/1051 3627/1071
f 3648/1149 3647/1051 3628/1131
f 3629/1132 3648/1149 3628/1131
f 3649/1150 3648/1149 3629/1132
f 3630/1133 3649/1150 3629/1132
f 3650/1151 3649/1150 3630/1133
f 3631/1134 3650/1151 3630/1133
f 3651/1152 3650/1151 3631/1134
f 3632/1135 3651/1152 3631/1134
f 3652/1153 3651/1152 3632/1135
f 3633/1136 3652/1153 3632/1135
f 3653/1154 3652/1153 3633/1136
f 3634/1137 3653/1154 3633/1136
f 3654/1155 3653/1154 3634/1137
f 3635/1138 3654/1155 3634/1137
f 3655/1156 3654/1155 3635/1138
f 3636/1139 3655/1156 3635/1138
f 3656/1157 3655/1156 3636/1139
f 3637/1081 3656/1157 3636/1139
f 3657/1061 3656/1157 3637/1081
f 3638/1140 3657/1061 3637/1081
f 3658/1158 3657/1061 3638/1140
f 3639/1141 3658/1158 3638/1140
f 3659/1159 3658/1158 3639/1141
f 3640/1142 3659/1159 3639/1141
f 3660/1160 3659/1159 3640/1142
f 3641/1143 3660/1160 3640/1142
f 3661/1161 3660/1160 3641/1143
f 3622/1126 3661/1161 3641/1143
f 3642/1144 3661/1161 3622/1126
f 3643/1145 3662/1006 3642/1144
f 3663/1162 3662/1006 3643/1145
f 3644/1146 3663/1162 3643/1145
f 3664/1163 3663/1162 3644/1146
f 3645/1147 3664/1163 3644/1146
f 3665/1164 3664/1163 3645/1147
f 3646/1148 3665/1164 3645/1147
f 3666/1165 3665/1164 3646/1148
f 3647/1051 3666/1165 3646/1148
f 3667/1031 3666/1165 3647/1051
f 3648/1149 3667/1031 3647/1051
f 3668/1166 3667/1031 3648/1149
f 3649/1150 3668/1166 3648/1149
f 3669/1167 3668/1166 3649/1150
f 3650/1151 3669/1167 3649/1150
f 3670/1168 3669/1167 3650/1151
f 3651/1152 3670/1168 3650/1151
f 3671/1169 3670/1168 3651/1152
f 3652/1153 3671/1169 3651/1152
f 3672/1170 3671/1169 3652/1153
f 3653/1154 3672/1170 3652/1153
f 3673/1171 3672/1170 3653/1154
f 3654/1155 3673/1171 3653/1154
f 3674/1172 3673/1171 3654/1155
f 3655/1156 3674/1172 3654/1155
f 3675/1173 3674/1172 3655/1156
f 3656/1157 3675/1173 3655/1156
f 3676/1174 3675/1173 3656/1157
f 3657/1061 3676/1174 3656/1157
f 3677/1041 3676/1174 3657/1061
f 3658/1158 3677/1041 3657/1061
f 3678/1175 3677/1041 3658/1158
f 3659/1159 3678/1175 3658/1158
f 3679/1176 3678/1175 3659/1159
f 3660/1160 3679/1176 3659/1159
f 3680/1177 3679/1176 3660/1160
f 3661/1161 3680/1177 3660/1160
f 3681/1178 3680/1177 3661/1161
f 3642/1144 3681/1178 3661/1161
f 3662/1006 3681/1178 3642/1144
f 3663/1162 3682/1179 3662/1006
f 3683/1180 3682/1179 3663/1162
f 3664/1163 3683/1180 3663/1162
f 3684/1181 3683/1180 3664/1163
f 3665/1164 3684/1181 3664/1163
f 3685/1182 3684/1181 3665/1164
f 3666/1165 3685/1182 3665/1164
f 3686/1183 3685/1182 3666/1165
f 3667/1031 3686/1183 3666/1165
f 3687/1011 3686/1183 3667/1031
f 3668/1166 3687/1011 3667/1031
f 3688/1184 3687/1011 3668/1166
f 3669/1167 3688/1184 3668/1166
f 3689/1185 3688/1184 3669/1167
f 3670/1168 3689/1185 3669/1167
f 3690/1186 3689/1185 3670/1168
f 3671/1169 3690/1186 3670/1168
f 3691/1187 3690/1186 3671/1169
f 3672/1170 3691/1187 3671/1169
f 3692/1188 3691/1187 3672/1170
f 3673/1171 3692/1188 3672/1170
f 3693/1189 3692/1188 3673/1171
f 3674/1172 3693/1189 3673/1171
f 3694/1190 3693/1189 3674/1172
f 3675/1173 3694/1190 3674/1172
f 3695/1191 3694/1190 3675/1173
f 3676/1174 3695/1191 3675/1173
f 3696/1020 3695/1191 3676/1174
f 3677/1041 3696/1020 3676/1174
f 3697/1021 3696/1020 3677/1041
f 3678/1175 3697/1021 3677/1041
f 3698/1022 3697/1021 3678/1175
f 3679/1176 3698/1022 3678/1175
f 3699/1192 3698/1022 3679/1176
f 3680/1177 3699/1192 3679/1176
f 3700/1193 3699/1192 3680/1177
f 3681/1178 3700/1193 3680/1177
f 3701/1194 3700/1193 3681/1178
f 3662/1006 3701/1194 3681/1178
f 3682/1179 3701/1194 3662/1006
f 3683/1180 3702/1007 3682/1179
f 3684/1181 3702/1007 3683/1180
f 3685/1182 3702/1007 3684/1181
f 3686/1183 3702/1007 3685/1182
f 3687/1011 3702/1007 3686/1183
f 3688/1184 3702/1007 3687/1011
f 3689/1185 3702/1007 3688/1184
f 3690/1186 3702/1007 3689/1185
f 3691/1187 3702/1007 3690/1186
f 3692/1188 3702/1007 3691/1187
f 3693/1189 3702/1007 3692/1188
f 3694/1190 3702/1007 3693/1189
f 3695/1191 3702/1007 3694/1190
f 3696/1020 3702/1007 3695/1191
f 3697/1021 3702/1007 3696/1020
f 3698/1022 3702/1007 3697/1021
f 3699/1192 3702/1007 3698/1022
f 3700/1193 3702/1007 3699/1192
f 3701/1194 3702/1007 3700/1193
f 3682/1179 3702/1007 3701/1194
f 3703/1195 3704/1196 3705/1197
f 3706/1198 3703/1195 3705/1197
f 3707/1199 3706/1198 3705/1197
f 3708/1200 3707/1199 3705/1197
f 3709/1201 3708/1200 3705/1197
f 3710/1202 3709/1201 3705/1197
f 3711/1203 3710/1202 3705/1197
f 3712/1204 3711/1203 3705/1197
f 3713/1203 3712/1204 3705/1197
f 3714/1202 3713/1203 3705/1197
f 3715/1201 3714/1202 3705/1197
f 3716/1200 3715/1201 3705/1197
f 3717/1199 3716/1200 3705/1197
f 3718/1198 3717/1199 3705/1197
f 3719/1195 3718/1198 3705/1197
f 3704/1196 3719/1195 3705/1197
f 3703/1195 3720/1205 3704/1196
f 3721/1206 3720/1205 3703/1195
f 3706/1198 3721/1206 3703/1195
f 3722/1207 3721/1206 3706/1198
f 3707/1199 3722/1207 3706/1198
f 3723/1208 3722/1207 3707/1199
f 3708/1200 3723/1208 3707/1199
f 3724/1209 3723/1208 3708/1200
f 3709/1201 3724/1209 3708/1200
f 3725/1210 3724/1209 3709/1201
f 3710/1202 3725/1210 3709/1201
f 3726/1211 3725/1210 3710/1202
f 3711/1203 3726/1211 3710/1202
f 3727/1212 3726/1211 3711/1203
f 3712/1204 3727/1212 3711/1203
f 3728/1213 3727/1212 3712/1204
f 3713/1203 3728/1213 3712/1204
f 3729/1212 3728/1213 3713/1203
f 3714/1202 3729/1212 3713/1203
f 3730/1211 3729/1212 3714/1202
f 3715/1201 3730/1211 3714/1202
f 3731/1210 3730/1211 3715/1201
f 3716/1200 3731/1210 3715/1201
f 3732/1209 3731/1210 3716/1200
f 3717/1199 3732/1209 3716/1200
f 3733/1208 3732/1209 3717/1199
f 3718/1198 3733/1208 3717/1199
f 3734/1214 3733/1208 3718/1198
f 3719/1195 3734/1214 3718/1198
f 3735/1206 3734/1214 3719/1195
f 3704/1196 3735/1206 3719/1195
f 3720/1205 3735/1206 3704/1196
f 3721/1206 3736/1215 3720/1205
f 3737/1216 3736/1215 3721/1206
f 3722/1207 3737/1216 3721/1206
f 3738/1217 3737/1216 3722/1207
f 3723/1208 3738/1217 3722/1207
f 3739/1218 3738/1217 3723/1208
f 3724/1209 3739/1218 3723/1208
f 3740/1219 3739/1218 3724/1209
f 3725/1210 3740/1219 3724/1209
f 3741/1220 3740/1219 3725/1210
f 3726/1211 3741/1220 3725/1210
f 3742/1221 3741/1220 3726/1211
f 3727/1212 3742/1221 3726/1211
f 3743/1222 3742/1221 3727/1212
f 3728/1213 3743/1222 3727/1212
f 3744/1223 3743/1222 3728/1213
f 3729/1212 3744/1223 3728/1213
f 3745/1222 3744/1223 3729/1212
f 3730/1211 3745/1222 3729/1212
f 3746/1221 3745/1222 3730/1211
f 3731/1210 3746/1221 3730/1211
f 3747/1220 3746/1221 3731/1210
f 3732/1209 3747/1220 3731/1210
f 3748/1219 3747/1220 3732/1209
f 3733/1208 3748/1219 3732/1209
f 3749/1218 3748/1219 3733/1208
f 3734/1214 3749/1218 3733/1208
f 3750/1217 3749/1218 3734/1214
f 3735/1206 3750/1217 3734/1214
f 3751/1216 3750/1217 3735/1206
f 3720/1205 3751/1216 3735/1206
f 3736/1215 3751/1216 3720/1205
f 3737/1216 3752/1224 3736/1215
f 3753/1225 3752/1224 3737/1216
f 3738/1217 3753/1225 3737/1216
f 3754/1226 3753/1225 3738/1217
f 3739/1218 3754/1226 3738/1217
f 3755/1227 3754/1226 3739/1218
f 3740/1219 3755/1227 3739/1218
f 3756/1228 3755/1227 3740/1219
f 3741/1220 3756/1228 3740/1219
f 3757/1229 3756/1228 3741/1220
f 3742/1221 3757/1229 3741/1220
f 3758/1230 3757/1229 3742/1221
f 3743/1222 3758/1230 3742/1221
f 3759/1231 3758/1230 3743/1222
f 3744/1223 3759/1231 3743/1222
f 3760/1232 3759/1231 3744/1223
f 3745/1222 3760/1232 3744/1223
f 3761/1231 3760/1232 3745/1222
f 3746/1221 3761/1231 3745/1222
f 3762/1230 3761/1231 3746/1221
f 3747/1220 3762/1230 3746/1221
f 3763/1229 3762/1230 3747/1220
f 3748/1219 3763/1229 3747/1220
f 3764/1228 3763/1229 3748/1219
f 3749/1218 3764/1228 3748/1219
f 3765/1227 3764/1228 3749/1218
f 3750/1217 3765/1227 3749/1218
f 3766/1226 3765/1227 3750/1217
f 3751/1216 3766/1226 3750/1217
f 3767/1225 3766/1226 3751/1216
f 3736/1215 3767/1225 3751/1216
f 3752/1224 3767/1225 3736/1215
f 3753/1225 3768/1233 3752/1224
f 3769/1234 3768/1233 3753/1225
f 3754/1226 3769/1234 3753/1225
f 3770/1235 3769/1234 3754/1226
f 3755/1227 3770/1235 3754/1226
f 3771/1236 3770/1235 3755/1227
f 3756/1228 3771/1236 3755/1227
f 3772/1237 3771/1236 3756/1228
f 3757/1229 3772/1237 3756/1228
f 3773/1238 3772/1237 3757/1229
f 3758/1230 3773/1238 3757/1229
f 3774/1239 3773/1238 3758/1230
f 3759/1231 3774/1239 3758/1230
f 3775/1240 3774/1239 3759/1231
f 3760/1232 3775/1240 3759/1231
f 3776/1241 3775/1240 3760/1232
f 3761/1231 3776/1241 3760/1232
f 3777/1240 3776/1241 3761/1231
f 3762/1230 3777/1240 3761/1231
f 3778/1239 3777/1240 3762/1230
f 3763/1229 3778/1239 3762/1230
f 3779/1238 3778/1239 3763/1229
f 3764/1228 3779/1238 3763/1229
f 3780/1237 3779/1238 3764/1228
f 3765/1227 3780/1237 3764/1228
f 3781/1236 3780/1237 3765/1227
f 3766/1226 3781/1236 3765/1227
f 3782/1235 3781/1236 3766/1226
f 3767/1225 3782/1235 3766/1226
f 3783/1234 3782/1235 3767/1225
f 3752/1224 3783/1234 3767/1225
f 3768/1233 3783/1234 3752/1224
f 3769/1234 3784/1242 3768/1233
f 3785/1243 3784/1242 3769/1234
f 3770/1235 3785/1243 3769/1234
f 3786/1244 3785/1243 3770/1235
f 3771/1236 3786/1244 3770/1235
f 3787/1245 3786/1244 3771/1236
f 3772/1237 3787/1245 3771/1236
f 3788/1246 3787/1245 3772/1237
f 3773/1238 3788/1246 3772/1237
f 3789/1247 3788/1246 3773/1238
f 3774/1239 3789/1247 3773/1238
f 3790/1248 3789/1247 3774/1239
f 3775/1240 3790/1248 3774/1239
f 3791/1249 3790/1248 3775/1240
f 3776/1241 3791/1249 3775/1240
f 3792/1250 3791/1249 3776/1241
f 3777/1240 3792/1250 3776/1241
f 3793/1249 3792/1250 3777/1240
f 3778/1239 3793/1249 3777/1240
f 3794/1251 3793/1249 3778/1239
f 3779/1238 3794/1251 3778/1239
f 3795/1247 3794/1251 3779/1238
f 3780/1237 3795/1247 3779/1238
f 3796/1246 3795/1247 3780/1237
f 3781/1236 3796/1246 3780/1237
f 3797/1245 3796/1246 3781/1236
f 3782/1235 3797/1245 3781/1236
f 3798/1252 3797/1245 3782/1235
f 3783/1234 3798/1252 3782/1235
f 3799/1243 3798/1252 3783/1234
f 3768/1233 3799/1243 3783/1234
f 3784/1242 3799/1243 3768/1233
f 3785/1243 3800/1253 3784/1242
f 3801/1254 3800/1253 3785/1243
f 3786/1244 3801/1254 3785/1243
f 3802/1255 3801/1254 3786/1244
f 3787/1245 3802/1255 3786/1244
f 3803/1256 3802/1255 3787/1245
f 3788/1246 3803/1256 3787/1245
f 3804/1257 3803/1256 3788/1246
f 3789/1247 3804/1257 3788/1246
f 3805/1258 3804/1257 3789/1247
f 3790/1248 3805/1258 3789/1247
f 3806/1259 3805/1258 3790/1248
f 3791/1249 3806/1259 3790/1248
f 3807/1260 3806/1259 3791/1249
f 3792/1250 3807/1260 3791/1249
f 3808/1261 3807/1260 3792/1250
f 3793/1249 3808/1261 3792/1250
f 3809/1260 3808/1261 3793/1249
f 3794/1251 3809/1260 3793/1249
f 3810/1259 3809/1260 3794/1251
f 3795/1247 3810/1259 3794/1251
f 3811/1258 3810/1259 3795/1247
f 3796/1246 3811/1258 3795/1247
f 3812/1257 3811/1258 3796/1246
f 3797/1245 3812/1257 3796/1246
f 3813/1256 3812/1257 3797/1245
f 3798/1252 3813/1256 3797/1245
f 3814/1255 3813/1256 3798/1252
f 3799/1243 3814/1255 3798/1252
f 3815/1254 3814/1255 3799/1243
f 3784/1242 3815/1254 3799/1243
f 3800/1253 3815/1254 3784/1242
f 3801/1254 3816/1262 3800/1253
f 3802/1255 3816/1262 3801/1254
f 3803/1256 3816/1262 3802/1255
f 3804/1257 3816/1262 3803/1256
f 3805/1258 3816/1262 3804/1257
f 3806/1259 3816/1262 3805/1258
f 3807/1260 3816/1262 3806/1259
f 3808/1261 3816/1262 3807/1260
f 3809/1260 3816/1262 3808/1261
f 3810/1259 3816/1262 3809/1260
f 3811/1258 3816/1262 3810/1259
f 3812/1257 3816/1262 3811/1258
f 3813/1256 3816/1262 3812/1257
f 3814/1255 3816/1262 3813/1256
f 3815/1254 3816/1262 3814/1255
f 3800/1253 3816/1262 3815/1254
f 3817/1263 3818/1264 3819/1265
f 3817/1263 3820/1263 3818/1264
f 3820/1263 3821/1264 3818/1264
f 3820/1263 3822/1266 3821/1264
f 3822/1266 3823/1264 3821/1264
f 3822/1266 3824/1263 3823/1264
f 3824/1263 3825/1264 3823/1264
f 3824/1263 3826/1263 3825/1264
f 3827/1267 3820/1263 3817/1263
f 3827/1267 3828/1267 3820/1263
f 3828/1267 3822/1266 3820/1263
f 3828/1267 3829/1267 3822/1266
f 3829/1267 3824/1263 3822/1266
f 3829/1267 3830/1267 3824/1263
f 3830/1267 3826/1263 3824/1263
f 3830/1267 3831/1267 3826/1263
f 3832/1268 3828/1267 3827/1267
f 3832/1268 3833/1268 3828/1267
f 3833/1268 3829/1267 3828/1267
f 3833/1268 3834/1269 3829/1267
f 3834/1269 3830/1267 3829/1267
f 3834/1269 3835/1268 3830/1267
f 3835/1268 3831/1267 3830/1267
f 3835/1268 3836/1268 3831/1267
f 3837/1270 3833/1268 3832/1268
f 3837/1270 3838/1271 3833/1268
f 3838/1271 3834/1269 3833/1268
f 3838/1271 3839/1271 3834/1269
f 3839/1271 3835/1268 3834/1269
f 3839/1271 3840/1271 3835/1268
f 3840/1271 3836/1268 3835/1268
f 3840/1271 3841/1270 3836/1268
f 3842/1272 3838/1271 3837/1270
f 3842/1272 3843/1273 3838/1271
f 3843/1273 3839/1271 3838/1271
f 3843/1273 3844/1274 3839/1271
f 3844/1274 3840/1271 3839/1271
f 3844/1274 3845/1273 3840/1271
f 3845/1273 3841/1270 3840/1271
f 3845/1273 3846/1275 3841/1270
f 3847/1276 3843/1273 3842/1272
f 3847/1276 3848/1276 3843/1273
f 3848/1276 3844/1274 3843/1273
f 3848/1276 3849/1277 3844/1274
f 3849/1277 3845/1273 3844/1274
f 3849/1277 3850/1276 3845/1273
f 3850/1276 3846/1275 3845/1273
f 3850/1276 3851/1276 3846/1275
f 3852/1278 3848/1276 3847/1276
f 3852/1278 3853/1279 3848/1276
f 3853/1279 3849/1277 3848/1276
f 3853/1279 3854/1279 3849/1277
f 3854/1279 3850/1276 3849/1277
f 3854/1279 3855/1279 3850/1276
f 3855/1279 3851/1276 3850/1276
f 3855/1279 3856/1278 3851/1276
f 3857/1090 3853/1279 3852/1278
f 3857/1090 3858/1090 3853/1279
f 3858/1090 3854/1279 3853/1279
f 3858/1090 3859/1090 3854/1279
f 3859/1090 3855/1279 3854/1279
f 3859/1090 3860/1090 3855/1279
f 3860/1090 3856/1278 3855/1279
f 3860/1090 3861/1103 3856/1278
f 3862/1280 3858/1090 3857/1090
f 3862/1280 3863/1281 3858/1090
f 3863/1281 3859/1090 3858/1090
f 3863/1281 3864/1281 3859/1090
f 3864/1281 3860/1090 3859/1090
f 3864/1281 3865/1281 3860/1090
f 3865/1281 3861/1103 3860/1090
f 3865/1281 3866/1280 3861/1103
f 3867/1282 3863/1281 3862/1280
f 3867/1282 3868/1282 3863/1281
f 3868/1282 3864/1281 3863/1281
f 3868/1282 3869/1282 3864/1281
f 3869/1282 3865/1281 3864/1281
f 3869/1282 3870/1282 3865/1281
f 3870/1282 3866/1280 3865/1281
f 3870/1282 3871/1282 3866/1280
f 3872/1283 3868/1282 3867/1282
f 3872/1283 3873/1283 3868/1282
f 3873/1283 3869/1282 3868/1282
f 3873/1283 3874/1283 3869/1282
f 3874/1283 3870/1282 3869/1282
f 3874/1283 3875/1283 3870/1282
f 3875/1283 3871/1282 3870/1282
f 3875/1283 3876/1283 3871/1282
f 3877/1284 3873/1283 3872/1283
f 3877/1284 3878/1284 3873/1283
f 3878/1284 3874/1283 3873/1283
f 3878/1284 3879/1285 3874/1283
f 3879/1285 3875/1283 3874/1283
f 3879/1285 3880/1284 3875/1283
f 3880/1284 3876/1283 3875/1283
f 3880/1284 3881/1284 3876/1283
f 3882/1286 3878/1284 3877/1284
f 3882/1286 3883/1286 3878/1284
f 3883/1286 3879/1285 3878/1284
f 3883/1286 3884/1287 3879/1285
f 3884/1287 3880/1284 3879/1285
f 3884/1287 3885/1286 3880/1284
f 3885/1286 3881/1284 3880/1284
f 3885/1286 3886/1286 3881/1284
f 3887/1288 3883/1286 3882/1286
f 3887/1288 3888/1149 3883/1286
f 3888/1149 3884/1287 3883/1286
f 3888/1149 3889/1149 3884/1287
f 3889/1149 3885/1286 3884/1287
f 3889/1149 3890/1149 3885/1286
f 3890/1149 3886/1286 3885/1286
f 3890/1149 3891/1288 3886/1286
f 3892/1289 3888/1149 3887/1288
f 3892/1289 3893/1290 3888/1149
f 3893/1290 3889/1149 3888/1149
f 3893/1290 3894/1150 3889/1149
f 3894/1150 3890/1149 3889/1149
f 3894/1150 3895/1150 3890/1149
f 3895/1150 3891/1288 3890/1149
f 3895/1150 3896/1291 3891/1288
f 3897/1292 3893/1290 3892/1289
f 3897/1292 3898/1293 3893/1290
f 3898/1293 3894/1150 3893/1290
f 3898/1293 3899/1293 3894/1150
f 3899/1293 3895/1150 3894/1150
f 3899/1293 3900/1293 3895/1150
f 3900/1293 3896/1291 3895/1150
f 3900/1293 3901/1292 3896/1291
f 3902/1151 3898/1293 3897/1292
f 3902/1151 3903/1294 3898/1293
f 3903/1294 3899/1293 3898/1293
f 3903/1294 3904/1294 3899/1293
f 3904/1294 3900/1293 3899/1293
f 3904/1294 3905/1294 3900/1293
f 3905/1294 3901/1292 3900/1293
f 3905/1294 3906/1151 3901/1292
f 3907/1295 3903/1294 3902/1151
f 3907/1295 3908/1296 3903/1294
f 3908/1296 3904/1294 3903/1294
f 3908/1296 3909/1296 3904/1294
f 3909/1296 3905/1294 3904/1294
f 3909/1296 3910/1296 3905/1294
f 3910/1296 3906/1151 3905/1294
f 3910/1296 3911/1297 3906/1151
f 3912/1298 3908/1296 3907/1295
f 3912/1298 3913/1298 3908/1296
f 3913/1298 3909/1296 3908/1296
f 3913/1298 3914/1298 3909/1296
f 3914/1298 3910/1296 3909/1296
f 3914/1298 3915/1298 3910/1296
f 3915/1298 3911/1297 3910/1296
f 3915/1298 3916/1298 3911/1297
f 3917/1299 3913/1298 3912/1298
f 3917/1299 3918/1300 3913/1298
f 3918/1300 3914/1298 3913/1298
f 3918/1300 3919/1300 3914/1298
f 3919/1300 3915/1298 3914/1298
f 3919/1300 3920/1300 3915/1298
f 3920/1300 3916/1298 3915/1298
f 3920/1300 3921/1299 3916/1298
f 3922/1057 3918/1300 3917/1299
f 3922/1057 3923/1057 3918/1300
f 3923/1057 3919/1300 3918/1300
f 3923/1057 3924/1301 3919/1300
f 3924/1301 3920/1300 3919/1300
f 3924/1301 3925/1057 3920/1300
f 3925/1057 3921/1299 3920/1300
f 3925/1057 3926/1057 3921/1299
f 3927/1302 3923/1057 3922/1057
f 3927/1302 3928/1303 3923/1057
f 3928/1303 3924/1301 3923/1057
f 3928/1303 3929/1304 3924/1301
f 3929/1304 3925/1057 3924/1301
f 3929/1304 3930/1303 3925/1057
f 3930/1303 3926/1057 3925/1057
f 3930/1303 3931/1302 3926/1057
f 3932/1305 3928/1303 3927/1302
f 3932/1305 3933/1306 3928/1303
f 3933/1306 3929/1304 3928/1303
f 3933/1306 3934/1306 3929/1304
f 3934/1306 3930/1303 3929/1304
f 3934/1306 3935/1306 3930/1303
f 3935/1306 3931/1302 3930/1303
f 3935/1306 3936/1305 3931/1302
f 3937/1307 3938/1307 3939/1087
f 3938/1307 3940/1087 3939/1087
f 3938/1307 3941/1307 3940/1087
f 3941/1307 3942/1308 3940/1087
f 3941/1307 3943/1307 3942/1308
f 3943/1307 3944/1087 3942/1308
f 3943/1307 3945/1307 3944/1087
f 3945/1307 3946/1087 3944/1087
f 3939/1087 3940/1087 3947/1309
f 3940/1087 3948/1309 3947/1309
f 3940/1087 3942/1308 3948/1309
f 3942/1308 3949/1309 3948/1309
f 3942/1308 3944/1087 3949/1309
f 3944/1087 3950/1309 3949/1309
f 3944/1087 3946/1087 3950/1309
f 3946/1087 3951/1309 3950/1309
f 3947/1309 3948/1309 3952/1113
f 3948/1309 3953/1310 3952/1113
f 3948/1309 3949/1309 3953/1310
f 3949/1309 3954/1310 3953/1310
f 3949/1309 3950/1309 3954/1310
f 3950/1309 3955/1310 3954/1310
f 3950/1309 3951/1309 3955/1310
f 3951/1309 3956/1113 3955/1310
f 3952/1113 3953/1310 3957/1311
f 3953/1310 3958/1312 3957/1311
f 3953/1310 3954/1310 3958/1312
f 3954/1310 3959/1312 3958/1312
f 3954/1310 3955/1310 3959/1312
f 3955/1310 3960/1312 3959/1312
f 3955/1310 3956/1113 3960/1312
f 3956/1113 3961/1311 3960/1312
f 3957/1311 3958/1312 3962/1313
f 3958/1312 3963/1314 3962/1313
f 3958/1312 3959/1312 3963/1314
f 3959/1312 3964/1314 3963/1314
f 3959/1312 3960/1312 3964/1314
f 3960/1312 3965/1315 3964/1314
f 3960/1312 3961/1311 3965/1315
f 3961/1311 3966/1069 3965/1315
f 3962/1313 3963/1314 3967/1316
f 3963/1314 3968/1317 3967/1316
f 3963/1314 3964/1314 3968/1317
f 3964/1314 3969/1317 3968/1317
f 3964/1314 3965/1315 3969/1317
f 3965/1315 3970/1317 3969/1317
f 3965/1315 3966/1069 3970/1317
f 3966/1069 3971/1316 3970/1317
f 3967/1316 3968/1317 3972/1129
f 3968/1317 3973/1318 3972/1129
f 3968/1317 3969/1317 3973/1318
f 3969/1317 3974/1318 3973/1318
f 3969/1317 3970/1317 3974/1318
f 3970/1317 3975/1318 3974/1318
f 3970/1317 3971/1316 3975/1318
f 3971/1316 3976/1129 3975/1318
f 3972/1129 3973/1318 3977/1319
f 3973/1318 3978/1319 3977/1319
f 3973/1318 3974/1318 3978/1319
f 3974/1318 3979/1320 3978/1319
f 3974/1318 3975/1318 3979/1320
f 3975/1318 3980/1320 3979/1320
f 3975/1318 3976/1129 3980/1320
f 3976/1129 3981/1320 3980/1320
f 3977/1319 3978/1319 3982/1321
f 3978/1319 3983/1322 3982/1321
f 3978/1319 3979/1320 3983/1322
f 3979/1320 3984/1322 3983/1322
f 3979/1320 3980/1320 3984/1322
f 3980/1320 3985/1322 3984/1322
f 3980/1320 3981/1320 3985/1322
f 3981/1320 3986/1321 3985/1322
f 3982/1321 3983/1322 3987/1148
f 3983/1322 3988/1148 3987/1148
f 3983/1322 3984/1322 3988/1148
f 3984/1322 3989/1148 3988/1148
f 3984/1322 3985/1322 3989/1148
f 3985/1322 3990/1148 3989/1148
f 3985/1322 3986/1321 3990/1148
f 3986/1321 3991/1148 3990/1148
f 3987/1148 3988/1148 3992/1323
f 3988/1148 3993/1323 3992/1323
f 3988/1148 3989/1148 3993/1323
f 3989/1148 3994/1323 3993/1323
f 3989/1148 3990/1148 3994/1323
f 3990/1148 3995/1323 3994/1323
f 3990/1148 3991/1148 3995/1323
f 3991/1148 3996/1323 3995/1323
f 3992/1323 3993/1323 3997/1324
f 3993/1323 3998/1324 3997/1324
f 3993/1323 3994/1323 3998/1324
f 3994/1323 3999/1325 3998/1324
f 3994/1323 3995/1323 3999/1325
f 3995/1323 4000/1325 3999/1325
f 3995/1323 3996/1323 4000/1325
f 3996/1323 4001/1324 4000/1325
f 3997/1324 3998/1324 4002/1166
f 3998/1324 4003/1326 4002/1166
f 3998/1324 3999/1325 4003/1326
f 3999/1325 4004/1326 4003/1326
f 3999/1325 4000/1325 4004/1326
f 4000/1325 4005/1326 4004/1326
f 4000/1325 4001/1324 4005/1326
f 4001/1324 4006/1166 4005/1326
f 4002/1166 4003/1326 4007/1167
f 4003/1326 4008/1032 4007/1167
f 4003/1326 4004/1326 4008/1032
f 4004/1326 4009/1032 4008/1032
f 4004/1326 4005/1326 4009/1032
f 4005/1326 4010/1032 4009/1032
f 4005/1326 4006/1166 4010/1032
f 4006/1166 4011/1167 4010/1032
f 4007/1167 4008/1032 4012/1327
f 4008/1032 4013/1033 4012/1327
f 4008/1032 4009/1032 4013/1033
f 4009/1032 4014/1033 4013/1033
f 4009/1032 4010/1032 4014/1033
f 4010/1032 4015/1033 4014/1033
f 4010/1032 4011/1167 4015/1033
f 4011/1167 4016/1327 4015/1033
f 4012/1327 4013/1033 4017/1328
f 4013/1033 4018/1329 4017/1328
f 4013/1033 4014/1033 4018/1329
f 4014/1033 4019/1329 4018/1329
f 4014/1033 4015/1033 4019/1329
f 4015/1033 4020/1329 4019/1329
f 4015/1033 4016/1327 4020/1329
f 4016/1327 4021/1328 4020/1329
f 4017/1328 4018/1329 4022/1034
f 4018/1329 4023/1034 4022/1034
f 4018/1329 4019/1329 4023/1034
f 4019/1329 4024/1034 4023/1034
f 4019/1329 4020/1329 4024/1034
f 4020/1329 4025/1034 4024/1034
f 4020/1329 4021/1328 4025/1034
f 4021/1328 4026/1330 4025/1034
f 4022/1034 4023/1034 4027/1331
f 4023/1034 4028/1152 4027/1331
f 4023/1034 4024/1034 4028/1152
f 4024/1034 4029/1152 4028/1152
f 4024/1034 4025/1034 4029/1152
f 4025/1034 4030/1152 4029/1152
f 4025/1034 4026/1330 4030/1152
f 4026/1330 4031/1152 4030/1152
f 4027/1331 4028/1152 4032/1332
f 4028/1152 4033/1332 4032/1332
f 4028/1152 4029/1152 4033/1332
f 4029/1152 4034/1332 4033/1332
f 4029/1152 4030/1152 4034/1332
f 4030/1152 4035/1332 4034/1332
f 4030/1152 4031/1152 4035/1332
f 4031/1152 4036/1332 4035/1332
f 4032/1332 4033/1332 4037/1333
f 4033/1332 4038/1334 4037/1333
f 4033/1332 4034/1332 4038/1334
f 4034/1332 4039/1334 4038/1334
f 4034/1332 4035/1332 4039/1334
f 4035/1332 4040/1334 4039/1334
f 4035/1332 4036/1332 4040/1334
f 4036/1332 4041/1333 4040/1334
f 4037/1333 4038/1334 4042/1335
f 4038/1334 4043/1335 4042/1335
f 4038/1334 4039/1334 4043/1335
f 4039/1334 4044/1336 4043/1335
f 4039/1334 4040/1334 4044/1336
f 4040/1334 4045/1336 4044/1336
f 4040/1334 4041/1333 4045/1336
f 4041/1333 4046/1335 4045/1336
f 4042/1335 4043/1335 4047/1337
f 4043/1335 4048/1338 4047/1337
f 4043/1335 4044/1336 4048/1338
f 4044/1336 4049/1339 4048/1338
f 4044/1336 4045/1336 4049/1339
f 4045/1336 4050/1338 4049/1339
f 4045/1336 4046/1335 4050/1338
f 4046/1335 4051/1337 4050/1338
f 4047/1337 4048/1338 4052/1340
f 4048/1338 4053/1341 4052/1340
f 4048/1338 4049/1339 4053/1341
f 4049/1339 4054/1342 4053/1341
f 4049/1339 4050/1338 4054/1342
f 4050/1338 4055/1341 4054/1342
f 4050/1338 4051/1337 4055/1341
f 4051/1337 4056/1340 4055/1341
f 3818/1264 3937/1307 3819/1265
f 3938/1307 3937/1307 3818/1264
f 3821/1264 3938/1307 3818/1264
f 3941/1307 3938/1307 3821/1264
f 3823/1264 3941/1307 3821/1264
f 3943/1307 3941/1307 3823/1264
f 3825/1264 3943/1307 3823/1264
f 3945/1307 3943/1307 3825/1264
f 3826/1263 3945/1307 3825/1264
f 3946/1087 3945/1307 3826/1263
f 3831/1267 3946/1087 3826/1263
f 3951/1309 3946/1087 3831/1267
f 3836/1268 3951/1309 3831/1267
f 3956/1113 3951/1309 3836/1268
f 3841/1270 3956/1113 3836/1268
f 3961/1311 3956/1113 3841/1270
f 3846/1275 3961/1311 3841/1270
f 3966/1069 3961/1311 3846/1275
f 3851/1276 3966/1069 3846/1275
f 3971/1316 3966/1069 3851/1276
f 3856/1278 3971/1316 3851/1276
f 3976/1129 3971/1316 3856/1278
f 3861/1103 3976/1129 3856/1278
f 3981/1320 3976/1129 3861/1103
f 3866/1280 3981/1320 3861/1103
f 3986/1321 3981/1320 3866/1280
f 3871/1282 3986/1321 3866/1280
f 3991/1148 3986/1321 3871/1282
f 3876/1283 3991/1148 3871/1282
f 3996/1323 3991/1148 3876/1283
f 3881/1284 3996/1323 3876/1283
f 4001/1324 3996/1323 3881/1284
f 3886/1286 4001/1324 3881/1284
f 4006/1166 4001/1324 3886/1286
f 3891/1288 4006/1166 3886/1286
f 4011/1167 4006/1166 3891/1288
f 3896/1291 4011/1167 3891/1288
f 4016/1327 4011/1167 3896/1291
f 3901/1292 4016/1327 3896/1291
f 4021/1328 4016/1327 3901/1292
f 3906/1151 4021/1328 3901/1292
f 4026/1330 4021/1328 3906/1151
f 3911/1297 4026/1330 3906/1151
f 4031/1152 4026/1330 3911/1297
f 3916/1298 4031/1152 3911/1297
f 4036/1332 4031/1152 3916/1298
f 3921/1299 4036/1332 3916/1298
f 4041/1333 4036/1332 3921/1299
f 3926/1057 4041/1333 3921/1299
f 4046/1335 4041/1333 3926/1057
f 3931/1302 4046/1335 3926/1057
f 4051/1337 4046/1335 3931/1302
f 3936/1305 4051/1337 3931/1302
f 4056/1340 4051/1337 3936/1305
f 3935/1306 4056/1340 3936/1305
f 4055/1341 4056/1340 3935/1306
f 3934/1306 4055/1341 3935/1306
f 4054/1342 4055/1341 3934/1306
f 3933/1306 4054/1342 3934/1306
f 4053/1341 4054/1342 3933/1306
f 3932/1305 4053/1341 3933/1306
f 4052/1340 4053/1341 3932/1305
f 3927/1302 4052/1340 3932/1305
f 4047/1337 4052/1340 3927/1302
f 3922/1057 4047/1337 3927/1302
f 4042/1335 4047/1337 3922/1057
f 3917/1299 4042/1335 3922/1057
f 4037/1333 4042/1335 3917/1299
f 3912/1298 4037/1333 3917/1299
f 4032/1332 4037/1333 3912/1298
f 3907/1295 4032/1332 3912/1298
f 4027/1331 4032/1332 3907/1295
f 3902/1151 4027/1331 3907/1295
f 4022/1034 4027/1331 3902/1151
f 3897/1292 4022/1034 3902/1151
f 4017/1328 4022/1034 3897/1292
f 3892/1289 4017/1328 3897/1292
f 4012/1327 4017/1328 3892/1289
f 3887/1288 4012/1327 3892/1289
f 4007/1167 4012/1327 3887/1288
f 3882/1286 4007/1167 3887/1288
f 4002/1166 4007/1167 3882/1286
f 3877/1284 4002/1166 3882/1286
f 3997/1324 4002/1166 3877/1284
f 3872/1283 3997/1324 3877/1284
f 3992/1323 3997/1324 3872/1283
f 3867/1282 3992/1323 3872/1283
f 3987/1148 3992/1323 3867/1282
f 3862/1280 3987/1148 3867/1282
f 3982/1321 3987/1148 3862/1280
f 3857/1090 3982/1321 3862/1280
f 3977/1319 3982/1321 3857/1090
f 3852/1278 3977/1319 3857/1090
f 3972/1129 3977/1319 3852/1278
f 3847/1276 3972/1129 3852/1278
f 3967/1316 3972/1129 3847/1276
f 3842/1272 3967/1316 3847/1276
f 3962/1313 3967/1316 3842/1272
f 3837/1270 3962/1313 3842/1272
f 3957/1311 3962/1313 3837/1270
f 3832/1268 3957/1311 3837/1270
f 3952/1113 3957/1311 3832/1268
f 3827/1267 3952/1113 3832/1268
f 3947/1309 3952/1113 3827/1267
f 3817/1263 3947/1309 3827/1267
f 3939/1087 3947/1309 3817/1263
f 3819/1265 3939/1087 3817/1263
f 3937/1307 3939/1087 3819/1265
f 4057/178 4058/1343 4059/1344
f 4060/126 4057/178 4059/1344
f 4061/239 4060/126 4059/1344
f 4062/1345 4061/239 4059/1344
f 4063/1344 4062/1345 4059/1344
f 4064/1346 4063/1344 4059/1344
f 4065/1347 4064/1346 4059/1344
f 4066/219 4065/1347 4059/1344
f 4067/1348 4066/219 4059/1344
f 4068/1349 4067/1348 4059/1344
f 4069/1349 4068/1349 4059/1344
f 4070/1349 4069/1349 4059/1344
f 4071/1350 4070/1349 4059/1344
f 4072/1351 4071/1350 4059/1344
f 4073/388 4072/1351 4059/1344
f 4074/1352 4073/388 4059/1344
f 4075/179 4074/1352 4059/1344
f 4076/384 4075/179 4059/1344
f 4077/384 4076/384 4059/1344
f 4058/1343 4077/384 4059/1344
f 4057/178 4078/236 4058/1343
f 4079/236 4078/236 4057/178
f 4060/126 4079/236 4057/178
f 4080/236 4079/236 4060/126
f 4061/239 4080/236 4060/126
f 4081/150 4080/236 4061/239
f 4062/1345 4081/150 4061/239
f 4082/384 4081/150 4062/1345
f 4063/1344 4082/384 4062/1345
f 4083/142 4082/384 4063/1344
f 4064/1346 4083/142 4063/1344
f 4084/388 4083/142 4064/1346
f 4065/1347 4084/388 4064/1346
f 4085/1350 4084/388 4065/1347
f 4066/219 4085/1350 4065/1347
f 4086/1353 4085/1350 4066/219
f 4067/1348 4086/1353 4066/219
f 4087/216 4086/1353 4067/1348
f 4068/1349 4087/216 4067/1348
f 4088/1354 4087/216 4068/1349
f 4069/1349 4088/1354 4068/1349
f 4089/1354 4088/1354 4069/1349
f 4070/1349 4089/1354 4069/1349
f 4090/1355 4089/1354 4070/1349
f 4071/1350 4090/1355 4070/1349
f 4091/389 4090/1355 4071/1350
f 4072/1351 4091/389 4071/1350
f 4092/1356 4091/389 4072/1351
f 4073/388 4092/1356 4072/1351
f 4093/221 4092/1356 4073/388
f 4074/1352 4093/221 4073/388
f 4094/465 4093/221 4074/1352
f 4075/179 4094/465 4074/1352
f 4095/485 4094/465 4075/179
f 4076/384 4095/485 4075/179
f 4096/1357 4095/485 4076/384
f 4077/384 4096/1357 4076/384
f 4097/236 4096/1357 4077/384
f 4058/1343 4097/236 4077/384
f 4078/236 4097/236 4058/1343
f 4079/236 4098/1358 4078/236
f 4099/1358 4098/1358 4079/236
f 4080/236 4099/1358 4079/236
f 4100/1359 4099/1358 4080/236
f 4081/150 4100/1359 4080/236
f 4101/1360 4100/1359 4081/150
f 4082/384 4101/1360 4081/150
f 4102/1361 4101/1360 4082/384
f 4083/142 4102/1361 4082/384
f 4103/465 4102/1361 4083/142
f 4084/388 4103/465 4083/142
f 4104/221 4103/465 4084/388
f 4085/1350 4104/221 4084/388
f 4105/390 4104/221 4085/1350
f 4086/1353 4105/390 4085/1350
f 4106/1362 4105/390 4086/1353
f 4087/216 4106/1362 4086/1353
f 4107/1363 4106/1362 4087/216
f 4088/1354 4107/1363 4087/216
f 4108/1364 4107/1363 4088/1354
f 4089/1354 4108/1364 4088/1354
f 4109/1365 4108/1364 4089/1354
f 4090/1355 4109/1365 4089/1354
f 4110/391 4109/1365 4090/1355
f 4091/389 4110/391 4090/1355
f 4111/392 4110/391 4091/389
f 4092/1356 4111/392 4091/389
f 4112/1366 4111/392 4092/1356
f 4093/221 4112/1366 4092/1356
f 4113/1367 4112/1366 4093/221
f 4094/465 4113/1367 4093/221
f 4114/1368 4113/1367 4094/465
f 4095/485 4114/1368 4094/465
f 4115/486 4114/1368 4095/485
f 4096/1357 4115/486 4095/485
f 4116/1369 4115/486 4096/1357
f 4097/236 4116/1369 4096/1357
f 4117/1370 4116/1369 4097/236
f 4078/236 4117/1370 4097/236
f 4098/1358 4117/1370 4078/236
f 4099/1358 4118/217 4098/1358
f 4119/192 4118/217 4099/1358
f 4100/1359 4119/192 4099/1358
f 4120/488 4119/192 4100/1359
f 4101/1360 4120/488 4100/1359
f 4121/487 4120/488 4101/1360
f 4102/1361 4121/487 4101/1360
f 4122/237 4121/487 4102/1361
f 4103/465 4122/237 4102/1361
f 4123/1371 4122/237 4103/465
f 4104/221 4123/1371 4103/465
f 4124/1367 4123/1371 4104/221
f 4105/390 4124/1367 4104/221
f 4125/472 4124/1367 4105/390
f 4106/1362 4125/472 4105/390
f 4126/1372 4125/472 4106/1362
f 4107/1363 4126/1372 4106/1362
f 4127/194 4126/1372 4107/1363
f 4108/1364 4127/194 4107/1363
f 4128/1373 4127/194 4108/1364
f 4109/1365 4128/1373 4108/1364
f 4129/1374 4128/1373 4109/1365
f 4110/391 4129/1374 4109/1365
f 4130/197 4129/1374 4110/391
f 4111/392 4130/197 4110/391
f 4131/1375 4130/197 4111/392
f 4112/1366 4131/1375 4111/392
f 4132/1376 4131/1375 4112/1366
f 4113/1367 4132/1376 4112/1366
f 4133/1377 4132/1376 4113/1367
f 4114/1368 4133/1377 4113/1367
f 4134/1378 4133/1377 4114/1368
f 4115/486 4134/1378 4114/1368
f 4135/1379 4134/1378 4115/486
f 4116/1369 4135/1379 4115/486
f 4136/1380 4135/1379 4116/1369
f 4117/1370 4136/1380 4116/1369
f 4137/1381 4136/1380 4117/1370
f 4098/1358 4137/1381 4117/1370
f 4118/217 4137/1381 4098/1358
f 4119/192 4138/495 4118/217
f 4139/495 4138/495 4119/192
f 4120/488 4139/495 4119/192
f 4140/377 4139/495 4120/488
f 4121/487 4140/377 4120/488
f 4141/1382 4140/377 4121/487
f 4122/237 4141/1382 4121/487
f 4142/1383 4141/1382 4122/237
f 4123/1371 4142/1383 4122/237
f 4143/1384 4142/1383 4123/1371
f 4124/1367 4143/1384 4123/1371
f 4144/1385 4143/1384 4124/1367
f 4125/472 4144/1385 4124/1367
f 4145/133 4144/1385 4125/472
f 4126/1372 4145/133 4125/472
f 4146/1386 4145/133 4126/1372
f 4127/194 4146/1386 4126/1372
f 4147/431 4146/1386 4127/194
f 4128/1373 4147/431 4127/194
f 4148/432 4147/431 4128/1373
f 4129/1374 4148/432 4128/1373
f 4149/162 4148/432 4129/1374
f 4130/197 4149/162 4129/1374
f 4150/1387 4149/162 4130/197
f 4131/1375 4150/1387 4130/197
f 4151/156 4150/1387 4131/1375
f 4132/1376 4151/156 4131/1375
f 4152/1388 4151/156 4132/1376
f 4133/1377 4152/1388 4132/1376
f 4153/1389 4152/1388 4133/1377
f 4134/1378 4153/1389 4133/1377
f 4154/1390 4153/1389 4134/1378
f 4135/1379 4154/1390 4134/1378
f 4155/1391 4154/1390 4135/1379
f 4136/1380 4155/1391 4135/1379
f 4156/1392 4155/1391 4136/1380
f 4137/1381 4156/1392 4136/1380
f 4157/1393 4156/1392 4137/1381
f 4118/217 4157/1393 4137/1381
f 4138/495 4157/1393 4118/217
f 4139/495 4158/117 4138/495
f 4159/1394 4158/117 4139/495
f 4140/377 4159/1394 4139/495
f 4160/496 4159/1394 4140/377
f 4141/1382 4160/496 4140/377
f 4161/1395 4160/496 4141/1382
f 4142/1383 4161/1395 4141/1382
f 4162/1396 4161/1395 4142/1383
f 4143/1384 4162/1396 4142/1383
f 4163/1390 4162/1396 4143/1384
f 4144/1385 4163/1390 4143/1384
f 4164/1397 4163/1390 4144/1385
f 4145/133 4164/1397 4144/1385
f 4165/1398 4164/1397 4145/133
f 4146/1386 4165/1398 4145/133
f 4166/1399 4165/1398 4146/1386
f 4147/431 4166/1399 4146/1386
f 4167/131 4166/1399 4147/431
f 4148/432 4167/131 4147/431
f 4168/139 4167/131 4148/432
f 4149/162 4168/139 4148/432
f 4169/139 4168/139 4149/162
f 4150/1387 4169/139 4149/162
f 4170/1400 4169/139 4150/1387
f 4151/156 4170/1400 4150/1387
f 4171/1401 4170/1400 4151/156
f 4152/1388 4171/1401 4151/156
f 4172/1402 4171/1401 4152/1388
f 4153/1389 4172/1402 4152/1388
f 4173/1403 4172/1402 4153/1389
f 4154/1390 4173/1403 4153/1389
f 4174/1404 4173/1403 4154/1390
f 4155/1391 4174/1404 4154/1390
f 4175/1405 4174/1404 4155/1391
f 4156/1392 4175/1405 4155/1391
f 4176/1406 4175/1405 4156/1392
f 4157/1393 4176/1406 4156/1392
f 4177/1407 4176/1406 4157/1393
f 4138/495 4177/1407 4157/1393
f 4158/117 4177/1407 4138/495
f 4159/1394 4178/461 4158/117
f 4179/151 4178/461 4159/1394
f 4160/496 4179/151 4159/1394
f 4180/1408 4179/151 4160/496
f 4161/1395 4180/1408 4160/496
f 4181/146 4180/1408 4161/1395
f 4162/1396 4181/146 4161/1395
f 4182/1409 4181/146 4162/1396
f 4163/1390 4182/1409 4162/1396
f 4183/1404 4182/1409 4163/1390
f 4164/1397 4183/1404 4163/1390
f 4184/1403 4183/1404 4164/1397
f 4165/1398 4184/1403 4164/1397
f 4185/1410 4184/1403 4165/1398
f 4166/1399 4185/1410 4165/1398
f 4186/252 4185/1410 4166/1399
f 4167/131 4186/252 4166/1399
f 4187/1411 4186/252 4167/131
f 4168/139 4187/1411 4167/131
f 4188/1412 4187/1411 4168/139
f 4169/139 4188/1412 4168/139
f 4189/1412 4188/1412 4169/139
f 4170/1400 4189/1412 4169/139
f 4190/429 4189/1412 4170/1400
f 4171/1401 4190/429 4170/1400
f 4191/1413 4190/429 4171/1401
f 4172/1402 4191/1413 4171/1401
f 4192/1414 4191/1413 4172/1402
f 4173/1403 4192/1414 4172/1402
f 4193/1415 4192/1414 4173/1403
f 4174/1404 4193/1415 4173/1403
f 4194/1416 4193/1415 4174/1404
f 4175/1405 4194/1416 4174/1404
f 4195/124 4194/1416 4175/1405
f 4176/1406 4195/124 4175/1405
f 4196/1417 4195/124 4176/1406
f 4177/1407 4196/1417 4176/1406
f 4197/413 4196/1417 4177/1407
f 4158/117 4197/413 4177/1407
f 4178/461 4197/413 4158/117
f 4179/151 4198/1418 4178/461
f 4199/1419 4198/1418 4179/151
f 4180/1408 4199/1419 4179/151
f 4200/206 4199/1419 4180/1408
f 4181/146 4200/206 4180/1408
f 4201/1420 4200/206 4181/146
f 4182/1409 4201/1420 4181/146
f 4202/1421 4201/1420 4182/1409
f 4183/1404 4202/1421 4182/1409
f 4203/1422 4202/1421 4183/1404
f 4184/1403 4203/1422 4183/1404
f 4204/1423 4203/1422 4184/1403
f 4185/1410 4204/1423 4184/1403
f 4205/1424 4204/1423 4185/1410
f 4186/252 4205/1424 4185/1410
f 4206/1425 4205/1424 4186/252
f 4187/1411 4206/1425 4186/252
f 4207/1426 4206/1425 4187/1411
f 4188/1412 4207/1426 4187/1411
f 4208/225 4207/1426 4188/1412
f 4189/1412 4208/225 4188/1412
f 4209/203 4208/225 4189/1412
f 4190/429 4209/203 4189/1412
f 4210/1427 4209/203 4190/429
f 4191/1413 4210/1427 4190/429
f 4211/1428 4210/1427 4191/1413
f 4192/1414 4211/1428 4191/1413
f 4212/249 4211/1428 4192/1414
f 4193/1415 4212/249 4192/1414
f 4213/1429 4212/249 4193/1415
f 4194/1416 4213/1429 4193/1415
f 4214/1430 4213/1429 4194/1416
f 4195/124 4214/1430 4194/1416
f 4215/1431 4214/1430 4195/124
f 4196/1417 4215/1431 4195/124
f 4216/1432 4215/1431 4196/1417
f 4197/413 4216/1432 4196/1417
f 4217/207 4216/1432 4197/413
f 4178/461 4217/207 4197/413
f 4198/1418 4217/207 4178/461
f 4199/1419 4218/1433 4198/1418
f 4219/1434 4218/1433 4199/1419
f 4200/206 4219/1434 4199/1419
f 4220/445 4219/1434 4200/206
f 4201/1420 4220/445 4200/206
f 4221/447 4220/445 4201/1420
f 4202/1421 4221/447 4201/1420
f 4222/1435 4221/447 4202/1421
f 4203/1422 4222/1435 4202/1421
f 4223/1430 4222/1435 4203/1422
f 4204/1423 4223/1430 4203/1422
f 4224/167 4223/1430 4204/1423
f 4205/1424 4224/167 4204/1423
f 4225/1436 4224/167 4205/1424
f 4206/1425 4225/1436 4205/1424
f 4226/1437 4225/1436 4206/1425
f 4207/1426 4226/1437 4206/1425
f 4227/1438 4226/1437 4207/1426
f 4208/225 4227/1438 4207/1426
f 4228/1439 4227/1438 4208/225
f 4209/203 4228/1439 4208/225
f 4229/1439 4228/1439 4209/203
f 4210/1427 4229/1439 4209/203
f 4230/474 4229/1439 4210/1427
f 4211/1428 4230/474 4210/1427
f 4231/134 4230/474 4211/1428
f 4212/249 4231/134 4211/1428
f 4232/1440 4231/134 4212/249
f 4213/1429 4232/1440 4212/249
f 4233/1441 4232/1440 4213/1429
f 4214/1430 4233/1441 4213/1429
f 4234/231 4233/1441 4214/1430
f 4215/1431 4234/231 4214/1430
f 4235/155 4234/231 4215/1431
f 4216/1432 4235/155 4215/1431
f 4236/1442 4235/155 4216/1432
f 4217/207 4236/1442 4216/1432
f 4237/1443 4236/1442 4217/207
f 4198/1418 4237/1443 4217/207
f 4218/1433 4237/1443 4198/1418
f 4219/1434 4238/1444 4218/1433
f 4239/1444 4238/1444 4219/1434
f 4220/445 4239/1444 4219/1434
f 4240/227 4239/1444 4220/445
f 4221/447 4240/227 4220/445
f 4241/442 4240/227 4221/447
f 4222/1435 4241/442 4221/447
f 4242/1445 4241/442 4222/1435
f 4223/1430 4242/1445 4222/1435
f 4243/231 4242/1445 4223/1430
f 4224/167 4243/231 4223/1430
f 4244/1446 4243/231 4224/167
f 4225/1436 4244/1446 4224/167
f 4245/1447 4244/1446 4225/1436
f 4226/1437 4245/1447 4225/1436
f 4246/473 4245/1447 4226/1437
f 4227/1438 4246/473 4226/1437
f 4247/251 4246/473 4227/1438
f 4228/1439 4247/251 4227/1438
f 4248/1448 4247/251 4228/1439
f 4229/1439 4248/1448 4228/1439
f 4249/251 4248/1448 4229/1439
f 4230/474 4249/251 4229/1439
f 4250/251 4249/251 4230/474
f 4231/134 4250/251 4230/474
f 4251/163 4250/251 4231/134
f 4232/1440 4251/163 4231/134
f 4252/450 4251/163 4232/1440
f 4233/1441 4252/450 4232/1440
f 4253/158 4252/450 4233/1441
f 4234/231 4253/158 4233/1441
f 4254/451 4253/158 4234/231
f 4235/155 4254/451 4234/231
f 4255/1449 4254/451 4235/155
f 4236/1442 4255/1449 4235/155
f 4256/119 4255/1449 4236/1442
f 4237/1443 4256/119 4236/1442
f 4257/227 4256/119 4237/1443
f 4218/1433 4257/227 4237/1443
f 4238/1444 4257/227 4218/1433
f 4239/1444 4258/1450 4238/1444
f 4259/1451 4258/1450 4239/1444
f 4240/227 4259/1451 4239/1444
f 4260/1449 4259/1451 4240/227
f 4241/442 4260/1449 4240/227
f 4261/1449 4260/1449 4241/442
f 4242/1445 4261/1449 4241/442
f 4262/1452 4261/1449 4242/1445
f 4243/231 4262/1452 4242/1445
f 4263/451 4262/1452 4243/231
f 4244/1446 4263/451 4243/231
f 4264/1453 4263/451 4244/1446
f 4245/1447 4264/1453 4244/1446
f 4265/161 4264/1453 4245/1447
f 4246/473 4265/161 4245/1447
f 4266/450 4265/161 4246/473
f 4247/251 4266/450 4246/473
f 4267/450 4266/450 4247/251
f 4248/1448 4267/450 4247/251
f 4268/490 4267/450 4248/1448
f 4249/251 4268/490 4248/1448
f 4269/1454 4268/490 4249/251
f 4250/251 4269/1454 4249/251
f 4270/135 4269/1454 4250/251
f 4251/163 4270/135 4250/251
f 4271/253 4270/135 4251/163
f 4252/450 4271/253 4251/163
f 4272/1455 4271/253 4252/450
f 4253/158 4272/1455 4252/450
f 4273/1456 4272/1455 4253/158
f 4254/451 4273/1456 4253/158
f 4274/1457 4273/1456 4254/451
f 4255/1449 4274/1457 4254/451
f 4275/1458 4274/1457 4255/1449
f 4256/119 4275/1458 4255/1449
f 4276/229 4275/1458 4256/119
f 4257/227 4276/229 4256/119
f 4277/1450 4276/229 4257/227
f 4238/1444 4277/1450 4257/227
f 4258/1450 4277/1450 4238/1444
f 4259/1451 4278/1456 4258/1450
f 4260/1449 4278/1456 4259/1451
f 4261/1449 4278/1456 4260/1449
f 4262/1452 4278/1456 4261/1449
f 4263/451 4278/1456 4262/1452
f 4264/1453 4278/1456 4263/451
f 4265/161 4278/1456 4264/1453
f 4266/450 4278/1456 4265/161
f 4267/450 4278/1456 4266/450
f 4268/490 4278/1456 4267/450
f 4269/1454 4278/1456 4268/490
f 4270/135 4278/1456 4269/1454
f 4271/253 4278/1456 4270/135
f 4272/1455 4278/1456 4271/253
f 4273/1456 4278/1456 4272/1455
f 4274/1457 4278/1456 4273/1456
f 4275/1458 4278/1456 4274/1457
f 4276/229 4278/1456 4275/1458
f 4277/1450 4278/1456 4276/229
f 4258/1450 4278/1456 4277/1450
f 4279/1459 4280/1459 4281/1460
f 4282/1459 4279/1459 4281/1460
f 4283/1461 4282/1459 4281/1460
f 4284/1461 4283/1461 4281/1460
f 4285/1462 4284/1461 4281/1460
f 4286/1460 4285/1462 4281/1460
f 4287/1463 4286/1460 4281/1460
f 4288/1463 4287/1463 4281/1460
f 4289/1464 4288/1463 4281/1460
f 4290/1465 4289/1464 4281/1460
f 4291/1465 4290/1465 4281/1460
f 4292/1465 4291/1465 4281/1460
f 4293/1465 4292/1465 4281/1460
f 4294/1466 4293/1465 4281/1460
f 4295/1466 4294/1466 4281/1460
f 4296/1467 4295/1466 4281/1460
f 4297/1468 4296/1467 4281/1460
f 4298/1468 4297/1468 4281/1460
f 4299/1469 4298/1468 4281/1460
f 4300/1470 4299/1469 4281/1460
f 4301/1471 4300/1470 4281/1460
f 4302/1471 4301/1471 4281/1460
f 4303/1459 4302/1471 4281/1460
f 4280/1459 4303/1459 4281/1460
f 4279/1459 4304/1472 4280/1459
f 4305/1472 4304/1472 4279/1459
f 4282/1459 4305/1472 4279/1459
f 4306/1472 4305/1472 4282/1459
f 4283/1461 4306/1472 4282/1459
f 4307/1473 4306/1472 4283/1461
f 4284/1461 4307/1473 4283/1461
f 4308/1474 4307/1473 4284/1461
f 4285/1462 4308/1474 4284/1461
f 4309/1475 4308/1474 4285/1462
f 4286/1460 4309/1475 4285/1462
f 4310/1470 4309/1475 4286/1460
f 4287/1463 4310/1470 4286/1460
f 4311/1468 4310/1470 4287/1463
f 4288/1463 4311/1468 4287/1463
f 4312/1467 4311/1468 4288/1463
f 4289/1464 4312/1467 4288/1463
f 4313/1476 4312/1467 4289/1464
f 4290/1465 4313/1476 4289/1464
f 4314/1477 4313/1476 4290/1465
f 4291/1465 4314/1477 4290/1465
f 4315/1478 4314/1477 4291/1465
f 4292/1465 4315/1478 4291/1465
f 4316/1479 4315/1478 4292/1465
f 4293/1465 4316/1479 4292/1465
f 4317/1479 4316/1479 4293/1465
f 4294/1466 4317/1479 4293/1465
f 4318/1479 4317/1479 4294/1466
f 4295/1466 4318/1479 4294/1466
f 4319/1480 4318/1479 4295/1466
f 4296/1467 4319/1480 4295/1466
f 4320/1481 4319/1480 4296/1467
f 4297/1468 4320/1481 4296/1467
f 4321/1482 4320/1481 4297/1468
f 4298/1468 4321/1482 4297/1468
f 4322/1483 4321/1482 4298/1468
f 4299/1469 4322/1483 4298/1468
f 4323/1484 4322/1483 4299/1469
f 4300/1470 4323/1484 4299/1469
f 4324/1485 4323/1484 4300/1470
f 4301/1471 4324/1485 4300/1470
f 4325/1486 4324/1485 4301/1471
f 4302/1471 4325/1486 4301/1471
f 4326/1487 4325/1486 4302/1471
f 4303/1459 4326/1487 4302/1471
f 4327/1488 4326/1487 4303/1459
f 4280/1459 4327/1488 4303/1459
f 4304/1472 4327/1488 4280/1459
f 4305/1472 4328/1489 4304/1472
f 4329/1490 4328/1489 4305/1472
f 4306/1472 4329/1490 4305/1472
f 4330/1489 4329/1490 4306/1472
f 4307/1473 4330/1489 4306/1472
f 4331/1491 4330/1489 4307/1473
f 4308/1474 4331/1491 4307/1473
f 4332/1488 4331/1491 4308/1474
f 4309/1475 4332/1488 4308/1474
f 4333/1486 4332/1488 4309/1475
f 4310/1470 4333/1486 4309/1475
f 4334/1485 4333/1486 4310/1470
f 4311/1468 4334/1485 4310/1470
f 4335/1483 4334/1485 4311/1468
f 4312/1467 4335/1483 4311/1468
f 4336/1482 4335/1483 4312/1467
f 4313/1476 4336/1482 4312/1467
f 4337/1480 4336/1482 4313/1476
f 4314/1477 4337/1480 4313/1476
f 4338/1492 4337/1480 4314/1477
f 4315/1478 4338/1492 4314/1477
f 4339/1493 4338/1492 4315/1478
f 4316/1479 4339/1493 4315/1478
f 4340/1494 4339/1493 4316/1479
f 4317/1479 4340/1494 4316/1479
f 4341/1495 4340/1494 4317/1479
f 4318/1479 4341/1495 4317/1479
f 4342/1496 4341/1495 4318/1479
f 4319/1480 4342/1496 4318/1479
f 4343/1497 4342/1496 4319/1480
f 4320/1481 4343/1497 4319/1480
f 4344/1498 4343/1497 4320/1481
f 4321/1482 4344/1498 4320/1481
f 4345/1499 4344/1498 4321/1482
f 4322/1483 4345/1499 4321/1482
f 4346/1500 4345/1499 4322/1483
f 4323/1484 4346/1500 4322/1483
f 4347/1501 4346/1500 4323/1484
f 4324/1485 4347/1501 4323/1484
f 4348/1502 4347/1501 4324/1485
f 4325/1486 4348/1502 4324/1485
f 4349/1503 4348/1502 4325/1486
f 4326/1487 4349/1503 4325/1486
f 4350/1504 4349/1503 4326/1487
f 4327/1488 4350/1504 4326/1487
f 4351/1505 4350/1504 4327/1488
f 4304/1472 4351/1505 4327/1488
f 4328/1489 4351/1505 4304/1472
f 4329/1490 4352/1506 4328/1489
f 4353/1507 4352/1506 4329/1490
f 4330/1489 4353/1507 4329/1490
f 4354/1507 4353/1507 4330/1489
f 4331/1491 4354/1507 4330/1489
f 4355/1508 4354/1507 4331/1491
f 4332/1488 4355/1508 4331/1491
f 4356/1504 4355/1508 4332/1488
f 4333/1486 4356/1504 4332/1488
f 4357/1503 4356/1504 4333/1486
f 4334/1485 4357/1503 4333/1486
f 4358/1509 4357/1503 4334/1485
f 4335/1483 4358/1509 4334/1485
f 4359/1510 4358/1509 4335/1483
f 4336/1482 4359/1510 4335/1483
f 4360/1511 4359/1510 4336/1482
f 4337/1480 4360/1511 4336/1482
f 4361/1512 4360/1511 4337/1480
f 4338/1492 4361/1512 4337/1480
f 4362/1513 4361/1512 4338/1492
f 4339/1493 4362/1513 4338/1492
f 4363/1514 4362/1513 4339/1493
f 4340/1494 4363/1514 4339/1493
f 4364/1515 4363/1514 4340/1494
f 4341/1495 4364/1515 4340/1494
f 4365/1515 4364/1515 4341/1495
f 4342/1496 4365/1515 4341/1495
f 4366/1515 4365/1515 4342/1496
f 4343/1497 4366/1515 4342/1496
f 4367/1516 4366/1515 4343/1497
f 4344/1498 4367/1516 4343/1497
f 4368/1517 4367/1516 4344/1498
f 4345/1499 4368/1517 4344/1498
f 4369/1518 4368/1517 4345/1499
f 4346/1500 4369/1518 4345/1499
f 4370/1519 4369/1518 4346/1500
f 4347/1501 4370/1519 4346/1500
f 4371/1520 4370/1519 4347/1501
f 4348/1502 4371/1520 4347/1501
f 4372/1521 4371/1520 4348/1502
f 4349/1503 4372/1521 4348/1502
f 4373/1522 4372/1521 4349/1503
f 4350/1504 4373/1522 4349/1503
f 4374/1523 4373/1522 4350/1504
f 4351/1505 4374/1523 4350/1504
f 4375/1506 4374/1523 4351/1505
f 4328/1489 4375/1506 4351/1505
f 4352/1506 4375/1506 4328/1489
f 4353/1507 4376/1524 4352/1506
f 4377/1524 4376/1524 4353/1507
f 4354/1507 4377/1524 4353/1507
f 4378/1525 4377/1524 4354/1507
f 4355/1508 4378/1525 4354/1507
f 4379/1526 4378/1525 4355/1508
f 4356/1504 4379/1526 4355/1508
f 4380/1527 4379/1526 4356/1504
f 4357/1503 4380/1527 4356/1504
f 4381/1528 4380/1527 4357/1503
f 4358/1509 4381/1528 4357/1503
f 4382/1529 4381/1528 4358/1509
f 4359/1510 4382/1529 4358/1509
f 4383/1530 4382/1529 4359/1510
f 4360/1511 4383/1530 4359/1510
f 4384/1531 4383/1530 4360/1511
f 4361/1512 4384/1531 4360/1511
f 4385/1517 4384/1531 4361/1512
f 4362/1513 4385/1517 4361/1512
f 4386/1532 4385/1517 4362/1513
f 4363/1514 4386/1532 4362/1513
f 4387/1533 4386/1532 4363/1514
f 4364/1515 4387/1533 4363/1514
f 4388/1534 4387/1533 4364/1515
f 4365/1515 4388/1534 4364/1515
f 4389/1535 4388/1534 4365/1515
f 4366/1515 4389/1535 4365/1515
f 4390/1536 4389/1535 4366/1515
f 4367/1516 4390/1536 4366/1515
f 4391/1537 4390/1536 4367/1516
f 4368/1517 4391/1537 4367/1516
f 4392/1538 4391/1537 4368/1517
f 4369/1518 4392/1538 4368/1517
f 4393/1539 4392/1538 4369/1518
f 4370/1519 4393/1539 4369/1518
f 4394/1540 4393/1539 4370/1519
f 4371/1520 4394/1540 4370/1519
f 4395/1541 4394/1540 4371/1520
f 4372/1521 4395/1541 4371/1520
f 4396/1542 4395/1541 4372/1521
f 4373/1522 4396/1542 4372/1521
f 4397/1543 4396/1542 4373/1522
f 4374/1523 4397/1543 4373/1522
f 4398/1544 4397/1543 4374/1523
f 4375/1506 4398/1544 4374/1523
f 4399/1545 4398/1544 4375/1506
f 4352/1506 4399/1545 4375/1506
f 4376/1524 4399/1545 4352/1506
f 4377/1524 4400/1546 4376/1524
f 4401/1547 4400/1546 4377/1524
f 4378/1525 4401/1547 4377/1524
f 4402/1548 4401/1547 4378/1525
f 4379/1526 4402/1548 4378/1525
f 4403/1549 4402/1548 4379/1526
f 4380/1527 4403/1549 4379/1526
f 4404/1550 4403/1549 4380/1527
f 4381/1528 4404/1550 4380/1527
f 4405/1551 4404/1550 4381/1528
f 4382/1529 4405/1551 4381/1528
f 4406/1552 4405/1551 4382/1529
f 4383/1530 4406/1552 4382/1529
f 4407/1553 4406/1552 4383/1530
f 4384/1531 4407/1553 4383/1530
f 4408/1554 4407/1553 4384/1531
f 4385/1517 4408/1554 4384/1531
f 4409/1555 4408/1554 4385/1517
f 4386/1532 4409/1555 4385/1517
f 4410/1556 4409/1555 4386/1532
f 4387/1533 4410/1556 4386/1532
f 4411/1557 4410/1556 4387/1533
f 4388/1534 4411/1557 4387/1533
f 4412/1558 4411/1557 4388/1534
f 4389/1535 4412/1558 4388/1534
f 4413/1558 4412/1558 4389/1535
f 4390/1536 4413/1558 4389/1535
f 4414/1559 4413/1558 4390/1536
f 4391/1537 4414/1559 4390/1536
f 4415/1560 4414/1559 4391/1537
f 4392/1538 4415/1560 4391/1537
f 4416/1561 4415/1560 4392/1538
f 4393/1539 4416/1561 4392/1538
f 4417/1562 4416/1561 4393/1539
f 4394/1540 4417/1562 4393/1539
f 4418/1563 4417/1562 4394/1540
f 4395/1541 4418/1563 4394/1540
f 4419/1564 4418/1563 4395/1541
f 4396/1542 4419/1564 4395/1541
f 4420/1565 4419/1564 4396/1542
f 4397/1543 4420/1565 4396/1542
f 4421/1566 4420/1565 4397/1543
f 4398/1544 4421/1566 4397/1543
f 4422/1567 4421/1566 4398/1544
f 4399/1545 4422/1567 4398/1544
f 4423/1568 4422/1567 4399/1545
f 4376/1524 4423/1568 4399/1545
f 4400/1546 4423/1568 4376/1524
f 4401/1547 4424/1569 4400/1546
f 4425/1569 4424/1569 4401/1547
f 4402/1548 4425/1569 4401/1547
f 4426/1570 4425/1569 4402/1548
f 4403/1549 4426/1570 4402/1548
f 4427/1571 4426/1570 4403/1549
f 4404/1550 4427/1571 4403/1549
f 4428/1572 4427/1571 4404/1550
f 4405/1551 4428/1572 4404/1550
f 4429/1573 4428/1572 4405/1551
f 4406/1552 4429/1573 4405/1551
f 4430/1574 4429/1573 4406/1552
f 4407/1553 4430/1574 4406/1552
f 4431/1575 4430/1574 4407/1553
f 4408/1554 4431/1575 4407/1553
f 4432/1576 4431/1575 4408/1554
f 4409/1555 4432/1576 4408/1554
f 4433/1577 4432/1576 4409/1555
f 4410/1556 4433/1577 4409/1555
f 4434/1578 4433/1577 4410/1556
f 4411/1557 4434/1578 4410/1556
f 4435/1579 4434/1578 4411/1557
f 4412/1558 4435/1579 4411/1557
f 4436/1580 4435/1579 4412/1558
f 4413/1558 4436/1580 4412/1558
f 4437/1580 4436/1580 4413/1558
f 4414/1559 4437/1580 4413/1558
f 4438/1581 4437/1580 4414/1559
f 4415/1560 4438/1581 4414/1559
f 4439/1582 4438/1581 4415/1560
f 4416/1561 4439/1582 4415/1560
f 4440/1583 4439/1582 4416/1561
f 4417/1562 4440/1583 4416/1561
f 4441/1584 4440/1583 4417/1562
f 4418/1563 4441/1584 4417/1562
f 4442/1585 4441/1584 4418/1563
f 4419/1564 4442/1585 4418/1563
f 4443/1586 4442/1585 4419/1564
f 4420/1565 4443/1586 4419/1564
f 4444/1587 4443/1586 4420/1565
f 4421/1566 4444/1587 4420/1565
f 4445/1588 4444/1587 4421/1566
f 4422/1567 4445/1588 4421/1566
f 4446/1589 4445/1588 4422/1567
f 4423/1568 4446/1589 4422/1567
f 4447/1590 4446/1589 4423/1568
f 4400/1546 4447/1590 4423/1568
f 4424/1569 4447/1590 4400/1546
f 4425/1569 4448/1591 4424/1569
f 4449/1591 4448/1591 4425/1569
f 4426/1570 4449/1591 4425/1569
f 4450/1592 4449/1591 4426/1570
f 4427/1571 4450/1592 4426/1570
f 4451/1593 4450/1592 4427/1571
f 4428/1572 4451/1593 4427/1571
f 4452/1594 4451/1593 4428/1572
f 4429/1573 4452/1594 4428/1572
f 4453/1595 4452/1594 4429/1573
f 4430/1574 4453/1595 4429/1573
f 4454/1596 4453/1595 4430/1574
f 4431/1575 4454/1596 4430/1574
f 4455/1597 4454/1596 4431/1575
f 4432/1576 4455/1597 4431/1575
f 4456/1598 4455/1597 4432/1576
f 4433/1577 4456/1598 4432/1576
f 4457/1599 4456/1598 4433/1577
f 4434/1578 4457/1599 4433/1577
f 4458/1600 4457/1599 4434/1578
f 4435/1579 4458/1600 4434/1578
f 4459/1601 4458/1600 4435/1579
f 4436/1580 4459/1601 4435/1579
f 4460/1601 4459/1601 4436/1580
f 4437/1580 4460/1601 4436/1580
f 4461/1602 4460/1601 4437/1580
f 4438/1581 4461/1602 4437/1580
f 4462/1602 4461/1602 4438/1581
f 4439/1582 4462/1602 4438/1581
f 4463/1603 4462/1602 4439/1582
f 4440/1583 4463/1603 4439/1582
f 4464/1604 4463/1603 4440/1583
f 4441/1584 4464/1604 4440/1583
f 4465/1605 4464/1604 4441/1584
f 4442/1585 4465/1605 4441/1584
f 4466/1606 4465/1605 4442/1585
f 4443/1586 4466/1606 4442/1585
f 4467/1607 4466/1606 4443/1586
f 4444/1587 4467/1607 4443/1586
f 4468/1608 4467/1607 4444/1587
f 4445/1588 4468/1608 4444/1587
f 4469/1609 4468/1608 4445/1588
f 4446/1589 4469/1609 4445/1588
f 4470/1610 4469/1609 4446/1589
f 4447/1590 4470/1610 4446/1589
f 4471/1611 4470/1610 4447/1590
f 4424/1569 4471/1611 4447/1590
f 4448/1591 4471/1611 4424/1569
f 4449/1591 4472/1612 4448/1591
f 4473/1612 4472/1612 4449/1591
f 4450/1592 4473/1612 4449/1591
f 4474/1613 4473/1612 4450/1592
f 4451/1593 4474/1613 4450/1592
f 4475/1614 4474/1613 4451/1593
f 4452/1594 4475/1614 4451/1593
f 4476/1615 4475/1614 4452/1594
f 4453/1595 4476/1615 4452/1594
f 4477/1616 4476/1615 4453/1595
f 4454/1596 4477/1616 4453/1595
f 4478/1617 4477/1616 4454/1596
f 4455/1597 4478/1617 4454/1596
f 4479/1618 4478/1617 4455/1597
f 4456/1598 4479/1618 4455/1597
f 4480/1619 4479/1618 4456/1598
f 4457/1599 4480/1619 4456/1598
f 4481/1620 4480/1619 4457/1599
f 4458/1600 4481/1620 4457/1599
f 4482/1621 4481/1620 4458/1600
f 4459/1601 4482/1621 4458/1600
f 4483/1622 4482/1621 4459/1601
f 4460/1601 4483/1622 4459/1601
f 4484/1623 4483/1622 4460/1601
f 4461/1602 4484/1623 4460/1601
f 4485/1624 4484/1623 4461/1602
f 4462/1602 4485/1624 4461/1602
f 4486/1625 4485/1624 4462/1602
f 4463/1603 4486/1625 4462/1602
f 4487/1626 4486/1625 4463/1603
f 4464/1604 4487/1626 4463/1603
f 4488/1627 4487/1626 4464/1604
f 4465/1605 4488/1627 4464/1604
f 4489/1628 4488/1627 4465/1605
f 4466/1606 4489/1628 4465/1605
f 4490/1629 4489/1628 4466/1606
f 4467/1607 4490/1629 4466/1606
f 4491/1630 4490/1629 4467/1607
f 4468/1608 4491/1630 4467/1607
f 4492/1631 4491/1630 4468/1608
f 4469/1609 4492/1631 4468/1608
f 4493/1632 4492/1631 4469/1609
f 4470/1610 4493/1632 4469/1609
f 4494/1633 4493/1632 4470/1610
f 4471/1611 4494/1633 4470/1610
f 4495/1634 4494/1633 4471/1611
f 4448/1591 4495/1634 4471/1611
f 4472/1612 4495/1634 4448/1591
f 4473/1612 4496/1635 4472/1612
f 4497/1635 4496/1635 4473/1612
f 4474/1613 4497/1635 4473/1612
f 4498/1636 4497/1635 4474/1613
f 4475/1614 4498/1636 4474/1613
f 4499/1637 4498/1636 4475/1614
f 4476/1615 4499/1637 4475/1614
f 4500/1632 4499/1637 4476/1615
f 4477/1616 4500/1632 4476/1615
f 4501/1638 4500/1632 4477/1616
f 4478/1617 4501/1638 4477/1616
f 4502/1639 4501/1638 4478/1617
f 4479/1618 4502/1639 4478/1617
f 4503/1640 4502/1639 4479/1618
f 4480/1619 4503/1640 4479/1618
f 4504/1641 4503/1640 4480/1619
f 4481/1620 4504/1641 4480/1619
f 4505/1642 4504/1641 4481/1620
f 4482/1621 4505/1642 4481/1620
f 4506/1643 4505/1642 4482/1621
f 4483/1622 4506/1643 4482/1621
f 4507/1644 4506/1643 4483/1622
f 4484/1623 4507/1644 4483/1622
f 4508/1644 4507/1644 4484/1623
f 4485/1624 4508/1644 4484/1623
f 4509/1645 4508/1644 4485/1624
f 4486/1625 4509/1645 4485/1624
f 4510/1645 4509/1645 4486/1625
f 4487/1626 4510/1645 4486/1625
f 4511/1646 4510/1645 4487/1626
f 4488/1627 4511/1646 4487/1626
f 4512/1647 4511/1646 4488/1627
f 4489/1628 4512/1647 4488/1627
f 4513/1648 4512/1647 4489/1628
f 4490/1629 4513/1648 4489/1628
f 4514/1649 4513/1648 4490/1629
f 4491/1630 4514/1649 4490/1629
f 4515/1650 4514/1649 4491/1630
f 4492/1631 4515/1650 4491/1630
f 4516/1651 4515/1650 4492/1631
f 4493/1632 4516/1651 4492/1631
f 4517/1652 4516/1651 4493/1632
f 4494/1633 4517/1652 4493/1632
f 4518/1653 4517/1652 4494/1633
f 4495/1634 4518/1653 4494/1633
f 4519/1654 4518/1653 4495/1634
f 4472/1612 4519/1654 4495/1634
f 4496/1635 4519/1654 4472/1612
f 4497/1635 4520/1655 4496/1635
f 4521/1656 4520/1655 4497/1635
f 4498/1636 4521/1656 4497/1635
f 4522/1657 4521/1656 4498/1636
f 4499/1637 4522/1657 4498/1636
f 4523/1658 4522/1657 4499/1637
f 4500/1632 4523/1658 4499/1637
f 4524/1659 4523/1658 4500/1632
f 4501/1638 4524/1659 4500/1632
f 4525/1660 4524/1659 4501/1638
f 4502/1639 4525/1660 4501/1638
f 4526/1661 4525/1660 4502/1639
f 4503/1640 4526/1661 4502/1639
f 4527/1662 4526/1661 4503/1640
f 4504/1641 4527/1662 4503/1640
f 4528/1663 4527/1662 4504/1641
f 4505/1642 4528/1663 4504/1641
f 4529/1664 4528/1663 4505/1642
f 4506/1643 4529/1664 4505/1642
f 4530/1665 4529/1664 4506/1643
f 4507/1644 4530/1665 4506/1643
f 4531/1666 4530/1665 4507/1644
f 4508/1644 4531/1666 4507/1644
f 4532/1667 4531/1666 4508/1644
f 4509/1645 4532/1667 4508/1644
f 4533/1667 4532/1667 4509/1645
f 4510/1645 4533/1667 4509/1645
f 4534/1668 4533/1667 4510/1645
f 4511/1646 4534/1668 4510/1645
f 4535/1669 4534/1668 4511/1646
f 4512/1647 4535/1669 4511/1646
f 4536/1670 4535/1669 4512/1647
f 4513/1648 4536/1670 4512/1647
f 4537/1671 4536/1670 4513/1648
f 4514/1649 4537/1671 4513/1648
f 4538/1672 4537/1671 4514/1649
f 4515/1650 4538/1672 4514/1649
f 4539/1673 4538/1672 4515/1650
f 4516/1651 4539/1673 4515/1650
f 4540/1674 4539/1673 4516/1651
f 4517/1652 4540/1674 4516/1651
f 4541/1675 4540/1674 4517/1652
f 4518/1653 4541/1675 4517/1652
f 4542/1676 4541/1675 4518/1653
f 4519/1654 4542/1676 4518/1653
f 4543/1677 4542/1676 4519/1654
f 4496/1635 4543/1677 4519/1654
f 4520/1655 4543/1677 4496/1635
f 4521/1656 4544/1678 4520/1655
f 4545/1679 4544/1678 4521/1656
f 4522/1657 4545/1679 4521/1656
f 4546/1679 4545/1679 4522/1657
f 4523/1658 4546/1679 4522/1657
f 4547/1680 4546/1679 4523/1658
f 4524/1659 4547/1680 4523/1658
f 4548/1681 4547/1680 4524/1659
f 4525/1660 4548/1681 4524/1659
f 4549/1674 4548/1681 4525/1660
f 4526/1661 4549/1674 4525/1660
f 4550/1673 4549/1674 4526/1661
f 4527/1662 4550/1673 4526/1661
f 4551/1682 4550/1673 4527/1662
f 4528/1663 4551/1682 4527/1662
f 4552/1672 4551/1682 4528/1663
f 4529/1664 4552/1672 4528/1663
f 4553/1671 4552/1672 4529/1664
f 4530/1665 4553/1671 4529/1664
f 4554/1683 4553/1671 4530/1665
f 4531/1666 4554/1683 4530/1665
f 4555/1670 4554/1683 4531/1666
f 4532/1667 4555/1670 4531/1666
f 4556/1670 4555/1670 4532/1667
f 4533/1667 4556/1670 4532/1667
f 4557/1684 4556/1670 4533/1667
f 4534/1668 4557/1684 4533/1667
f 4558/1684 4557/1684 4534/1668
f 4535/1669 4558/1684 4534/1668
f 4559/1685 4558/1684 4535/1669
f 4536/1670 4559/1685 4535/1669
f 4560/1686 4559/1685 4536/1670
f 4537/1671 4560/1686 4536/1670
f 4561/1687 4560/1686 4537/1671
f 4538/1672 4561/1687 4537/1671
f 4562/1688 4561/1687 4538/1672
f 4539/1673 4562/1688 4538/1672
f 4563/1689 4562/1688 4539/1673
f 4540/1674 4563/1689 4539/1673
f 4564/1690 4563/1689 4540/1674
f 4541/1675 4564/1690 4540/1674
f 4565/1691 4564/1690 4541/1675
f 4542/1676 4565/1691 4541/1675
f 4566/1692 4565/1691 4542/1676
f 4543/1677 4566/1692 4542/1676
f 4567/1678 4566/1692 4543/1677
f 4520/1655 4567/1678 4543/1677
f 4544/1678 4567/1678 4520/1655
f 4545/1679 4568/1693 4544/1678
f 4569/1693 4568/1693 4545/1679
f 4546/1679 4569/1693 4545/1679
f 4570/1694 4569/1693 4546/1679
f 4547/1680 4570/1694 4546/1679
f 4571/1694 4570/1694 4547/1680
f 4548/1681 4571/1694 4547/1680
f 4572/1690 4571/1694 4548/1681
f 4549/1674 4572/1690 4548/1681
f 4573/1689 4572/1690 4549/1674
f 4550/1673 4573/1689 4549/1674
f 4574/1689 4573/1689 4550/1673
f 4551/1682 4574/1689 4550/1673
f 4575/1695 4574/1689 4551/1682
f 4552/1672 4575/1695 4551/1682
f 4576/1688 4575/1695 4552/1672
f 4553/1671 4576/1688 4552/1672
f 4577/1696 4576/1688 4553/1671
f 4554/1683 4577/1696 4553/1671
f 4578/1696 4577/1696 4554/1683
f 4555/1670 4578/1696 4554/1683
f 4579/1697 4578/1696 4555/1670
f 4556/1670 4579/1697 4555/1670
f 4580/1697 4579/1697 4556/1670
f 4557/1684 4580/1697 4556/1670
f 4581/1697 4580/1697 4557/1684
f 4558/1684 4581/1697 4557/1684
f 4582/1697 4581/1697 4558/1684
f 4559/1685 4582/1697 4558/1684
f 4583/1698 4582/1697 4559/1685
f 4560/1686 4583/1698 4559/1685
f 4584/1698 4583/1698 4560/1686
f 4561/1687 4584/1698 4560/1686
f 4585/1699 4584/1698 4561/1687
f 4562/1688 4585/1699 4561/1687
f 4586/1700 4585/1699 4562/1688
f 4563/1689 4586/1700 4562/1688
f 4587/1701 4586/1700 4563/1689
f 4564/1690 4587/1701 4563/1689
f 4588/1701 4587/1701 4564/1690
f 4565/1691 4588/1701 4564/1690
f 4589/1702 4588/1701 4565/1691
f 4566/1692 4589/1702 4565/1691
f 4590/1693 4589/1702 4566/1692
f 4567/1678 4590/1693 4566/1692
f 4591/1693 4590/1693 4567/1678
f 4544/1678 4591/1693 4567/1678
f 4568/1693 4591/1693 4544/1678
f 4569/1693 4592/1700 4568/1693
f 4570/1694 4592/1700 4569/1693
f 4571/1694 4592/1700 4570/1694
f 4572/1690 4592/1700 4571/1694
f 4573/1689 4592/1700 4572/1690
f 4574/1689 4592/1700 4573/1689
f 4575/1695 4592/1700 4574/1689
f 4576/1688 4592/1700 4575/1695
f 4577/1696 4592/1700 4576/1688
f 4578/1696 4592/1700 4577/1696
f 4579/1697 4592/1700 4578/1696
f 4580/1697 4592/1700 4579/1697
f 4581/1697 4592/1700 4580/1697
f 4582/1697 4592/1700 4581/1697
f 4583/1698 4592/1700 4582/1697
f 4584/1698 4592/1700 4583/1698
f 4585/1699 4592/1700 4584/1698
f 4586/1700 4592/1700 4585/1699
f 4587/1701 4592/1700 4586/1700
f 4588/1701 4592/1700 4587/1701
f 4589/1702 4592/1700 4588/1701
f 4590/1693 4592/1700 4589/1702
f 4591/1693 4592/1700 4590/1693
f 4568/1693 4592/1700 4591/1693
f 4593/1703 4594/1704 4595/1705
f 4593/1703 4595/1705 4596/1706
f 4593/1703 4596/1706 4597/1707
f 4593/1703 4597/1707 4598/1708
f 4593/1703 4598/1708 4599/1709
f 4593/1703 4599/1709 4600/1710
f 4593/1703 4600/1710 4601/1711
f 4593/1703 4601/1711 4602/1712
f 4593/1703 4602/1712 4603/1713
f 4593/1703 4603/1713 4604/1714
f 4593/1703 4604/1714 4605/1715
f 4593/1703 4605/1715 4606/1716
f 4593/1703 4606/1716 4607/1716
f 4593/1703 4607/1716 4608/1717
f 4593/1703 4608/1717 4609/1718
f 4593/1703 4609/1718 4610/1719
f 4593/1703 4610/1719 4611/1720
f 4593/1703 4611/1720 4612/1721
f 4593/1703 4612/1721 4613/1721
f 4593/1703 4613/1721 4614/1722
f 4593/1703 4614/1722 4615/1723
f 4593/1703 4615/1723 4616/1724
f 4593/1703 4616/1724 4617/1725
f 4593/1703 4617/1725 4594/1704
f 4594/1704 4618/1726 4595/1705
f 4595/1705 4618/1726 4619/1727
f 4595/1705 4619/1727 4596/1706
f 4596/1706 4619/1727 4620/1728
f 4596/1706 4620/1728 4597/1707
f 4597/1707 4620/1728 4621/1729
f 4597/1707 4621/1729 4598/1708
f 4598/1708 4621/1729 4622/1730
f 4598/1708 4622/1730 4599/1709
f 4599/1709 4622/1730 4623/1731
f 4599/1709 4623/1731 4600/1710
f 4600/1710 4623/1731 4624/1732
f 4600/1710 4624/1732 4601/1711
f 4601/1711 4624/1732 4625/1733
f 4601/1711 4625/1733 4602/1712
f 4602/1712 4625/1733 4626/1734
f 4602/1712 4626/1734 4603/1713
f 4603/1713 4626/1734 4627/1735
f 4603/1713 4627/1735 4604/1714
f 4604/1714 4627/1735 4628/1736
f 4604/1714 4628/1736 4605/1715
f 4605/1715 4628/1736 4629/1737
f 4605/1715 4629/1737 4606/1716
f 4606/1716 4629/1737 4630/1738
f 4606/1716 4630/1738 4607/1716
f 4607/1716 4630/1738 4631/1739
f 4607/1716 4631/1739 4608/1717
f 4608/1717 4631/1739 4632/1740
f 4608/1717 4632/1740 4609/1718
f 4609/1718 4632/1740 4633/1741
f 4609/1718 4633/1741 4610/1719
f 4610/1719 4633/1741 4634/1742
f 4610/1719 4634/1742 4611/1720
f 4611/1720 4634/1742 4635/1743
f 4611/1720 4635/1743 4612/1721
f 4612/1721 4635/1743 4636/1744
f 4612/1721 4636/1744 4613/1721
f 4613/1721 4636/1744 4637/1745
f 4613/1721 4637/1745 4614/1722
f 4614/1722 4637/1745 4638/1746
f 4614/1722 4638/1746 4615/1723
f 4615/1723 4638/1746 4639/1747
f 4615/1723 4639/1747 4616/1724
f 4616/1724 4639/1747 4640/1748
f 4616/1724 4640/1748 4617/1725
f 4617/1725 4640/1748 4641/1749
f 4617/1725 4641/1749 4594/1704
f 4594/1704 4641/1749 4618/1726
f 4618/1726 4642/1750 4619/1727
f 4619/1727 4642/1750 4643/1751
f 4619/1727 4643/1751 4620/1728
f 4620/1728 4643/1751 4644/1752
f 4620/1728 4644/1752 4621/1729
f 4621/1729 4644/1752 4645/1753
f 4621/1729 4645/1753 4622/1730
f 4622/1730 4645/1753 4646/1754
f 4622/1730 4646/1754 4623/1731
f 4623/1731 4646/1754 4647/1755
f 4623/1731 4647/1755 4624/1732
f 4624/1732 4647/1755 4648/1756
f 4624/1732 4648/1756 4625/1733
f 4625/1733 4648/1756 4649/1757
f 4625/1733 4649/1757 4626/1734
f 4626/1734 4649/1757 4650/1758
f 4626/1734 4650/1758 4627/1735
f 4627/1735 4650/1758 4651/1759
f 4627/1735 4651/1759 4628/1736
f 4628/1736 4651/1759 4652/1760
f 4628/1736 4652/1760 4629/1737
f 4629/1737 4652/1760 4653/1761
f 4629/1737 4653/1761 4630/1738
f 4630/1738 4653/1761 4654/1762
f 4630/1738 4654/1762 4631/1739
f 4631/1739 4654/1762 4655/1763
f 4631/1739 4655/1763 4632/1740
f 4632/1740 4655/1763 4656/1764
f 4632/1740 4656/1764 4633/1741
f 4633/1741 4656/1764 4657/1765
f 4633/1741 4657/1765 4634/1742
f 4634/1742 4657/1765 4658/1766
f 4634/1742 4658/1766 4635/1743
f 4635/1743 4658/1766 4659/1767
f 4635/1743 4659/1767 4636/1744
f 4636/1744 4659/1767 4660/1768
f 4636/1744 4660/1768 4637/1745
f 4637/1745 4660/1768 4661/1769
f 4637/1745 4661/1769 4638/1746
f 4638/1746 4661/1769 4662/1770
f 4638/1746 4662/1770 4639/1747
f 4639/1747 4662/1770 4663/1771
f 4639/1747 4663/1771 4640/1748
f 4640/1748 4663/1771 4664/1772
f 4640/1748 4664/1772 4641/1749
f 4641/1749 4664/1772 4665/1773
f 4641/1749 4665/1773 4618/1726
f 4618/1726 4665/1773 4642/1750
f 4642/1750 4666/1774 4643/1751
f 4643/1751 4666/1774 4667/1775
f 4643/1751 4667/1775 4644/1752
f 4644/1752 4667/1775 4668/1776
f 4644/1752 4668/1776 4645/1753
f 4645/1753 4668/1776 4669/1777
f 4645/1753 4669/1777 4646/1754
f 4646/1754 4669/1777 4670/1778
f 4646/1754 4670/1778 4647/1755
f 4647/1755 4670/1778 4671/1779
f 4647/1755 4671/1779 4648/1756
f 4648/1756 4671/1779 4672/1780
f 4648/1756 4672/1780 4649/1757
f 4649/1757 4672/1780 4673/1781
f 4649/1757 4673/1781 4650/1758
f 4650/1758 4673/1781 4674/1782
f 4650/1758 4674/1782 4651/1759
f 4651/1759 4674/1782 4675/1783
f 4651/1759 4675/1783 4652/1760
f 4652/1760 4675/1783 4676/1784
f 4652/1760 4676/1784 4653/1761
f 4653/1761 4676/1784 4677/1785
f 4653/1761 4677/1785 4654/1762
f 4654/1762 4677/1785 4678/1786
f 4654/1762 4678/1786 4655/1763
f 4655/1763 4678/1786 4679/1787
f 4655/1763 4679/1787 4656/1764
f 4656/1764 4679/1787 4680/1788
f 4656/1764 4680/1788 4657/1765
f 4657/1765 4680/1788 4681/1789
f 4657/1765 4681/1789 4658/1766
f 4658/1766 4681/1789 4682/1790
f 4658/1766 4682/1790 4659/1767
f 4659/1767 4682/1790 4683/1791
f 4659/1767 4683/1791 4660/1768
f 4660/1768 4683/1791 4684/1792
f 4660/1768 4684/1792 4661/1769
f 4661/1769 4684/1792 4685/1793
f 4661/1769 4685/1793 4662/1770
f 4662/1770 4685/1793 4686/1794
f 4662/1770 4686/1794 4663/1771
f 4663/1771 4686/1794 4687/1795
f 4663/1771 4687/1795 4664/1772
f 4664/1772 4687/1795 4688/1796
f 4664/1772 4688/1796 4665/1773
f 4665/1773 4688/1796 4689/1797
f 4665/1773 4689/1797 4642/1750
f 4642/1750 4689/1797 4666/1774
f 4690/1798 4691/1799 4692/1800
f 4690/1798 4692/1800 4693/1801
f 4690/1798 4693/1801 4694/1802
f 4690/1798 4694/1802 4695/1803
f 4690/1798 4695/1803 4696/1804
f 4690/1798 4696/1804 4697/1805
f 4690/1798 4697/1805 4698/1806
f 4690/1798 4698/1806 4699/1807
f 4690/1798 4699/1807 4700/1808
f 4690/1798 4700/1808 4701/1809
f 4690/1798 4701/1809 4702/1809
f 4690/1798 4702/1809 4703/1810
f 4690/1798 4703/1810 4704/1811
f 4690/1798 4704/1811 4705/1812
f 4690/1798 4705/1812 4706/1813
f 4690/1798 4706/1813 4707/1814
f 4690/1798 4707/1814 4708/1814
f 4690/1798 4708/1814 4709/1815
f 4690/1798 4709/1815 4710/1816
f 4690/1798 4710/1816 4711/1817
f 4690/1798 4711/1817 4712/1818
f 4690/1798 4712/1818 4713/1819
f 4690/1798 4713/1819 4714/1799
f 4690/1798 4714/1799 4691/1799
f 4691/1799 4715/1820 4692/1800
f 4692/1800 4715/1820 4716/1821
f 4692/1800 4716/1821 4693/1801
f 4693/1801 4716/1821 4717/1822
f 4693/1801 4717/1822 4694/1802
f 4694/1802 4717/1822 4718/1823
f 4694/1802 4718/1823 4695/1803
f 4695/1803 4718/1823 4719/1824
f 4695/1803 4719/1824 4696/1804
f 4696/1804 4719/1824 4720/1825
f 4696/1804 4720/1825 4697/1805
f 4697/1805 4720/1825 4721/1826
f 4697/1805 4721/1826 4698/1806
f 4698/1806 4721/1826 4722/1827
f 4698/1806 4722/1827 4699/1807
f 4699/1807 4722/1827 4723/1828
f 4699/1807 4723/1828 4700/1808
f 4700/1808 4723/1828 4724/1829
f 4700/1808 4724/1829 4701/1809
f 4701/1809 4724/1829 4725/1830
f 4701/1809 4725/1830 4702/1809
f 4702/1809 4725/1830 4726/1831
f 4702/1809 4726/1831 4703/1810
f 4703/1810 4726/1831 4727/1832
f 4703/1810 4727/1832 4704/1811
f 4704/1811 4727/1832 4728/1833
f 4704/1811 4728/1833 4705/1812
f 4705/1812 4728/1833 4729/1834
f 4705/1812 4729/1834 4706/1813
f 4706/1813 4729/1834 4730/1835
f 4706/1813 4730/1835 4707/1814
f 4707/1814 4730/1835 4731/1836
f 4707/1814 4731/1836 4708/1814
f 4708/1814 4731/1836 4732/1837
f 4708/1814 4732/1837 4709/1815
f 4709/1815 4732/1837 4733/1838
f 4709/1815 4733/1838 4710/1816
f 4710/1816 4733/1838 4734/1839
f 4710/1816 4734/1839 4711/1817
f 4711/1817 4734/1839 4735/1840
f 4711/1817 4735/1840 4712/1818
f 4712/1818 4735/1840 4736/1841
f 4712/1818 4736/1841 4713/1819
f 4713/1819 4736/1841 4737/1842
f 4713/1819 4737/1842 4714/1799
f 4714/1799 4737/1842 4738/1843
f 4714/1799 4738/1843 4691/1799
f 4691/1799 4738/1843 4715/1820
f 4715/1820 4739/1844 4716/1821
f 4716/1821 4739/1844 4740/1845
f 4716/1821 4740/1845 4717/1822
f 4717/1822 4740/1845 4741/1846
f 4717/1822 4741/1846 4718/1823
f 4718/1823 4741/1846 4742/1847
f 4718/1823 4742/1847 4719/1824
f 4719/1824 4742/1847 4743/1848
f 4719/1824 4743/1848 4720/1825
f 4720/1825 4743/1848 4744/1849
f 4720/1825 4744/1849 4721/1826
f 4721/1826 4744/1849 4745/1850
f 4721/1826 4745/1850 4722/1827
f 4722/1827 4745/1850 4746/1851
f 4722/1827 4746/1851 4723/1828
f 4723/1828 4746/1851 4747/1852
f 4723/1828 4747/1852 4724/1829
f 4724/1829 4747/1852 4748/1853
f 4724/1829 4748/1853 4725/1830
f 4725/1830 4748/1853 4749/1854
f 4725/1830 4749/1854 4726/1831
f 4726/1831 4749/1854 4750/1855
f 4726/1831 4750/1855 4727/1832
f 4727/1832 4750/1855 4751/1856
f 4727/1832 4751/1856 4728/1833
f 4728/1833 4751/1856 4752/1857
f 4728/1833 4752/1857 4729/1834
f 4729/1834 4752/1857 4753/1858
f 4729/1834 4753/1858 4730/1835
f 4730/1835 4753/1858 4754/1859
f 4730/1835 4754/1859 4731/1836
f 4731/1836 4754/1859 4755/1860
f 4731/1836 4755/1860 4732/1837
f 4732/1837 4755/1860 4756/1861
f 4732/1837 4756/1861 4733/1838
f 4733/1838 4756/1861 4757/1862
f 4733/1838 4757/1862 4734/1839
f 4734/1839 4757/1862 4758/1863
f 4734/1839 4758/1863 4735/1840
f 4735/1840 4758/1863 4759/1864
f 4735/1840 4759/1864 4736/1841
f 4736/1841 4759/1864 4760/1865
f 4736/1841 4760/1865 4737/1842
f 4737/1842 4760/1865 4761/1866
f 4737/1842 4761/1866 4738/1843
f 4738/1843 4761/1866 4762/1867
f 4738/1843 4762/1867 4715/1820
f 4715/1820 4762/1867 4739/1844
f 4739/1844 4763/1868 4740/1845
f 4740/1845 4763/1868 4764/1869
f 4740/1845 4764/1869 4741/1846
f 4741/1846 4764/1869 4765/1870
f 4741/1846 4765/1870 4742/1847
f 4742/1847 4765/1870 4766/1871
f 4742/1847 4766/1871 4743/1848
f 4743/1848 4766/1871 4767/1872
f 4743/1848 4767/1872 4744/1849
f 4744/1849 4767/1872 4768/1873
f 4744/1849 4768/1873 4745/1850
f 4745/1850 4768/1873 4769/1874
f 4745/1850 4769/1874 4746/1851
f 4746/1851 4769/1874 4770/1875
f 4746/1851 4770/1875 4747/1852
f 4747/1852 4770/1875 4771/1876
f 4747/1852 4771/1876 4748/1853
f 4748/1853 4771/1876 4772/1877
f 4748/1853 4772/1877 4749/1854
f 4749/1854 4772/1877 4773/1878
f 4749/1854 4773/1878 4750/1855
f 4750/1855 4773/1878 4774/1879
f 4750/1855 4774/1879 4751/1856
f 4751/1856 4774/1879 4775/1880
f 4751/1856 4775/1880 4752/1857
f 4752/1857 4775/1880 4776/1881
f 4752/1857 4776/1881 4753/1858
f 4753/1858 4776/1881 4777/1882
f 4753/1858 4777/1882 4754/1859
f 4754/1859 4777/1882 4778/1883
f 4754/1859 4778/1883 4755/1860
f 4755/1860 4778/1883 4779/1884
f 4755/1860 4779/1884 4756/1861
f 4756/1861 4779/1884 4780/1885
f 4756/1861 4780/1885 4757/1862
f 4757/1862 4780/1885 4781/1886
f 4757/1862 4781/1886 4758/1863
f 4758/1863 4781/1886 4782/1887
f 4758/1863 4782/1887 4759/1864
f 4759/1864 4782/1887 4783/1888
f 4759/1864 4783/1888 4760/1865
f 4760/1865 4783/1888 4784/1889
f 4760/1865 4784/1889 4761/1866
f 4761/1866 4784/1889 4785/1890
f 4761/1866 4785/1890 4762/1867
f 4762/1867 4785/1890 4786/1891
f 4762/1867 4786/1891 4739/1844
f 4739/1844 4786/1891 4763/1868
f 4787/1892 4788/1893 4789/1894
f 4787/1892 4789/1894 4790/1895
f 4787/1892 4790/1895 4791/1896
f 4787/1892 4791/1896 4792/1897
f 4787/1892 4792/1897 4793/1898
f 4787/1892 4793/1898 4794/1899
f 4787/1892 4794/1899 4795/1900
f 4787/1892 4795/1900 4796/1901
f 4787/1892 4796/1901 4797/1902
f 4787/1903 4797/1902 4798/1904
f 4787/1892 4798/1904 4799/1905
f 4787/1892 4799/1905 4800/1906
f 4787/1892 4800/1906 4801/1907
f 4787/1892 4801/1907 4802/1908
f 4787/1892 4802/1908 4803/1909
f 4787/1892 4803/1909 4804/1910
f 4787/1892 4804/1910 4805/1911
f 4787/1892 4805/1911 4806/1911
f 4787/1892 4806/1911 4807/1912
f 4787/1892 4807/1912 4808/1913
f 4787/1892 4808/1913 4809/1914
f 4787/1892 4809/1914 4810/1914
f 4787/1892 4810/1914 4811/1915
f 4787/1892 4811/1915 4788/1893
f 4788/1893 4812/1916 4789/1894
f 4789/1894 4812/1916 4813/1917
f 4789/1894 4813/1917 4790/1895
f 4790/1895 4813/1917 4814/1918
f 4790/1895 4814/1918 4791/1896
f 4791/1896 4814/1918 4815/1919
f 4791/1896 4815/1919 4792/1897
f 4792/1897 4815/1919 4816/1920
f 4792/1897 4816/1920 4793/1898
f 4793/1898 4816/1920 4817/1921
f 4793/1898 4817/1921 4794/1899
f 4794/1899 4817/1921 4818/1922
f 4794/1899 4818/1922 4795/1900
f 4795/1900 4818/1922 4819/1923
f 4795/1900 4819/1923 4796/1901
f 4796/1901 4819/1923 4820/1924
f 4796/1901 4820/1924 4797/1902
f 4797/1902 4820/1924 4821/1925
f 4797/1902 4821/1925 4798/1904
f 4798/1904 4821/1925 4822/1926
f 4798/1904 4822/1926 4799/1905
f 4799/1905 4822/1926 4823/1927
f 4799/1905 4823/1927 4800/1906
f 4800/1906 4823/1927 4824/1928
f 4800/1906 4824/1928 4801/1907
f 4801/1907 4824/1928 4825/1929
f 4801/1907 4825/1929 4802/1908
f 4802/1908 4825/1929 4826/1930
f 4802/1908 4826/1930 4803/1909
f 4803/1909 4826/1930 4827/1931
f 4803/1909 4827/1931 4804/1910
f 4804/1910 4827/1931 4828/1932
f 4804/1910 4828/1932 4805/1911
f 4805/1911 4828/1932 4829/1933
f 4805/1911 4829/1933 4806/1911
f 4806/1911 4829/1933 4830/1934
f 4806/1911 4830/1934 4807/1912
f 4807/1912 4830/1934 4831/1935
f 4807/1912 4831/1935 4808/1913
f 4808/1913 4831/1935 4832/1936
f 4808/1913 4832/1936 4809/1914
f 4809/1914 4832/1936 4833/1937
f 4809/1914 4833/1937 4810/1914
f 4810/1914 4833/1937 4834/1938
f 4810/1914 4834/1938 4811/1915
f 4811/1915 4834/1938 4835/1939
f 4811/1915 4835/1939 4788/1893
f 4788/1893 4835/1939 4812/1916
f 4812/1916 4836/1940 4813/1917
f 4813/1917 4836/1940 4837/1941
f 4813/1917 4837/1941 4814/1918
f 4814/1918 4837/1941 4838/1942
f 4814/1918 4838/1942 4815/1919
f 4815/1919 4838/1942 4839/1943
f 4815/1919 4839/1943 4816/1920
f 4816/1920 4839/1943 4840/1944
f 4816/1920 4840/1944 4817/1921
f 4817/1921 4840/1944 4841/1945
f 4817/1921 4841/1945 4818/1922
f 4818/1922 4841/1945 4842/1946
f 4818/1922 4842/1946 4819/1923
f 4819/1923 4842/1946 4843/1947
f 4819/1923 4843/1947 4820/1924
f 4820/1924 4843/1947 4844/1948
f 4820/1924 4844/1948 4821/1925
f 4821/1925 4844/1948 4845/1949
f 4821/1925 4845/1949 4822/1926
f 4822/1926 4845/1949 4846/1950
f 4822/1926 4846/1950 4823/1927
f 4823/1927 4846/1950 4847/1951
f 4823/1927 4847/1951 4824/1928
f 4824/1928 4847/1951 4848/1952
f 4824/1928 4848/1952 4825/1929
f 4825/1929 4848/1952 4849/1953
f 4825/1929 4849/1953 4826/1930
f 4826/1930 4849/1953 4850/1954
f 4826/1930 4850/1954 4827/1931
f 4827/1931 4850/1954 4851/1955
f 4827/1931 4851/1955 4828/1932
f 4828/1932 4851/1955 4852/1956
f 4828/1932 4852/1956 4829/1933
f 4829/1933 4852/1956 4853/1957
f 4829/1933 4853/1957 4830/1934
f 4830/1934 4853/1957 4854/1958
f 4830/1934 4854/1958 4831/1935
f 4831/1935 4854/1958 4855/1959
f 4831/1935 4855/1959 4832/1936
f 4832/1936 4855/1959 4856/1960
f 4832/1936 4856/1960 4833/1937
f 4833/1937 4856/1960 4857/1961
f 4833/1937 4857/1961 4834/1938
f 4834/1938 4857/1961 4858/1962
f 4834/1938 4858/1962 4835/1939
f 4835/1939 4858/1962 4859/1963
f 4835/1939 4859/1963 4812/1916
f 4812/1916 4859/1963 4836/1940
f 4836/1940 4860/1964 4837/1941
f 4837/1941 4860/1964 4861/1965
f 4837/1941 4861/1965 4838/1942
f 4838/1942 4861/1965 4862/1966
f 4838/1942 4862/1966 4839/1943
f 4839/1943 4862/1966 4863/1967
f 4839/1943 4863/1967 4840/1944
f 4840/1944 4863/1967 4864/1968
f 4840/1944 4864/1968 4841/1945
f 4841/1945 4864/1968 4865/1969
f 4841/1945 4865/1969 4842/1946
f 4842/1946 4865/1969 4866/1970
f 4842/1946 4866/1970 4843/1947
f 4843/1947 4866/1970 4867/1971
f 4843/1947 4867/1971 4844/1948
f 4844/1948 4867/1971 4868/1972
f 4844/1948 4868/1972 4845/1949
f 4845/1949 4868/1972 4869/1973
f 4845/1949 4869/1973 4846/1950
f 4846/1950 4869/1973 4870/1974
f 4846/1950 4870/1974 4847/1951
f 4847/1951 4870/1974 4871/1975
f 4847/1951 4871/1975 4848/1952
f 4848/1952 4871/1975 4872/1976
f 4848/1952 4872/1976 4849/1953
f 4849/1953 4872/1976 4873/1977
f 4849/1953 4873/1977 4850/1954
f 4850/1954 4873/1977 4874/1978
f 4850/1954 4874/1978 4851/1955
f 4851/1955 4874/1978 4875/1979
f 4851/1955 4875/1979 4852/1956
f 4852/1956 4875/1979 4876/1980
f 4852/1956 4876/1980 4853/1957
f 4853/1957 4876/1980 4877/1981
f 4853/1957 4877/1981 4854/1958
f 4854/1958 4877/1981 4878/1982
f 4854/1958 4878/1982 4855/1959
f 4855/1959 4878/1982 4879/1983
f 4855/1959 4879/1983 4856/1960
f 4856/1960 4879/1983 4880/1984
f 4856/1960 4880/1984 4857/1961
f 4857/1961 4880/1984 4881/1985
f 4857/1961 4881/1985 4858/1962
f 4858/1962 4881/1985 4882/1986
f 4858/1962 4882/1986 4859/1963
f 4859/1963 4882/1986 4883/1987
f 4859/1963 4883/1987 4836/1940
f 4836/1940 4883/1987 4860/1964
f 4884/1988 4885/1989 4886/1990
f 4884/1988 4886/1990 4887/1991
f 4884/1988 4887/1991 4888/1992
f 4884/1988 4888/1992 4889/1993
f 4884/1988 4889/1993 4890/1994
f 4884/1988 4890/1994 4891/1995
f 4884/1988 4891/1995 4892/1996
f 4884/1988 4892/1996 4893/1997
f 4884/1988 4893/1997 4894/1998
f 4884/1988 4894/1998 4895/1999
f 4884/1988 4895/1999 4896/2000
f 4884/1988 4896/2000 4897/2001
f 4884/1988 4897/2001 4898/2002
f 4884/1988 4898/2002 4899/2003
f 4884/1988 4899/2003 4900/2004
f 4884/1988 4900/2004 4885/1989
f 4885/1989 4901/2005 4886/1990
f 4886/1990 4901/2005 4902/2006
f 4886/1990 4902/2006 4887/1991
f 4887/1991 4902/2006 4903/2007
f 4887/1991 4903/2007 4888/1992
f 4888/1992 4903/2007 4904/2008
f 4888/1992 4904/2008 4889/1993
f 4889/1993 4904/2008 4905/2009
f 4889/1993 4905/2009 4890/1994
f 4890/1994 4905/2009 4906/2010
f 4890/1994 4906/2010 4891/1995
f 4891/1995 4906/2010 4907/2011
f 4891/1995 4907/2011 4892/1996
f 4892/1996 4907/2011 4908/2012
f 4892/1996 4908/2012 4893/1997
f 4893/1997 4908/2012 4909/2013
f 4893/1997 4909/2013 4894/1998
f 4894/1998 4909/2013 4910/2014
f 4894/1998 4910/2014 4895/1999
f 4895/1999 4910/2014 4911/2015
f 4895/1999 4911/2015 4896/2000
f 4896/2000 4911/2015 4912/2016
f 4896/2000 4912/2016 4897/2001
f 4897/2001 4912/2016 4913/2017
f 4897/2001 4913/2017 4898/2002
f 4898/2002 4913/2017 4914/2018
f 4898/2002 4914/2018 4899/2003
f 4899/2003 4914/2018 4915/2019
f 4899/2003 4915/2019 4900/2004
f 4900/2004 4915/2019 4916/2020
f 4900/2004 4916/2020 4885/1989
f 4885/1989 4916/2020 4901/2005
f 4901/2005 4917/2021 4902/2006
f 4902/2006 4917/2021 4918/2022
f 4902/2006 4918/2022 4903/2007
f 4903/2007 4918/2022 4919/2023
f 4903/2007 4919/2023 4904/2008
f 4904/2008 4919/2023 4920/2024
f 4904/2008 4920/2024 4905/2009
f 4905/2009 4920/2024 4921/2025
f 4905/2009 4921/2025 4906/2010
f 4906/2010 4921/2025 4922/2026
f 4906/2010 4922/2026 4907/2011
f 4907/2011 4922/2026 4923/2027
f 4907/2011 4923/2027 4908/2012
f 4908/2012 4923/2027 4924/2028
f 4908/2012 4924/2028 4909/2013
f 4909/2013 4924/2028 4925/2029
f 4909/2013 4925/2029 4910/2014
f 4910/2014 4925/2029 4926/2030
f 4910/2014 4926/2030 4911/2015
f 4911/2015 4926/2030 4927/2031
f 4911/2015 4927/2031 4912/2016
f 4912/2016 4927/2031 4928/2032
f 4912/2016 4928/2032 4913/2017
f 4913/2017 4928/2032 4929/2033
f 4913/2017 4929/2033 4914/2018
f 4914/2018 4929/2033 4930/2034
f 4914/2018 4930/2034 4915/2019
f 4915/2019 4930/2034 4931/2035
f 4915/2019 4931/2035 4916/2020
f 4916/2020 4931/2035 4932/2036
f 4916/2020 4932/2036 4901/2005
f 4901/2005 4932/2036 4917/2021
f 4933/1988 4934/2037 4935/2038
f 4933/1988 4935/2038 4936/2039
f 4933/1988 4936/2039 4937/2040
f 4933/1988 4937/2040 4938/2041
f 4933/1988 4938/2041 4939/2042
f 4933/1988 4939/2042 4940/2043
f 4933/1988 4940/2043 4941/2044
f 4933/1988 4941/2044 4942/2045
f 4933/1988 4942/2045 4943/2046
f 4933/1988 4943/2046 4944/2047
f 4933/1988 4944/2047 4945/2048
f 4933/1988 4945/2048 4934/2037
f 4934/2037 4946/2021 4935/2038
f 4935/2038 4946/2021 4947/2049
f 4935/2038 4947/2049 4936/2039
f 4936/2039 4947/2049 4948/2050
f 4936/2039 4948/2050 4937/2040
f 4937/2040 4948/2050 4949/2051
f 4937/2040 4949/2051 4938/2041
f 4938/2041 4949/2051 4950/2052
f 4938/2041 4950/2052 4939/2042
f 4939/2042 4950/2052 4951/2053
f 4939/2042 4951/2053 4940/2043
f 4940/2043 4951/2053 4952/2029
f 4940/2043 4952/2029 4941/2044
f 4941/2044 4952/2029 4953/2054
f 4941/2044 4953/2054 4942/2045
f 4942/2045 4953/2054 4954/2055
f 4942/2045 4954/2055 4943/2046
f 4943/2046 4954/2055 4955/2056
f 4943/2046 4955/2056 4944/2047
f 4944/2047 4955/2056 4956/2057
f 4944/2047 4956/2057 4945/2048
f 4945/2048 4956/2057 4957/2058
f 4945/2048 4957/2058 4934/2037
f 4934/2037 4957/2058 4946/2021
f 4401/1354 4958/2059 4959/2060
f 4401/1354 4960/1354 4958/2059
f 4960/1354 4961/2059 4958/2059
f 4960/1354 4962/2061 4961/2059
f 4962/2061 4963/2059 4961/2059
f 4962/2061 4964/2061 4963/2059
f 4964/2061 4965/2059 4963/2059
f 4964/2061 4966/2061 4965/2059
f 4966/2061 4967/2059 4965/2059
f 4966/2061 4968/1354 4967/2059
f 4968/1354 4959/2060 4967/2059
f 4968/1354 4401/1354 4959/2060
f 4969/1356 4960/1354 4401/1354
f 4969/1356 4970/1356 4960/1354
f 4970/1356 4962/2061 4960/1354
f 4970/1356 4971/241 4962/2061
f 4971/241 4964/2061 4962/2061
f 4971/241 4972/2062 4964/2061
f 4972/2062 4966/2061 4964/2061
f 4972/2062 4973/2062 4966/2061
f 4973/2062 4968/1354 4966/2061
f 4973/2062 4974/1356 4968/1354
f 4974/1356 4401/1354 4968/1354
f 4974/1356 4969/1356 4401/1354
f 4975/396 4970/1356 4969/1356
f 4975/396 4976/393 4970/1356
f 4976/393 4971/241 4970/1356
f 4976/393 4977/154 4971/241
f 4977/154 4972/2062 4971/241
f 4977/154 4978/465 4972/2062
f 4978/465 4973/2062 4972/2062
f 4978/465 4979/154 4973/2062
f 4979/154 4974/1356 4973/2062
f 4979/154 4980/154 4974/1356
f 4980/154 4969/1356 4974/1356
f 4980/154 4975/396 4969/1356
f 4981/2063 4976/393 4975/396
f 4981/2063 4982/2063 4976/393
f 4982/2063 4977/154 4976/393
f 4982/2063 4983/486 4977/154
f 4983/486 4978/465 4977/154
f 4983/486 4984/2064 4978/465
f 4984/2064 4979/154 4978/465
f 4984/2064 4985/486 4979/154
f 4985/486 4980/154 4979/154
f 4985/486 4986/2065 4980/154
f 4986/2065 4975/396 4980/154
f 4986/2065 4981/2063 4975/396
f 4987/370 4982/2063 4981/2063
f 4987/370 4988/2066 4982/2063
f 4988/2066 4983/486 4982/2063
f 4988/2066 4989/2067 4983/486
f 4989/2067 4984/2064 4983/486
f 4989/2067 4990/2067 4984/2064
f 4990/2067 4985/486 4984/2064
f 4990/2067 4991/2067 4985/486
f 4991/2067 4986/2065 4985/486
f 4991/2067 4992/2066 4986/2065
f 4992/2066 4981/2063 4986/2065
f 4992/2066 4987/370 4981/2063
f 4993/110 4988/2066 4987/370
f 4993/110 4994/1382 4988/2066
f 4994/1382 4989/2067 4988/2066
f 4994/1382 4995/2068 4989/2067
f 4995/2068 4990/2067 4989/2067
f 4995/2068 4996/2069 4990/2067
f 4996/2069 4991/2067 4990/2067
f 4996/2069 4997/2068 4991/2067
f 4997/2068 4992/2066 4991/2067
f 4997/2068 4998/110 4992/2066
f 4998/110 4987/370 4992/2066
f 4998/110 4993/110 4987/370
f 4999/375 4994/1382 4993/110
f 4999/375 5000/193 4994/1382
f 5000/193 4995/2068 4994/1382
f 5000/193 5001/1393 4995/2068
f 5001/1393 4996/2069 4995/2068
f 5001/1393 5002/1393 4996/2069
f 5002/1393 4997/2068 4996/2069
f 5002/1393 5003/1393 4997/2068
f 5003/1393 4998/110 4997/2068
f 5003/1393 5004/193 4998/110
f 5004/193 4993/110 4998/110
f 5004/193 4999/375 4993/110
f 5005/2070 5000/193 4999/375
f 5005/2070 5006/2071 5000/193
f 5006/2071 5001/1393 5000/193
f 5006/2071 5007/2072 5001/1393
f 5007/2072 5002/1393 5001/1393
f 5007/2072 5008/2072 5002/1393
f 5008/2072 5003/1393 5002/1393
f 5008/2072 5009/496 5003/1393
f 5009/496 5004/193 5003/1393
f 5009/496 5010/2073 5004/193
f 5010/2073 4999/375 5004/193
f 5010/2073 5005/2070 4999/375
f 5011/2074 5006/2071 5005/2070
f 5011/2074 5012/2075 5006/2071
f 5012/2075 5007/2072 5006/2071
f 5012/2075 5013/414 5007/2072
f 5013/414 5008/2072 5007/2072
f 5013/414 5014/149 5008/2072
f 5014/149 5009/496 5008/2072
f 5014/149 5015/414 5009/496
f 5015/414 5010/2073 5009/496
f 5015/414 5016/2075 5010/2073
f 5016/2075 5005/2070 5010/2073
f 5016/2075 5011/2074 5005/2070
f 5017/2076 5012/2075 5011/2074
f 5017/2076 5018/2077 5012/2075
f 5018/2077 5013/414 5012/2075
f 5018/2077 5019/2078 5013/414
f 5019/2078 5014/149 5013/414
f 5019/2078 5020/461 5014/149
f 5020/461 5015/414 5014/149
f 5020/461 5021/413 5015/414
f 5021/413 5016/2075 5015/414
f 5021/413 5022/2077 5016/2075
f 5022/2077 5011/2074 5016/2075
f 5022/2077 5017/2076 5011/2074
f 5023/2079 5018/2077 5017/2076
f 5023/2079 5024/118 5018/2077
f 5024/118 5019/2078 5018/2077
f 5024/118 5025/206 5019/2078
f 5025/206 5020/461 5019/2078
f 5025/206 5026/1419 5020/461
f 5026/1419 5021/413 5020/461
f 5026/1419 5027/2080 5021/413
f 5027/2080 5022/2077 5021/413
f 5027/2080 5028/2081 5022/2077
f 5028/2081 5017/2076 5022/2077
f 5028/2081 5023/2079 5017/2076
f 5029/2082 5024/118 5023/2079
f 5029/2082 5030/446 5024/118
f 5030/446 5025/206 5024/118
f 5030/446 5031/2083 5025/206
f 5031/2083 5026/1419 5025/206
f 5031/2083 5032/235 5026/1419
f 5032/235 5027/2080 5026/1419
f 5032/235 5033/120 5027/2080
f 5033/120 5028/2081 5027/2080
f 5033/120 5034/1432 5028/2081
f 5034/1432 5023/2079 5028/2081
f 5034/1432 5029/2082 5023/2079
f 5035/1431 5030/446 5029/2082
f 5035/1431 5036/2084 5030/446
f 5036/2084 5031/2083 5030/446
f 5036/2084 5037/2085 5031/2083
f 5037/2085 5032/235 5031/2083
f 5037/2085 5038/1442 5032/235
f 5038/1442 5033/120 5032/235
f 5038/1442 5039/447 5033/120
f 5039/447 5034/1432 5033/120
f 5039/447 5040/492 5034/1432
f 5040/492 5029/2082 5034/1432
f 5040/492 5035/1431 5029/2082
f 5041/2086 5036/2084 5035/1431
f 5041/2086 5042/122 5036/2084
f 5042/122 5037/2085 5036/2084
f 5042/122 5043/1445 5037/2085
f 5043/1445 5038/1442 5037/2085
f 5043/1445 5044/255 5038/1442
f 5044/255 5039/447 5038/1442
f 5044/255 5045/449 5039/447
f 5045/449 5040/492 5039/447
f 5045/449 5046/2087 5040/492
f 5046/2087 5035/1431 5040/492
f 5046/2087 5041/2086 5035/1431
f 5047/1446 5042/122 5041/2086
f 5047/1446 5048/2088 5042/122
f 5048/2088 5043/1445 5042/122
f 5048/2088 5049/158 5043/1445
f 5049/158 5044/255 5043/1445
f 5049/158 5050/1453 5044/255
f 5050/1453 5045/449 5044/255
f 5050/1453 5051/491 5045/449
f 5051/491 5046/2087 5045/449
f 5051/491 5052/491 5046/2087
f 5052/491 5041/2086 5046/2087
f 5052/491 5047/1446 5041/2086
f 5053/2089 5048/2088 5047/1446
f 5053/2089 5054/163 5048/2088
f 5054/163 5049/158 5048/2088
f 5054/163 5055/163 5049/158
f 5055/163 5050/1453 5049/158
f 5055/163 5056/1454 5050/1453
f 5056/1454 5051/491 5050/1453
f 5056/1454 5057/490 5051/491
f 5057/490 5052/491 5051/491
f 5057/490 5058/490 5052/491
f 5058/490 5047/1446 5052/491
f 5058/490 5053/2089 5047/1446
f 5059/2090 5054/163 5053/2089
f 5059/2090 5060/2090 5054/163
f 5060/2090 5055/163 5054/163
f 5060/2090 5061/2091 5055/163
f 5061/2091 5056/1454 5055/163
f 5061/2091 5062/2092 5056/1454
f 5062/2092 5057/490 5056/1454
f 5062/2092 5063/2092 5057/490
f 5063/2092 5058/490 5057/490
f 5063/2092 5064/2093 5058/490
f 5064/2093 5053/2089 5058/490
f 5064/2093 5059/2090 5053/2089
f 5065/2094 5060/2090 5059/2090
f 5065/2094 5066/2094 5060/2090
f 5066/2094 5061/2091 5060/2090
f 5066/2094 5067/2095 5061/2091
f 5067/2095 5062/2092 5061/2091
f 5067/2095 5068/2095 5062/2092
f 5068/2095 5063/2092 5062/2092
f 5068/2095 5069/2095 5063/2092
f 5069/2095 5064/2093 5063/2092
f 5069/2095 5070/2094 5064/2093
f 5070/2094 5059/2090 5064/2093
f 5070/2094 5065/2094 5059/2090
f 5071/2096 5066/2094 5065/2094
f 5071/2096 5072/2096 5066/2094
f 5072/2096 5067/2095 5066/2094
f 5072/2096 5073/2097 5067/2095
f 5073/2097 5068/2095 5067/2095
f 5073/2097 5074/2097 5068/2095
f 5074/2097 5069/2095 5068/2095
f 5074/2097 5075/2097 5069/2095
f 5075/2097 5070/2094 5069/2095
f 5075/2097 5076/2096 5070/2094
f 5076/2096 5065/2094 5070/2094
f 5076/2096 5071/2096 5065/2094
f 4959/2060 4958/2059 5077/2059
f 5072/2096 5071/2096 5078/2097
f 4958/2059 4961/2059 5077/2059
f 5073/2097 5072/2096 5078/2097
f 4961/2059 4963/2059 5077/2059
f 5074/2097 5073/2097 5078/2097
f 4963/2059 4965/2059 5077/2059
f 5075/2097 5074/2097 5078/2097
f 4965/2059 4967/2059 5077/2059
f 5076/2096 5075/2097 5078/2097
f 4967/2059 4959/2060 5077/2059
f 5071/2096 5076/2096 5078/2097
f 5079/2098 5081/2099 5080/2099
f 5079/2098 5082/2098 5081/2099
f 5082/2098 5083/2100 5081/2099
f 5082/2098 5084/2100 5083/2100
f 5082/2098 5079/2098 5084/2100
f 5079/2098 5085/2100 5084/2100
f 5079/2098 5086/2098 5085/2100
f 5086/2098 5087/2101 5085/2100
f 5086/2102 5088/2103 5087/2101
f 5086/2098 5089/2103 5088/2103
f 5086/2098 5079/2098 5089/2103
f 5079/2098 5080/2099 5089/2103
f 5080/2099 5081/2099 5090/2104
f 5081/2099 5091/2105 5090/2104
f 5081/2099 5083/2100 5091/2105
f 5083/2100 5092/2106 5091/2105
f 5083/2100 5084/2100 5092/2106
f 5084/2100 5093/2106 5092/2106
f 5084/2100 5085/2100 5093/2106
f 5085/2100 5094/2106 5093/2106
f 5085/2100 5087/2101 5094/2106
f 5087/2101 5095/2107 5094/2106
f 5087/2101 5088/2103 5095/2107
f 5088/2103 5096/2108 5095/2107
f 5088/2103 5089/2103 5096/2108
f 5089/2103 5097/2104 5096/2108
f 5089/2103 5080/2099 5097/2104
f 5080/2099 5090/2104 5097/2104
f 5090/2104 5091/2105 5098/2109
f 5091/2105 5099/2110 5098/2109
f 5091/2105 5092/2106 5099/2110
f 5092/2106 5100/2107 5099/2110
f 5092/2106 5093/2106 5100/2107
f 5093/2106 5101/2111 5100/2107
f 5093/2106 5094/2106 5101/2111
f 5094/2106 5102/2111 5101/2111
f 5094/2106 5095/2107 5102/2111
f 5095/2107 5103/2112 5102/2111
f 5095/2107 5096/2108 5103/2112
f 5096/2108 5104/2109 5103/2112
f 5096/2108 5097/2104 5104/2109
f 5097/2104 5105/2109 5104/2109
f 5097/2104 5090/2104 5105/2109
f 5090/2104 5098/2109 5105/2109
f 5098/2109 5099/2110 5106/2113
f 5099/2110 5107/2114 5106/2113
f 5099/2110 5100/2107 5107/2114
f 5100/2107 5108/2112 5107/2114
f 5100/2107 5101/2111 5108/2112
f 5101/2111 5109/2115 5108/2112
f 5101/2111 5102/2111 5109/2115
f 5102/2111 5110/2115 5109/2115
f 5102/2111 5103/2112 5110/2115
f 5103/2112 5111/2116 5110/2115
f 5103/2112 5104/2109 5111/2116
f 5104/2109 5112/2113 5111/2116
f 5104/2109 5105/2109 5112/2113
f 5105/2109 5113/2113 5112/2113
f 5105/2109 5098/2109 5113/2113
f 5098/2109 5106/2113 5113/2113
f 5106/2113 5107/2114 5114/2117
f 5107/2114 5115/2118 5114/2117
f 5107/2114 5108/2112 5115/2118
f 5108/2112 5116/2116 5115/2118
f 5108/2112 5109/2115 5116/2116
f 5109/2115 5117/2119 5116/2116
f 5109/2115 5110/2115 5117/2119
f 5110/2115 5118/2119 5117/2119
f 5110/2115 5111/2116 5118/2119
f 5111/2116 5119/2120 5118/2119
f 5111/2116 5112/2113 5119/2120
f 5112/2113 5120/2121 5119/2120
f 5112/2113 5113/2113 5120/2121
f 5113/2113 5121/2122 5120/2121
f 5113/2113 5106/2113 5121/2122
f 5106/2113 5114/2117 5121/2122
f 5114/2117 5115/2118 5122/2123
f 5115/2118 5123/2124 5122/2123
f 5115/2118 5116/2116 5123/2124
f 5116/2116 5124/2120 5123/2124
f 5116/2116 5117/2119 5124/2120
f 5117/2119 5125/2125 5124/2120
f 5117/2119 5118/2119 5125/2125
f 5118/2119 5126/2125 5125/2125
f 5118/2119 5119/2120 5126/2125
f 5119/2120 5127/2126 5126/2125
f 5119/2120 5120/2121 5127/2126
f 5120/2121 5128/2127 5127/2126
f 5120/2121 5121/2122 5128/2127
f 5121/2122 5129/2123 5128/2127
f 5121/2122 5114/2117 5129/2123
f 5114/2117 5122/2123 5129/2123
f 5122/2123 5123/2124 5130/2128
f 5123/2124 5131/2129 5130/2128
f 5123/2124 5124/2120 5131/2129
f 5124/2120 5132/2126 5131/2129
f 5124/2120 5125/2125 5132/2126
f 5125/2125 5133/2125 5132/2126
f 5125/2125 5126/2125 5133/2125
f 5126/2125 5134/2130 5133/2125
f 5126/2125 5127/2126 5134/2130
f 5127/2126 5135/2131 5134/2130
f 5127/2126 5128/2127 5135/2131
f 5128/2127 5136/2132 5135/2131
f 5128/2127 5129/2123 5136/2132
f 5129/2123 5137/2128 5136/2132
f 5129/2123 5122/2123 5137/2128
f 5122/2123 5130/2128 5137/2128
f 5130/2128 5131/2129 5138/2133
f 5131/2129 5139/2134 5138/2133
f 5131/2129 5132/2126 5139/2134
f 5132/2126 5140/2135 5139/2134
f 5132/2126 5133/2125 5140/2135
f 5133/2125 5141/2130 5140/2135
f 5133/2125 5134/2130 5141/2130
f 5134/2130 5142/2130 5141/2130
f 5134/2130 5135/2131 5142/2130
f 5135/2131 5143/2136 5142/2130
f 5135/2131 5136/2132 5143/2136
f 5136/2132 5144/2137 5143/2136
f 5136/2132 5137/2128 5144/2137
f 5137/2128 5145/2133 5144/2137
f 5137/2128 5130/2128 5145/2133
f 5130/2128 5138/2133 5145/2133
f 5138/2133 5139/2134 5146/2138
f 5139/2134 5147/2139 5146/2138
f 5139/2134 5140/2135 5147/2139
f 5140/2135 5148/2140 5147/2139
f 5140/2135 5141/2130 5148/2140
f 5141/2130 5149/2141 5148/2140
f 5141/2130 5142/2130 5149/2141
f 5142/2130 5150/2141 5149/2141
f 5142/2130 5143/2136 5150/2141
f 5143/2136 5151/2142 5150/2141
f 5143/2136 5144/2137 5151/2142
f 5144/2137 5152/2143 5151/2142
f 5144/2137 5145/2133 5152/2143
f 5145/2133 5153/2138 5152/2143
f 5145/2133 5138/2133 5153/2138
f 5138/2133 5146/2138 5153/2138
f 5146/2138 5147/2139 5154/2144
f 5147/2139 5155/2145 5154/2144
f 5147/2139 5148/2140 5155/2145
f 5148/2140 5156/2146 5155/2145
f 5148/2140 5149/2141 5156/2146
f 5149/2141 5157/2147 5156/2146
f 5149/2141 5150/2141 5157/2147
f 5150/2141 5158/2148 5157/2147
f 5150/2141 5151/2142 5158/2148
f 5151/2142 5159/2149 5158/2148
f 5151/2142 5152/2143 5159/2149
f 5152/2143 5160/2150 5159/2149
f 5152/2143 5153/2138 5160/2150
f 5153/2138 5161/2144 5160/2150
f 5153/2138 5146/2138 5161/2144
f 5146/2138 5154/2144 5161/2144
f 5154/2144 5155/2145 5162/2151
f 5155/2145 5163/2152 5162/2151
f 5155/2145 5156/2146 5163/2152
f 5156/2146 5164/2153 5163/2152
f 5156/2146 5157/2147 5164/2153
f 5157/2147 5165/2154 5164/2153
f 5157/2147 5158/2148 5165/2154
f 5158/2148 5166/2154 5165/2154
f 5158/2148 5159/2149 5166/2154
f 5159/2149 5167/2155 5166/2154
f 5159/2149 5160/2150 5167/2155
f 5160/2150 5168/2156 5167/2155
f 5160/2150 5161/2144 5168/2156
f 5161/2144 5169/2157 5168/2156
f 5161/2144 5154/2144 5169/2157
f 5154/2144 5162/2151 5169/2157
f 5162/2151 5163/2152 5170/2158
f 5163/2152 5171/2159 5170/2158
f 5163/2152 5164/2153 5171/2159
f 5164/2153 5172/2160 5171/2159
f 5164/2153 5165/2154 5172/2160
f 5165/2154 5173/2161 5172/2160
f 5165/2154 5166/2154 5173/2161
f 5166/2154 5174/2161 5173/2161
f 5166/2154 5167/2155 5174/2161
f 5167/2155 5175/2162 5174/2161
f 5167/2155 5168/2156 5175/2162
f 5168/2156 5176/2163 5175/2162
f 5168/2156 5169/2157 5176/2163
f 5169/2157 5177/2164 5176/2163
f 5169/2157 5162/2151 5177/2164
f 5162/2151 5170/2158 5177/2164
f 5170/2158 5171/2159 5178/2165
f 5171/2159 5179/2166 5178/2165
f 5171/2159 5172/2160 5179/2166
f 5172/2160 5180/2167 5179/2166
f 5172/2160 5173/2161 5180/2167
f 5173/2161 5181/2168 5180/2167
f 5173/2161 5174/2161 5181/2168
f 5174/2161 5182/2169 5181/2168
f 5174/2161 5175/2162 5182/2169
f 5175/2162 5183/2170 5182/2169
f 5175/2162 5176/2163 5183/2170
f 5176/2163 5184/2166 5183/2170
f 5176/2163 5177/2164 5184/2166
f 5177/2164 5185/2171 5184/2166
f 5177/2164 5170/2158 5185/2171
f 5170/2158 5178/2165 5185/2171
f 5178/2165 5179/2166 5186/2172
f 5179/2166 5187/2173 5186/2172
f 5179/2166 5180/2167 5187/2173
f 5180/2167 5188/2174 5187/2173
f 5180/2167 5181/2168 5188/2174
f 5181/2168 5189/2175 5188/2174
f 5181/2168 5182/2169 5189/2175
f 5182/2169 5190/2176 5189/2175
f 5182/2169 5183/2170 5190/2176
f 5183/2170 5191/2174 5190/2176
f 5183/2170 5184/2166 5191/2174
f 5184/2166 5192/2177 5191/2174
f 5184/2166 5185/2171 5192/2177
f 5185/2171 5193/2178 5192/2177
f 5185/2171 5178/2165 5193/2178
f 5178/2165 5186/2172 5193/2178
f 5186/2172 5187/2173 5194/2179
f 5187/2173 5195/2180 5194/2179
f 5187/2173 5188/2174 5195/2180
f 5188/2174 5196/2181 5195/2180
f 5188/2174 5189/2175 5196/2181
f 5189/2175 5197/2182 5196/2181
f 5189/2175 5190/2176 5197/2182
f 5190/2176 5198/2182 5197/2182
f 5190/2176 5191/2174 5198/2182
f 5191/2174 5199/2183 5198/2182
f 5191/2174 5192/2177 5199/2183
f 5192/2177 5200/2184 5199/2183
f 5192/2177 5193/2178 5200/2184
f 5193/2178 5201/2179 5200/2184
f 5193/2178 5186/2172 5201/2179
f 5186/2172 5194/2179 5201/2179
f 5194/2179 5195/2180 5202/2185
f 5195/2180 5203/2186 5202/2185
f 5195/2180 5196/2181 5203/2186
f 5196/2181 5204/2187 5203/2186
f 5196/2181 5197/2182 5204/2187
f 5197/2182 5205/2188 5204/2187
f 5197/2182 5198/2182 5205/2188
f 5198/2182 5206/2188 5205/2188
f 5198/2182 5199/2183 5206/2188
f 5199/2183 5207/2189 5206/2188
f 5199/2183 5200/2184 5207/2189
f 5200/2184 5208/2190 5207/2189
f 5200/2184 5201/2179 5208/2190
f 5201/2179 5209/2191 5208/2190
f 5201/2179 5194/2179 5209/2191
f 5194/2179 5202/2185 5209/2191
f 5202/2185 5203/2186 5210/2192
f 5203/2186 5211/2193 5210/2192
f 5203/2186 5204/2187 5211/2193
f 5204/2187 5212/2194 5211/2193
f 5204/2187 5205/2188 5212/2194
f 5205/2188 5213/2195 5212/2194
f 5205/2188 5206/2188 5213/2195
f 5206/2188 5214/2196 5213/2195
f 5206/2188 5207/2189 5214/2196
f 5207/2189 5215/2197 5214/2196
f 5207/2189 5208/2190 5215/2197
f 5208/2190 5216/2193 5215/2197
f 5208/2190 5209/2191 5216/2193
f 5209/2191 5217/2198 5216/2193
f 5209/2191 5202/2185 5217/2198
f 5202/2185 5210/2192 5217/2198
f 5210/2192 5211/2193 5218/2199
f 5211/2193 5219/2200 5218/2199
f 5211/2193 5212/2194 5219/2200
f 5212/2194 5220/2201 5219/2200
f 5212/2194 5213/2195 5220/2201
f 5213/2195 5221/2202 5220/2201
f 5213/2195 5214/2196 5221/2202
f 5214/2196 5222/2202 5221/2202
f 5214/2196 5215/2197 5222/2202
f 5215/2197 5223/2203 5222/2202
f 5215/2197 5216/2193 5223/2203
f 5216/2193 5224/2200 5223/2203
f 5216/2193 5217/2198 5224/2200
f 5217/2198 5225/2199 5224/2200
f 5217/2198 5210/2192 5225/2199
f 5210/2192 5218/2199 5225/2199
f 5218/2199 5219/2200 5226/2204
f 5219/2200 5227/2205 5226/2204
f 5219/2200 5220/2201 5227/2205
f 5220/2201 5228/2206 5227/2205
f 5220/2201 5221/2202 5228/2206
f 5221/2202 5229/2207 5228/2206
f 5221/2202 5222/2202 5229/2207
f 5222/2202 5230/2207 5229/2207
f 5222/2202 5223/2203 5230/2207
f 5223/2203 5231/2206 5230/2207
f 5223/2203 5224/2200 5231/2206
f 5224/2200 5232/2208 5231/2206
f 5224/2200 5225/2199 5232/2208
f 5225/2199 5233/2204 5232/2208
f 5225/2199 5218/2199 5233/2204
f 5218/2199 5226/2204 5233/2204
f 5226/2204 5227/2205 5234/2209
f 5227/2205 5235/2210 5234/2209
f 5227/2205 5228/2206 5235/2210
f 5228/2206 5236/2211 5235/2210
f 5228/2206 5229/2207 5236/2211
f 5229/2207 5237/2212 5236/2211
f 5229/2207 5230/2207 5237/2212
f 5230/2207 5238/2212 5237/2212
f 5230/2207 5231/2206 5238/2212
f 5231/2206 5239/2213 5238/2212
f 5231/2206 5232/2208 5239/2213
f 5232/2208 5240/2210 5239/2213
f 5232/2208 5233/2204 5240/2210
f 5233/2204 5241/2209 5240/2210
f 5233/2204 5226/2204 5241/2209
f 5226/2204 5234/2209 5241/2209
f 5234/2209 5235/2210 5242/2214
f 5235/2210 5243/2215 5242/2214
f 5235/2210 5236/2211 5243/2215
f 5236/2211 5244/2216 5243/2215
f 5236/2211 5237/2212 5244/2216
f 5237/2212 5245/2217 5244/2216
f 5237/2212 5238/2212 5245/2217
f 5238/2212 5246/2217 5245/2217
f 5238/2212 5239/2213 5246/2217
f 5239/2213 5247/2218 5246/2217
f 5239/2213 5240/2210 5247/2218
f 5240/2210 5248/2215 5247/2218
f 5240/2210 5241/2209 5248/2215
f 5241/2209 5249/2219 5248/2215
f 5241/2209 5234/2209 5249/2219
f 5234/2209 5242/2214 5249/2219
f 5242/2214 5243/2215 5250/2220
f 5243/2215 5251/2221 5250/2220
f 5243/2215 5244/2216 5251/2221
f 5244/2216 5252/2222 5251/2221
f 5244/2216 5245/2217 5252/2222
f 5245/2217 5253/2223 5252/2222
f 5245/2217 5246/2217 5253/2223
f 5246/2217 5254/2223 5253/2223
f 5246/2217 5247/2218 5254/2223
f 5247/2218 5255/2222 5254/2223
f 5247/2218 5248/2215 5255/2222
f 5248/2215 5256/2221 5255/2222
f 5248/2215 5249/2219 5256/2221
f 5249/2219 5257/2224 5256/2221
f 5249/2219 5242/2214 5257/2224
f 5242/2214 5250/2220 5257/2224
f 5250/2220 5251/2221 5258/2225
f 5251/2221 5259/2225 5258/2225
f 5251/2221 5252/2222 5259/2225
f 5252/2222 5260/2225 5259/2225
f 5252/2222 5253/2223 5260/2225
f 5253/2223 5254/2223 5260/2225
f 5254/2223 5259/2225 5260/2225
f 5254/2223 5255/2222 5259/2225
f 5255/2222 5256/2221 5259/2225
f 5256/2221 5258/2225 5259/2225
f 5256/2221 5257/2224 5258/2225
f 5257/2224 5250/2220 5258/2225
f 5258/2225 5259/2225 5260/2225
f 5258/2225 5260/2225 5259/2225
f 5261/198 5262/198 5263/2226
f 5264/2227 5261/198 5263/2226
f 5265/2228 5264/2227 5263/2226
f 5266/2229 5265/2228 5263/2226
f 5267/2226 5266/2229 5263/2226
f 5268/178 5267/2226 5263/2226
f 5269/126 5268/178 5263/2226
f 5270/126 5269/126 5263/2226
f 5271/239 5270/126 5263/2226
f 5272/239 5271/239 5263/2226
f 5273/384 5272/239 5263/2226
f 5274/384 5273/384 5263/2226
f 5275/1343 5274/384 5263/2226
f 5276/150 5275/1343 5263/2226
f 5277/385 5276/150 5263/2226
f 5278/2230 5277/385 5263/2226
f 5279/2231 5278/2230 5263/2226
f 5280/2231 5279/2231 5263/2226
f 5281/2232 5280/2231 5263/2226
f 5262/198 5281/2232 5263/2226
f 5261/198 5282/2233 5262/198
f 5283/195 5282/2233 5261/198
f 5264/2227 5283/195 5261/198
f 5284/114 5283/195 5264/2227
f 5265/2228 5284/114 5264/2227
f 5285/2231 5284/114 5265/2228
f 5266/2229 5285/2231 5265/2228
f 5286/385 5285/2231 5266/2229
f 5267/2226 5286/385 5266/2229
f 5287/150 5286/385 5267/2226
f 5268/178 5287/150 5267/2226
f 5288/384 5287/150 5268/178
f 5269/126 5288/384 5268/178
f 5289/142 5288/384 5269/126
f 5270/126 5289/142 5269/126
f 5290/388 5289/142 5270/126
f 5271/239 5290/388 5270/126
f 5291/387 5290/388 5271/239
f 5272/239 5291/387 5271/239
f 5292/2062 5291/387 5272/239
f 5273/384 5292/2062 5272/239
f 5293/387 5292/2062 5273/384
f 5274/384 5293/387 5273/384
f 5294/467 5293/387 5274/384
f 5275/1343 5294/467 5274/384
f 5295/465 5294/467 5275/1343
f 5276/150 5295/465 5275/1343
f 5296/1361 5295/465 5276/150
f 5277/385 5296/1361 5276/150
f 5297/2234 5296/1361 5277/385
f 5278/2230 5297/2234 5277/385
f 5298/2235 5297/2234 5278/2230
f 5279/2231 5298/2235 5278/2230
f 5299/371 5298/2235 5279/2231
f 5280/2231 5299/371 5279/2231
f 5300/195 5299/371 5280/2231
f 5281/2232 5300/195 5280/2231
f 5301/2233 5300/195 5281/2232
f 5262/198 5301/2233 5281/2232
f 5282/2233 5301/2233 5262/198
f 5283/195 5302/2236 5282/2233
f 5303/2237 5302/2236 5283/195
f 5284/114 5303/2237 5283/195
f 5304/2238 5303/2237 5284/114
f 5285/2231 5304/2238 5284/114
f 5305/1359 5304/2238 5285/2231
f 5286/385 5305/1359 5285/2231
f 5306/2234 5305/1359 5286/385
f 5287/150 5306/2234 5286/385
f 5307/485 5306/2234 5287/150
f 5288/384 5307/485 5287/150
f 5308/2239 5307/485 5288/384
f 5289/142 5308/2239 5288/384
f 5309/127 5308/2239 5289/142
f 5290/388 5309/127 5289/142
f 5310/144 5309/127 5290/388
f 5291/387 5310/144 5290/388
f 5311/2240 5310/144 5291/387
f 5292/2062 5311/2240 5291/387
f 5312/2240 5311/2240 5292/2062
f 5293/387 5312/2240 5292/2062
f 5313/1366 5312/2240 5293/387
f 5294/467 5313/1366 5293/387
f 5314/2241 5313/1366 5294/467
f 5295/465 5314/2241 5294/467
f 5315/469 5314/2241 5295/465
f 5296/1361 5315/469 5295/465
f 5316/2242 5315/469 5296/1361
f 5297/2234 5316/2242 5296/1361
f 5317/237 5316/2242 5297/2234
f 5298/2235 5317/237 5297/2234
f 5318/1370 5317/237 5298/2235
f 5299/371 5318/1370 5298/2235
f 5319/386 5318/1370 5299/371
f 5300/195 5319/386 5299/371
f 5320/2243 5319/386 5300/195
f 5301/2233 5320/2243 5300/195
f 5321/2244 5320/2243 5301/2233
f 5282/2233 5321/2244 5301/2233
f 5302/2236 5321/2244 5282/2233
f 5303/2237 5322/2245 5302/2236
f 5323/381 5322/2245 5303/2237
f 5304/2238 5323/381 5303/2237
f 5324/192 5323/381 5304/2238
f 5305/1359 5324/192 5304/2238
f 5325/489 5324/192 5305/1359
f 5306/2234 5325/489 5305/1359
f 5326/237 5325/489 5306/2234
f 5307/485 5326/237 5306/2234
f 5327/1371 5326/237 5307/485
f 5308/2239 5327/1371 5307/485
f 5328/1367 5327/1371 5308/2239
f 5309/127 5328/1367 5308/2239
f 5329/471 5328/1367 5309/127
f 5310/144 5329/471 5309/127
f 5330/470 5329/471 5310/144
f 5311/2240 5330/470 5310/144
f 5331/1372 5330/470 5311/2240
f 5312/2240 5331/1372 5311/2240
f 5332/462 5331/1372 5312/2240
f 5313/1366 5332/462 5312/2240
f 5333/2246 5332/462 5313/1366
f 5314/2241 5333/2246 5313/1366
f 5334/2247 5333/2246 5314/2241
f 5315/469 5334/2247 5314/2241
f 5335/2248 5334/2247 5315/469
f 5316/2242 5335/2248 5315/469
f 5336/2249 5335/2248 5316/2242
f 5317/237 5336/2249 5316/2242
f 5337/2250 5336/2249 5317/237
f 5318/1370 5337/2250 5317/237
f 5338/2251 5337/2250 5318/1370
f 5319/386 5338/2251 5318/1370
f 5339/2252 5338/2251 5319/386
f 5320/2243 5339/2252 5319/386
f 5340/380 5339/2252 5320/2243
f 5321/2244 5340/380 5320/2243
f 5341/2253 5340/380 5321/2244
f 5302/2236 5341/2253 5321/2244
f 5322/2245 5341/2253 5302/2236
f 5323/381 5342/170 5322/2245
f 5343/410 5342/170 5323/381
f 5324/192 5343/410 5323/381
f 5344/2254 5343/410 5324/192
f 5325/489 5344/2254 5324/192
f 5345/110 5344/2254 5325/489
f 5326/237 5345/110 5325/489
f 5346/2255 5345/110 5326/237
f 5327/1371 5346/2255 5326/237
f 5347/2256 5346/2255 5327/1371
f 5328/1367 5347/2256 5327/1371
f 5348/2257 5347/2256 5328/1367
f 5329/471 5348/2257 5328/1367
f 5349/2258 5348/2257 5329/471
f 5330/470 5349/2258 5329/471
f 5350/398 5349/2258 5330/470
f 5331/1372 5350/398 5330/470
f 5351/478 5350/398 5331/1372
f 5332/462 5351/478 5331/1372
f 5352/478 5351/478 5332/462
f 5333/2246 5352/478 5332/462
f 5353/2259 5352/478 5333/2246
f 5334/2247 5353/2259 5333/2246
f 5354/212 5353/2259 5334/2247
f 5335/2248 5354/212 5334/2247
f 5355/2260 5354/212 5335/2248
f 5336/2249 5355/2260 5335/2248
f 5356/2261 5355/2260 5336/2249
f 5337/2250 5356/2261 5336/2249
f 5357/2262 5356/2261 5337/2250
f 5338/2251 5357/2262 5337/2250
f 5358/218 5357/2262 5338/2251
f 5339/2252 5358/218 5338/2251
f 5359/193 5358/218 5339/2252
f 5340/380 5359/193 5339/2252
f 5360/411 5359/193 5340/380
f 5341/2253 5360/411 5340/380
f 5361/2263 5360/411 5341/2253
f 5322/2245 5361/2263 5341/2253
f 5342/170 5361/2263 5322/2245
f 5343/410 5362/117 5342/170
f 5363/111 5362/117 5343/410
f 5344/2254 5363/111 5343/410
f 5364/2264 5363/111 5344/2254
f 5345/110 5364/2264 5344/2254
f 5365/186 5364/2264 5345/110
f 5346/2255 5365/186 5345/110
f 5366/2262 5365/186 5346/2255
f 5347/2256 5366/2262 5346/2255
f 5367/2261 5366/2262 5347/2256
f 5348/2257 5367/2261 5347/2256
f 5368/2265 5367/2261 5348/2257
f 5349/2258 5368/2265 5348/2257
f 5369/2266 5368/2265 5349/2258
f 5350/398 5369/2266 5349/2258
f 5370/480 5369/2266 5350/398
f 5351/478 5370/480 5350/398
f 5371/201 5370/480 5351/478
f 5352/478 5371/201 5351/478
f 5372/139 5371/201 5352/478
f 5353/2259 5372/139 5352/478
f 5373/1400 5372/139 5353/2259
f 5354/212 5373/1400 5353/2259
f 5374/2267 5373/1400 5354/212
f 5355/2260 5374/2267 5354/212
f 5375/173 5374/2267 5355/2260
f 5356/2261 5375/173 5355/2260
f 5376/2268 5375/173 5356/2261
f 5357/2262 5376/2268 5356/2261
f 5377/2269 5376/2268 5357/2262
f 5358/218 5377/2269 5357/2262
f 5378/1409 5377/2269 5358/218
f 5359/193 5378/1409 5358/218
f 5379/2270 5378/1409 5359/193
f 5360/411 5379/2270 5359/193
f 5380/1407 5379/2270 5360/411
f 5361/2263 5380/1407 5360/411
f 5381/2271 5380/1407 5361/2263
f 5342/170 5381/2271 5361/2263
f 5362/117 5381/2271 5342/170
f 5363/111 5382/2077 5362/117
f 5383/2272 5382/2077 5363/111
f 5364/2264 5383/2272 5363/111
f 5384/2273 5383/2272 5364/2264
f 5365/186 5384/2273 5364/2264
f 5385/2274 5384/2273 5365/186
f 5366/2262 5385/2274 5365/186
f 5386/2269 5385/2274 5366/2262
f 5367/2261 5386/2269 5366/2262
f 5387/2275 5386/2269 5367/2261
f 5368/2265 5387/2275 5367/2261
f 5388/224 5387/2275 5368/2265
f 5369/2266 5388/224 5368/2265
f 5389/189 5388/224 5369/2266
f 5370/480 5389/189 5369/2266
f 5390/2276 5389/189 5370/480
f 5371/201 5390/2276 5370/480
f 5391/2277 5390/2276 5371/201
f 5372/139 5391/2277 5371/201
f 5392/180 5391/2277 5372/139
f 5373/1400 5392/180 5372/139
f 5393/435 5392/180 5373/1400
f 5374/2267 5393/435 5373/1400
f 5394/2278 5393/435 5374/2267
f 5375/173 5394/2278 5374/2267
f 5395/132 5394/2278 5375/173
f 5376/2268 5395/132 5375/173
f 5396/2279 5395/132 5376/2268
f 5377/2269 5396/2279 5376/2268
f 5397/2280 5396/2279 5377/2269
f 5378/1409 5397/2280 5377/2269
f 5398/2281 5397/2280 5378/1409
f 5379/2270 5398/2281 5378/1409
f 5399/2282 5398/2281 5379/2270
f 5380/1407 5399/2282 5379/2270
f 5400/412 5399/2282 5380/1407
f 5381/2271 5400/412 5380/1407
f 5401/2077 5400/412 5381/2271
f 5362/117 5401/2077 5381/2271
f 5382/2077 5401/2077 5362/117
f 5383/2272 5402/1432 5382/2077
f 5403/2283 5402/1432 5383/2272
f 5384/2273 5403/2283 5383/2272
f 5404/2284 5403/2283 5384/2273
f 5385/2274 5404/2284 5384/2273
f 5405/2285 5404/2284 5385/2274
f 5386/2269 5405/2285 5385/2274
f 5406/2286 5405/2285 5386/2269
f 5387/2275 5406/2286 5386/2269
f 5407/2287 5406/2286 5387/2275
f 5388/224 5407/2287 5387/2275
f 5408/2288 5407/2287 5388/224
f 5389/189 5408/2288 5388/224
f 5409/2289 5408/2288 5389/189
f 5390/2276 5409/2289 5389/189
f 5410/437 5409/2289 5390/2276
f 5391/2277 5410/437 5390/2276
f 5411/2290 5410/437 5391/2277
f 5392/180 5411/2290 5391/2277
f 5412/2291 5411/2290 5392/180
f 5393/435 5412/2291 5392/180
f 5413/436 5412/2291 5393/435
f 5394/2278 5413/436 5393/435
f 5414/203 5413/436 5394/2278
f 5395/132 5414/203 5394/2278
f 5415/2292 5414/203 5395/132
f 5396/2279 5415/2292 5395/132
f 5416/249 5415/2292 5396/2279
f 5397/2280 5416/249 5396/2279
f 5417/1429 5416/249 5397/2280
f 5398/2281 5417/1429 5397/2280
f 5418/1430 5417/1429 5398/2281
f 5399/2282 5418/1430 5398/2281
f 5419/1435 5418/1430 5399/2282
f 5400/412 5419/1435 5399/2282
f 5420/2082 5419/1435 5400/412
f 5401/2077 5420/2082 5400/412
f 5421/1432 5420/2082 5401/2077
f 5382/2077 5421/1432 5401/2077
f 5402/1432 5421/1432 5382/2077
f 5403/2283 5422/2293 5402/1432
f 5423/2294 5422/2293 5403/2283
f 5404/2284 5423/2294 5403/2283
f 5424/2295 5423/2294 5404/2284
f 5405/2285 5424/2295 5404/2284
f 5425/2296 5424/2295 5405/2285
f 5406/2286 5425/2296 5405/2285
f 5426/1429 5425/2296 5406/2286
f 5407/2287 5426/1429 5406/2286
f 5427/249 5426/1429 5407/2287
f 5408/2288 5427/249 5407/2287
f 5428/1438 5427/249 5408/2288
f 5409/2289 5428/1438 5408/2288
f 5429/476 5428/1438 5409/2289
f 5410/437 5429/476 5409/2289
f 5430/2297 5429/476 5410/437
f 5411/2290 5430/2297 5410/437
f 5431/2298 5430/2297 5411/2290
f 5412/2291 5431/2298 5411/2290
f 5432/2299 5431/2298 5412/2291
f 5413/436 5432/2299 5412/2291
f 5433/2300 5432/2299 5413/436
f 5414/203 5433/2300 5413/436
f 5434/2301 5433/2300 5414/203
f 5415/2292 5434/2301 5414/203
f 5435/210 5434/2301 5415/2292
f 5416/249 5435/210 5415/2292
f 5436/475 5435/210 5416/249
f 5417/1429 5436/475 5416/249
f 5437/1447 5436/475 5417/1429
f 5418/1430 5437/1447 5417/1429
f 5438/1446 5437/1447 5418/1430
f 5419/1435 5438/1446 5418/1430
f 5439/122 5438/1446 5419/1435
f 5420/2082 5439/122 5419/1435
f 5440/155 5439/122 5420/2082
f 5421/1432 5440/155 5420/2082
f 5441/2293 5440/155 5421/1432
f 5402/1432 5441/2293 5421/1432
f 5422/2293 5441/2293 5402/1432
f 5423/2294 5442/2302 5422/2293
f 5443/440 5442/2302 5423/2294
f 5424/2295 5443/440 5423/2294
f 5444/2088 5443/440 5424/2295
f 5425/2296 5444/2088 5424/2295
f 5445/1441 5444/2088 5425/2296
f 5426/1429 5445/1441 5425/2296
f 5446/1440 5445/1441 5426/1429
f 5427/249 5446/1440 5426/1429
f 5447/475 5446/1440 5427/249
f 5428/1438 5447/475 5427/249
f 5448/2303 5447/475 5428/1438
f 5429/476 5448/2303 5428/1438
f 5449/453 5448/2303 5429/476
f 5430/2297 5449/453 5429/476
f 5450/205 5449/453 5430/2297
f 5431/2298 5450/205 5430/2297
f 5451/2304 5450/205 5431/2298
f 5432/2299 5451/2304 5431/2298
f 5452/2304 5451/2304 5432/2299
f 5433/2300 5452/2304 5432/2299
f 5453/2304 5452/2304 5433/2300
f 5434/2301 5453/2304 5433/2300
f 5454/2305 5453/2304 5434/2301
f 5435/210 5454/2305 5434/2301
f 5455/2090 5454/2305 5435/210
f 5436/475 5455/2090 5435/210
f 5456/452 5455/2090 5436/475
f 5437/1447 5456/452 5436/475
f 5457/163 5456/452 5437/1447
f 5438/1446 5457/163 5437/1447
f 5458/450 5457/163 5438/1446
f 5439/122 5458/450 5438/1446
f 5459/158 5458/450 5439/122
f 5440/155 5459/158 5439/122
f 5460/451 5459/158 5440/155
f 5441/2293 5460/451 5440/155
f 5461/2302 5460/451 5441/2293
f 5422/2293 5461/2302 5441/2293
f 5442/2302 5461/2302 5422/2293
f 5443/440 5462/253 5442/2302
f 5463/450 5462/253 5443/440
f 5444/2088 5463/450 5443/440
f 5464/450 5463/450 5444/2088
f 5445/1441 5464/450 5444/2088
f 5465/490 5464/450 5445/1441
f 5446/1440 5465/490 5445/1441
f 5466/2306 5465/490 5446/1440
f 5447/475 5466/2306 5446/1440
f 5467/452 5466/2306 5447/475
f 5448/2303 5467/452 5447/475
f 5468/2093 5467/452 5448/2303
f 5449/453 5468/2093 5448/2303
f 5469/2090 5468/2093 5449/453
f 5450/205 5469/2090 5449/453
f 5470/2090 5469/2090 5450/205
f 5451/2304 5470/2090 5450/205
f 5471/2307 5470/2090 5451/2304
f 5452/2304 5471/2307 5451/2304
f 5472/2307 5471/2307 5452/2304
f 5453/2304 5472/2307 5452/2304
f 5473/208 5472/2307 5453/2304
f 5454/2305 5473/208 5453/2304
f 5474/2091 5473/208 5454/2305
f 5455/2090 5474/2091 5454/2305
f 5475/2092 5474/2091 5455/2090
f 5456/452 5475/2092 5455/2090
f 5476/2308 5475/2092 5456/452
f 5457/163 5476/2308 5456/452
f 5477/2309 5476/2308 5457/163
f 5458/450 5477/2309 5457/163
f 5478/1454 5477/2309 5458/450
f 5459/158 5478/1454 5458/450
f 5479/1454 5478/1454 5459/158
f 5460/451 5479/1454 5459/158
f 5480/135 5479/1454 5460/451
f 5461/2302 5480/135 5460/451
f 5481/253 5480/135 5461/2302
f 5442/2302 5481/253 5461/2302
f 5462/253 5481/253 5442/2302
f 5463/450 5482/2309 5462/253
f 5464/450 5482/2309 5463/450
f 5465/490 5482/2309 5464/450
f 5466/2306 5482/2309 5465/490
f 5467/452 5482/2309 5466/2306
f 5468/2093 5482/2309 5467/452
f 5469/2090 5482/2309 5468/2093
f 5470/2090 5482/2309 5469/2090
f 5471/2307 5482/2309 5470/2090
f 5472/2307 5482/2309 5471/2307
f 5473/208 5482/2309 5472/2307
f 5474/2091 5482/2309 5473/208
f 5475/2092 5482/2309 5474/2091
f 5476/2308 5482/2309 5475/2092
f 5477/2309 5482/2309 5476/2308
f 5478/1454 5482/2309 5477/2309
f 5479/1454 5482/2309 5478/1454
f 5480/135 5482/2309 5479/1454
f 5481/253 5482/2309 5480/135
f 5462/253 5482/2309 5481/253
f 5483/2310 5484/2310 5485/2311
f 5486/2310 5483/2310 5485/2311
f 5487/2312 5486/2310 5485/2311
f 5488/2313 5487/2312 5485/2311
f 5489/2313 5488/2313 5485/2311
f 5490/2311 5489/2313 5485/2311
f 5491/2314 5490/2311 5485/2311
f 5492/2315 5491/2314 5485/2311
f 5493/2315 5492/2315 5485/2311
f 5494/1459 5493/2315 5485/2311
f 5495/1459 5494/1459 5485/2311
f 5496/1459 5495/1459 5485/2311
f 5497/1475 5496/1459 5485/2311
f 5498/2315 5497/1475 5485/2311
f 5499/1474 5498/2315 5485/2311
f 5500/1473 5499/1474 5485/2311
f 5501/1472 5500/1473 5485/2311
f 5502/2316 5501/1472 5485/2311
f 5503/2317 5502/2316 5485/2311
f 5504/2317 5503/2317 5485/2311
f 5505/2318 5504/2317 5485/2311
f 5506/2318 5505/2318 5485/2311
f 5507/2310 5506/2318 5485/2311
f 5484/2310 5507/2310 5485/2311
f 5483/2310 5508/2319 5484/2310
f 5509/2320 5508/2319 5483/2310
f 5486/2310 5509/2320 5483/2310
f 5510/2321 5509/2320 5486/2310
f 5487/2312 5510/2321 5486/2310
f 5511/2322 5510/2321 5487/2312
f 5488/2313 5511/2322 5487/2312
f 5512/2317 5511/2322 5488/2313
f 5489/2313 5512/2317 5488/2313
f 5513/2316 5512/2317 5489/2313
f 5490/2311 5513/2316 5489/2313
f 5514/1473 5513/2316 5490/2311
f 5491/2314 5514/1473 5490/2311
f 5515/1475 5514/1473 5491/2314
f 5492/2315 5515/1475 5491/2314
f 5516/1471 5515/1475 5492/2315
f 5493/2315 5516/1471 5492/2315
f 5517/1470 5516/1471 5493/2315
f 5494/1459 5517/1470 5493/2315
f 5518/1469 5517/1470 5494/1459
f 5495/1459 5518/1469 5494/1459
f 5519/1469 5518/1469 5495/1459
f 5496/1459 5519/1469 5495/1459
f 5520/2323 5519/1469 5496/1459
f 5497/1475 5520/2323 5496/1459
f 5521/2323 5520/2323 5497/1475
f 5498/2315 5521/2323 5497/1475
f 5522/1484 5521/2323 5498/2315
f 5499/1474 5522/1484 5498/2315
f 5523/1485 5522/1484 5499/1474
f 5500/1473 5523/1485 5499/1474
f 5524/1486 5523/1485 5500/1473
f 5501/1472 5524/1486 5500/1473
f 5525/1487 5524/1486 5501/1472
f 5502/2316 5525/1487 5501/1472
f 5526/2324 5525/1487 5502/2316
f 5503/2317 5526/2324 5502/2316
f 5527/2325 5526/2324 5503/2317
f 5504/2317 5527/2325 5503/2317
f 5528/2326 5527/2325 5504/2317
f 5505/2318 5528/2326 5504/2317
f 5529/2327 5528/2326 5505/2318
f 5506/2318 5529/2327 5505/2318
f 5530/2319 5529/2327 5506/2318
f 5507/2310 5530/2319 5506/2318
f 5531/2319 5530/2319 5507/2310
f 5484/2310 5531/2319 5507/2310
f 5508/2319 5531/2319 5484/2310
f 5509/2320 5532/2328 5508/2319
f 5533/2329 5532/2328 5509/2320
f 5510/2321 5533/2329 5509/2320
f 5534/2330 5533/2329 5510/2321
f 5511/2322 5534/2330 5510/2321
f 5535/2331 5534/2330 5511/2322
f 5512/2317 5535/2331 5511/2322
f 5536/2332 5535/2331 5512/2317
f 5513/2316 5536/2332 5512/2317
f 5537/2324 5536/2332 5513/2316
f 5514/1473 5537/2324 5513/2316
f 5538/1486 5537/2324 5514/1473
f 5515/1475 5538/1486 5514/1473
f 5539/1485 5538/1486 5515/1475
f 5516/1471 5539/1485 5515/1475
f 5540/2323 5539/1485 5516/1471
f 5517/1470 5540/2323 5516/1471
f 5541/2333 5540/2323 5517/1470
f 5518/1469 5541/2333 5517/1470
f 5542/2334 5541/2333 5518/1469
f 5519/1469 5542/2334 5518/1469
f 5543/2335 5542/2334 5519/1469
f 5520/2323 5543/2335 5519/1469
f 5544/2335 5543/2335 5520/2323
f 5521/2323 5544/2335 5520/2323
f 5545/1499 5544/2335 5521/2323
f 5522/1484 5545/1499 5521/2323
f 5546/2336 5545/1499 5522/1484
f 5523/1485 5546/2336 5522/1484
f 5547/1510 5546/2336 5523/1485
f 5524/1486 5547/1510 5523/1485
f 5548/1501 5547/1510 5524/1486
f 5525/1487 5548/1501 5524/1486
f 5549/1502 5548/1501 5525/1487
f 5526/2324 5549/1502 5525/1487
f 5550/2337 5549/1502 5526/2324
f 5527/2325 5550/2337 5526/2324
f 5551/1505 5550/2337 5527/2325
f 5528/2326 5551/1505 5527/2325
f 5552/2338 5551/1505 5528/2326
f 5529/2327 5552/2338 5528/2326
f 5553/2339 5552/2338 5529/2327
f 5530/2319 5553/2339 5529/2327
f 5554/2340 5553/2339 5530/2319
f 5531/2319 5554/2340 5530/2319
f 5555/2341 5554/2340 5531/2319
f 5508/2319 5555/2341 5531/2319
f 5532/2328 5555/2341 5508/2319
f 5533/2329 5556/2342 5532/2328
f 5557/2343 5556/2342 5533/2329
f 5534/2330 5557/2343 5533/2329
f 5558/2344 5557/2343 5534/2330
f 5535/2331 5558/2344 5534/2330
f 5559/1507 5558/2344 5535/2331
f 5536/2332 5559/1507 5535/2331
f 5560/2345 5559/1507 5536/2332
f 5537/2324 5560/2345 5536/2332
f 5561/1503 5560/2345 5537/2324
f 5538/1486 5561/1503 5537/2324
f 5562/1509 5561/1503 5538/1486
f 5539/1485 5562/1509 5538/1486
f 5563/2346 5562/1509 5539/1485
f 5540/2323 5563/2346 5539/1485
f 5564/2336 5563/2346 5540/2323
f 5541/2333 5564/2336 5540/2323
f 5565/2347 5564/2336 5541/2333
f 5542/2334 5565/2347 5541/2333
f 5566/1512 5565/2347 5542/2334
f 5543/2335 5566/1512 5542/2334
f 5567/1512 5566/1512 5543/2335
f 5544/2335 5567/1512 5543/2335
f 5568/2348 5567/1512 5544/2335
f 5545/1499 5568/2348 5544/2335
f 5569/2348 5568/2348 5545/1499
f 5546/2336 5569/2348 5545/1499
f 5570/2349 5569/2348 5546/2336
f 5547/1510 5570/2349 5546/2336
f 5571/2350 5570/2349 5547/1510
f 5548/1501 5571/2350 5547/1510
f 5572/2351 5571/2350 5548/1501
f 5549/1502 5572/2351 5548/1501
f 5573/2352 5572/2351 5549/1502
f 5550/2337 5573/2352 5549/1502
f 5574/1528 5573/2352 5550/2337
f 5551/1505 5574/1528 5550/2337
f 5575/1527 5574/1528 5551/1505
f 5552/2338 5575/1527 5551/1505
f 5576/1526 5575/1527 5552/2338
f 5553/2339 5576/1526 5552/2338
f 5577/2353 5576/1526 5553/2339
f 5554/2340 5577/2353 5553/2339
f 5578/2342 5577/2353 5554/2340
f 5555/2341 5578/2342 5554/2340
f 5579/2342 5578/2342 5555/2341
f 5532/2328 5579/2342 5555/2341
f 5556/2342 5579/2342 5532/2328
f 5557/2343 5580/2354 5556/2342
f 5581/2355 5580/2354 5557/2343
f 5558/2344 5581/2355 5557/2343
f 5582/1524 5581/2355 5558/2344
f 5559/1507 5582/1524 5558/2344
f 5583/1526 5582/1524 5559/1507
f 5560/2345 5583/1526 5559/1507
f 5584/2356 5583/1526 5560/2345
f 5561/1503 5584/2356 5560/2345
f 5585/2357 5584/2356 5561/1503
f 5562/1509 5585/2357 5561/1503
f 5586/1520 5585/2357 5562/1509
f 5563/2346 5586/1520 5562/1509
f 5587/1519 5586/1520 5563/2346
f 5564/2336 5587/1519 5563/2346
f 5588/1518 5587/1519 5564/2336
f 5565/2347 5588/1518 5564/2336
f 5589/1517 5588/1518 5565/2347
f 5566/1512 5589/1517 5565/2347
f 5590/2358 5589/1517 5566/1512
f 5567/1512 5590/2358 5566/1512
f 5591/1532 5590/2358 5567/1512
f 5568/2348 5591/1532 5567/1512
f 5592/1532 5591/1532 5568/2348
f 5569/2348 5592/1532 5568/2348
f 5593/2359 5592/1532 5569/2348
f 5570/2349 5593/2359 5569/2348
f 5594/2360 5593/2359 5570/2349
f 5571/2350 5594/2360 5570/2349
f 5595/1539 5594/2360 5571/2350
f 5572/2351 5595/1539 5571/2350
f 5596/1540 5595/1539 5572/2351
f 5573/2352 5596/1540 5572/2351
f 5597/1541 5596/1540 5573/2352
f 5574/1528 5597/1541 5573/2352
f 5598/1542 5597/1541 5574/1528
f 5575/1527 5598/1542 5574/1528
f 5599/1543 5598/1542 5575/1527
f 5576/1526 5599/1543 5575/1527
f 5600/2361 5599/1543 5576/1526
f 5577/2353 5600/2361 5576/1526
f 5601/2362 5600/2361 5577/2353
f 5578/2342 5601/2362 5577/2353
f 5602/2363 5601/2362 5578/2342
f 5579/2342 5602/2363 5578/2342
f 5603/2364 5602/2363 5579/2342
f 5556/2342 5603/2364 5579/2342
f 5580/2354 5603/2364 5556/2342
f 5581/2355 5604/2365 5580/2354
f 5605/1547 5604/2365 5581/2355
f 5582/1524 5605/1547 5581/2355
f 5606/2366 5605/1547 5582/1524
f 5583/1526 5606/2366 5582/1524
f 5607/2367 5606/2366 5583/1526
f 5584/2356 5607/2367 5583/1526
f 5608/2368 5607/2367 5584/2356
f 5585/2357 5608/2368 5584/2356
f 5609/2369 5608/2368 5585/2357
f 5586/1520 5609/2369 5585/2357
f 5610/2370 5609/2369 5586/1520
f 5587/1519 5610/2370 5586/1520
f 5611/2371 5610/2370 5587/1519
f 5588/1518 5611/2371 5587/1519
f 5612/2372 5611/2371 5588/1518
f 5589/1517 5612/2372 5588/1518
f 5613/2373 5612/2372 5589/1517
f 5590/2358 5613/2373 5589/1517
f 5614/2374 5613/2373 5590/2358
f 5591/1532 5614/2374 5590/2358
f 5615/1557 5614/2374 5591/1532
f 5592/1532 5615/1557 5591/1532
f 5616/1559 5615/1557 5592/1532
f 5593/2359 5616/1559 5592/1532
f 5617/2375 5616/1559 5593/2359
f 5594/2360 5617/2375 5593/2359
f 5618/2376 5617/2375 5594/2360
f 5595/1539 5618/2376 5594/2360
f 5619/2377 5618/2376 5595/1539
f 5596/1540 5619/2377 5595/1539
f 5620/1576 5619/2377 5596/1540
f 5597/1541 5620/1576 5596/1540
f 5621/2378 5620/1576 5597/1541
f 5598/1542 5621/2378 5597/1541
f 5622/2379 5621/2378 5598/1542
f 5599/1543 5622/2379 5598/1542
f 5623/1573 5622/2379 5599/1543
f 5600/2361 5623/1573 5599/1543
f 5624/2380 5623/1573 5600/2361
f 5601/2362 5624/2380 5600/2361
f 5625/2381 5624/2380 5601/2362
f 5602/2363 5625/2381 5601/2362
f 5626/2382 5625/2381 5602/2363
f 5603/2364 5626/2382 5602/2363
f 5627/2365 5626/2382 5603/2364
f 5580/2354 5627/2365 5603/2364
f 5604/2365 5627/2365 5580/2354
f 5605/1547 5628/1569 5604/2365
f 5629/1590 5628/1569 5605/1547
f 5606/2366 5629/1590 5605/1547
f 5630/1571 5629/1590 5606/2366
f 5607/2367 5630/1571 5606/2366
f 5631/1572 5630/1571 5607/2367
f 5608/2368 5631/1572 5607/2367
f 5632/2383 5631/1572 5608/2368
f 5609/2369 5632/2383 5608/2368
f 5633/1574 5632/2383 5609/2369
f 5610/2370 5633/1574 5609/2369
f 5634/1575 5633/1574 5610/2370
f 5611/2371 5634/1575 5610/2370
f 5635/1562 5634/1575 5611/2371
f 5612/2372 5635/1562 5611/2371
f 5636/1577 5635/1562 5612/2372
f 5613/2373 5636/1577 5612/2372
f 5637/1578 5636/1577 5613/2373
f 5614/2374 5637/1578 5613/2373
f 5638/2384 5637/1578 5614/2374
f 5615/1557 5638/2384 5614/2374
f 5639/1580 5638/2384 5615/1557
f 5616/1559 5639/1580 5615/1557
f 5640/1580 5639/1580 5616/1559
f 5617/2375 5640/1580 5616/1559
f 5641/1579 5640/1580 5617/2375
f 5618/2376 5641/1579 5617/2375
f 5642/1582 5641/1579 5618/2376
f 5619/2377 5642/1582 5618/2376
f 5643/1583 5642/1582 5619/2377
f 5620/1576 5643/1583 5619/2377
f 5644/1598 5643/1583 5620/1576
f 5621/2378 5644/1598 5620/1576
f 5645/1585 5644/1598 5621/2378
f 5622/2379 5645/1585 5621/2378
f 5646/1586 5645/1585 5622/2379
f 5623/1573 5646/1586 5622/2379
f 5647/1595 5646/1586 5623/1573
f 5624/2380 5647/1595 5623/1573
f 5648/2385 5647/1595 5624/2380
f 5625/2381 5648/2385 5624/2380
f 5649/1589 5648/2385 5625/2381
f 5626/2382 5649/1589 5625/2381
f 5650/2386 5649/1589 5626/2382
f 5627/2365 5650/2386 5626/2382
f 5651/1569 5650/2386 5627/2365
f 5604/2365 5651/1569 5627/2365
f 5628/1569 5651/1569 5604/2365
f 5629/1590 5652/2387 5628/1569
f 5653/2388 5652/2387 5629/1590
f 5630/1571 5653/2388 5629/1590
f 5654/2389 5653/2388 5630/1571
f 5631/1572 5654/2389 5630/1571
f 5655/2390 5654/2389 5631/1572
f 5632/2383 5655/2390 5631/1572
f 5656/1587 5655/2390 5632/2383
f 5633/1574 5656/1587 5632/2383
f 5657/2391 5656/1587 5633/1574
f 5634/1575 5657/2391 5633/1574
f 5658/2392 5657/2391 5634/1575
f 5635/1562 5658/2392 5634/1575
f 5659/1584 5658/2392 5635/1562
f 5636/1577 5659/1584 5635/1562
f 5660/2393 5659/1584 5636/1577
f 5637/1578 5660/2393 5636/1577
f 5661/2394 5660/2393 5637/1578
f 5638/2384 5661/2394 5637/1578
f 5662/2395 5661/2394 5638/2384
f 5639/1580 5662/2395 5638/2384
f 5663/2396 5662/2395 5639/1580
f 5640/1580 5663/2396 5639/1580
f 5664/2396 5663/2396 5640/1580
f 5641/1579 5664/2396 5640/1580
f 5665/2397 5664/2396 5641/1579
f 5642/1582 5665/2397 5641/1579
f 5666/2398 5665/2397 5642/1582
f 5643/1583 5666/2398 5642/1582
f 5667/2399 5666/2398 5643/1583
f 5644/1598 5667/2399 5643/1583
f 5668/2400 5667/2399 5644/1598
f 5645/1585 5668/2400 5644/1598
f 5669/2401 5668/2400 5645/1585
f 5646/1586 5669/2401 5645/1585
f 5670/2402 5669/2401 5646/1586
f 5647/1595 5670/2402 5646/1586
f 5671/2403 5670/2402 5647/1595
f 5648/2385 5671/2403 5647/1595
f 5672/2404 5671/2403 5648/2385
f 5649/1589 5672/2404 5648/2385
f 5673/2405 5672/2404 5649/1589
f 5650/2386 5673/2405 5649/1589
f 5674/2406 5673/2405 5650/2386
f 5651/1569 5674/2406 5650/2386
f 5675/2406 5674/2406 5651/1569
f 5628/1569 5675/2406 5651/1569
f 5652/2387 5675/2406 5628/1569
f 5653/2388 5676/1633 5652/2387
f 5677/2407 5676/1633 5653/2388
f 5654/2389 5677/2407 5653/2388
f 5678/2408 5677/2407 5654/2389
f 5655/2390 5678/2408 5654/2389
f 5679/1616 5678/2408 5655/2390
f 5656/1587 5679/1616 5655/2390
f 5680/2409 5679/1616 5656/1587
f 5657/2391 5680/2409 5656/1587
f 5681/1618 5680/2409 5657/2391
f 5658/2392 5681/1618 5657/2391
f 5682/2410 5681/1618 5658/2392
f 5659/1584 5682/2410 5658/2392
f 5683/1620 5682/2410 5659/1584
f 5660/2393 5683/1620 5659/1584
f 5684/2411 5683/1620 5660/2393
f 5661/2394 5684/2411 5660/2393
f 5685/2412 5684/2411 5661/2394
f 5662/2395 5685/2412 5661/2394
f 5686/2413 5685/2412 5662/2395
f 5663/2396 5686/2413 5662/2395
f 5687/2414 5686/2413 5663/2396
f 5664/2396 5687/2414 5663/2396
f 5688/2415 5687/2414 5664/2396
f 5665/2397 5688/2415 5664/2396
f 5689/2415 5688/2415 5665/2397
f 5666/2398 5689/2415 5665/2397
f 5690/1624 5689/2415 5666/2398
f 5667/2399 5690/1624 5666/2398
f 5691/1626 5690/1624 5667/2399
f 5668/2400 5691/1626 5667/2399
f 5692/2416 5691/1626 5668/2400
f 5669/2401 5692/2416 5668/2400
f 5693/2417 5692/2416 5669/2401
f 5670/2402 5693/2417 5669/2401
f 5694/1629 5693/2417 5670/2402
f 5671/2403 5694/1629 5670/2402
f 5695/1639 5694/1629 5671/2403
f 5672/2404 5695/1639 5671/2403
f 5696/1638 5695/1639 5672/2404
f 5673/2405 5696/1638 5672/2404
f 5697/1632 5696/1638 5673/2405
f 5674/2406 5697/1632 5673/2405
f 5698/2418 5697/1632 5674/2406
f 5675/2406 5698/2418 5674/2406
f 5699/1633 5698/2418 5675/2406
f 5652/2387 5699/1633 5675/2406
f 5676/1633 5699/1633 5652/2387
f 5677/2407 5700/2419 5676/1633
f 5701/2419 5700/2419 5677/2407
f 5678/2408 5701/2419 5677/2407
f 5702/2420 5701/2419 5678/2408
f 5679/1616 5702/2420 5678/2408
f 5703/2421 5702/2420 5679/1616
f 5680/2409 5703/2421 5679/1616
f 5704/2422 5703/2421 5680/2409
f 5681/1618 5704/2422 5680/2409
f 5705/2423 5704/2422 5681/1618
f 5682/2410 5705/2423 5681/1618
f 5706/1628 5705/2423 5682/2410
f 5683/1620 5706/1628 5682/2410
f 5707/1627 5706/1628 5683/1620
f 5684/2411 5707/1627 5683/1620
f 5708/1626 5707/1627 5684/2411
f 5685/2412 5708/1626 5684/2411
f 5709/2424 5708/1626 5685/2412
f 5686/2413 5709/2424 5685/2412
f 5710/2425 5709/2424 5686/2413
f 5687/2414 5710/2425 5686/2413
f 5711/2425 5710/2425 5687/2414
f 5688/2415 5711/2425 5687/2414
f 5712/2425 5711/2425 5688/2415
f 5689/2415 5712/2425 5688/2415
f 5713/2426 5712/2425 5689/2415
f 5690/1624 5713/2426 5689/2415
f 5714/2427 5713/2426 5690/1624
f 5691/1626 5714/2427 5690/1624
f 5715/1645 5714/2427 5691/1626
f 5692/2416 5715/1645 5691/1626
f 5716/2428 5715/1645 5692/2416
f 5693/2417 5716/2428 5692/2416
f 5717/1664 5716/2428 5693/2417
f 5694/1629 5717/1664 5693/2417
f 5718/1649 5717/1664 5694/1629
f 5695/1639 5718/1649 5694/1629
f 5719/2429 5718/1649 5695/1639
f 5696/1638 5719/2429 5695/1639
f 5720/2430 5719/2429 5696/1638
f 5697/1632 5720/2430 5696/1638
f 5721/2431 5720/2430 5697/1632
f 5698/2418 5721/2431 5697/1632
f 5722/1652 5721/2431 5698/2418
f 5699/1633 5722/1652 5698/2418
f 5723/1652 5722/1652 5699/1633
f 5676/1633 5723/1652 5699/1633
f 5700/2419 5723/1652 5676/1633
f 5701/2419 5724/2432 5700/2419
f 5725/1660 5724/2432 5701/2419
f 5702/2420 5725/1660 5701/2419
f 5726/2433 5725/1660 5702/2420
f 5703/2421 5726/2433 5702/2420
f 5727/1650 5726/2433 5703/2421
f 5704/2422 5727/1650 5703/2421
f 5728/1662 5727/1650 5704/2422
f 5705/2423 5728/1662 5704/2422
f 5729/1648 5728/1662 5705/2423
f 5706/1628 5729/1648 5705/2423
f 5730/2434 5729/1648 5706/1628
f 5707/1627 5730/2434 5706/1628
f 5731/1666 5730/2434 5707/1627
f 5708/1626 5731/1666 5707/1627
f 5732/2435 5731/1666 5708/1626
f 5709/2424 5732/2435 5708/1626
f 5733/2436 5732/2435 5709/2424
f 5710/2425 5733/2436 5709/2424
f 5734/2437 5733/2436 5710/2425
f 5711/2425 5734/2437 5710/2425
f 5735/2438 5734/2437 5711/2425
f 5712/2425 5735/2438 5711/2425
f 5736/2438 5735/2438 5712/2425
f 5713/2426 5736/2438 5712/2425
f 5737/2439 5736/2438 5713/2426
f 5714/2427 5737/2439 5713/2426
f 5738/2440 5737/2439 5714/2427
f 5715/1645 5738/2440 5714/2427
f 5739/2441 5738/2440 5715/1645
f 5716/2428 5739/2441 5715/1645
f 5740/2442 5739/2441 5716/2428
f 5717/1664 5740/2442 5716/2428
f 5741/2443 5740/2442 5717/1664
f 5718/1649 5741/2443 5717/1664
f 5742/1671 5741/2443 5718/1649
f 5719/2429 5742/1671 5718/1649
f 5743/1672 5742/1671 5719/2429
f 5720/2430 5743/1672 5719/2429
f 5744/2444 5743/1672 5720/2430
f 5721/2431 5744/2444 5720/2430
f 5745/2445 5744/2444 5721/2431
f 5722/1652 5745/2445 5721/2431
f 5746/2446 5745/2445 5722/1652
f 5723/1652 5746/2446 5722/1652
f 5747/2432 5746/2446 5723/1652
f 5700/2419 5747/2432 5723/1652
f 5724/2432 5747/2432 5700/2419
f 5725/1660 5748/1695 5724/2432
f 5749/2444 5748/1695 5725/1660
f 5726/2433 5749/2444 5725/1660
f 5750/1682 5749/2444 5726/2433
f 5727/1650 5750/1682 5726/2433
f 5751/1672 5750/1682 5727/1650
f 5728/1662 5751/1672 5727/1650
f 5752/1671 5751/1672 5728/1662
f 5729/1648 5752/1671 5728/1662
f 5753/1683 5752/1671 5729/1648
f 5730/2434 5753/1683 5729/1648
f 5754/2443 5753/1683 5730/2434
f 5731/1666 5754/2443 5730/2434
f 5755/2442 5754/2443 5731/1666
f 5732/2435 5755/2442 5731/1666
f 5756/2447 5755/2442 5732/2435
f 5733/2436 5756/2447 5732/2435
f 5757/2448 5756/2447 5733/2436
f 5734/2437 5757/2448 5733/2436
f 5758/2449 5757/2448 5734/2437
f 5735/2438 5758/2449 5734/2437
f 5759/2449 5758/2449 5735/2438
f 5736/2438 5759/2449 5735/2438
f 5760/2450 5759/2449 5736/2438
f 5737/2439 5760/2450 5736/2438
f 5761/2450 5760/2450 5737/2439
f 5738/2440 5761/2450 5737/2439
f 5762/2451 5761/2450 5738/2440
f 5739/2441 5762/2451 5738/2440
f 5763/2452 5762/2451 5739/2441
f 5740/2442 5763/2452 5739/2441
f 5764/2453 5763/2452 5740/2442
f 5741/2443 5764/2453 5740/2442
f 5765/2454 5764/2453 5741/2443
f 5742/1671 5765/2454 5741/2443
f 5766/1685 5765/2454 5742/1671
f 5743/1672 5766/1685 5742/1671
f 5767/1687 5766/1685 5743/1672
f 5744/2444 5767/1687 5743/1672
f 5768/1696 5767/1687 5744/2444
f 5745/2445 5768/1696 5744/2444
f 5769/1688 5768/1696 5745/2445
f 5746/2446 5769/1688 5745/2445
f 5770/1695 5769/1688 5746/2446
f 5747/2432 5770/1695 5746/2446
f 5771/1695 5770/1695 5747/2432
f 5724/2432 5771/1695 5747/2432
f 5748/1695 5771/1695 5724/2432
f 5749/2444 5772/1697 5748/1695
f 5773/1687 5772/1697 5749/2444
f 5750/1682 5773/1687 5749/2444
f 5774/1686 5773/1687 5750/1682
f 5751/1672 5774/1686 5750/1682
f 5775/1686 5774/1686 5751/1672
f 5752/1671 5775/1686 5751/1672
f 5776/1685 5775/1686 5752/1671
f 5753/1683 5776/1685 5752/1671
f 5777/1684 5776/1685 5753/1683
f 5754/2443 5777/1684 5753/1683
f 5778/2454 5777/1684 5754/2443
f 5755/2442 5778/2454 5754/2443
f 5779/2454 5778/2454 5755/2442
f 5756/2447 5779/2454 5755/2442
f 5780/2453 5779/2454 5756/2447
f 5757/2448 5780/2453 5756/2447
f 5781/2455 5780/2453 5757/2448
f 5758/2449 5781/2455 5757/2448
f 5782/2455 5781/2455 5758/2449
f 5759/2449 5782/2455 5758/2449
f 5783/2456 5782/2455 5759/2449
f 5760/2450 5783/2456 5759/2449
f 5784/2457 5783/2456 5760/2450
f 5761/2450 5784/2457 5760/2450
f 5785/2456 5784/2457 5761/2450
f 5762/2451 5785/2456 5761/2450
f 5786/2456 5785/2456 5762/2451
f 5763/2452 5786/2456 5762/2451
f 5787/2458 5786/2456 5763/2452
f 5764/2453 5787/2458 5763/2452
f 5788/2459 5787/2458 5764/2453
f 5765/2454 5788/2459 5764/2453
f 5789/2459 5788/2459 5765/2454
f 5766/1685 5789/2459 5765/2454
f 5790/2460 5789/2459 5766/1685
f 5767/1687 5790/2460 5766/1685
f 5791/2461 5790/2460 5767/1687
f 5768/1696 5791/2461 5767/1687
f 5792/2462 5791/2461 5768/1696
f 5769/1688 5792/2462 5768/1696
f 5793/2462 5792/2462 5769/1688
f 5770/1695 5793/2462 5769/1688
f 5794/1697 5793/2462 5770/1695
f 5771/1695 5794/1697 5770/1695
f 5795/1697 5794/1697 5771/1695
f 5748/1695 5795/1697 5771/1695
f 5772/1697 5795/1697 5748/1695
f 5773/1687 5796/2460 5772/1697
f 5774/1686 5796/2460 5773/1687
f 5775/1686 5796/2460 5774/1686
f 5776/1685 5796/2460 5775/1686
f 5777/1684 5796/2460 5776/1685
f 5778/2454 5796/2460 5777/1684
f 5779/2454 5796/2460 5778/2454
f 5780/2453 5796/2460 5779/2454
f 5781/2455 5796/2460 5780/2453
f 5782/2455 5796/2460 5781/2455
f 5783/2456 5796/2460 5782/2455
f 5784/2457 5796/2460 5783/2456
f 5785/2456 5796/2460 5784/2457
f 5786/2456 5796/2460 5785/2456
f 5787/2458 5796/2460 5786/2456
f 5788/2459 5796/2460 5787/2458
f 5789/2459 5796/2460 5788/2459
f 5790/2460 5796/2460 5789/2459
f 5791/2461 5796/2460 5790/2460
f 5792/2462 5796/2460 5791/2461
f 5793/2462 5796/2460 5792/2462
f 5794/1697 5796/2460 5793/2462
f 5795/1697 5796/2460 5794/1697
f 5772/1697 5796/2460 5795/1697
f 5797/2463 5798/2464 5799/1706
f 5797/2463 5799/1706 5800/2465
f 5797/2463 5800/2465 5801/2465
f 5797/2463 5801/2465 5802/1708
f 5797/2463 5802/1708 5803/1709
f 5797/2463 5803/1709 5804/1710
f 5797/2463 5804/1710 5805/1711
f 5797/2463 5805/1711 5806/1712
f 5797/2463 5806/1712 5807/1713
f 5797/2463 5807/1713 5808/1714
f 5797/2463 5808/1714 5809/2466
f 5797/2463 5809/2466 5810/2467
f 5797/2463 5810/2467 5811/2468
f 5797/2463 5811/2468 5812/2469
f 5797/2463 5812/2469 5813/2470
f 5797/2463 5813/2470 5814/2471
f 5797/2463 5814/2471 5815/2472
f 5797/2463 5815/2472 5816/2472
f 5797/2463 5816/2472 5817/2473
f 5797/2463 5817/2473 5818/1719
f 5797/2463 5818/1719 5819/2474
f 5797/2463 5819/2474 5820/2475
f 5797/2463 5820/2475 5821/2476
f 5797/2463 5821/2476 5798/2464
f 5798/2464 5822/2477 5799/1706
f 5799/1706 5822/2477 5823/2478
f 5799/1706 5823/2478 5800/2465
f 5800/2465 5823/2478 5824/2479
f 5800/2465 5824/2479 5801/2465
f 5801/2465 5824/2479 5825/2480
f 5801/2465 5825/2480 5802/1708
f 5802/1708 5825/2480 5826/2481
f 5802/1708 5826/2481 5803/1709
f 5803/1709 5826/2481 5827/2482
f 5803/1709 5827/2482 5804/1710
f 5804/1710 5827/2482 5828/1731
f 5804/1710 5828/1731 5805/1711
f 5805/1711 5828/1731 5829/1732
f 5805/1711 5829/1732 5806/1712
f 5806/1712 5829/1732 5830/2483
f 5806/1712 5830/2483 5807/1713
f 5807/1713 5830/2483 5831/2484
f 5807/1713 5831/2484 5808/1714
f 5808/1714 5831/2484 5832/2485
f 5808/1714 5832/2485 5809/2466
f 5809/2466 5832/2485 5833/1737
f 5809/2466 5833/1737 5810/2467
f 5810/2467 5833/1737 5834/2486
f 5810/2467 5834/2486 5811/2468
f 5811/2468 5834/2486 5835/2487
f 5811/2468 5835/2487 5812/2469
f 5812/2469 5835/2487 5836/2488
f 5812/2469 5836/2488 5813/2470
f 5813/2470 5836/2488 5837/2489
f 5813/2470 5837/2489 5814/2471
f 5814/2471 5837/2489 5838/2490
f 5814/2471 5838/2490 5815/2472
f 5815/2472 5838/2490 5839/2491
f 5815/2472 5839/2491 5816/2472
f 5816/2472 5839/2491 5840/2492
f 5816/2472 5840/2492 5817/2473
f 5817/2473 5840/2492 5841/1743
f 5817/2473 5841/1743 5818/1719
f 5818/1719 5841/1743 5842/2493
f 5818/1719 5842/2493 5819/2474
f 5819/2474 5842/2493 5843/2494
f 5819/2474 5843/2494 5820/2475
f 5820/2475 5843/2494 5844/2495
f 5820/2475 5844/2495 5821/2476
f 5821/2476 5844/2495 5845/2496
f 5821/2476 5845/2496 5798/2464
f 5798/2464 5845/2496 5822/2477
f 5822/2477 5846/1750 5823/2478
f 5823/2478 5846/1750 5847/2497
f 5823/2478 5847/2497 5824/2479
f 5824/2479 5847/2497 5848/2498
f 5824/2479 5848/2498 5825/2480
f 5825/2480 5848/2498 5849/2499
f 5825/2480 5849/2499 5826/2481
f 5826/2481 5849/2499 5850/2500
f 5826/2481 5850/2500 5827/2482
f 5827/2482 5850/2500 5851/2501
f 5827/2482 5851/2501 5828/1731
f 5828/1731 5851/2501 5852/2502
f 5828/1731 5852/2502 5829/1732
f 5829/1732 5852/2502 5853/1755
f 5829/1732 5853/1755 5830/2483
f 5830/2483 5853/1755 5854/2503
f 5830/2483 5854/2503 5831/2484
f 5831/2484 5854/2503 5855/2504
f 5831/2484 5855/2504 5832/2485
f 5832/2485 5855/2504 5856/2505
f 5832/2485 5856/2505 5833/1737
f 5833/1737 5856/2505 5857/2506
f 5833/1737 5857/2506 5834/2486
f 5834/2486 5857/2506 5858/1762
f 5834/2486 5858/1762 5835/2487
f 5835/2487 5858/1762 5859/2507
f 5835/2487 5859/2507 5836/2488
f 5836/2488 5859/2507 5860/2508
f 5836/2488 5860/2508 5837/2489
f 5837/2489 5860/2508 5861/2509
f 5837/2489 5861/2509 5838/2490
f 5838/2490 5861/2509 5862/2510
f 5838/2490 5862/2510 5839/2491
f 5839/2491 5862/2510 5863/2511
f 5839/2491 5863/2511 5840/2492
f 5840/2492 5863/2511 5864/2512
f 5840/2492 5864/2512 5841/1743
f 5841/1743 5864/2512 5865/1767
f 5841/1743 5865/1767 5842/2493
f 5842/2493 5865/1767 5866/2513
f 5842/2493 5866/2513 5843/2494
f 5843/2494 5866/2513 5867/2514
f 5843/2494 5867/2514 5844/2495
f 5844/2495 5867/2514 5868/2515
f 5844/2495 5868/2515 5845/2496
f 5845/2496 5868/2515 5869/2516
f 5845/2496 5869/2516 5822/2477
f 5822/2477 5869/2516 5846/1750
f 5846/1750 5870/2517 5847/2497
f 5847/2497 5870/2517 5871/2518
f 5847/2497 5871/2518 5848/2498
f 5848/2498 5871/2518 5872/2519
f 5848/2498 5872/2519 5849/2499
f 5849/2499 5872/2519 5873/2520
f 5849/2499 5873/2520 5850/2500
f 5850/2500 5873/2520 5874/2521
f 5850/2500 5874/2521 5851/2501
f 5851/2501 5874/2521 5875/2522
f 5851/2501 5875/2522 5852/2502
f 5852/2502 5875/2522 5876/2523
f 5852/2502 5876/2523 5853/1755
f 5853/1755 5876/2523 5877/1779
f 5853/1755 5877/1779 5854/2503
f 5854/2503 5877/1779 5878/2524
f 5854/2503 5878/2524 5855/2504
f 5855/2504 5878/2524 5879/2525
f 5855/2504 5879/2525 5856/2505
f 5856/2505 5879/2525 5880/2526
f 5856/2505 5880/2526 5857/2506
f 5857/2506 5880/2526 5881/2527
f 5857/2506 5881/2527 5858/1762
f 5858/1762 5881/2527 5882/1786
f 5858/1762 5882/1786 5859/2507
f 5859/2507 5882/1786 5883/2528
f 5859/2507 5883/2528 5860/2508
f 5860/2508 5883/2528 5884/2529
f 5860/2508 5884/2529 5861/2509
f 5861/2509 5884/2529 5885/2530
f 5861/2509 5885/2530 5862/2510
f 5862/2510 5885/2530 5886/2531
f 5862/2510 5886/2531 5863/2511
f 5863/2511 5886/2531 5887/2532
f 5863/2511 5887/2532 5864/2512
f 5864/2512 5887/2532 5888/2533
f 5864/2512 5888/2533 5865/1767
f 5865/1767 5888/2533 5889/1791
f 5865/1767 5889/1791 5866/2513
f 5866/2513 5889/1791 5890/2534
f 5866/2513 5890/2534 5867/2514
f 5867/2514 5890/2534 5891/2535
f 5867/2514 5891/2535 5868/2515
f 5868/2515 5891/2535 5892/2536
f 5868/2515 5892/2536 5869/2516
f 5869/2516 5892/2536 5893/2537
f 5869/2516 5893/2537 5846/1750
f 5846/1750 5893/2537 5870/2517
f 5894/2538 5895/2539 5896/2540
f 5894/2538 5896/2540 5897/2540
f 5894/2538 5897/2540 5898/1801
f 5894/2538 5898/1801 5899/1803
f 5894/2538 5899/1803 5900/1804
f 5894/2538 5900/1804 5901/1805
f 5894/2538 5901/1805 5902/1806
f 5894/2538 5902/1806 5903/1807
f 5894/2538 5903/1807 5904/2541
f 5894/2538 5904/2541 5905/1808
f 5894/2538 5905/1808 5906/2542
f 5894/2543 5906/2542 5907/2542
f 5894/2538 5907/2542 5908/2544
f 5894/2538 5908/2544 5909/2545
f 5894/2538 5909/2545 5910/2546
f 5894/2538 5910/2546 5911/2547
f 5894/2538 5911/2547 5912/2548
f 5894/2538 5912/2548 5913/2548
f 5894/2538 5913/2548 5914/1814
f 5894/2538 5914/1814 5915/1814
f 5894/2538 5915/1814 5916/2549
f 5894/2538 5916/2549 5917/2550
f 5894/2538 5917/2550 5918/2539
f 5894/2538 5918/2539 5895/2539
f 5895/2539 5919/2551 5896/2540
f 5896/2540 5919/2551 5920/1821
f 5896/2540 5920/1821 5897/2540
f 5897/2540 5920/1821 5921/2552
f 5897/2540 5921/2552 5898/1801
f 5898/1801 5921/2552 5922/2553
f 5898/1801 5922/2553 5899/1803
f 5899/1803 5922/2553 5923/2554
f 5899/1803 5923/2554 5900/1804
f 5900/1804 5923/2554 5924/2555
f 5900/1804 5924/2555 5901/1805
f 5901/1805 5924/2555 5925/2556
f 5901/1805 5925/2556 5902/1806
f 5902/1806 5925/2556 5926/1826
f 5902/1806 5926/1826 5903/1807
f 5903/1807 5926/1826 5927/2557
f 5903/1807 5927/2557 5904/2541
f 5904/2541 5927/2557 5928/2558
f 5904/2541 5928/2558 5905/1808
f 5905/1808 5928/2558 5929/2559
f 5905/1808 5929/2559 5906/2542
f 5906/2542 5929/2559 5930/2560
f 5906/2542 5930/2560 5907/2542
f 5907/2542 5930/2560 5931/2561
f 5907/2542 5931/2561 5908/2544
f 5908/2544 5931/2561 5932/2562
f 5908/2544 5932/2562 5909/2545
f 5909/2545 5932/2562 5933/2563
f 5909/2545 5933/2563 5910/2546
f 5910/2546 5933/2563 5934/2564
f 5910/2546 5934/2564 5911/2547
f 5911/2547 5934/2564 5935/2565
f 5911/2547 5935/2565 5912/2548
f 5912/2548 5935/2565 5936/2566
f 5912/2548 5936/2566 5913/2548
f 5913/2548 5936/2566 5937/2567
f 5913/2548 5937/2567 5914/1814
f 5914/1814 5937/2567 5938/1837
f 5914/1814 5938/1837 5915/1814
f 5915/1814 5938/1837 5939/2568
f 5915/1814 5939/2568 5916/2549
f 5916/2549 5939/2568 5940/2569
f 5916/2549 5940/2569 5917/2550
f 5917/2550 5940/2569 5941/2570
f 5917/2550 5941/2570 5918/2539
f 5918/2539 5941/2570 5942/2571
f 5918/2539 5942/2571 5895/2539
f 5895/2539 5942/2571 5919/2551
f 5919/2551 5943/1844 5920/1821
f 5920/1821 5943/1844 5944/2572
f 5920/1821 5944/2572 5921/2552
f 5921/2552 5944/2572 5945/2573
f 5921/2552 5945/2573 5922/2553
f 5922/2553 5945/2573 5946/2574
f 5922/2553 5946/2574 5923/2554
f 5923/2554 5946/2574 5947/2575
f 5923/2554 5947/2575 5924/2555
f 5924/2555 5947/2575 5948/2576
f 5924/2555 5948/2576 5925/2556
f 5925/2556 5948/2576 5949/2577
f 5925/2556 5949/2577 5926/1826
f 5926/1826 5949/2577 5950/1849
f 5926/1826 5950/1849 5927/2557
f 5927/2557 5950/1849 5951/2578
f 5927/2557 5951/2578 5928/2558
f 5928/2558 5951/2578 5952/2579
f 5928/2558 5952/2579 5929/2559
f 5929/2559 5952/2579 5953/2580
f 5929/2559 5953/2580 5930/2560
f 5930/2560 5953/2580 5954/2581
f 5930/2560 5954/2581 5931/2561
f 5931/2561 5954/2581 5955/1856
f 5931/2561 5955/1856 5932/2562
f 5932/2562 5955/1856 5956/2582
f 5932/2562 5956/2582 5933/2563
f 5933/2563 5956/2582 5957/2583
f 5933/2563 5957/2583 5934/2564
f 5934/2564 5957/2583 5958/2584
f 5934/2564 5958/2584 5935/2565
f 5935/2565 5958/2584 5959/2585
f 5935/2565 5959/2585 5936/2566
f 5936/2566 5959/2585 5960/2586
f 5936/2566 5960/2586 5937/2567
f 5937/2567 5960/2586 5961/2587
f 5937/2567 5961/2587 5938/1837
f 5938/1837 5961/2587 5962/1861
f 5938/1837 5962/1861 5939/2568
f 5939/2568 5962/1861 5963/2588
f 5939/2568 5963/2588 5940/2569
f 5940/2569 5963/2588 5964/2589
f 5940/2569 5964/2589 5941/2570
f 5941/2570 5964/2589 5965/2590
f 5941/2570 5965/2590 5942/2571
f 5942/2571 5965/2590 5966/2591
f 5942/2571 5966/2591 5919/2551
f 5919/2551 5966/2591 5943/1844
f 5943/1844 5967/1868 5944/2572
f 5944/2572 5967/1868 5968/2592
f 5944/2572 5968/2592 5945/2573
f 5945/2573 5968/2592 5969/2593
f 5945/2573 5969/2593 5946/2574
f 5946/2574 5969/2593 5970/2594
f 5946/2574 5970/2594 5947/2575
f 5947/2575 5970/2594 5971/2595
f 5947/2575 5971/2595 5948/2576
f 5948/2576 5971/2595 5972/2596
f 5948/2576 5972/2596 5949/2577
f 5949/2577 5972/2596 5973/2597
f 5949/2577 5973/2597 5950/1849
f 5950/1849 5973/2597 5974/1873
f 5950/1849 5974/1873 5951/2578
f 5951/2578 5974/1873 5975/2598
f 5951/2578 5975/2598 5952/2579
f 5952/2579 5975/2598 5976/2599
f 5952/2579 5976/2599 5953/2580
f 5953/2580 5976/2599 5977/2600
f 5953/2580 5977/2600 5954/2581
f 5954/2581 5977/2600 5978/2601
f 5954/2581 5978/2601 5955/1856
f 5955/1856 5978/2601 5979/2602
f 5955/1856 5979/2602 5956/2582
f 5956/2582 5979/2602 5980/2603
f 5956/2582 5980/2603 5957/2583
f 5957/2583 5980/2603 5981/2604
f 5957/2583 5981/2604 5958/2584
f 5958/2584 5981/2604 5982/2605
f 5958/2584 5982/2605 5959/2585
f 5959/2585 5982/2605 5983/2606
f 5959/2585 5983/2606 5960/2586
f 5960/2586 5983/2606 5984/2607
f 5960/2586 5984/2607 5961/2587
f 5961/2587 5984/2607 5985/2608
f 5961/2587 5985/2608 5962/1861
f 5962/1861 5985/2608 5986/2609
f 5962/1861 5986/2609 5963/2588
f 5963/2588 5986/2609 5987/2610
f 5963/2588 5987/2610 5964/2589
f 5964/2589 5987/2610 5988/2611
f 5964/2589 5988/2611 5965/2590
f 5965/2590 5988/2611 5989/2612
f 5965/2590 5989/2612 5966/2591
f 5966/2591 5989/2612 5990/2613
f 5966/2591 5990/2613 5943/1844
f 5943/1844 5990/2613 5967/1868
f 5991/1892 5992/2614 5993/1894
f 5991/1892 5993/1894 5994/1895
f 5991/1892 5994/1895 5995/2615
f 5991/1892 5995/2615 5996/2616
f 5991/1892 5996/2616 5997/2616
f 5991/1892 5997/2616 5998/1897
f 5991/1892 5998/1897 5999/1898
f 5991/1892 5999/1898 6000/1899
f 5991/1903 6000/1899 6001/2617
f 5991/1892 6001/2617 6002/1904
f 5991/1892 6002/1904 6003/2618
f 5991/1892 6003/2618 6004/2619
f 5991/1892 6004/2619 6005/2620
f 5991/1892 6005/2620 6006/2620
f 5991/1892 6006/2620 6007/2621
f 5991/1892 6007/2621 6008/2622
f 5991/1892 6008/2622 6009/2623
f 5991/1892 6009/2623 6010/2624
f 5991/1892 6010/2624 6011/2624
f 5991/1892 6011/2624 6012/1910
f 5991/1892 6012/1910 6013/2625
f 5991/1892 6013/2625 6014/2626
f 5991/1892 6014/2626 6015/2627
f 5991/1892 6015/2627 5992/2614
f 5992/2614 6016/1916 5993/1894
f 5993/1894 6016/1916 6017/1917
f 5993/1894 6017/1917 5994/1895
f 5994/1895 6017/1917 6018/2628
f 5994/1895 6018/2628 5995/2615
f 5995/2615 6018/2628 6019/2629
f 5995/2615 6019/2629 5996/2616
f 5996/2616 6019/2629 6020/2630
f 5996/2616 6020/2630 5997/2616
f 5997/2616 6020/2630 6021/2631
f 5997/2616 6021/2631 5998/1897
f 5998/1897 6021/2631 6022/2632
f 5998/1897 6022/2632 5999/1898
f 5999/1898 6022/2632 6023/1921
f 5999/1898 6023/1921 6000/1899
f 6000/1899 6023/1921 6024/2633
f 6000/1899 6024/2633 6001/2617
f 6001/2617 6024/2633 6025/2634
f 6001/2617 6025/2634 6002/1904
f 6002/1904 6025/2634 6026/2635
f 6002/1904 6026/2635 6003/2618
f 6003/2618 6026/2635 6027/1927
f 6003/2618 6027/1927 6004/2619
f 6004/2619 6027/1927 6028/1928
f 6004/2619 6028/1928 6005/2620
f 6005/2620 6028/1928 6029/2636
f 6005/2620 6029/2636 6006/2620
f 6006/2620 6029/2636 6030/2637
f 6006/2620 6030/2637 6007/2621
f 6007/2621 6030/2637 6031/1954
f 6007/2621 6031/1954 6008/2622
f 6008/2622 6031/1954 6032/2638
f 6008/2622 6032/2638 6009/2623
f 6009/2623 6032/2638 6033/2639
f 6009/2623 6033/2639 6010/2624
f 6010/2624 6033/2639 6034/2640
f 6010/2624 6034/2640 6011/2624
f 6011/2624 6034/2640 6035/2641
f 6011/2624 6035/2641 6012/1910
f 6012/1910 6035/2641 6036/2642
f 6012/1910 6036/2642 6013/2625
f 6013/2625 6036/2642 6037/2643
f 6013/2625 6037/2643 6014/2626
f 6014/2626 6037/2643 6038/2644
f 6014/2626 6038/2644 6015/2627
f 6015/2627 6038/2644 6039/2645
f 6015/2627 6039/2645 5992/2614
f 5992/2614 6039/2645 6016/1916
f 6016/1916 6040/2646 6017/1917
f 6017/1917 6040/2646 6041/2647
f 6017/1917 6041/2647 6018/2628
f 6018/2628 6041/2647 6042/2648
f 6018/2628 6042/2648 6019/2629
f 6019/2629 6042/2648 6043/1966
f 6019/2629 6043/1966 6020/2630
f 6020/2630 6043/1966 6044/2649
f 6020/2630 6044/2649 6021/2631
f 6021/2631 6044/2649 6045/2650
f 6021/2631 6045/2650 6022/2632
f 6022/2632 6045/2650 6046/2651
f 6022/2632 6046/2651 6023/1921
f 6023/1921 6046/2651 6047/2652
f 6023/1921 6047/2652 6024/2633
f 6024/2633 6047/2652 6048/2653
f 6024/2633 6048/2653 6025/2634
f 6025/2634 6048/2653 6049/2654
f 6025/2634 6049/2654 6026/2635
f 6026/2635 6049/2654 6050/2655
f 6026/2635 6050/2655 6027/1927
f 6027/1927 6050/2655 6051/2656
f 6027/1927 6051/2656 6028/1928
f 6028/1928 6051/2656 6052/1952
f 6028/1928 6052/1952 6029/2636
f 6029/2636 6052/1952 6053/2657
f 6029/2636 6053/2657 6030/2637
f 6030/2637 6053/2657 6054/2658
f 6030/2637 6054/2658 6031/1954
f 6031/1954 6054/2658 6055/2659
f 6031/1954 6055/2659 6032/2638
f 6032/2638 6055/2659 6056/2660
f 6032/2638 6056/2660 6033/2639
f 6033/2639 6056/2660 6057/2661
f 6033/2639 6057/2661 6034/2640
f 6034/2640 6057/2661 6058/2662
f 6034/2640 6058/2662 6035/2641
f 6035/2641 6058/2662 6059/2663
f 6035/2641 6059/2663 6036/2642
f 6036/2642 6059/2663 6060/2664
f 6036/2642 6060/2664 6037/2643
f 6037/2643 6060/2664 6061/2665
f 6037/2643 6061/2665 6038/2644
f 6038/2644 6061/2665 6062/1937
f 6038/2644 6062/1937 6039/2645
f 6039/2645 6062/1937 6063/2666
f 6039/2645 6063/2666 6016/1916
f 6016/1916 6063/2666 6040/2646
f 6040/2646 6064/1964 6041/2647
f 6041/2647 6064/1964 6065/2667
f 6041/2647 6065/2667 6042/2648
f 6042/2648 6065/2667 6066/2668
f 6042/2648 6066/2668 6043/1966
f 6043/1966 6066/2668 6067/2669
f 6043/1966 6067/2669 6044/2649
f 6044/2649 6067/2669 6068/2670
f 6044/2649 6068/2670 6045/2650
f 6045/2650 6068/2670 6069/2671
f 6045/2650 6069/2671 6046/2651
f 6046/2651 6069/2671 6070/2672
f 6046/2651 6070/2672 6047/2652
f 6047/2652 6070/2672 6071/2673
f 6047/2652 6071/2673 6048/2653
f 6048/2653 6071/2673 6072/2674
f 6048/2653 6072/2674 6049/2654
f 6049/2654 6072/2674 6073/2675
f 6049/2654 6073/2675 6050/2655
f 6050/2655 6073/2675 6074/1949
f 6050/2655 6074/1949 6051/2656
f 6051/2656 6074/1949 6075/2676
f 6051/2656 6075/2676 6052/1952
f 6052/1952 6075/2676 6076/1976
f 6052/1952 6076/1976 6053/2657
f 6053/2657 6076/1976 6077/2677
f 6053/2657 6077/2677 6054/2658
f 6054/2658 6077/2677 6078/2678
f 6054/2658 6078/2678 6055/2659
f 6055/2659 6078/2678 6079/2679
f 6055/2659 6079/2679 6056/2660
f 6056/2660 6079/2679 6080/2680
f 6056/2660 6080/2680 6057/2661
f 6057/2661 6080/2680 6081/2681
f 6057/2661 6081/2681 6058/2662
f 6058/2662 6081/2681 6082/2682
f 6058/2662 6082/2682 6059/2663
f 6059/2663 6082/2682 6083/2683
f 6059/2663 6083/2683 6060/2664
f 6060/2664 6083/2683 6084/2684
f 6060/2664 6084/2684 6061/2665
f 6061/2665 6084/2684 6085/2685
f 6061/2665 6085/2685 6062/1937
f 6062/1937 6085/2685 6086/2686
f 6062/1937 6086/2686 6063/2666
f 6063/2666 6086/2686 6087/2687
f 6063/2666 6087/2687 6040/2646
f 6040/2646 6087/2687 6064/1964
f 6088/1988 6089/1989 6090/2688
f 6088/1988 6090/2688 6091/2689
f 6088/1988 6091/2689 6092/2690
f 6088/1988 6092/2690 6093/1992
f 6088/1988 6093/1992 6094/1993
f 6088/1988 6094/1993 6095/2691
f 6088/1988 6095/2691 6096/2692
f 6088/1988 6096/2692 6097/1997
f 6088/1988 6097/1997 6098/2693
f 6088/1988 6098/2693 6099/2694
f 6088/1988 6099/2694 6100/2695
f 6088/1988 6100/2695 6101/2696
f 6088/1988 6101/2696 6102/2697
f 6088/1988 6102/2697 6103/2698
f 6088/1988 6103/2698 6104/2699
f 6088/1988 6104/2699 6089/1989
f 6089/1989 6105/2005 6090/2688
f 6090/2688 6105/2005 6106/2700
f 6090/2688 6106/2700 6091/2689
f 6091/2689 6106/2700 6107/2701
f 6091/2689 6107/2701 6092/2690
f 6092/2690 6107/2701 6108/2702
f 6092/2690 6108/2702 6093/1992
f 6093/1992 6108/2702 6109/2703
f 6093/1992 6109/2703 6094/1993
f 6094/1993 6109/2703 6110/2704
f 6094/1993 6110/2704 6095/2691
f 6095/2691 6110/2704 6111/2041
f 6095/2691 6111/2041 6096/2692
f 6096/2692 6111/2041 6112/2705
f 6096/2692 6112/2705 6097/1997
f 6097/1997 6112/2705 6113/2013
f 6097/1997 6113/2013 6098/2693
f 6098/2693 6113/2013 6114/2706
f 6098/2693 6114/2706 6099/2694
f 6099/2694 6114/2706 6115/2707
f 6099/2694 6115/2707 6100/2695
f 6100/2695 6115/2707 6116/2708
f 6100/2695 6116/2708 6101/2696
f 6101/2696 6116/2708 6117/2709
f 6101/2696 6117/2709 6102/2697
f 6102/2697 6117/2709 6118/2710
f 6102/2697 6118/2710 6103/2698
f 6103/2698 6118/2710 6119/2047
f 6103/2698 6119/2047 6104/2699
f 6104/2699 6119/2047 6120/2711
f 6104/2699 6120/2711 6089/1989
f 6089/1989 6120/2711 6105/2005
f 6105/2005 6121/2021 6106/2700
f 6106/2700 6121/2021 6122/2712
f 6106/2700 6122/2712 6107/2701
f 6107/2701 6122/2712 6123/2713
f 6107/2701 6123/2713 6108/2702
f 6108/2702 6123/2713 6124/2714
f 6108/2702 6124/2714 6109/2703
f 6109/2703 6124/2714 6125/2715
f 6109/2703 6125/2715 6110/2704
f 6110/2704 6125/2715 6126/2716
f 6110/2704 6126/2716 6111/2041
f 6111/2041 6126/2716 6127/2717
f 6111/2041 6127/2717 6112/2705
f 6112/2705 6127/2717 6128/2718
f 6112/2705 6128/2718 6113/2013
f 6113/2013 6128/2718 6129/2029
f 6113/2013 6129/2029 6114/2706
f 6114/2706 6129/2029 6130/2719
f 6114/2706 6130/2719 6115/2707
f 6115/2707 6130/2719 6131/2720
f 6115/2707 6131/2720 6116/2708
f 6116/2708 6131/2720 6132/2721
f 6116/2708 6132/2721 6117/2709
f 6117/2709 6132/2721 6133/2722
f 6117/2709 6133/2722 6118/2710
f 6118/2710 6133/2722 6134/2723
f 6118/2710 6134/2723 6119/2047
f 6119/2047 6134/2723 6135/2724
f 6119/2047 6135/2724 6120/2711
f 6120/2711 6135/2724 6136/2725
f 6120/2711 6136/2725 6105/2005
f 6105/2005 6136/2725 6121/2021
f 6137/1988 6138/2726 6139/2727
f 6137/1988 6139/2727 6140/2728
f 6137/1988 6140/2728 6141/2729
f 6137/1988 6141/2729 6142/2730
f 6137/1988 6142/2730 6143/2731
f 6137/1988 6143/2731 6144/2732
f 6137/1988 6144/2732 6145/2733
f 6137/1988 6145/2733 6146/2734
f 6137/1988 6146/2734 6147/2735
f 6137/1988 6147/2735 6148/2736
f 6137/1988 6148/2736 6149/2737
f 6137/1988 6149/2737 6138/2726
f 6138/2726 6150/2021 6139/2727
f 6139/2727 6150/2021 6151/2738
f 6139/2727 6151/2738 6140/2728
f 6140/2728 6151/2738 6152/2739
f 6140/2728 6152/2739 6141/2729
f 6141/2729 6152/2739 6153/2740
f 6141/2729 6153/2740 6142/2730
f 6142/2730 6153/2740 6154/2741
f 6142/2730 6154/2741 6143/2731
f 6143/2731 6154/2741 6155/2742
f 6143/2731 6155/2742 6144/2732
f 6144/2732 6155/2742 6156/2029
f 6144/2732 6156/2029 6145/2733
f 6145/2733 6156/2029 6157/2743
f 6145/2733 6157/2743 6146/2734
f 6146/2734 6157/2743 6158/2744
f 6146/2734 6158/2744 6147/2735
f 6147/2735 6158/2744 6159/2745
f 6147/2735 6159/2745 6148/2736
f 6148/2736 6159/2745 6160/2746
f 6148/2736 6160/2746 6149/2737
f 6149/2737 6160/2746 6161/2747
f 6149/2737 6161/2747 6138/2726
f 6138/2726 6161/2747 6150/2021
f 6162/2061 6163/2060 6164/2060
f 6162/2061 6165/2061 6163/2060
f 6165/2061 6166/2059 6163/2060
f 6165/2061 6167/2748 6166/2059
f 6167/2748 6168/2059 6166/2059
f 6167/2748 6169/2748 6168/2059
f 6169/2748 6170/2059 6168/2059
f 6169/2748 6171/2748 6170/2059
f 6171/2748 6172/2060 6170/2059
f 6171/2748 6173/2061 6172/2060
f 6173/2061 6164/2060 6172/2060
f 6173/2061 6162/2061 6164/2060
f 6174/1350 6165/2061 6162/2061
f 6174/1350 6175/1350 6165/2061
f 6175/1350 6167/2748 6165/2061
f 6175/1350 6176/219 6167/2748
f 6176/219 6169/2748 6167/2748
f 6176/219 6177/1347 6169/2748
f 6177/1347 6171/2748 6169/2748
f 6177/1347 6178/1347 6171/2748
f 6178/1347 6173/2061 6171/2748
f 6178/1347 6179/1351 6173/2061
f 6179/1351 6162/2061 6173/2061
f 6179/1351 6174/1350 6162/2061
f 6180/466 6175/1350 6174/1350
f 6180/466 6181/142 6175/1350
f 6181/142 6176/219 6175/1350
f 6181/142 6182/179 6176/219
f 6182/179 6177/1347 6176/219
f 6182/179 6183/239 6177/1347
f 6183/239 6178/1347 6177/1347
f 6183/239 6184/179 6178/1347
f 6184/179 6179/1351 6178/1347
f 6184/179 6185/179 6179/1351
f 6185/179 6174/1350 6179/1351
f 6185/179 6180/466 6174/1350
f 6186/1361 6181/142 6180/466
f 6186/1361 6187/2749 6181/142
f 6187/2749 6182/179 6181/142
f 6187/2749 6188/150 6182/179
f 6188/150 6183/239 6182/179
f 6188/150 6189/2750 6183/239
f 6189/2750 6184/179 6183/239
f 6189/2750 6190/483 6184/179
f 6190/483 6185/179 6184/179
f 6190/483 6191/1357 6185/179
f 6191/1357 6180/466 6185/179
f 6191/1357 6186/1361 6180/466
f 6192/1360 6187/2749 6186/1361
f 6192/1360 6193/112 6187/2749
f 6193/112 6188/150 6187/2749
f 6193/112 6194/2235 6188/150
f 6194/2235 6189/2750 6188/150
f 6194/2235 6195/175 6189/2750
f 6195/175 6190/483 6189/2750
f 6195/175 6196/200 6190/483
f 6196/200 6191/1357 6190/483
f 6196/200 6197/2751 6191/1357
f 6197/2751 6186/1361 6191/1357
f 6197/2751 6192/1360 6186/1361
f 6198/2752 6193/112 6192/1360
f 6198/2752 6199/2752 6193/112
f 6199/2752 6194/2235 6193/112
f 6199/2752 6200/2753 6194/2235
f 6200/2753 6195/175 6194/2235
f 6200/2753 6201/2238 6195/175
f 6201/2238 6196/200 6195/175
f 6201/2238 6202/386 6196/200
f 6202/386 6197/2751 6196/200
f 6202/386 6203/2754 6197/2751
f 6203/2754 6192/1360 6197/2751
f 6203/2754 6198/2752 6192/1360
f 6204/488 6199/2752 6198/2752
f 6204/488 6205/488 6199/2752
f 6205/488 6200/2753 6199/2752
f 6205/488 6206/171 6200/2753
f 6206/171 6201/2238 6200/2753
f 6206/171 6207/174 6201/2238
f 6207/174 6202/386 6201/2238
f 6207/174 6208/115 6202/386
f 6208/115 6203/2754 6202/386
f 6208/115 6209/192 6203/2754
f 6209/192 6198/2752 6203/2754
f 6209/192 6204/488 6198/2752
f 6210/2252 6205/488 6204/488
f 6210/2252 6211/109 6205/488
f 6211/109 6206/171 6205/488
f 6211/109 6212/380 6206/171
f 6212/380 6207/174 6206/171
f 6212/380 6213/2253 6207/174
f 6213/2253 6208/115 6207/174
f 6213/2253 6214/2755 6208/115
f 6214/2755 6209/192 6208/115
f 6214/2755 6215/2756 6209/192
f 6215/2756 6204/488 6209/192
f 6215/2756 6210/2252 6204/488
f 6216/2757 6211/109 6210/2252
f 6216/2757 6217/495 6211/109
f 6217/495 6212/380 6211/109
f 6217/495 6218/2758 6212/380
f 6218/2758 6213/2253 6212/380
f 6218/2758 6219/170 6213/2253
f 6219/170 6214/2755 6213/2253
f 6219/170 6220/410 6214/2755
f 6220/410 6215/2756 6214/2755
f 6220/410 6221/495 6215/2756
f 6221/495 6210/2252 6215/2756
f 6221/495 6216/2757 6210/2252
f 6222/2759 6217/495 6216/2757
f 6222/2759 6223/2760 6217/495
f 6223/2760 6218/2758 6217/495
f 6223/2760 6224/238 6218/2758
f 6224/238 6219/170 6218/2758
f 6224/238 6225/2761 6219/170
f 6225/2761 6220/410 6219/170
f 6225/2761 6226/238 6220/410
f 6226/238 6221/495 6220/410
f 6226/238 6227/2760 6221/495
f 6227/2760 6216/2757 6221/495
f 6227/2760 6222/2759 6216/2757
f 6228/2070 6223/2760 6222/2759
f 6228/2070 6229/2071 6223/2760
f 6229/2071 6224/238 6223/2760
f 6229/2071 6230/1407 6224/238
f 6230/1407 6225/2761 6224/238
f 6230/1407 6231/497 6225/2761
f 6231/497 6226/238 6225/2761
f 6231/497 6232/1407 6226/238
f 6232/1407 6227/2760 6226/238
f 6232/1407 6233/187 6227/2760
f 6233/187 6222/2759 6227/2760
f 6233/187 6228/2070 6222/2759
f 6234/204 6229/2071 6228/2070
f 6234/204 6235/146 6229/2071
f 6235/146 6230/1407 6229/2071
f 6235/146 6236/2272 6230/1407
f 6236/2272 6231/497 6230/1407
f 6236/2272 6237/2272 6231/497
f 6237/2272 6232/1407 6231/497
f 6237/2272 6238/2272 6232/1407
f 6238/2272 6233/187 6232/1407
f 6238/2272 6239/146 6233/187
f 6239/146 6228/2070 6233/187
f 6239/146 6234/204 6228/2070
f 6240/124 6235/146 6234/204
f 6240/124 6241/124 6235/146
f 6241/124 6236/2272 6235/146
f 6241/124 6242/1420 6236/2272
f 6242/1420 6237/2272 6236/2272
f 6242/1420 6243/1420 6237/2272
f 6243/1420 6238/2272 6237/2272
f 6243/1420 6244/443 6238/2272
f 6244/443 6239/146 6238/2272
f 6244/443 6245/124 6239/146
f 6245/124 6234/204 6239/146
f 6245/124 6240/124 6234/204
f 6246/417 6241/124 6240/124
f 6246/417 6247/145 6241/124
f 6247/145 6242/1420 6241/124
f 6247/145 6248/2762 6242/1420
f 6248/2762 6243/1420 6242/1420
f 6248/2762 6249/2762 6243/1420
f 6249/2762 6244/443 6243/1420
f 6249/2762 6250/2762 6244/443
f 6250/2762 6245/124 6244/443
f 6250/2762 6251/145 6245/124
f 6251/145 6240/124 6245/124
f 6251/145 6246/417 6240/124
f 6252/2763 6247/145 6246/417
f 6252/2763 6253/2763 6247/145
f 6253/2763 6248/2762 6247/145
f 6253/2763 6254/2296 6248/2762
f 6254/2296 6249/2762 6248/2762
f 6254/2296 6255/2764 6249/2762
f 6255/2764 6250/2762 6249/2762
f 6255/2764 6256/2296 6250/2762
f 6256/2296 6251/145 6250/2762
f 6256/2296 6257/2763 6251/145
f 6257/2763 6246/417 6251/145
f 6257/2763 6252/2763 6246/417
f 6258/424 6253/2763 6252/2763
f 6258/424 6259/424 6253/2763
f 6259/424 6254/2296 6253/2763
f 6259/424 6260/1447 6254/2296
f 6260/1447 6255/2764 6254/2296
f 6260/1447 6261/1447 6255/2764
f 6261/1447 6256/2296 6255/2764
f 6261/1447 6262/2765 6256/2296
f 6262/2765 6257/2763 6256/2296
f 6262/2765 6263/2765 6257/2763
f 6263/2765 6252/2763 6257/2763
f 6263/2765 6258/424 6252/2763
f 6264/2303 6259/424 6258/424
f 6264/2303 6265/2303 6259/424
f 6265/2303 6260/1447 6259/424
f 6265/2303 6266/184 6260/1447
f 6266/184 6261/1447 6260/1447
f 6266/184 6267/1448 6261/1447
f 6267/1448 6262/2765 6261/1447
f 6267/1448 6268/1448 6262/2765
f 6268/1448 6263/2765 6262/2765
f 6268/1448 6269/2303 6263/2765
f 6269/2303 6258/424 6263/2765
f 6269/2303 6264/2303 6258/424
f 6270/2304 6265/2303 6264/2303
f 6270/2304 6271/2094 6265/2303
f 6271/2094 6266/184 6265/2303
f 6271/2094 6272/2094 6266/184
f 6272/2094 6267/1448 6266/184
f 6272/2094 6273/2094 6267/1448
f 6273/2094 6268/1448 6267/1448
f 6273/2094 6274/2094 6268/1448
f 6274/2094 6269/2303 6268/1448
f 6274/2094 6275/2094 6269/2303
f 6275/2094 6264/2303 6269/2303
f 6275/2094 6270/2304 6264/2303
f 6276/2096 6271/2094 6270/2304
f 6276/2096 6277/2097 6271/2094
f 6277/2097 6272/2094 6271/2094
f 6277/2097 6278/2097 6272/2094
f 6278/2097 6273/2094 6272/2094
f 6278/2097 6279/2097 6273/2094
f 6279/2097 6274/2094 6273/2094
f 6279/2097 6280/2097 6274/2094
f 6280/2097 6275/2094 6274/2094
f 6280/2097 6281/2097 6275/2094
f 6281/2097 6270/2304 6275/2094
f 6281/2097 6276/2096 6270/2304
f 6164/2060 6163/2060 6282/2060
f 6277/2097 6276/2096 6283/2097
f 6163/2060 6166/2059 6282/2060
f 6278/2097 6277/2097 6283/2097
f 6166/2059 6168/2059 6282/2060
f 6279/2097 6278/2097 6283/2097
f 6168/2059 6170/2059 6282/2060
f 6280/2097 6279/2097 6283/2097
f 6170/2059 6172/2060 6282/2060
f 6281/2097 6280/2097 6283/2097
f 6172/2060 6164/2060 6282/2060
f 6276/2096 6281/2097 6283/2097
f 6284/2766 6285/2767 6286/2767
f 6284/2766 6287/2766 6285/2767
f 6287/2766 6288/2768 6285/2767
f 6288/2768 6289/2768 6285/2767
f 6289/2768 6286/2767 6285/2767
f 6289/2768 6290/2768 6286/2767
f 6290/2768 6291/2767 6286/2767
f 6290/2768 6292/2766 6291/2767
f 6292/2766 6293/2769 6291/2767
f 6293/2769 6294/2769 6291/2767
f 6294/2769 6286/2767 6291/2767
f 6294/2769 6284/2766 6286/2767
f 6295/2770 6287/2766 6284/2766
f 6295/2770 6296/2771 6287/2766
f 6296/2771 6288/2768 6287/2766
f 6296/2771 6297/2772 6288/2768
f 6297/2772 6289/2768 6288/2768
f 6297/2772 6298/2772 6289/2768
f 6298/2772 6290/2768 6289/2768
f 6298/2772 6299/2772 6290/2768
f 6299/2772 6292/2766 6290/2768
f 6299/2772 6300/2771 6292/2766
f 6300/2771 6293/2769 6292/2766
f 6300/2771 6301/2770 6293/2769
f 6301/2770 6294/2769 6293/2769
f 6301/2770 6302/2773 6294/2769
f 6302/2773 6284/2766 6294/2769
f 6302/2773 6295/2770 6284/2766
f 6303/2774 6296/2771 6295/2770
f 6303/2774 6304/2775 6296/2771
f 6304/2775 6297/2772 6296/2771
f 6304/2775 6305/2776 6297/2772
f 6305/2776 6298/2772 6297/2772
f 6305/2776 6306/2777 6298/2772
f 6306/2777 6299/2772 6298/2772
f 6306/2777 6307/2778 6299/2772
f 6307/2778 6300/2771 6299/2772
f 6307/2778 6308/2776 6300/2771
f 6308/2776 6301/2770 6300/2771
f 6308/2776 6309/2779 6301/2770
f 6309/2779 6302/2773 6301/2770
f 6309/2779 6310/2780 6302/2773
f 6310/2780 6295/2770 6302/2773
f 6310/2780 6303/2774 6295/2770
f 6311/2781 6304/2775 6303/2774
f 6311/2781 6312/2782 6304/2775
f 6312/2782 6305/2776 6304/2775
f 6312/2782 6313/2783 6305/2776
f 6313/2783 6306/2777 6305/2776
f 6313/2783 6314/2784 6306/2777
f 6314/2784 6307/2778 6306/2777
f 6314/2784 6315/2785 6307/2778
f 6315/2785 6308/2776 6307/2778
f 6315/2785 6316/2786 6308/2776
f 6316/2786 6309/2779 6308/2776
f 6316/2786 6317/2782 6309/2779
f 6317/2782 6310/2780 6309/2779
f 6317/2782 6318/2787 6310/2780
f 6318/2787 6303/2774 6310/2780
f 6318/2787 6311/2781 6303/2774
f 6319/2788 6312/2782 6311/2781
f 6319/2788 6320/2789 6312/2782
f 6320/2789 6313/2783 6312/2782
f 6320/2789 6321/2790 6313/2783
f 6321/2790 6314/2784 6313/2783
f 6321/2790 6322/2791 6314/2784
f 6322/2791 6315/2785 6314/2784
f 6322/2791 6323/2792 6315/2785
f 6323/2792 6316/2786 6315/2785
f 6323/2792 6324/2793 6316/2786
f 6324/2793 6317/2782 6316/2786
f 6324/2793 6325/2794 6317/2782
f 6325/2794 6318/2787 6317/2782
f 6325/2794 6326/2788 6318/2787
f 6326/2788 6311/2781 6318/2787
f 6326/2788 6319/2788 6311/2781
f 6327/2795 6320/2789 6319/2788
f 6327/2795 6328/2796 6320/2789
f 6328/2796 6321/2790 6320/2789
f 6328/2796 6329/2797 6321/2790
f 6329/2797 6322/2791 6321/2790
f 6329/2797 6330/2798 6322/2791
f 6330/2798 6323/2792 6322/2791
f 6330/2798 6331/2799 6323/2792
f 6331/2799 6324/2793 6323/2792
f 6331/2799 6332/2800 6324/2793
f 6332/2800 6325/2794 6324/2793
f 6332/2800 6333/2801 6325/2794
f 6333/2801 6326/2788 6325/2794
f 6333/2801 6334/2802 6326/2788
f 6334/2802 6319/2788 6326/2788
f 6334/2802 6327/2795 6319/2788
f 6335/2803 6328/2796 6327/2795
f 6335/2803 6336/2804 6328/2796
f 6336/2804 6329/2797 6328/2796
f 6336/2804 6337/2805 6329/2797
f 6337/2805 6330/2798 6329/2797
f 6337/2805 6338/2806 6330/2798
f 6338/2806 6331/2799 6330/2798
f 6338/2806 6339/2806 6331/2799
f 6339/2806 6332/2800 6331/2799
f 6339/2806 6340/2807 6332/2800
f 6340/2807 6333/2801 6332/2800
f 6340/2807 6341/2808 6333/2801
f 6341/2808 6334/2802 6333/2801
f 6341/2808 6342/2803 6334/2802
f 6342/2803 6327/2795 6334/2802
f 6342/2803 6335/2803 6327/2795
f 6343/2809 6336/2804 6335/2803
f 6343/2809 6344/2810 6336/2804
f 6344/2810 6337/2805 6336/2804
f 6344/2810 6345/2811 6337/2805
f 6345/2811 6338/2806 6337/2805
f 6345/2811 6346/2812 6338/2806
f 6346/2812 6339/2806 6338/2806
f 6346/2812 6347/2813 6339/2806
f 6347/2813 6340/2807 6339/2806
f 6347/2813 6348/2814 6340/2807
f 6348/2814 6341/2808 6340/2807
f 6348/2814 6349/2815 6341/2808
f 6349/2815 6342/2803 6341/2808
f 6349/2815 6350/2816 6342/2803
f 6350/2816 6335/2803 6342/2803
f 6350/2816 6343/2809 6335/2803
f 6351/2817 6344/2810 6343/2809
f 6351/2817 6352/2818 6344/2810
f 6352/2818 6345/2811 6344/2810
f 6352/2818 6353/2819 6345/2811
f 6353/2819 6346/2812 6345/2811
f 6353/2819 6354/2820 6346/2812
f 6354/2820 6347/2813 6346/2812
f 6354/2820 6355/2820 6347/2813
f 6355/2820 6348/2814 6347/2813
f 6355/2820 6356/2821 6348/2814
f 6356/2821 6349/2815 6348/2814
f 6356/2821 6357/2822 6349/2815
f 6357/2822 6350/2816 6349/2815
f 6357/2822 6358/2823 6350/2816
f 6358/2823 6343/2809 6350/2816
f 6358/2823 6351/2817 6343/2809
f 6359/2195 6352/2818 6351/2817
f 6359/2195 6360/2824 6352/2818
f 6360/2824 6353/2819 6352/2818
f 6360/2824 6361/2825 6353/2819
f 6361/2825 6354/2820 6353/2819
f 6361/2825 6362/2826 6354/2820
f 6362/2826 6355/2820 6354/2820
f 6362/2826 6363/2826 6355/2820
f 6363/2826 6356/2821 6355/2820
f 6363/2826 6364/2827 6356/2821
f 6364/2827 6357/2822 6356/2821
f 6364/2827 6365/2828 6357/2822
f 6365/2828 6358/2823 6357/2822
f 6365/2828 6366/2195 6358/2823
f 6366/2195 6351/2817 6358/2823
f 6366/2195 6359/2195 6351/2817
f 6367/2829 6360/2824 6359/2195
f 6367/2829 6368/2830 6360/2824
f 6368/2830 6361/2825 6360/2824
f 6368/2830 6369/2831 6361/2825
f 6369/2831 6362/2826 6361/2825
f 6369/2831 6370/2832 6362/2826
f 6370/2832 6363/2826 6362/2826
f 6370/2832 6371/2833 6363/2826
f 6371/2833 6364/2827 6363/2826
f 6371/2833 6372/2834 6364/2827
f 6372/2834 6365/2828 6364/2827
f 6372/2834 6373/2181 6365/2828
f 6373/2181 6366/2195 6365/2828
f 6373/2181 6374/2835 6366/2195
f 6374/2835 6359/2195 6366/2195
f 6374/2835 6367/2829 6359/2195
f 6375/2173 6368/2830 6367/2829
f 6375/2173 6376/2836 6368/2830
f 6376/2836 6369/2831 6368/2830
f 6376/2836 6377/2837 6369/2831
f 6377/2837 6370/2832 6369/2831
f 6377/2837 6378/2838 6370/2832
f 6378/2838 6371/2833 6370/2832
f 6378/2838 6379/2839 6371/2833
f 6379/2839 6372/2834 6371/2833
f 6379/2839 6380/2182 6372/2834
f 6380/2182 6373/2181 6372/2834
f 6380/2182 6381/2183 6373/2181
f 6381/2183 6374/2835 6373/2181
f 6381/2183 6382/2840 6374/2835
f 6382/2840 6367/2829 6374/2835
f 6382/2840 6375/2173 6367/2829
f 6383/2171 6376/2836 6375/2173
f 6383/2171 6384/2166 6376/2836
f 6384/2166 6377/2837 6376/2836
f 6384/2166 6385/2841 6377/2837
f 6385/2841 6378/2838 6377/2837
f 6385/2841 6386/2176 6378/2838
f 6386/2176 6379/2839 6378/2838
f 6386/2176 6387/2176 6379/2839
f 6387/2176 6380/2182 6379/2839
f 6387/2176 6388/2842 6380/2182
f 6388/2842 6381/2183 6380/2182
f 6388/2842 6389/2843 6381/2183
f 6389/2843 6382/2840 6381/2183
f 6389/2843 6390/2171 6382/2840
f 6390/2171 6375/2173 6382/2840
f 6390/2171 6383/2171 6375/2173
f 6391/2844 6384/2166 6383/2171
f 6391/2844 6392/2164 6384/2166
f 6392/2164 6385/2841 6384/2166
f 6392/2164 6393/2159 6385/2841
f 6393/2159 6386/2176 6385/2841
f 6393/2159 6394/2170 6386/2176
f 6394/2170 6387/2176 6386/2176
f 6394/2170 6395/2845 6387/2176
f 6395/2845 6388/2842 6387/2176
f 6395/2845 6396/2846 6388/2842
f 6396/2846 6389/2843 6388/2842
f 6396/2846 6397/2847 6389/2843
f 6397/2847 6390/2171 6389/2843
f 6397/2847 6398/2848 6390/2171
f 6398/2848 6383/2171 6390/2171
f 6398/2848 6391/2844 6383/2171
f 6399/2849 6392/2164 6391/2844
f 6399/2849 6400/2850 6392/2164
f 6400/2850 6393/2159 6392/2164
f 6400/2850 6401/2851 6393/2159
f 6401/2851 6394/2170 6393/2159
f 6401/2851 6402/2852 6394/2170
f 6402/2852 6395/2845 6394/2170
f 6402/2852 6403/2163 6395/2845
f 6403/2163 6396/2846 6395/2845
f 6403/2163 6404/2151 6396/2846
f 6404/2151 6397/2847 6396/2846
f 6404/2151 6405/2853 6397/2847
f 6405/2853 6398/2848 6397/2847
f 6405/2853 6406/2849 6398/2848
f 6406/2849 6391/2844 6398/2848
f 6406/2849 6399/2849 6391/2844
f 6407/2854 6400/2850 6399/2849
f 6407/2854 6408/2855 6400/2850
f 6408/2855 6401/2851 6400/2850
f 6408/2855 6409/2856 6401/2851
f 6409/2856 6402/2852 6401/2851
f 6409/2856 6410/2857 6402/2852
f 6410/2857 6403/2163 6402/2852
f 6410/2857 6411/2857 6403/2163
f 6411/2857 6404/2151 6403/2163
f 6411/2857 6412/2858 6404/2151
f 6412/2858 6405/2853 6404/2151
f 6412/2858 6413/2859 6405/2853
f 6413/2859 6406/2849 6405/2853
f 6413/2859 6414/2854 6406/2849
f 6414/2854 6399/2849 6406/2849
f 6414/2854 6407/2854 6399/2849
f 6415/2860 6408/2855 6407/2854
f 6415/2860 6416/2861 6408/2855
f 6416/2861 6409/2856 6408/2855
f 6416/2861 6417/2862 6409/2856
f 6417/2862 6410/2857 6409/2856
f 6417/2862 6418/2863 6410/2857
f 6418/2863 6411/2857 6410/2857
f 6418/2863 6419/2863 6411/2857
f 6419/2863 6412/2858 6411/2857
f 6419/2863 6420/2862 6412/2858
f 6420/2862 6413/2859 6412/2858
f 6420/2862 6421/2864 6413/2859
f 6421/2864 6414/2854 6413/2859
f 6421/2864 6422/2860 6414/2854
f 6422/2860 6407/2854 6414/2854
f 6422/2860 6415/2860 6407/2854
f 6423/2865 6416/2861 6415/2860
f 6423/2865 6424/2866 6416/2861
f 6424/2866 6417/2862 6416/2861
f 6424/2866 6425/2867 6417/2862
f 6425/2867 6418/2863 6417/2862
f 6425/2867 6426/2868 6418/2863
f 6426/2868 6419/2863 6418/2863
f 6426/2868 6427/2868 6419/2863
f 6427/2868 6420/2862 6419/2863
f 6427/2868 6428/2869 6420/2862
f 6428/2869 6421/2864 6420/2862
f 6428/2869 6429/2866 6421/2864
f 6429/2866 6422/2860 6421/2864
f 6429/2866 6430/2865 6422/2860
f 6430/2865 6415/2860 6422/2860
f 6430/2865 6423/2865 6415/2860
f 6431/2870 6424/2866 6423/2865
f 6431/2870 6432/2871 6424/2866
f 6432/2871 6425/2867 6424/2866
f 6432/2871 6433/2872 6425/2867
f 6433/2872 6426/2868 6425/2867
f 6433/2872 6434/2873 6426/2868
f 6434/2873 6427/2868 6426/2868
f 6434/2873 6435/2873 6427/2868
f 6435/2873 6428/2869 6427/2868
f 6435/2873 6436/2872 6428/2869
f 6436/2872 6429/2866 6428/2869
f 6436/2872 6437/2874 6429/2866
f 6437/2874 6430/2865 6429/2866
f 6437/2874 6438/2870 6430/2865
f 6438/2870 6423/2865 6430/2865
f 6438/2870 6431/2870 6423/2865
f 6439/2875 6432/2871 6431/2870
f 6439/2875 6440/2876 6432/2871
f 6440/2876 6433/2872 6432/2871
f 6440/2876 6441/2877 6433/2872
f 6441/2877 6434/2873 6433/2872
f 6441/2877 6442/2878 6434/2873
f 6442/2878 6435/2873 6434/2873
f 6442/2878 6443/2879 6435/2873
f 6443/2879 6436/2872 6435/2873
f 6443/2879 6444/2880 6436/2872
f 6444/2880 6437/2874 6436/2872
f 6444/2880 6445/2876 6437/2874
f 6445/2876 6438/2870 6437/2874
f 6445/2876 6446/2881 6438/2870
f 6446/2881 6431/2870 6438/2870
f 6446/2881 6439/2875 6431/2870
f 6447/2882 6440/2876 6439/2875
f 6447/2882 6448/2883 6440/2876
f 6448/2883 6441/2877 6440/2876
f 6448/2883 6449/2884 6441/2877
f 6449/2884 6442/2878 6441/2877
f 6449/2884 6450/2885 6442/2878
f 6450/2885 6443/2879 6442/2878
f 6450/2885 6451/2885 6443/2879
f 6451/2885 6444/2880 6443/2879
f 6451/2885 6452/2884 6444/2880
f 6452/2884 6445/2876 6444/2880
f 6452/2884 6453/2883 6445/2876
f 6453/2883 6446/2881 6445/2876
f 6453/2883 6454/2886 6446/2881
f 6454/2886 6439/2875 6446/2881
f 6454/2886 6447/2882 6439/2875
f 6455/2887 6448/2883 6447/2882
f 6455/2887 6456/2888 6448/2883
f 6456/2888 6449/2884 6448/2883
f 6456/2888 6457/2889 6449/2884
f 6457/2889 6450/2885 6449/2884
f 6457/2889 6458/2890 6450/2885
f 6458/2890 6451/2885 6450/2885
f 6458/2890 6459/2890 6451/2885
f 6459/2890 6452/2884 6451/2885
f 6459/2890 6460/2891 6452/2884
f 6460/2891 6453/2883 6452/2884
f 6460/2891 6461/2888 6453/2883
f 6461/2888 6454/2886 6453/2883
f 6461/2888 6462/2887 6454/2886
f 6462/2887 6447/2882 6454/2886
f 6462/2887 6455/2887 6447/2882
f 6463/2892 6456/2888 6455/2887
f 6463/2892 6464/2892 6456/2888
f 6464/2892 6457/2889 6456/2888
f 6464/2892 6465/2892 6457/2889
f 6465/2892 6458/2890 6457/2889
f 6465/2892 6459/2890 6458/2890
f 6465/2892 6464/2892 6459/2890
f 6464/2892 6460/2891 6459/2890
f 6464/2892 6463/2893 6460/2891
f 6463/2893 6461/2888 6460/2891
f 6463/2893 6462/2887 6461/2888
f 6463/2893 6455/2887 6462/2887
f 6465/2892 6464/2892 6463/2892
f 6464/2892 6465/2892 6463/2892
f 6466/2894 6467/1455 6468/125
f 6469/1455 6470/2894 6471/125
f 6466/2894 6469/1455 6467/1455
f 6470/2894 6469/1455 6466/2894
f 6472/211 6466/2894 6468/125
f 6470/2894 6473/211 6471/125
f 6472/211 6470/2894 6466/2894
f 6473/211 6470/2894 6472/211
f 6474/2895 6472/211 6468/125
f 6473/211 6475/2895 6471/125
f 6474/2895 6473/211 6472/211
f 6475/2895 6473/211 6474/2895
f 6476/369 6474/2895 6468/125
f 6475/2895 6477/369 6471/125
f 6476/369 6475/2895 6474/2895
f 6477/369 6475/2895 6476/369
f 6478/178 6476/369 6468/125
f 6477/369 6479/178 6471/125
f 6478/178 6477/369 6476/369
f 6479/178 6477/369 6478/178
f 6480/465 6478/178 6468/125
f 6479/178 6481/465 6471/125
f 6480/465 6479/178 6478/178
f 6481/465 6479/178 6480/465
f 6482/138 6480/465 6468/125
f 6481/465 6483/138 6471/125
f 6482/138 6481/465 6480/465
f 6483/138 6481/465 6482/138
f 6484/2896 6482/138 6468/125
f 6483/138 6485/2896 6471/125
f 6484/2896 6483/138 6482/138
f 6485/2896 6483/138 6484/2896
f 6486/438 6484/2896 6468/125
f 6485/2896 6487/438 6471/125
f 6486/438 6485/2896 6484/2896
f 6487/438 6485/2896 6486/438
f 6488/2897 6486/438 6468/125
f 6487/438 6489/2897 6471/125
f 6488/2897 6487/438 6486/438
f 6489/2897 6487/438 6488/2897
f 6467/1455 6488/2897 6468/125
f 6489/2897 6469/1455 6471/125
f 6467/1455 6489/420 6488/420
f 6469/1455 6489/2897 6467/1455
f 6490/2898 6491/2899 6492/151
f 6493/2898 6494/151 6495/2899
f 6491/2899 6495/2899 6492/151
f 6492/151 6495/2899 6494/151
f 6490/2898 6492/151 6496/186
f 6493/2898 6497/186 6494/151
f 6492/151 6494/151 6496/186
f 6496/186 6494/151 6497/186
f 6490/2898 6496/186 6498/1356
f 6493/2898 6499/1356 6497/186
f 6496/186 6497/186 6498/2900
f 6498/1356 6497/186 6499/1356
f 6490/2898 6498/1356 6500/2901
f 6493/2898 6501/2901 6499/2900
f 6498/2900 6499/2900 6500/2901
f 6500/2901 6499/2900 6501/2901
f 6490/2898 6500/2901 6502/2902
f 6493/2898 6503/2902 6501/2901
f 6500/2901 6501/2901 6502/2902
f 6502/2902 6501/2901 6503/2902
f 6490/2898 6502/2902 6504/478
f 6493/2898 6505/478 6503/2902
f 6502/2902 6503/2902 6504/478
f 6504/478 6503/2902 6505/478
f 6490/2898 6504/478 6506/2903
f 6493/2898 6507/2903 6505/478
f 6504/478 6505/478 6506/2903
f 6506/2903 6505/478 6507/2903
f 6490/2898 6506/2903 6508/161
f 6493/2898 6509/161 6507/2903
f 6506/2903 6507/2903 6508/161
f 6508/161 6507/2903 6509/161
f 6490/2898 6508/161 6510/2904
f 6493/2898 6511/2904 6509/161
f 6508/161 6509/161 6510/2904
f 6510/2904 6509/161 6511/2904
f 6490/2898 6510/2904 6491/2899
f 6493/2898 6495/2899 6511/2904
f 6510/2904 6511/2904 6491/2899
f 6491/2899 6511/2904 6495/2899
f 6512/2905 6513/2906 6514/2907
f 6515/2908 6516/2909 6514/2907
f 6514/2910 6513/2906 6515/2908
f 6516/2909 6517/2911 6514/2907
f 6518/2912 6519/2913 6517/2911
f 6514/2910 6517/2911 6519/2913
f 6519/2913 6520/2914 6514/2910
f 6520/2914 6521/2915 6514/2910
f 6522/2915 6523/2916 6514/2910
f 6514/2907 6521/2915 6522/2915
f 6524/2917 6525/2918 6514/2907
f 6514/2910 6523/2916 6524/2917
f 6526/2919 6527/2920 6525/2918
f 6514/2907 6525/2918 6527/2920
f 6528/2921 6512/2922 6527/2920
f 6514/2910 6527/2920 6512/2922
