# PulseChain tree, from the GLB by scripts/prep-tree.js
mtllib tree.mtl
usemtl TreeColors
v -7.456 10.111 0.154
v -7.404 9.83 0.246
v -7.509 9.832 0.366
v -6.998 9.7 0.189
v -6.674 9.274 0.323
v -5.076 7.777 0.472
v -6.088 8.429 0.272
v -5.882 8.592 0.497
v -5.383 7.872 0.239
v -5.011 8.044 0.583
v -5.546 8.582 0.416
v -6.335 8.793 0.389
v -6.069 8.958 0.278
v -4.95 6.56 0.801
v -5.252 6.587 0.775
v -5.66 6.663 0.815
v -4.286 6.544 0.748
v -5.058 6.621 0.76
v -4.131 6.409 0.68
v -4.791 6.483 0.672
v -4.187 6.606 0.638
v -4.64 7.433 0.377
v -4.249 7.407 0.634
v -4.094 7.876 0.557
v -3.96 10.222 4.562
v -4.23 10.49 4.813
v -4.216 10.534 4.872
v -4.192 10.384 4.65
v -4.383 10.777 5.106
v -4.178 10.526 4.813
v -3.923 10.321 4.378
v -3.777 10.092 4.09
v -3.793 10.237 4.445
v -3.726 10.061 4.288
v -3.566 10.14 4.114
v -3.54 9.862 3.988
v -3.515 10.056 3.798
v -3.444 9.726 3.515
v -3.15 6.525 0.656
v -4.088 6.477 0.519
v -3.145 6.486 0.457
v -3.678 6.778 0.582
v -3.251 6.656 0.278
v -3.629 6.934 0.61
v -3.657 6.877 0.373
v -3.859 7.504 0.724
v -5.004 8.379 0.264
v -3.784 7.847 0.281
v -3.836 10.215 0.481
v -4.071 10.722 0.325
v -3.952 10.989 0.37
v -3.619 8.865 0.566
v -3.786 9.148 0.275
v -3.643 10.429 0.406
v -3.559 9.487 0.589
v -4.116 11.663 0.255
v -3.782 11.077 0.212
v -3.344 9.927 3.905
v -3.258 9.896 3.541
v -3.341 9.61 3.604
v -3.101 9.666 3.536
v -3.125 9.012 2.826
v -3.209 9.195 2.728
v -3.136 9.293 3.232
v -2.864 8.916 2.728
v -3.226 9.588 3.073
v -3.049 9.574 3.023
v -2.883 9.39 2.976
v -2.943 8.54 2.342
v -3.042 8.484 1.912
v -2.711 8.143 1.951
v -2.631 8.33 2.046
v -3.027 8.951 2.202
v -2.921 9.094 2.315
v -2.754 9.005 2.645
v -2.733 8.872 2.116
v -2.629 8.78 2.235
v -2.924 8.144 1.829
v -2.76 8.561 1.637
v -2.873 7.999 1.285
v -2.628 8.118 1.181
v -2.708 6.508 0.756
v -3.283 6.709 0.722
v -2.803 6.459 0.568
v -2.651 7.093 0.977
v -2.16 6.402 0.954
v -3.133 6.983 0.84
v -3.263 7.764 0.626
v -2.833 7.392 0.844
v -2.823 7.705 1.342
v -2.701 7.754 0.881
v -3.262 8.578 0.681
v -3.075 7.845 0.738
v -3.448 7.997 0.391
v -3.486 7.787 0.48
v -3.34 7.81 0.186
v -2.777 7.956 0.693
v -3.094 8.774 0.566
v -2.715 8.204 0.414
v -2.977 8.76 0.374
v -3.261 9.592 0.313
v -2.421 0.228 2.15
v -2.688 0.105 2.26
v -2.909 0.119 2.345
v -2.626 0.148 1.988
v -2.422 0.326 1.901
v -2.015 0.146 2.022
v -2.474 8.351 1.793
v -2.212 0.026 1.78
v -2.304 0.121 1.653
v -2.023 0.174 1.292
v -1.596 0.535 1.664
v -1.644 0.343 0.9
v -1.733 0.015 1.664
v -1.349 0.63 0.736
v -1.816 0.568 1.54
v -2.44 8.181 1.369
v -2.352 7.815 1.488
v -2.187 7.646 1.022
v -1.986 5.709 0.383
v -1.955 5.891 0.751
v -2.205 6.895 0.946
v -2.523 7.743 0.689
v -2.539 7.437 1.349
v -2.02 7.076 0.813
v -2.323 7.453 0.26
v -1.994 7.186 0.538
v -1.348 6.812 0.438
v -2.192 7.183 0.15
v -1.61 10.024 6.047
v -1.524 10.425 6.592
v -1.593 10.577 6.841
v -1.581 9.817 6.219
v -1.61 10.32 6.788
v -1.477 10.003 6.439
v -1.441 10.144 6.22
v -1.328 9.908 6.06
v -1.28 10.92 7.136
v -1.449 10.591 7
v -1.371 10.747 7.02
v -1.348 9.124 5.327
v -1.399 9.641 6.02
v -1.218 9.393 5.608
v -1.626 9.821 5.961
v -1.352 9.869 5.739
v -1.151 9.525 5.239
v -1.534 9.401 5.341
v -1.158 8.996 4.278
v -1.403 9.656 5.335
v -1.397 9.114 4.773
v -1.037 9.055 5.239
v -1.131 8.978 5.35
v -1.157 8.926 5.687
v -1.113 8.741 5.378
v -1.275 8.892 5.172
v -1.138 9.33 4.726
v -1.016 8.631 4.736
v -1.205 8.698 4.359
v -1.029 8.816 5.341
v -1.079 9.371 5.366
v -1.351 7.116 3.804
v -1.689 7.208 4.29
v -1.493 7.155 3.969
v -1.43 7.038 3.908
v -1.215 6.943 3.489
v -1.077 7.032 3.547
v -0.764 8.242 3.958
v -0.853 8.618 4.583
v -0.737 8.035 3.336
v -0.642 8.84 3.714
v -0.899 6.905 3.29
v -1.119 6.937 3.221
v -0.935 7.118 2.997
v -1.038 8.601 3.854
v -0.792 8.207 3.255
v -0.824 0.14 1.393
v -1.295 0.266 1.683
v -0.957 0.842 1.23
v -1.373 0.087 0.772
v -1.369 0.411 0.515
v -1.631 0.437 0.269
v -1.413 0.237 0.404
v -1.168 0.878 0.944
v -1.434 0.759 0.171
v -1.113 0.089 0.446
v -1.095 1.053 0.839
v -0.662 0.031 0.4
v -0.792 0.962 1.21
v -1.137 2.259 0.76
v -1.277 2.487 0.195
v -1.307 1.045 0.253
v -1.017 3.523 0.219
v -0.867 3.542 0.771
v -1.441 5.219 0.753
v -0.877 3.961 0.739
v -1.041 3.848 0.298
v -1.39 4.699 0.331
v -1.718 5.318 0.335
v -0.57 3.94 0.987
v -1.233 5.493 1.021
v -1.647 6.089 0.993
v -1.433 6.358 0.955
v -0.663 5.436 1.02
v -0.816 5.935 0.918
v -1.334 6.627 0.778
v -0.839 6.421 0.43
v -0.761 6.342 0.546
v -0.614 8.811 4.426
v -0.791 9.108 4.647
v -0.465 8.208 3.916
v -0.341 8.691 3.709
v -0.375 7.01 2.68
v -0.426 6.883 2.493
v -0.552 7.148 2.853
v -0.61 7.37 2.709
v -0.505 7.748 3.297
v -0.315 7.409 2.98
v -0.677 8.531 3.267
v -0.302 8.368 2.865
v -0.171 7.89 3.404
v -0.262 8.451 3.825
v -0.039 8.306 3.15
v -0.017 8.049 3.324
v -0.104 0.197 2.678
v -0.299 0.169 2.412
v -0.254 0.552 1.877
v 0.044 0.604 1.829
v -0.558 6.963 2.319
v -0.283 6.339 2.012
v 0.103 6.959 2.517
v 0.052 6.823 2.329
v -0.679 7.145 2.419
v -0.699 6.782 1.746
v -0.667 7.636 2.483
v 0.07 7.267 2.665
v -0.568 7.273 1.801
v -0.464 7.842 2.297
v -0.189 7.909 2.268
v -0.911 0.49 1.46
v -0.548 0.256 1.495
v -0.527 0.43 1.562
v -0.48 0.124 1.316
v -0.354 0.832 1.536
v -0.174 0.004 1.755
v -0.509 1.099 1.394
v 0.216 1.031 1.397
v -0.564 5.579 1.127
v -0.699 5.978 1.045
v -0.162 5.027 1.055
v -0.306 5.713 1.499
v -0.29 6.598 0.893
v -0.302 7.257 1.566
v -0.007 7.299 1.67
v -0.011 6.613 0.933
v -0.657 2.16 1.166
v -0.352 3.894 1.051
v -0.507 2.601 1.13
v 0.202 3.739 1.065
v -0.053 2.261 1.11
v -0.069 4.764 1.015
v -0.645 6.145 0.741
v -0.571 6.506 0.53
v -0.686 6.556 0.129
v -0.436 6.424 0.807
v -0.181 6.783 0.767
v -0.429 8.569 0.451
v -0.155 8.501 0.622
v -0.366 7.92 0.352
v 0.122 8.608 1.224
v -0.042 7.861 0.909
v -0.831 9.493 0.337
v -0.683 9.715 0.517
v 0.029 8.87 0.542
v -0.33 8.962 0.582
v -0.572 10.27 0.484
v -0.844 11.271 0.365
v -0.447 10.553 0.37
v 0.277 8.998 0.261
v -0.133 9.961 0.207
v -0.374 11.787 0.244
v -0.754 12.318 0.201
v -0.904 11.831 0.197
v -0.586 12.842 0.26
v -0.473 12.632 0.26
v -6.986 9.357 0.238
v -7.187 9.608 0.057
v -7.709 10.315 0.155
v -7.484 10.031 0.09
v -7.129 9.811 0.092
v -6.831 9.117 0.116
v -6.601 9.238 0.018
v -6.327 8.732 0.046
v -5.948 8.841 0.082
v -6.565 9.363 0.15
v -6.408 7.901 -0.809
v -5.811 7.658 -0.378
v -5.664 7.711 -0.447
v -5.622 8.161 0.062
v -5.361 8.273 -0.049
v -5.428 7.845 -0.307
v -6.22 7.874 -0.617
v -6.072 7.841 -0.661
v -5.49 7.929 -0.163
v -5.351 8.082 -0.069
v -4.943 7.802 -0.061
v -4.99 7.662 0.107
v -4.226 7.503 -0.073
v -4.934 8.045 -0.056
v -4.285 7.274 0.084
v -5.021 8.344 0.09
v -3.54 7.674 0.08
v -4.359 12.417 0.148
v -4.45 12.54 0.051
v -4.375 12.659 0.046
v -4.531 12.95 0.043
v -4.382 12.532 -0.037
v -3.579 6.945 0.091
v -3.749 8.826 -0.557
v -3.454 8.298 -0.004
v -3.687 8.746 -0.853
v -3.512 8.808 -0.126
v -3.656 8.663 0.201
v -3.95 10.277 0.049
v -3.45 8.982 -0.038
v -3.797 10.497 -0.013
v -3.88 9.312 -0.956
v -4.208 11.514 -0.056
v -4.237 11.207 0.095
v -3.649 10.61 0.096
v -3.863 11.22 0.018
v -4.386 11.931 0.078
v -4.19 12.193 0.107
v -4.092 11.709 -0.056
v -4.032 11.768 0.075
v -4.026 14.12 0.049
v -3.67 13.714 0.163
v -3.428 13.241 0.024
v -3.47 13.761 0.012
v -3.382 13.612 0.125
v -4.033 14.305 0.15
v -3.419 13.398 -0.084
v -3.909 9.024 -1.005
v -4.106 9.393 -1.536
v -4.142 9.582 -1.568
v -3.728 9.402 -0.971
v -3.755 9.646 -1.49
v -3.559 8.87 -1.136
v -3.425 9.163 -0.66
v -3.65 9.346 -1.504
v -3.431 9.159 -1.1
v -3.952 9.738 -1.524
v -4.103 6.556 -2.238
v -3.709 6.403 -1.659
v -3.789 6.389 -1.866
v -3.569 6.406 -1.657
v -3.853 6.468 -2
v -4.131 9.809 -2.288
v -3.908 9.305 -1.66
v -3.929 9.68 -2.044
v -4.236 9.87 -2.094
v -4.154 9.955 -1.957
v -4.292 10.248 -2.503
v -4.265 10.083 -2.606
v -4.03 10.035 -2.086
v -4.23 10.399 -2.735
v -3.852 9.803 -1.893
v -4.032 10.076 -2.431
v -3.588 9.005 -2.181
v -3.589 8.852 -2.283
v -3.466 8.929 -2.946
v -3.392 8.825 -3.086
v -4.379 10.55 -3.024
v -4.218 10.281 -2.869
v -4.391 10.74 -3.411
v -3.097 0.238 -0.612
v -2.879 0.212 -0.343
v -3.429 0.098 -0.676
v -2.972 0.039 -0.503
v -2.424 0.438 -0.22
v -2.818 7.287 -0.035
v -2.625 6.887 -0.076
v -2.982 7.58 0.026
v -3.179 8.05 -0.023
v -3.231 8.505 -0.572
v -2.856 8.479 -0.102
v -3.096 8.669 -0.519
v -2.83 8.357 0.151
v -3.146 8.866 -0.039
v -3.233 9.055 0.052
v -3.175 8.91 -0.561
v -3.069 12.822 0.131
v -2.645 12.161 0.086
v -2.972 12.698 -0.131
v -2.545 12.411 0.167
v -2.931 13.026 0.133
v -2.664 12.235 -0.141
v -2.576 12.648 0.051
v -2.527 12.451 -0.17
v -3.014 13.209 0.028
v -2.984 13.004 -0.139
v -2.897 0.144 -0.693
v -3.282 6.279 -1.047
v -3.339 6.219 -1.204
v -3.378 6.236 -1.433
v -3.271 6.395 -1.273
v -2.955 6.438 -0.863
v -2.732 6.189 -0.624
v -2.914 6.302 -0.984
v -2.49 6.334 -0.49
v -3.598 8.84 -1.432
v -3.455 8.862 -1.663
v -3.358 8.921 -2.706
v -3.414 9.019 -1.514
v -3.437 8.999 -2.221
v -3.361 8.985 -3.465
v -3.328 8.845 -2.837
v -3.307 8.985 -3.637
v -3.287 9.075 -3.915
v -2.396 0.473 -0.435
v -2.047 0.12 0.063
v -2.49 0.178 -0.122
v -1.764 0.381 -0.618
v -1.374 0.708 -0.394
v -1.714 0.714 -0.155
v -2.434 6.228 0.052
v -2.239 6.19 -0.015
v -1.67 5.575 -0.041
v -2.021 6.334 -0.142
v -1.48 5.861 -0.274
v -2.743 6.463 0.13
v -2.209 6.399 -0.223
v -2.471 6.596 -0.189
v -1.62 6.571 -0.138
v -2.888 8.059 0.027
v -2.1 11.493 -0.24
v -1.973 11.036 -0.004
v -1.734 10.891 -0.25
v -1.565 10.846 0.229
v -2.122 11.535 0.177
v -1.593 11.252 0.142
v -2.312 11.59 -0.071
v -2.316 12.295 -0.109
v -2.107 12.067 -0.003
v -1.67 11.471 -0.069
v -1.696 0.017 -0.4
v -1.83 0.147 -0.611
v -1.099 0.183 -0.536
v -1.085 0.599 -0.548
v -1.283 0.934 -0.09
v -1.071 1.039 -0.392
v -1.137 2.19 -0.376
v -0.783 2.331 -0.607
v -0.511 1.066 -0.814
v -1.008 3.066 -0.34
v -0.844 3.64 -0.355
v -0.889 4.099 -0.351
v -1.271 4.655 0.03
v -1.024 5.003 -0.364
v -0.791 5.648 -0.376
v -0.897 6.352 0.061
v -0.647 7.537 0.213
v -0.874 7.787 -0.409
v -1.108 8.491 -0.911
v -1.428 10.308 -0.126
v -1.611 10.599 0.135
v -1.16 9.912 0.097
v -1.011 10.011 0.31
v -0.888 9.548 -0.025
v -0.755 9.512 -0.185
v -1.877 11.498 -0.252
v -0.897 10.313 -0.27
v -1.069 10.142 -0.273
v -1.245 10.92 -0.145
v -1.173 10.94 0.136
v -1.113 11.04 -0.015
v -0.944 11.123 -0.218
v -0.998 11.587 -0.013
v -1.304 13.846 -0.077
v -1.225 13.842 0.064
v -0.987 13.178 0.04
v -0.827 13.191 0.196
v -0.766 13.005 -0.164
v -0.976 0.435 -0.784
v -1.092 0.144 -1.528
v -1.094 0.295 -1.986
v -0.928 0.18 -0.69
v -0.887 0.643 -0.942
v -1.319 9.077 -1.652
v -1.158 8.603 -1.338
v -1.208 9.488 -1.599
v -1.183 0.131 -2.363
v -0.791 0 -1.151
v -1.407 9.988 -2.626
v -1.37 9.763 -2.148
v -1.31 9.794 -2.731
v -1.094 8.814 -1.75
v -1.097 9.404 -2.393
v -0.787 9.31 -1.353
v -1.082 9.825 -1.93
v -0.887 9.088 -2.033
v -1.296 10.311 -2.63
v -1.011 10.256 -2.544
v -1.444 10.802 -3.273
v -1.225 10.108 -3.135
v -0.895 9.893 -2.755
v -1.035 10.428 -3.343
v -0.92 10.344 -2.895
v -1.153 10.86 -3.189
v -1.083 7.722 -3.875
v -1.266 7.848 -4.07
v -1.055 7.764 -3.809
v -0.938 7.71 -3.805
v -1.331 10.871 -3.749
v -1.525 10.938 -3.554
v -1.433 10.714 -3.561
v -1.082 11.015 -3.493
v -1.351 11.016 -3.313
v -1.328 11.383 -4.049
v -1.188 10.983 -3.769
v -1.417 11.478 -3.661
v -1.554 11.828 -3.936
v -1.249 11.549 -3.822
v -1.6 11.749 -4.249
v -1.422 12.279 -4.382
v -1.335 11.955 -4.208
v -1.693 12.256 -4.426
v -1.637 11.647 -3.99
v -1.449 11.871 -4.351
v -1.547 12.391 -4.66
v -1.629 12.784 -4.734
v -1.443 12.927 -4.832
v -1.562 12.442 -4.364
v -1.533 12.858 -4.89
v -1.427 13.449 -5.155
v -1.504 13.252 -4.973
v -0.184 0.056 -0.233
v -0.699 0.053 -0.375
v 0.066 0.025 -0.461
v -0.465 3.596 -0.599
v -0.869 5.99 -0.232
v -0.604 6.291 -0.26
v -0.614 7.076 0.14
v -0.539 7.049 -0.088
v -0.398 7.014 -0.304
v -0.148 6.7 -0.558
v -0.124 7.361 -0.527
v -0.772 7.586 -0.471
v -0.584 8.092 0.005
v -0.449 7.458 -0.636
v -0.958 8.928 -0.924
v -0.54 8.387 0.113
v -0.562 8.487 -0.409
v -0.397 8.525 -0.545
v -0.371 8.642 -0.367
v -0.124 8.508 -0.528
v -0.509 8.458 -0.189
v -0.498 9.537 -0.302
v -0.263 9.274 -0.357
v 0.003 9.429 -0.104
v -0.258 10.205 -0.044
v -0.283 9.639 -0.266
v -0.568 11.056 -0.238
v -0.442 11.161 0.224
v -0.375 10.824 0.075
v -0.721 12.235 -0.172
v -0.468 11.752 -0.249
v -0.134 11.699 -0.266
v -0.261 11.267 -0.027
v 0.087 12.094 0.126
v 0.048 12.217 -0.289
v -0.008 12.355 -0.044
v -0.299 12.179 -0.115
v -0.81 12.594 0.006
v -0.789 13.668 0.146
v -0.436 12.951 0.088
v -0.534 13.19 -0.076
v -0.258 12.243 0.051
v -1.384 14.429 -0.201
v -0.667 13.306 -0.16
v -0.789 13.922 -0.01
v -0.792 0.326 -1.928
v -0.259 0.875 -0.95
v -0.708 0.746 -1.031
v -0.225 0.676 -1.093
v -0.578 0.116 -1.704
v -0.084 0.166 -1.022
v -0.737 0.989 -0.701
v 0.276 1.055 -0.863
v 0.032 2.021 -0.73
v -0.026 2.814 -0.708
v -0.478 5.308 -0.699
v -0.211 4.87 -0.731
v -0.291 6.242 -1.469
v -0.128 5.773 -1.341
v -0.335 6.775 -1.49
v -0.313 6.323 -0.676
v -0.522 5.819 -0.638
v -0.152 7.373 -1.796
v -0.016 6.612 -0.704
v 0.03 7.048 -1.178
v -0.748 8.249 -1.307
v -0.48 8.146 -1.155
v 0.015 7.91 -0.555
v -0.319 8.559 -0.898
v -1.191 0.115 -2.484
v -0.846 0.08 -2.066
v 0.042 6.384 -1.846
v -0.12 6.951 -2.21
v -0.238 7.257 -2.041
v -0.124 7.498 -2.672
v -0.723 9.151 -1.915
v -0.433 8.586 -1.297
v -0.7 9.438 -1.772
v -0.269 11.361 -2.091
v -0.093 11.257 -1.729
v -0.127 10.791 -1.663
v -0.073 12.063 -2.282
v -0.229 11.532 -1.997
v -0.061 12.161 -2.565
v -0.022 11.674 -1.994
v -0.51 7.738 -3.386
v -0.225 7.697 -2.791
v -0.496 7.647 -3.131
v -0.781 7.607 -3.438
v -0.745 7.55 -3.555
v 0.005 7.428 -2.828
v -0.574 7.61 -3.557
v 0.063 7.599 -3.094
v -0.059 7.825 -3.077
v -0.784 9.78 -2.337
v -0.051 11.963 -2.544
v -0.043 11.541 -2.352
v 0.003 12.442 -2.554
v -4.419 14.69 0.085
v -4.467 14.803 0.132
v -4.117 14.465 0.075
v -1.503 14.544 0.025
v -1.787 15.012 -0.073
v -1.496 14.823 -0.09
v -1.171 14.473 -0.038
v -1.609 14.651 -0.173
v -0.972 14.529 -0.073
v -1.742 15.319 -0.139
v -1.871 15.671 -0.064
v -1.74 16.14 -0.079
v -1.907 15.383 -0.167
v -2.04 15.561 -0.251
v -1.773 15.996 -0.142
v -1.039 14.664 -0.001
v 0.689 12.389 5.092
v 0.654 11.979 4.683
v 0.601 11.814 4.226
v 0.821 12.954 5.354
v 0.634 12.577 4.967
v 0.94 13.015 5.203
v 0.818 11.488 4.182
v 0.787 11.637 3.693
v 0.649 12.175 4.437
v 0.699 11.409 3.712
v 0.932 11.742 3.744
v 0.794 12.278 4.5
v 0.095 7.927 2.945
v 0.75 11.025 3.501
v 0.778 10.495 3.026
v 0.649 10.406 2.62
v 0.757 10.885 2.842
v -0.141 0.096 2.807
v 0.043 0.233 2.384
v 0.107 0.049 2.104
v 0.196 6.777 2.074
v 0.081 5.963 1.629
v 0.331 6.87 2.409
v 0.294 7.068 2.158
v 1.014 6.791 2.897
v 0.206 7.502 2.506
v 0.323 7.097 2.671
v 0.386 7.243 2.519
v 0.276 7.295 2.328
v 0.104 7.675 2.268
v 0.964 6.871 2.717
v 0.684 7.078 2.501
v 0.845 6.934 2.979
v 1.06 7.063 2.952
v 0.541 9.842 2.104
v 0.553 9.776 1.697
v 0.595 9.463 2.058
v 0.917 10.131 2.789
v 0.896 10.393 2.139
v 0.388 0.115 1.315
v 0.33 0.368 1.678
v 0.568 0.33 1.474
v 0.63 0.939 1.21
v 0.548 0.634 1.432
v 1.409 0.105 1.846
v 0.432 0.028 1.002
v 0.466 5.663 0.906
v 0.406 5.158 0.836
v 0.295 6.843 1.776
v 0.263 6.391 0.983
v 0.51 8.93 1.724
v 0.459 8.248 1.275
v 0.121 8.807 0.94
v 0.353 8.744 0.575
v 0.351 9.296 1.582
v 0.835 8.9 1.713
v 0.895 9.589 2.308
v -0.308 0.036 0.811
v 0.521 2.108 0.838
v 0.883 1.106 0.931
v 0.471 2.434 0.802
v 0.639 3.592 0.75
v 0.712 2.851 0.189
v 0.561 4.515 0.58
v 0.769 3.734 0.202
v 0.16 4.782 0.898
v 0.608 5.786 0.72
v 0.961 5.551 0.603
v 0.271 6.48 0.818
v 0.413 6.014 0.75
v 0.372 7.515 0.664
v 0.74 6.895 0.381
v 0.731 6.495 0.43
v 0.883 6.747 0.271
v 0.13 7.44 0.701
v -0.083 7.498 0.661
v 0.797 8.088 0.628
v 0.994 7.722 0.379
v 0.094 8.736 0.665
v 0.681 9.462 1.213
v 0.934 9.466 1.294
v 0.731 8.62 0.648
v 1.238 13.385 5.617
v 0.928 12.865 5.403
v 1.169 13.495 5.587
v 1.252 13.639 5.82
v 1.196 13.659 5.828
v 1.374 13.715 5.638
v 1.317 14.021 5.858
v 1.236 13.322 5.467
v 0.926 12.513 5.028
v 0.888 11.97 4.679
v 0.958 12.152 4.546
v 1.072 12.96 5.338
v 0.796 12.579 4.857
v 1.007 13.251 5.394
v 0.954 10.803 3.435
v 1.117 11.357 3.93
v 1.075 11.756 4.209
v 1.178 11.284 3.266
v 1.187 11.503 3.797
v 1.448 6.784 3.222
v 1.126 6.961 3.117
v 1.666 6.889 3.203
v 1.757 6.964 3.468
v 1.564 6.879 3.342
v 1.145 10.848 3.428
v 1.175 9.986 2.553
v 1.046 11.219 3.057
v 1.306 10.998 3.167
v 1.284 10.543 2.932
v 1.234 6.921 2.874
v 1.536 6.973 3.132
v 1.183 9.404 1.744
v 1.277 9.955 2.238
v 1.076 10.332 2.097
v 1.474 0.271 1.896
v 1.047 0.661 1.456
v 1.835 0.312 1.929
v 1.15 0.742 0.834
v 1.671 0.158 1.321
v 1.919 0.266 1.763
v 1.001 8.828 1.414
v 1.188 10.019 1.963
v 1.821 0.012 1.813
v 0.624 0.034 0.428
v 1.328 0.322 0.535
v 1.288 0.45 0.775
v 1.271 0.564 0.557
v 1.369 0.105 0.39
v 1.155 0.165 0.639
v 1.177 0.982 0.217
v 1.476 0.775 0.129
v 2.385 0.352 0.098
v 1.141 0.778 1.078
v 0.96 1.489 0.302
v 1.367 5.678 0.367
v 0.993 5.155 0.406
v 1.559 5.785 0.382
v 1.753 6.375 0.468
v 1.854 6.042 0.385
v 1.371 6.754 0.564
v 1.789 6.83 0.56
v 1.692 7.194 0.432
v 0.796 8.231 0.84
v 0.91 8.585 0.529
v 1.151 8.46 0.495
v 0.977 9.018 1.14
v 1.633 9.656 0.477
v 0.772 8.697 0.401
v 1.442 9.698 0.319
v 2.108 6.946 3.621
v 2.456 7.092 3.848
v 2.488 7.066 3.843
v 2.112 6.98 3.523
v 2.125 7.041 3.626
v 2.234 0.109 2.253
v 1.969 0.12 2.159
v 2.059 0.127 1.889
v 1.472 5.713 0.142
v 2.028 5.752 0.483
v 2.904 5.599 0.413
v 2.678 5.758 0.572
v 2.444 5.949 0.393
v 2.637 6.994 0.342
v 1.887 6.273 0.288
v 2.363 7.256 0.563
v 2.244 7.519 0.477
v 2.857 8.234 1.171
v 3.005 8.179 1.455
v 2.689 10.824 0.455
v 2.388 10.675 0.446
v 2.117 9.598 0.343
v 2.389 10.882 0.306
v 3.217 8.109 1.522
v 2.717 7.643 0.982
v 3.218 8.74 1.785
v 3.3 8.717 1.512
v 3.023 8.335 0.994
v 2.802 7.409 0.735
v 3.495 8.292 1.661
v 3.136 7.681 0.771
v 3.35 8.054 1.05
v 2.392 5.821 0.198
v 3.178 5.837 0.542
v 2.723 5.681 0.293
v 3.296 5.739 0.411
v 2.942 5.591 0.536
v 3.528 5.578 0.567
v 3.489 5.693 0.696
v 3.184 7.473 0.504
v 3.3 7.812 0.55
v 3.09 7.97 0.608
v 3.497 8.403 1.311
v 2.811 7.942 0.344
v 2.937 11.419 0.314
v 3.446 11.576 0.348
v 2.792 10.601 0.333
v 3.759 12.129 0.243
v 4.044 10.299 3.666
v 3.989 10.424 3.793
v 4.112 10.614 3.957
v 3.681 10.379 4.227
v 3.851 10.475 3.984
v 3.97 10.47 3.699
v 3.774 10.434 4.023
v 4.358 11.275 4.484
v 4.261 10.972 4.218
v 4.1 10.754 3.935
v 4.059 10.454 3.633
v 4.204 10.745 3.967
v 4.248 11.049 4.241
v 3.722 9.778 3.198
v 3.654 9.404 2.883
v 3.527 9.438 2.738
v 3.832 9.559 3.014
v 3.939 10.001 3.398
v 3.763 10.079 3.307
v 3.903 10.152 3.237
v 3.84 9.607 2.716
v 3.982 10.057 3.291
v 3.548 8.423 1.985
v 3.361 8.906 2.193
v 3.653 8.719 2.152
v 4.45 8.469 2.572
v 3.806 8.526 2.14
v 3.844 8.582 1.998
v 4.665 8.568 2.801
v 4.157 8.421 2.445
v 3.892 8.34 2.125
v 3.577 8.983 2.47
v 3.624 9.733 2.846
v 3.726 9.668 2.694
v 3.772 8.978 2.166
v 4.065 8.418 2.08
v 3.58 8.795 1.636
v 3.726 8.454 1.723
v 3.609 9.096 1.977
v 4.058 5.831 0.661
v 4.17 5.827 0.779
v 4.25 5.711 0.715
v 3.814 5.696 0.542
v 4.803 5.935 0.813
v 4.24 7.915 0.485
v 3.774 7.511 0.241
v 4.154 8.391 0.387
v 3.509 8.191 0.247
v 5.114 8.636 0.477
v 4.638 5.818 0.736
v 4.812 5.881 0.851
v 5.096 5.963 0.847
v 5.477 6.073 0.925
v 6.098 8.933 0.313
v 5.555 8.582 0.318
v 6.091 9.24 0.318
v 5.017 8.796 0.31
v 6.33 9.167 0.345
v 6.636 9.513 0.248
v 7.138 9.675 0.239
v 6.748 9.314 0.178
v 0.475 0.027 -0.198
v 1.068 0.036 -1.433
v 0.418 2.242 -0.357
v 0.808 1.101 -0.436
v 0.671 2.228 0.199
v 0.213 3.441 -0.645
v 0.627 3.589 -0.313
v 0.202 4.642 -0.56
v 0.551 4.448 -0.301
v 0.669 4.349 0.081
v 0.515 5.055 -0.587
v 0.892 5.182 -0.325
v 0.945 4.89 0.067
v 0.313 6.565 -0.487
v 0.448 6.222 -0.539
v 0.655 6.063 -0.441
v 0.71 7.417 -0.342
v 0.898 6.995 0.014
v 0.946 7.308 -0.061
v 0.85 6.796 -0.086
v 0.09 8.392 -0.492
v 0.602 8.403 -0.248
v 1.252 8.809 -0.304
v -0.099 9.164 -0.503
v 0.141 9.285 -0.224
v 0.051 9.373 -0.516
v 0.432 9.993 -0.87
v 0.515 8.554 0.364
v 0.501 8.685 0.158
v 0.307 9.133 -0.164
v 0.554 8.65 -0.186
v 0.49 8.828 -0.242
v 0.693 8.813 0.026
v 0.652 9.281 -0.686
v 0.299 12.061 -0.048
v 0.572 12.718 -0.325
v 0.578 12.722 0.017
v 0.269 12.683 -0.223
v 0.514 12.902 -0.023
v 0.765 12.809 -0.079
v 0.491 12.413 -0.248
v 0.881 12.991 -0.266
v 0.714 13.257 -0.233
v 0.171 0.081 -0.876
v 0.105 0.303 -1.059
v -0.166 0.415 -1.2
v 0.148 0.607 -1.045
v 0.585 0.777 -1.011
v 0.551 0.539 -1.271
v 0.736 0.058 -1.555
v 0.887 0.159 -1.772
v 0.775 0.778 -0.865
v -0.08 4.517 -0.649
v 0.252 5.923 -1.458
v 0.504 6.161 -1.427
v 0.638 5.753 -0.659
v 0.169 6.57 -0.646
v 0.418 6.928 -1.15
v 0.627 6.865 -1.477
v 0.633 6.945 -1.862
v 0.104 7.509 -1.69
v 0.269 9.365 -1.114
v 0.043 9.279 -0.858
v 0.398 9.032 -0.905
v 0.606 9.682 -1.259
v 0.395 8.539 -0.424
v 0.136 9.849 -1.015
v 0.188 10.699 -1.354
v 0.277 9.977 -0.885
v 0.439 10.135 -1.583
v 0.657 10.083 -1.096
v 0.486 10.499 -1.323
v 0.475 10.533 -1.613
v 0.284 7.169 -2.613
v 0.436 6.979 -2.319
v 0.405 8.002 -2.418
v 0.676 8.138 -2.915
v 0.669 7.687 -2.745
v 0.2 7.905 -2.227
v 0.024 7.988 -2.528
v 0.21 10.642 -1.877
v 0.223 10.04 -1.502
v 0.052 10.258 -1.345
v -0.104 10.956 -2.001
v 0.09 11.129 -2.114
v 0.273 11.043 -1.727
v 0.154 11.358 -2.062
v 0.1 11.837 -2.172
v 0.157 11.826 -2.352
v 0.235 12.526 -2.552
v 0.098 7.939 -3.257
v 0.424 7.777 -3.308
v 0.736 7.96 -3.182
v 0.293 8.421 -3.082
v 0.093 8.237 -3.238
v 0.427 8.339 -2.879
v 0.905 8.585 -3.506
v 0.289 12.462 -2.632
v 0.186 12.317 -2.721
v 0.112 12.992 -2.805
v 0.183 12.922 -2.689
v 0.258 12.872 -2.906
v 0.263 13.532 -2.84
v 0.234 14.034 -2.948
v 0.204 14.107 -2.939
v 0.264 13.968 -2.904
v 0.542 8.251 -3.883
v 0.822 8.689 -4.241
v 0.481 8.553 -3.804
v 0.664 8.707 -3.612
v 0.762 8.112 -3.782
v 1.124 0.973 -0.031
v 1.002 0.554 -0.642
v 1.331 0.793 -0.162
v 1.1 0.173 -0.443
v 1.25 0.383 -0.459
v 1.384 0.561 -0.4
v 1.484 6.039 -0.279
v 1.514 6.401 -0.42
v 1.646 5.786 0.069
v 1.839 6.114 0.022
v 1.09 6.941 0.004
v 0.802 6.641 -0.189
v 1.042 6.407 -0.42
v 1.59 7.183 -0.212
v 1.751 6.272 -0.363
v 1.31 8.162 0.095
v 1.239 8.275 -0.176
v 1.871 7.486 0.068
v 1.465 8.584 0.344
v 1.958 9.377 -0.057
v 1.174 9.449 0.107
v 1.472 9.694 -0.093
v 1.598 9.573 -0.204
v 1.879 9.118 0.13
v 1.84 10.27 0.098
v 1.196 13.772 -0.235
v 1.093 13.419 -0.377
v 1.071 13.432 -0.088
v 1.237 13.443 -0.202
v 1.526 13.861 -0.43
v 1.622 13.781 -0.307
v 1.157 0.216 -1.816
v 1.031 0.277 -0.763
v 1.22 0.111 -2.05
v 1.008 8.261 -3.558
v 0.992 8.156 -3.669
v 1.317 8.194 -4.147
v 1.265 8.682 -4.739
v 1.179 8.072 -3.95
v 1.24 8.459 -3.774
v 1.738 8.182 -4.024
v 1.34 8.456 -4.087
v 1.934 8.069 -4.18
v 1.751 8.245 -4.205
v 1.351 8.979 -4.322
v 1.055 8.891 -4.123
v 1.11 8.871 -4.715
v 1.234 8.373 -4.23
v 1.549 8.816 -4.482
v 1.458 8.71 -4.731
v 1.905 8.141 -4.353
v 1.17 9.05 -4.555
v 1.171 9.255 -5.071
v 1.468 9.337 -4.875
v 1.608 9.213 -5.022
v 1.385 9.186 -5.362
v 1.363 9.667 -5.259
v 1.252 9.593 -5.669
v 1.205 9.827 -5.571
v 1.514 9.385 -5.42
v 1.447 9.784 -5.519
v 1.182 10.015 -6.01
v 1.27 10.149 -5.886
v 1.393 9.991 -5.917
v 1.16 10.382 -6.229
v 1.112 10.386 -6.352
v 1.246 10.373 -6.25
v 1.29 10.044 -6.072
v 1.086 10.655 -6.55
v 2.557 0.378 -0.366
v 3.52 0.104 -0.386
v 2.725 0.38 -0.214
v 2.239 0.165 0.187
v 2.978 0.117 -0.12
v 2.86 0.017 -0.249
v 1.94 5.981 0.111
v 1.978 6.246 -0.154
v 1.91 6.663 -0.395
v 2.16 7.347 -0.312
v 2.12 6.47 0.047
v 2.178 6.657 -0.195
v 2.21 6.353 -0.659
v 2.184 6.5 -0.422
v 2.434 6.29 -0.431
v 2.484 6.13 -0.668
v 2.253 7.598 -0.181
v 2.771 7.383 -0.299
v 2.351 7.725 0.371
v 2.925 7.965 0.005
v 2.347 9.86 0.155
v 2.008 9.818 -0.193
v 2.727 10.969 -0.084
v 2.805 10.679 0.029
v 2.393 10.264 -0.089
v 1.857 14.068 -0.475
v 2.746 6.213 -0.964
v 2.58 6.418 -0.768
v 2.255 8.168 -4.349
v 2.286 8.127 -4.456
v 2.506 8.217 -4.536
v 2.806 7.061 -0.013
v 3.035 7.334 -0.178
v 3.477 7.825 -0.199
v 3.161 7.226 0.141
v 3.833 8.238 -0.016
v 2.962 10.801 0.094
v 2.606 11.079 0.038
v 2.929 11.409 -0.25
v 3.001 11.293 -0.474
v 3.13 11.062 -0.356
v 3.252 11.114 0.109
v 3.36 11.135 -0.379
v 3.576 11.054 -0.7
v 3.422 11.291 -0.277
v 3.161 11.691 0.166
v 3.268 11.657 -0.022
v 3.214 11.579 -0.34
v 3.303 11.679 -0.726
v 3.703 12.156 0.027
v 3.356 11.472 -0.222
v 3.413 11.486 -0.041
v 2.955 6.19 -0.893
v 2.792 6.311 -0.706
v 3.365 6.265 -1.278
v 3.198 6.325 -1.22
v 3.342 6.357 -1.172
v 3.652 6.357 -1.478
v 3.823 6.445 -1.547
v 3.397 11.566 -1.001
v 3.744 7.597 -0.067
v 4.768 7.422 -0.237
v 4.06 7.77 -0.136
v 4.256 7.43 0.02
v 4.262 8.282 -0.075
v 4.431 8.562 0.2
v 5.059 8.8 0.088
v 3.551 11.494 0.11
v 3.978 11.968 0.063
v 4.057 12.132 0.175
v 4.282 12.394 -0.043
v 4.046 12.496 0.087
v 4.372 12.676 0.12
v 4.624 12.823 -0.035
v 4.305 12.688 -0.075
v 3.692 11.068 -1.027
v 4.017 11.049 -1.086
v 3.913 11.072 -1.279
v 4.324 11.079 -1.467
v 3.8 11.233 -1.016
v 4.265 11.08 -1.617
v 4.326 10.944 -1.551
v 3.77 12.045 -1.482
v 3.684 11.897 -0.947
v 3.624 11.656 -1.479
v 3.56 11.513 -1.426
v 3.727 11.299 -0.764
v 3.905 11.809 -1.06
v 3.69 11.417 -1.066
v 3.812 11.904 -1.616
v 3.962 11.756 -1.406
v 3.732 11.371 -1.525
v 3.964 12.124 -1.464
v 3.733 11.569 -1.642
v 3.744 11.355 -2.084
v 3.729 11.442 -2.07
v 3.993 12.257 -2.113
v 3.848 11.439 -2.548
v 3.895 11.417 -2.086
v 4.044 12.024 -1.928
v 4.127 12.033 -1.63
v 4.218 12.253 -1.955
v 4.207 12.383 -2.518
v 4.067 12.361 -2.004
v 4.305 12.516 -2.577
v 3.948 11.431 -2.733
v 3.904 11.389 -2.686
v 4.003 11.507 -3.07
v 4.033 11.575 -3.352
v 4.332 12.731 -3.045
v 4.223 12.565 -2.567
v 4.456 7.877 0.239
v 4.423 7.563 0.148
v 4.13 7.539 0.194
v 4.546 7.715 -0.001
v 4.458 7.876 0.07
v 4.807 7.58 -0.24
v 5.041 7.446 -0.023
v 5.187 7.565 -0.175
v 5.05 7.31 -0.169
v 4.752 8.313 -0.06
v 5.263 8.43 0.072
v 5.707 8.851 0.01
v 4.958 13.325 -0.063
v 4.667 13.075 -0.037
v 4.662 11.097 -2.009
v 4.71 11.042 -1.983
v 4.971 11.153 -2.291
v 5.516 7.325 -0.258
v 5.513 7.432 -0.362
v 5.669 7.444 -0.203
v 6.058 7.528 -0.392
v 6.115 7.453 -0.346
v 6.204 7.494 -0.456
v 4.987 8.215 0.268
v 5.882 9.136 0.071
v 5.676 9.096 0.256
v 6.633 7.575 -0.501
v 6.251 9.009 0.138
v 6.658 9.401 0.044
v 7.249 9.711 0.146
v 7.182 9.764 0.085
v 7.093 9.797 0.154
v 7.451 10.022 0.154
v 7.493 9.868 0.25
v 0.19 14.542 -2.997
v 1.608 14.082 -0.338
v 2.041 14.303 -0.314
v 1.692 13.91 -0.254
v 2.113 14.396 -0.489
v 2.299 14.326 -0.411
v 2.457 14.469 -0.499
v 2.978 14.883 -0.484
v 2.353 14.549 -0.415
v 2.919 14.874 -0.422
v 2.834 14.693 -0.441
v -3.988 10.117 0.229
v -3.475 10.21 0.268
v -1.093 10.499 0.293
v -0.043 0.164 0.302
v -0.411 7.192 0.45
v -5.629 7.813 -0.121
v -3.709 8.998 -1.72
v -4.347 10.517 -3.154
v -3.812 9.133 -1.554
v -3.527 9.127 -1.607
v -3.035 6.268 -0.683
v -2.617 6.427 -0.099
v -3.837 14.085 -0.034
v -1.597 14.509 -0.082
v -1.111 15.187 -0.063
v -1.682 16.138 -0.066
v -1.554 16.508 -0.057
v 1.015 13.641 6.043
v 2.78 7.17 4.009
v 3.477 9.212 2.175
v 3.4 10.352 4.526
v 0.939 0.146 -0.567
v 0.756 5.64 -0.529
v 6.411 9.424 0.131
v 3.472 15.117 -0.389
v -1.207 17.473 0.148
v -0.834 17.635 0.224
v -1.028 17.857 0.42
v -0.615 17.816 0.521
v -0.727 18 1.07
v -1.238 17.916 0.788
v -1.353 17.718 0.446
v -1.128 17.473 0.04
v -0.871 17.74 -0.203
v -0.757 17.827 0.153
v -0.478 17.91 -0.206
v -0.001 17.896 0.2
v -0.505 17.707 0.522
v -0.894 17.571 0.403
v -1.172 17.473 -0.107
v -1.21 17.683 -0.443
v -0.944 17.857 -0.331
v -0.998 17.872 -0.733
v -0.45 17.997 -0.839
v -0.54 17.856 -0.292
v -0.828 17.669 -0.075
v -1.336 17.473 -0.147
v -1.667 17.739 -0.245
v -1.417 17.815 -0.519
v -1.861 17.904 -0.577
v -1.746 17.879 -1.181
v -1.226 17.689 -0.913
v -1.138 17.559 -0.525
v -1.446 17.473 -0.02
v -1.755 17.571 0.209
v -1.775 17.805 -0.043
v -2.11 17.71 0.182
v -2.413 17.9 -0.25
v -1.883 17.891 -0.435
v -1.566 17.722 -0.305
v -1.406 17.473 0.116
v -1.382 17.643 0.476
v -1.641 17.824 0.339
v -1.605 17.803 0.752
v -2.157 17.924 0.787
v -2.043 17.835 0.24
v -1.746 17.67 0.05
v -1.017 17.365 0.159
v -0.53 17.289 0.025
v -0.513 17.229 0.462
v -0.139 17.017 0.149
v -0.015 16.544 0.679
v -0.607 16.908 0.876
v -0.92 17.197 0.631
v -0.98 17.365 -0.039
v -0.695 17.172 -0.425
v -0.348 17.264 -0.173
v -0.258 16.888 -0.532
v 0.308 16.582 -0.153
v -0.06 17.101 0.237
v -0.53 17.35 0.216
v -1.063 17.365 -0.207
v -1.098 17.169 -0.681
v -0.657 17.197 -0.628
v -0.864 16.855 -0.985
v -0.242 16.481 -0.93
v -0.212 16.989 -0.41
v -0.556 17.281 -0.202
v -1.265 17.365 -0.302
v -1.585 17.369 -0.722
v -1.182 17.273 -0.915
v -1.65 17.138 -1.171
v -1.253 16.626 -1.544
v -0.795 16.895 -1.019
v -0.873 17.167 -0.594
v -1.445 17.365 -0.26
v -1.86 17.319 -0.43
v -1.686 17.201 -0.749
v -2.121 17.055 -0.708
v -2.039 16.543 -1.102
v -1.48 16.844 -0.954
v -1.326 17.143 -0.635
v -1.596 17.365 -0.006
v -2.019 17.25 0.373
v -2.233 17.123 -0.063
v -2.438 16.891 0.456
v -2.744 16.278 0.007
v -2.285 16.717 -0.509
v -1.892 17.105 -0.431
v -1.535 17.365 0.192
v -1.552 17.143 0.623
v -1.959 17.225 0.557
v -1.826 16.854 0.874
v -2.447 16.581 0.768
v -2.386 17.098 0.318
v -2.019 17.346 0.16
v -1.453 17.365 0.268
v -1.38 17.296 0.816
v -1.828 17.13 0.767
v -1.514 16.961 1.222
v -1.979 16.325 1.276
v -2.168 16.692 0.603
v -1.925 17.072 0.3
v -1.184 17.365 0.299
v -0.74 17.177 0.46
v -0.97 17.215 0.835
v -0.56 16.878 0.799
v -0.864 16.527 1.345
v -1.348 17.02 1.153
v -1.397 17.295 0.755
v -0.977 17.055 0.004
v -0.738 16.766 -0.366
v -0.44 16.715 -0.029
v -0.449 16.339 -0.424
v -0.136 15.848 0.048
v -0.32 16.46 0.438
v -0.631 16.867 0.353
v -1.018 17.055 -0.146
v -1.006 16.707 -0.57
v -0.561 16.638 -0.453
v -0.79 16.218 -0.745
v -0.277 15.68 -0.476
v -0.216 16.372 -0.1
v -0.528 16.836 -0.033
v -1.107 17.055 -0.245
v -1.283 16.737 -0.655
v -0.82 16.66 -0.694
v -1.174 16.27 -0.906
v -0.609 15.735 -0.849
v -0.366 16.385 -0.492
v -0.61 16.832 -0.309
v -1.317 17.055 -0.301
v -1.75 16.787 -0.56
v -1.36 16.64 -0.83
v -1.863 16.317 -0.823
v -1.404 15.689 -1.045
v -0.883 16.283 -0.877
v -0.933 16.759 -0.605
v -1.409 17.055 -0.278
v -1.891 16.844 -0.413
v -1.59 16.69 -0.748
v -2.084 16.425 -0.629
v -1.739 15.823 -0.944
v -1.172 16.331 -0.905
v -1.131 16.765 -0.643
v -1.582 17.055 -0.088
v -1.967 16.781 0.169
v -2.098 16.661 -0.254
v -2.258 16.32 0.149
v -2.334 15.724 -0.336
v -1.998 16.328 -0.681
v -1.75 16.788 -0.524
v -1.584 17.055 0.096
v -1.772 16.832 0.541
v -2.109 16.724 0.248
v -2.045 16.419 0.705
v -2.404 15.854 0.354
v -2.28 16.394 -0.161
v -1.967 16.811 -0.18
v -1.481 17.055 0.249
v -1.445 16.837 0.75
v -1.854 16.64 0.649
v -1.558 16.376 1.045
v -1.919 15.686 0.924
v -2.105 16.221 0.376
v -1.9 16.708 0.192
v -1.32 17.055 0.315
v -0.947 16.785 0.613
v -1.369 16.678 0.817
v -0.899 16.346 0.878
v -1.413 15.795 1.038
v -1.863 16.376 0.808
v -1.75 16.81 0.555
v -1.224 17.055 0.311
v -0.79 16.75 0.499
v -1.093 16.654 0.861
v -0.666 16.271 0.773
v -1.087 15.689 1.139
v -1.55 16.341 1.035
v -1.527 16.808 0.717
v -1.022 17.055 0.167
v -0.569 16.717 -0.035
v -0.466 16.661 0.464
v -0.247 16.22 0.092
v -0.211 15.652 0.736
v -0.62 16.367 0.984
v -0.879 16.839 0.709
v -1.384 16.962 0.305
v -1.033 16.962 0.191
v -1.287 16.746 0.007
v -1.033 16.962 -0.177
v -1.6 16.962 0.007
v -1.384 16.962 -0.291
v -0.974 17.311 0.007
v -1.19 17.311 0.305
v -1.54 17.311 0.191
v -1.54 17.311 -0.177
v -1.19 17.311 -0.291
v -1.287 17.527 0.007
v -3.418 16.267 -1.341
v -3.697 16.352 -1.568
v -3.487 16.573 -1.657
v -3.762 16.475 -1.903
v -3.46 16.648 -2.296
v -3.171 16.653 -1.858
v -3.204 16.5 -1.53
v -3.541 16.267 -1.254
v -3.912 16.367 -1.127
v -3.873 16.607 -1.376
v -4.263 16.506 -1.261
v -4.457 16.691 -1.771
v -3.881 16.688 -1.788
v -3.594 16.52 -1.566
v -3.524 16.267 -1.091
v -3.501 16.472 -0.695
v -3.771 16.674 -0.891
v -3.749 16.676 -0.423
v -4.353 16.842 -0.456
v -4.211 16.704 -1.051
v -3.886 16.495 -1.218
v -3.415 16.267 -1.032
v -3.109 16.458 -0.769
v -3.435 16.667 -0.713
v -3.083 16.655 -0.401
v -3.529 16.828 0.004
v -3.86 16.707 -0.514
v -3.756 16.501 -0.863
v -3.251 16.267 -1.145
v -3.002 16.494 -1.323
v -2.917 16.576 -1.02
v -2.646 16.636 -1.296
v -2.242 16.62 -0.929
v -2.715 16.471 -0.701
v -3.06 16.356 -0.827
v -3.267 16.267 -1.265
v -3.246 16.528 -1.639
v -2.915 16.615 -1.433
v -2.956 16.691 -1.906
v -2.316 16.672 -1.893
v -2.47 16.494 -1.298
v -2.841 16.364 -1.132
v -3.544 16.163 -1.448
v -3.974 16.071 -1.595
v -3.771 15.967 -1.922
v -4.208 15.779 -1.857
v -4.042 15.278 -2.254
v -3.499 15.635 -2.137
v -3.383 15.951 -1.828
v -3.684 16.163 -1.282
v -4.052 15.946 -1.068
v -4.226 15.964 -1.434
v -4.402 15.617 -1.139
v -4.635 15.237 -1.662
v -4.246 15.76 -1.878
v -3.922 16.066 -1.684
v -3.684 16.163 -1.093
v -3.886 16.05 -0.705
v -4.181 15.978 -0.944
v -4.182 15.761 -0.532
v -4.564 15.3 -0.771
v -4.367 15.681 -1.251
v -4.04 15.984 -1.304
v -3.598 16.163 -0.963
v -3.51 15.887 -0.537
v -3.948 15.942 -0.496
v -3.722 15.531 -0.242
v -4.371 15.19 -0.231
v -4.433 15.786 -0.653
v -4.103 16.1 -0.88
v -3.298 16.163 -0.907
v -2.826 16.125 -0.656
v -3.126 16 -0.323
v -2.589 15.844 -0.297
v -2.824 15.283 0.153
v -3.458 15.603 -0.108
v -3.551 15.924 -0.499
v -3.142 16.163 -1.04
v -2.59 16.078 -1.193
v -2.608 15.956 -0.702
v -2.174 15.75 -1.076
v -2.098 15.159 -0.524
v -2.76 15.555 -0.27
v -3.079 15.915 -0.521
v -3.107 16.163 -1.233
v -2.757 16.16 -1.645
v -2.467 16.062 -1.293
v -2.318 15.916 -1.814
v -1.851 15.385 -1.512
v -2.273 15.673 -0.938
v -2.72 15.958 -0.915
v -3.183 16.163 -1.389
v -3.144 16.152 -1.914
v -2.72 16.05 -1.77
v -2.9 15.909 -2.273
v -2.368 15.396 -2.244
v -2.37 15.677 -1.56
v -2.703 15.958 -1.32
v -3.316 16.163 -1.472
v -3.567 15.984 -1.819
v -3.185 15.973 -1.955
v -3.534 15.682 -2.135
v -3.036 15.305 -2.32
v -2.747 15.758 -1.951
v -2.91 16.047 -1.666
v -3.693 15.865 -1.249
v -4.03 15.537 -0.908
v -4.239 15.428 -1.348
v -4.312 15.035 -0.898
v -4.451 14.432 -1.449
v -4.198 15.108 -1.855
v -3.935 15.598 -1.705
v -3.685 15.865 -1.094
v -3.899 15.705 -0.68
v -4.148 15.532 -0.982
v -4.131 15.328 -0.509
v -4.353 14.735 -0.802
v -4.212 15.162 -1.335
v -3.966 15.566 -1.368
v -3.65 15.865 -1.022
v -3.632 15.507 -0.574
v -4.116 15.486 -0.655
v -3.873 15.031 -0.364
v -4.491 14.54 -0.589
v -4.547 15.255 -0.987
v -4.193 15.694 -1.093
v -3.47 15.865 -0.896
v -3.162 15.623 -0.457
v -3.624 15.463 -0.328
v -3.145 15.15 -0.119
v -3.635 14.478 -0.021
v -4.071 15.063 -0.432
v -3.933 15.55 -0.718
v -3.382 15.865 -0.889
v -2.946 15.608 -0.601
v -3.365 15.442 -0.365
v -2.834 15.138 -0.338
v -3.303 14.491 -0.162
v -3.848 15.067 -0.362
v -3.791 15.549 -0.621
v -3.148 15.865 -1.028
v -2.686 15.654 -1.133
v -2.743 15.47 -0.734
v -2.408 15.22 -1.066
v -2.502 14.578 -0.706
v -2.985 15.083 -0.457
v -3.167 15.54 -0.625
v -3.105 15.865 -1.153
v -2.684 15.651 -1.492
v -2.549 15.452 -1.052
v -2.359 15.187 -1.559
v -2.263 14.484 -1.136
v -2.649 15.022 -0.641
v -2.925 15.513 -0.727
v -3.123 15.865 -1.293
v -3.079 15.532 -1.729
v -2.652 15.489 -1.514
v -2.853 15.082 -1.87
v -2.367 14.607 -1.498
v -2.339 15.263 -1.086
v -2.651 15.683 -1.076
v -3.197 15.865 -1.404
v -3.224 15.647 -1.873
v -2.835 15.474 -1.749
v -3.105 15.214 -2.129
v -2.751 14.585 -1.966
v -2.591 15.098 -1.458
v -2.795 15.551 -1.314
v -3.419 15.865 -1.484
v -3.851 15.643 -1.827
v -3.414 15.435 -2.017
v -3.976 15.176 -2.108
v -3.539 14.475 -2.234
v -2.957 15.01 -1.965
v -3.002 15.505 -1.708
v -3.54 15.865 -1.45
v -4.052 15.658 -1.626
v -3.778 15.46 -1.988
v -4.3 15.195 -1.875
v -4.033 14.483 -2.205
v -3.405 15.02 -2.139
v -3.306 15.513 -1.846
v -3.494 15.775 -0.9
v -3.157 15.775 -1.009
v -3.401 15.567 -1.186
v -3.157 15.775 -1.364
v -3.702 15.775 -1.186
v -3.494 15.775 -1.473
v -3.1 16.111 -1.186
v -3.308 16.111 -0.9
v -3.645 16.111 -1.009
v -3.645 16.111 -1.364
v -3.308 16.111 -1.473
v -3.401 16.319 -1.186
v -0.782 16.173 3.125
v -0.582 16.344 2.767
v -0.404 16.545 3.039
v -0.196 16.499 2.632
v 0.36 16.611 2.911
v -0.077 16.548 3.363
v -0.484 16.384 3.377
v -0.896 16.173 2.99
v -1.083 16.41 2.659
v -0.75 16.593 2.643
v -0.995 16.612 2.257
v -0.48 16.724 1.884
v -0.32 16.572 2.49
v -0.52 16.377 2.854
v -1.068 16.173 3.01
v -1.52 16.403 2.997
v -1.297 16.619 2.685
v -1.827 16.613 2.681
v -1.781 16.758 1.981
v -1.109 16.622 2.189
v -0.921 16.411 2.587
v -1.147 16.173 3.173
v -1.307 16.49 3.492
v -1.518 16.602 3.155
v -1.69 16.724 3.605
v -2.303 16.775 3.326
v -1.9 16.511 2.852
v -1.482 16.313 2.864
v -0.993 16.173 3.343
v -0.705 16.443 3.639
v -1.07 16.633 3.73
v -0.701 16.671 4.076
v -1.171 16.793 4.586
v -1.503 16.606 3.994
v -1.374 16.388 3.57
v -0.824 16.173 3.282
v -0.417 16.26 3.246
v -0.53 16.502 3.491
v -0.11 16.386 3.466
v -0.069 16.568 4.024
v -0.645 16.585 3.904
v -0.863 16.426 3.611
v -0.714 16.05 2.911
v -0.696 15.906 2.325
v -0.188 15.928 2.37
v -0.379 15.58 1.9
v 0.349 15.103 1.863
v 0.311 15.623 2.562
v -0.121 15.942 2.876
v -0.941 16.05 2.809
v -1.347 15.789 2.452
v -0.946 15.885 2.131
v -1.374 15.443 2
v -0.773 15.106 1.512
v -0.373 15.724 1.926
v -0.513 16.023 2.39
v -1.161 16.05 2.87
v -1.719 15.855 2.77
v -1.551 15.795 2.291
v -2.037 15.452 2.45
v -1.868 14.872 1.839
v -1.226 15.438 1.909
v -1.043 15.844 2.319
v -1.252 16.05 2.959
v -1.756 15.75 3.115
v -1.844 15.814 2.603
v -2.142 15.348 2.905
v -2.237 14.945 2.148
v -1.716 15.62 2.017
v -1.402 15.977 2.375
v -1.309 16.05 3.231
v -1.563 15.886 3.651
v -1.898 15.878 3.358
v -1.938 15.569 3.794
v -2.415 15.137 3.436
v -2.133 15.616 2.954
v -1.726 15.925 2.951
v -1.202 16.05 3.421
v -1.116 15.849 4.045
v -1.687 15.818 3.954
v -1.362 15.453 4.45
v -2.104 14.901 4.384
v -2.229 15.483 3.675
v -1.839 15.874 3.398
v -0.932 16.05 3.513
v -0.435 15.933 3.917
v -0.883 15.866 4.255
v -0.288 15.577 4.409
v -0.772 14.985 4.917
v -1.399 15.472 4.455
v -1.362 15.845 3.955
v -0.676 16.05 3.367
v -0.185 15.935 3.307
v -0.186 15.881 3.735
v 0.191 15.627 3.484
v 0.273 15.135 4.018
v -0.311 15.56 4.123
v -0.604 15.879 3.84
v -0.622 16.05 3.253
v -0.21 15.816 2.989
v 0.018 15.875 3.386
v 0.217 15.474 3.056
v 0.557 15.1 3.65
v 0.098 15.679 3.899
v -0.309 15.987 3.692
v -0.764 15.697 2.87
v -0.92 15.429 2.309
v -0.389 15.278 2.345
v -0.799 14.924 1.959
v -0.228 14.22 2.039
v 0.056 14.864 2.616
v -0.208 15.379 2.858
v -1.009 15.697 2.812
v -1.479 15.321 2.606
v -1.125 15.232 2.201
v -1.584 14.774 2.306
v -1.062 14.151 1.902
v -0.583 14.915 2.009
v -0.646 15.438 2.359
v -1.201 15.697 2.901
v -1.743 15.297 3.043
v -1.668 15.231 2.451
v -2.016 14.738 2.848
v -1.793 14.127 2.131
v -1.3 14.93 1.907
v -1.146 15.457 2.259
v -1.292 15.697 3.035
v -1.841 15.477 3.232
v -1.867 15.247 2.757
v -2.223 14.971 3.206
v -2.238 14.18 2.786
v -1.667 14.755 2.405
v -1.377 15.298 2.565
v -1.271 15.697 3.333
v -1.294 15.334 3.939
v -1.852 15.252 3.685
v -1.568 14.784 4.189
v -2.208 14.138 3.795
v -2.278 14.912 3.18
v -1.886 15.44 3.097
v -1.168 15.697 3.449
v -0.911 15.299 3.986
v -1.528 15.2 4.006
v -1.036 14.715 4.304
v -1.777 14.043 4.198
v -2.132 14.855 3.72
v -1.824 15.415 3.499
v -0.977 15.697 3.514
v -0.612 15.453 3.916
v -1.04 15.244 4.092
v -0.522 14.954 4.234
v -0.933 14.217 4.354
v -1.453 14.801 4.014
v -1.388 15.326 3.732
v -0.815 15.697 3.482
v -0.298 15.298 3.56
v -0.477 15.267 4.09
v -0.095 14.751 3.881
v -0.449 14.17 4.536
v -0.925 14.985 4.509
v -0.99 15.493 4.083
v -0.668 15.697 3.355
v -0.217 15.351 3.172
v -0.124 15.294 3.668
v 0.094 14.849 3.31
v 0.109 14.28 3.952
v -0.292 15.004 4.179
v -0.538 15.48 3.896
v -0.626 15.697 3.056
v -0.366 15.421 2.445
v 0.062 15.243 2.863
v -0.016 14.873 2.214
v 0.418 14.085 2.685
v 0.254 14.771 3.415
v -0.141 15.336 3.446
v -0.726 15.697 2.9
v -0.712 15.528 2.342
v -0.281 15.32 2.484
v -0.546 15.087 1.998
v -0.147 14.363 2.108
v -0.021 14.858 2.767
v -0.274 15.338 2.983
v -1.073 15.59 3.501
v -0.674 15.59 3.371
v -0.963 15.344 3.162
v -0.674 15.59 2.952
v -1.32 15.59 3.162
v -1.073 15.59 2.822
v -0.606 15.988 3.162
v -0.853 15.988 3.501
v -1.252 15.988 3.371
v -1.252 15.988 2.952
v -0.853 15.988 2.822
v -0.963 16.234 3.162
v 1.467 16.621 -2.024
v 1.282 16.745 -2.31
v 1.536 16.923 -2.334
v 1.329 16.869 -2.641
v 1.741 16.979 -2.932
v 1.895 16.944 -2.441
v 1.753 16.807 -2.143
v 1.32 16.621 -1.992
v 0.951 16.795 -1.978
v 1.091 16.941 -2.269
v 0.669 16.926 -2.217
v 0.63 16.974 -2.79
v 1.191 16.898 -2.681
v 1.386 16.771 -2.365
v 1.267 16.621 -1.832
v 1.125 16.81 -1.549
v 0.943 16.939 -1.771
v 0.806 16.953 -1.418
v 0.308 16.999 -1.589
v 0.637 16.891 -1.989
v 0.984 16.759 -2.025
v 1.369 16.621 -1.717
v 1.529 16.795 -1.434
v 1.245 16.925 -1.4
v 1.464 16.922 -1.091
v 1.046 16.958 -0.771
v 0.893 16.875 -1.269
v 1.054 16.755 -1.583
v 1.523 16.621 -1.74
v 1.833 16.791 -1.727
v 1.703 16.952 -1.509
v 2.065 16.947 -1.5
v 2.083 17.057 -1.003
v 1.609 16.957 -1.159
v 1.453 16.799 -1.442
v 1.586 16.621 -1.858
v 1.799 16.802 -2.103
v 1.885 16.957 -1.835
v 2.129 16.962 -2.135
v 2.528 17.061 -1.8
v 2.097 16.949 -1.513
v 1.773 16.791 -1.585
v 1.42 16.513 -2.178
v 1.033 16.331 -2.501
v 1.392 16.353 -2.793
v 0.963 16.015 -2.906
v 1.437 15.616 -3.343
v 1.866 16.12 -2.974
v 1.786 16.418 -2.557
v 1.19 16.513 -2.071
v 0.705 16.291 -1.985
v 0.714 16.303 -2.452
v 0.374 15.939 -2.191
v 0.382 15.519 -2.832
v 0.904 16.072 -2.928
v 1.147 16.402 -2.598
v 1.127 16.513 -1.955
v 0.686 16.268 -1.632
v 0.474 16.36 -2.103
v 0.242 15.933 -1.7
v -0.092 15.598 -2.393
v 0.409 16.193 -2.707
v 0.826 16.484 -2.471
v 1.201 16.513 -1.654
v 1.194 16.376 -1.218
v 0.815 16.321 -1.292
v 0.996 16.073 -0.937
v 0.525 15.623 -0.987
v 0.495 16.039 -1.49
v 0.776 16.347 -1.68
v 1.375 16.513 -1.563
v 1.645 16.288 -1.219
v 1.318 16.344 -0.967
v 1.62 15.968 -0.828
v 1.117 15.629 -0.46
v 0.864 16.17 -0.843
v 1.015 16.456 -1.231
v 1.595 16.513 -1.61
v 2.076 16.374 -1.512
v 1.945 16.392 -1.098
v 2.361 16.089 -1.192
v 2.244 15.692 -0.59
v 1.685 16.145 -0.717
v 1.512 16.42 -1.116
v 1.73 16.513 -1.819
v 2.167 16.379 -2.129
v 2.397 16.398 -1.718
v 2.639 16.084 -2.123
v 3.039 15.655 -1.592
v 2.512 16.125 -1.235
v 2.062 16.414 -1.389
v 1.732 16.513 -1.904
v 1.98 16.233 -2.331
v 2.357 16.313 -2.024
v 2.379 15.875 -2.423
v 2.924 15.536 -1.945
v 2.642 16.158 -1.527
v 2.199 16.47 -1.584
v 1.523 16.513 -2.162
v 1.303 16.393 -2.581
v 1.709 16.332 -2.681
v 1.345 16.095 -2.947
v 1.823 15.628 -3.125
v 2.119 16.032 -2.648
v 1.947 16.341 -2.332
v 1.214 16.203 -2.096
v 0.779 15.904 -1.984
v 0.861 15.83 -2.442
v 0.565 15.467 -2.121
v 0.76 14.965 -2.653
v 1.166 15.573 -2.846
v 1.28 15.992 -2.588
v 1.155 16.203 -2.021
v 0.738 15.824 -1.769
v 0.616 15.751 -2.28
v 0.452 15.293 -1.866
v 0.434 14.711 -2.525
v 0.772 15.464 -2.829
v 1.004 15.966 -2.571
v 1.117 16.203 -1.831
v 0.776 15.979 -1.385
v 0.485 15.816 -1.78
v 0.426 15.507 -1.242
v 0.132 14.809 -1.657
v 0.418 15.389 -2.228
v 0.77 15.881 -2.206
v 1.223 16.203 -1.633
v 1.35 15.914 -1.202
v 0.889 15.871 -1.203
v 1.199 15.491 -0.94
v 0.619 15.01 -1.015
v 0.443 15.623 -1.424
v 0.719 16.024 -1.605
v 1.393 16.203 -1.56
v 1.791 15.863 -1.28
v 1.376 15.842 -0.972
v 1.815 15.401 -0.958
v 1.217 14.915 -0.634
v 0.81 15.608 -0.86
v 0.954 16.036 -1.198
v 1.537 16.203 -1.58
v 1.972 15.812 -1.537
v 1.791 15.752 -1.074
v 2.109 15.292 -1.297
v 1.738 14.749 -0.776
v 1.361 15.498 -0.737
v 1.348 15.984 -1.07
v 1.625 16.203 -1.633
v 2.077 15.917 -1.712
v 1.984 15.87 -1.25
v 2.307 15.499 -1.538
v 2.117 15.023 -0.978
v 1.677 15.625 -0.838
v 1.553 16.022 -1.128
v 1.729 16.203 -1.814
v 1.965 15.863 -2.145
v 2.217 15.803 -1.769
v 2.201 15.405 -2.148
v 2.401 14.92 -1.612
v 2.257 15.573 -1.271
v 2.011 16.003 -1.414
v 1.71 16.203 -1.989
v 1.815 15.963 -2.431
v 2.177 15.868 -2.191
v 2.041 15.555 -2.604
v 2.428 15.027 -2.287
v 2.398 15.571 -1.804
v 2.112 15.975 -1.765
v 1.616 16.203 -2.112
v 1.578 15.976 -2.646
v 2.003 15.752 -2.527
v 1.687 15.487 -2.957
v 2.044 14.745 -2.817
v 2.25 15.3 -2.228
v 2.047 15.82 -2.039
v 1.333 16.203 -2.164
v 0.834 15.944 -2.375
v 1.192 15.757 -2.702
v 0.652 15.451 -2.623
v 1.054 14.754 -2.894
v 1.655 15.347 -2.798
v 1.669 15.857 -2.521
v 1.328 16.109 -1.571
v 1.678 16.109 -1.684
v 1.424 15.893 -1.868
v 1.678 16.109 -2.053
v 1.111 16.109 -1.868
v 1.328 16.109 -2.166
v 1.738 16.458 -1.868
v 1.521 16.458 -1.571
v 1.171 16.458 -1.684
v 1.171 16.458 -2.053
v 1.521 16.458 -2.166
v 1.424 16.674 -1.868
v 2.035 14.928 4.53
v 2.345 15.201 4.765
v 1.976 15.359 4.869
v 2.381 15.428 5.152
v 1.945 15.537 5.646
v 1.561 15.324 5.142
v 1.662 15.114 4.757
v 2.155 14.928 4.5
v 2.513 15.186 4.505
v 2.34 15.324 4.813
v 2.791 15.383 4.78
v 2.83 15.448 5.404
v 2.248 15.263 5.255
v 2.06 15.086 4.901
v 2.231 14.928 4.349
v 2.408 15.175 4.037
v 2.572 15.292 4.361
v 2.761 15.357 3.948
v 3.279 15.401 4.268
v 2.88 15.221 4.693
v 2.507 15.062 4.658
v 2.111 14.928 4.188
v 1.931 15.069 3.816
v 2.208 15.315 3.809
v 2.028 15.23 3.41
v 2.542 15.409 3.093
v 2.64 15.376 3.714
v 2.441 15.19 4.069
v 1.913 14.928 4.252
v 1.542 15.139 4.355
v 1.635 15.349 4.057
v 1.198 15.347 4.175
v 1.026 15.512 3.593
v 1.639 15.375 3.605
v 1.91 15.163 3.88
v 1.879 14.928 4.361
v 1.586 15.094 4.678
v 1.528 15.38 4.413
v 1.177 15.316 4.726
v 0.729 15.591 4.321
v 1.308 15.501 4.01
v 1.695 15.248 4.082
v 2.078 14.811 4.692
v 2.499 14.73 5.072
v 2.106 14.68 5.366
v 2.621 14.435 5.533
v 2.203 13.921 6.004
v 1.664 14.328 5.551
v 1.701 14.641 5.087
v 2.352 14.811 4.516
v 2.944 14.748 4.403
v 2.938 14.575 4.894
v 3.412 14.393 4.527
v 3.538 13.705 5.034
v 2.807 14.096 5.278
v 2.44 14.501 5.029
v 2.385 14.811 4.283
v 2.729 14.736 3.754
v 3.09 14.63 4.161
v 3.182 14.402 3.541
v 3.701 13.785 3.929
v 3.318 14.203 4.621
v 2.842 14.571 4.654
v 2.329 14.811 4.158
v 2.487 14.746 3.6
v 2.921 14.599 3.791
v 2.808 14.404 3.238
v 3.33 13.754 3.316
v 3.217 14.147 4.047
v 2.828 14.531 4.274
v 2.022 14.811 4.019
v 1.586 14.722 3.678
v 1.964 14.716 3.37
v 1.457 14.455 3.23
v 1.885 14.016 2.729
v 2.421 14.42 3.149
v 2.388 14.694 3.61
v 1.866 14.811 4.076
v 1.289 14.723 3.933
v 1.537 14.55 3.507
v 0.954 14.356 3.639
v 1.126 13.681 3.154
v 1.866 14.091 3.233
v 2.049 14.501 3.594
v 1.727 14.811 4.28
v 1.268 14.642 4.615
v 1.068 14.656 4.14
v 0.81 14.315 4.59
v 0.474 13.871 3.969
v 1.007 14.386 3.585
v 1.432 14.701 3.777
v 1.77 14.811 4.536
v 1.632 14.745 5.028
v 1.235 14.677 4.847
v 1.317 14.469 5.329
v 0.785 13.97 5.217
v 0.921 14.333 4.59
v 1.303 14.632 4.412
v 1.933 14.811 4.669
v 2.204 14.667 5.186
v 1.695 14.699 5.31
v 2.107 14.369 5.656
v 1.423 13.952 5.921
v 1.12 14.438 5.302
v 1.381 14.725 4.89
v 2.288 14.474 4.599
v 2.742 14.095 4.475
v 2.744 14.079 4.996
v 2.995 13.602 4.674
v 2.869 13.109 5.363
v 2.476 13.855 5.518
v 2.31 14.305 5.178
v 2.382 14.474 4.437
v 2.71 14.172 4.127
v 2.906 14.098 4.544
v 2.993 13.721 4.136
v 3.146 13.192 4.675
v 2.881 13.821 5.033
v 2.617 14.256 4.875
v 2.386 14.474 4.288
v 2.666 14.193 3.818
v 3.005 14.027 4.18
v 2.98 13.674 3.66
v 3.292 12.955 4.072
v 3.104 13.608 4.639
v 2.769 14.138 4.634
v 2.289 14.474 4.112
v 2.206 14.174 3.704
v 2.639 14.117 3.705
v 2.369 13.735 3.466
v 2.905 13.236 3.56
v 3.037 13.861 3.931
v 2.763 14.278 4.091
v 2.067 14.474 4.018
v 1.631 14.138 3.701
v 2.068 14.044 3.386
v 1.567 13.617 3.366
v 2.14 12.988 3.066
v 2.629 13.707 3.307
v 2.516 14.213 3.652
v 1.899 14.474 4.056
v 1.311 14.279 3.859
v 1.674 14.026 3.501
v 1.04 13.79 3.61
v 1.385 12.999 3.313
v 2.127 13.527 3.382
v 2.217 14.059 3.668
v 1.776 14.474 4.166
v 1.315 14.21 4.326
v 1.306 14.118 3.857
v 1.019 13.77 4.214
v 1.061 13.205 3.668
v 1.514 13.801 3.425
v 1.728 14.237 3.668
v 1.726 14.474 4.427
v 1.384 14.233 4.938
v 1.107 13.984 4.507
v 1.072 13.701 5.131
v 0.862 12.884 4.722
v 1.103 13.482 4.041
v 1.41 14.051 4.03
v 1.822 14.474 4.599
v 1.874 14.252 5.135
v 1.434 14.065 4.963
v 1.749 13.797 5.414
v 1.335 13.126 5.197
v 1.14 13.66 4.611
v 1.367 14.138 4.465
v 1.878 14.474 4.642
v 2.056 14.147 5.04
v 1.608 14.113 5.155
v 1.928 13.691 5.33
v 1.323 13.195 5.381
v 1.123 13.868 5.032
v 1.385 14.295 4.792
v 2.117 14.474 4.687
v 2.559 14.229 4.995
v 2.202 14.049 5.296
v 2.717 13.735 5.314
v 2.347 13.017 5.588
v 1.785 13.617 5.36
v 1.783 14.131 5.034
v 1.95 14.371 4.679
v 2.331 14.371 4.556
v 2.055 14.136 4.355
v 2.331 14.371 4.155
v 1.714 14.371 4.355
v 1.95 14.371 4.031
v 2.396 14.752 4.355
v 2.161 14.752 4.679
v 1.779 14.752 4.556
v 1.779 14.752 4.155
v 2.161 14.752 4.031
v 2.055 14.987 4.355
v 3.886 15.546 -1.243
v 3.906 15.833 -0.832
v 3.538 15.977 -1.009
v 3.615 16.042 -0.498
v 2.909 16.091 -0.419
v 3.03 15.893 -1.092
v 3.418 15.708 -1.327
v 4.038 15.546 -1.171
v 4.39 15.677 -0.849
v 4.083 15.948 -0.733
v 4.448 15.832 -0.392
v 4.008 16.017 0.124
v 3.643 16.015 -0.478
v 3.719 15.829 -0.92
v 4.212 15.546 -1.306
v 4.55 15.776 -1.553
v 4.584 15.98 -1.198
v 4.974 15.982 -1.501
v 5.384 16.115 -0.974
v 4.76 15.976 -0.737
v 4.372 15.772 -0.916
v 4.168 15.546 -1.485
v 4.139 15.802 -1.886
v 4.475 15.985 -1.758
v 4.406 16.01 -2.239
v 5.071 16.107 -2.379
v 4.958 15.945 -1.721
v 4.599 15.748 -1.455
v 3.978 15.546 -1.535
v 3.608 15.776 -1.633
v 3.892 15.951 -1.838
v 3.436 15.985 -1.953
v 3.661 16.12 -2.522
v 4.178 15.95 -2.211
v 4.226 15.748 -1.848
v 3.849 15.546 -1.386
v 3.621 15.825 -1.118
v 3.516 15.96 -1.465
v 3.242 16.044 -1.097
v 2.757 16.126 -1.5
v 3.246 15.904 -1.842
v 3.624 15.708 -1.739
v 3.891 15.422 -1.03
v 4.111 15.206 -0.556
v 3.654 15.266 -0.403
v 3.984 14.873 -0.124
v 3.32 14.493 0.126
v 3.109 15.057 -0.408
v 3.382 15.36 -0.793
v 4.098 15.422 -1.006
v 4.506 15.177 -0.751
v 4.244 15.188 -0.377
v 4.629 14.795 -0.362
v 4.248 14.347 0.151
v 3.824 14.943 -0.12
v 3.836 15.3 -0.549
v 4.373 15.422 -1.247
v 4.836 15.274 -1.521
v 4.974 15.257 -1.055
v 5.259 14.956 -1.467
v 5.504 14.498 -0.877
v 4.97 14.971 -0.547
v 4.594 15.286 -0.754
v 4.386 15.422 -1.407
v 4.683 15.242 -1.854
v 5.036 15.273 -1.518
v 5.111 14.921 -1.984
v 5.646 14.51 -1.549
v 5.296 15.03 -1.049
v 4.836 15.333 -1.076
v 4.253 15.422 -1.638
v 4.115 15.102 -2.203
v 4.679 15.175 -2.266
v 4.369 14.67 -2.617
v 5.202 14.232 -2.681
v 5.311 14.962 -2.094
v 4.9 15.346 -1.767
v 3.985 15.422 -1.711
v 3.52 15.287 -2.096
v 3.906 15.204 -2.446
v 3.359 14.908 -2.57
v 3.757 14.29 -3.068
v 4.35 14.798 -2.644
v 4.347 15.195 -2.158
v 3.74 15.422 -1.561
v 3.234 15.289 -1.488
v 3.219 15.244 -1.934
v 2.841 14.963 -1.67
v 2.746 14.46 -2.233
v 3.341 14.921 -2.348
v 3.65 15.254 -2.054
v 3.677 15.422 -1.383
v 3.264 15.246 -0.998
v 2.977 15.28 -1.418
v 2.784 14.918 -0.962
v 2.322 14.485 -1.518
v 2.811 15.019 -1.947
v 3.287 15.331 -1.818
v 3.699 15.422 -1.232
v 3.478 15.296 -0.765
v 3.103 15.255 -1.018
v 3.108 14.981 -0.544
v 2.586 14.491 -0.799
v 2.825 14.938 -1.367
v 3.242 15.26 -1.45
v 4.194 15.065 -1.038
v 4.834 14.84 -0.853
v 4.471 14.63 -0.405
v 5.126 14.323 -0.551
v 4.752 13.522 -0.106
v 3.976 14.132 -0.179
v 3.876 14.681 -0.543
v 4.235 15.065 -1.063
v 4.867 14.729 -1.047
v 4.656 14.625 -0.473
v 5.171 14.174 -0.77
v 4.86 13.47 -0.111
v 4.199 14.233 -0.032
v 4.056 14.778 -0.432
v 4.389 15.065 -1.377
v 4.668 14.775 -1.828
v 4.993 14.692 -1.425
v 4.995 14.306 -1.924
v 5.337 13.723 -1.404
v 5.117 14.372 -0.896
v 4.769 14.829 -0.971
v 4.337 15.065 -1.544
v 4.372 14.68 -2.095
v 4.917 14.599 -1.944
v 4.656 14.107 -2.347
v 5.294 13.441 -2.052
v 5.338 14.252 -1.525
v 4.941 14.801 -1.41
v 4.248 15.065 -1.642
v 4.104 14.744 -2.135
v 4.599 14.597 -2.111
v 4.216 14.215 -2.417
v 4.744 13.538 -2.292
v 5.01 14.223 -1.83
v 4.766 14.751 -1.646
v 3.95 15.065 -1.704
v 3.463 14.814 -1.92
v 3.83 14.668 -2.247
v 3.303 14.351 -2.188
v 3.735 13.715 -2.496
v 4.31 14.298 -2.37
v 4.302 14.769 -2.071
v 3.916 15.065 -1.694
v 3.416 14.662 -1.75
v 3.672 14.604 -2.244
v 3.266 14.121 -2.009
v 3.718 13.553 -2.557
v 4.181 14.335 -2.594
v 4.179 14.841 -2.237
v 3.76 15.065 -1.587
v 3.219 14.743 -1.425
v 3.282 14.627 -1.976
v 2.917 14.223 -1.566
v 3.076 13.573 -2.19
v 3.602 14.271 -2.461
v 3.79 14.783 -2.171
v 3.682 15.065 -1.292
v 3.38 14.749 -0.767
v 2.987 14.596 -1.169
v 3.019 14.184 -0.602
v 2.629 13.426 -1.085
v 2.841 14.16 -1.698
v 3.232 14.728 -1.681
v 3.736 15.065 -1.159
v 3.639 14.774 -0.576
v 3.157 14.597 -0.796
v 3.383 14.223 -0.286
v 2.902 13.451 -0.556
v 2.873 14.143 -1.203
v 3.214 14.708 -1.341
v 3.898 15.065 -1.027
v 4.167 14.814 -0.498
v 3.635 14.661 -0.431
v 4.121 14.319 -0.118
v 3.542 13.614 -0.072
v 3.142 14.239 -0.604
v 3.351 14.747 -0.903
v 3.922 14.957 -1.014
v 4.325 14.957 -1.145
v 4.033 14.708 -1.357
v 4.325 14.957 -1.569
v 3.672 14.957 -1.357
v 3.922 14.957 -1.7
v 4.394 15.36 -1.357
v 4.145 15.36 -1.014
v 3.741 15.36 -1.145
v 3.741 15.36 -1.569
v 4.145 15.36 -1.7
v 4.033 15.608 -1.357
v 6.113 14.037 -0.79
v 6.228 14.231 -0.387
v 5.928 14.467 -0.509
v 6.044 14.442 -0.041
v 5.437 14.647 0.082
v 5.453 14.528 -0.559
v 5.736 14.302 -0.819
v 6.297 14.037 -0.777
v 6.629 14.234 -0.693
v 6.46 14.369 -0.438
v 6.859 14.373 -0.386
v 6.834 14.402 0.182
v 6.329 14.305 -0.064
v 6.187 14.177 -0.424
v 6.388 14.037 -0.909
v 6.682 14.199 -1.168
v 6.739 14.417 -0.882
v 7.068 14.37 -1.167
v 7.465 14.529 -0.739
v 6.921 14.457 -0.486
v 6.559 14.273 -0.6
v 6.316 14.037 -1.073
v 6.218 14.227 -1.417
v 6.505 14.408 -1.344
v 6.382 14.401 -1.744
v 6.919 14.523 -1.92
v 6.923 14.412 -1.352
v 6.669 14.236 -1.091
v 6.19 14.037 -1.103
v 5.814 14.239 -1.311
v 6.13 14.442 -1.481
v 5.688 14.421 -1.708
v 6.024 14.547 -2.274
v 6.5 14.443 -1.813
v 6.49 14.257 -1.399
v 6.048 14.037 -0.975
v 5.806 14.294 -0.753
v 5.75 14.435 -1.077
v 5.452 14.507 -0.773
v 5.045 14.605 -1.195
v 5.54 14.399 -1.451
v 5.88 14.205 -1.318
v 6.261 13.921 -0.6
v 6.651 13.811 -0.291
v 6.323 13.736 -0.011
v 6.785 13.501 0.086
v 6.444 12.991 0.478
v 5.945 13.401 0.142
v 5.952 13.728 -0.243
v 6.405 13.921 -0.656
v 6.999 13.736 -0.584
v 6.811 13.713 -0.075
v 7.333 13.361 -0.251
v 7.144 12.833 0.434
v 6.458 13.39 0.371
v 6.27 13.76 -0.066
v 6.521 13.921 -0.796
v 6.999 13.663 -1.024
v 7.169 13.717 -0.552
v 7.431 13.286 -0.891
v 7.676 12.872 -0.2
v 7.157 13.5 0.015
v 6.771 13.841 -0.268
v 6.543 13.921 -0.993
v 6.78 13.68 -1.411
v 7.15 13.706 -1.14
v 7.158 13.318 -1.535
v 7.675 12.906 -1.142
v 7.418 13.486 -0.709
v 6.997 13.821 -0.722
v 6.436 13.921 -1.18
v 6.433 13.89 -1.8
v 6.953 13.808 -1.711
v 6.701 13.601 -2.265
v 7.362 13.02 -2.333
v 7.407 13.39 -1.534
v 7.021 13.714 -1.19
v 6.15 13.921 -1.258
v 5.68 13.744 -1.545
v 6.03 13.674 -1.895
v 5.517 13.363 -1.93
v 5.913 12.806 -2.386
v 6.477 13.329 -2.099
v 6.481 13.715 -1.685
v 5.915 13.921 -1.074
v 5.446 13.66 -0.869
v 5.289 13.688 -1.331
v 5.037 13.268 -1.005
v 4.829 12.822 -1.667
v 5.324 13.45 -1.868
v 5.685 13.812 -1.588
v 5.883 13.921 -0.955
v 5.477 13.816 -0.644
v 5.292 13.69 -1.032
v 5.085 13.48 -0.581
v 4.816 12.901 -0.967
v 5.26 13.305 -1.409
v 5.624 13.671 -1.333
v 6.009 13.921 -0.669
v 6.009 13.828 -0.109
v 5.563 13.659 -0.188
v 5.824 13.462 0.294
v 5.357 12.794 0.316
v 5.248 13.207 -0.378
v 5.53 13.616 -0.669
v 6.27 13.588 -0.602
v 6.692 13.295 -0.354
v 6.365 13.161 -0.027
v 6.816 12.798 -0.066
v 6.409 12.151 0.236
v 5.925 12.797 0.079
v 5.95 13.294 -0.233
v 6.498 13.588 -0.754
v 6.86 13.253 -0.942
v 6.978 13.222 -0.509
v 7.118 12.804 -0.825
v 7.157 12.338 -0.232
v 6.861 13.002 -0.027
v 6.645 13.417 -0.277
v 6.549 13.588 -0.919
v 6.995 13.388 -1.303
v 7.18 13.176 -0.85
v 7.371 12.908 -1.402
v 7.546 12.15 -0.977
v 7.127 12.7 -0.421
v 6.792 13.214 -0.485
v 6.53 13.588 -1.042
v 6.807 13.401 -1.582
v 7.11 13.156 -1.189
v 7.095 12.925 -1.814
v 7.35 12.148 -1.452
v 7.171 12.664 -0.744
v 6.871 13.184 -0.691
v 6.414 13.588 -1.199
v 6.28 13.34 -1.668
v 6.734 13.212 -1.622
v 6.383 12.9 -1.945
v 6.871 12.307 -1.837
v 7.114 12.872 -1.366
v 6.89 13.317 -1.186
v 6.247 13.588 -1.263
v 5.811 13.244 -1.592
v 6.287 13.125 -1.864
v 5.757 12.709 -1.9
v 6.358 12.058 -2.116
v 6.866 12.777 -1.878
v 6.735 13.301 -1.574
v 6.027 13.588 -1.205
v 5.523 13.221 -1.165
v 5.656 13.149 -1.683
v 5.298 12.698 -1.382
v 5.578 12.113 -1.985
v 6.047 12.855 -2.109
v 6.147 13.352 -1.771
v 5.899 13.588 -1.036
v 5.337 13.348 -0.789
v 5.325 13.084 -1.289
v 4.966 12.808 -0.782
v 4.999 11.97 -1.207
v 5.566 12.567 -1.661
v 5.836 13.148 -1.522
v 5.925 13.588 -0.767
v 5.893 13.252 -0.214
v 5.405 13.122 -0.461
v 5.671 12.715 0.01
v 5.168 12.048 -0.363
v 5.079 12.759 -0.932
v 5.399 13.288 -0.999
v 6.062 13.588 -0.635
v 6.326 13.274 -0.209
v 5.825 13.176 -0.139
v 6.264 12.792 0.071
v 5.665 12.214 0.056
v 5.316 12.87 -0.318
v 5.536 13.339 -0.534
v 6.229 13.588 -0.598
v 6.637 13.411 -0.251
v 6.219 13.237 -0.055
v 6.75 13 0.06
v 6.328 12.358 0.244
v 5.781 12.837 -0.065
v 5.828 13.275 -0.355
v 6.112 13.487 -0.61
v 6.488 13.487 -0.733
v 6.216 13.255 -0.931
v 6.488 13.487 -1.129
v 5.879 13.487 -0.931
v 6.112 13.487 -1.251
v 6.553 13.863 -0.931
v 6.32 13.863 -0.61
v 5.943 13.863 -0.733
v 5.943 13.863 -1.129
v 6.32 13.863 -1.251
v 6.216 14.095 -0.931
v -5.528 14.971 1.567
v -5.539 15.105 1.944
v -5.733 15.34 1.779
v -5.777 15.283 2.19
v -6.294 15.504 2.135
v -6.102 15.436 1.607
v -5.81 15.232 1.458
v -5.341 14.971 1.619
v -4.966 15.247 1.713
v -5.247 15.391 1.979
v -4.762 15.461 2.062
v -4.924 15.534 2.71
v -5.488 15.328 2.409
v -5.571 15.137 2.001
v -5.224 14.971 1.464
v -4.989 15.215 1.199
v -4.837 15.342 1.507
v -4.589 15.387 1.145
v -4.062 15.416 1.467
v -4.542 15.26 1.824
v -4.95 15.109 1.765
v -5.302 14.971 1.313
v -5.445 15.178 0.968
v -5.123 15.348 1.048
v -5.305 15.363 0.638
v -4.745 15.481 0.456
v -4.674 15.344 1.036
v -4.92 15.162 1.3
v -5.453 14.971 1.294
v -5.865 15.165 1.15
v -5.588 15.394 0.944
v -6.057 15.361 0.779
v -5.819 15.531 0.17
v -5.275 15.428 0.558
v -5.213 15.221 0.966
v -5.55 14.971 1.379
v -5.901 15.159 1.516
v -5.89 15.341 1.209
v -6.282 15.318 1.387
v -6.573 15.411 0.861
v -5.976 15.324 0.787
v -5.646 15.164 1.017
v -5.434 14.856 1.784
v -5.134 14.743 2.26
v -5.555 14.602 2.456
v -5.087 14.367 2.716
v -5.495 13.712 3.02
v -5.941 14.165 2.487
v -5.846 14.575 2.069
v -5.203 14.856 1.723
v -4.708 14.755 1.828
v -4.844 14.709 2.242
v -4.394 14.459 2.13
v -4.472 13.972 2.685
v -5.08 14.386 2.584
v -5.28 14.694 2.207
v -5.094 14.856 1.589
v -4.693 14.654 1.38
v -4.57 14.691 1.789
v -4.339 14.349 1.478
v -4.154 14.003 2.058
v -4.593 14.506 2.271
v -4.905 14.785 2.041
v -5.068 14.856 1.433
v -4.71 14.763 1.021
v -4.455 14.656 1.417
v -4.312 14.443 0.897
v -3.949 13.883 1.298
v -4.34 14.28 1.842
v -4.733 14.627 1.809
v -5.239 14.856 1.167
v -5.421 14.683 0.636
v -4.921 14.689 0.558
v -5.268 14.343 0.196
v -4.598 13.876 0.028
v -4.389 14.403 0.64
v -4.688 14.733 1.006
v -5.371 14.856 1.128
v -5.727 14.811 0.661
v -5.285 14.728 0.429
v -5.79 14.52 0.159
v -5.332 13.954 -0.259
v -4.842 14.327 0.311
v -4.937 14.65 0.788
v -5.633 14.856 1.228
v -6.164 14.598 1.3
v -6.145 14.657 0.789
v -6.518 14.23 1.04
v -6.489 13.836 0.298
v -5.923 14.454 0.246
v -5.668 14.785 0.639
v -5.725 14.856 1.442
v -6.165 14.72 1.853
v -6.407 14.609 1.388
v -6.612 14.34 1.936
v -6.958 13.715 1.437
v -6.479 14.201 0.895
v -6.054 14.604 0.985
v -5.697 14.856 1.591
v -5.9 14.769 2.054
v -6.227 14.63 1.788
v -6.198 14.45 2.291
v -6.587 13.877 2.073
v -6.415 14.244 1.47
v -6.081 14.598 1.371
v -5.373 14.527 1.785
v -4.921 14.201 2.061
v -5.307 14.124 2.422
v -4.827 13.697 2.402
v -5.35 13.091 2.783
v -5.84 13.799 2.573
v -5.766 14.286 2.203
v -5.176 14.527 1.702
v -4.734 14.141 1.571
v -4.758 14.103 2.09
v -4.51 13.638 1.75
v -4.684 13.128 2.407
v -5.055 13.87 2.591
v -5.189 14.334 2.271
v -5.071 14.527 1.512
v -4.592 14.314 1.235
v -4.493 14.081 1.669
v -4.237 13.824 1.185
v -4.167 13.056 1.554
v -4.631 13.604 2.016
v -4.921 14.132 1.928
v -5.096 14.527 1.321
v -5.007 14.172 0.765
v -4.526 14.039 1.051
v -4.754 13.611 0.558
v -4.268 12.918 0.978
v -4.235 13.665 1.555
v -4.574 14.217 1.596
v -5.256 14.527 1.158
v -5.524 14.2 0.69
v -5.004 14.064 0.611
v -5.471 13.668 0.378
v -4.879 12.994 0.387
v -4.5 13.693 0.802
v -4.716 14.221 1.043
v -5.334 14.527 1.133
v -5.725 14.136 0.793
v -5.256 14.073 0.498
v -5.722 13.59 0.461
v -5.067 12.992 0.204
v -4.653 13.777 0.459
v -4.835 14.292 0.791
v -5.605 14.527 1.201
v -6.104 14.206 1.245
v -5.982 14.092 0.761
v -6.347 13.7 1.063
v -6.113 13.077 0.536
v -5.625 13.756 0.389
v -5.503 14.253 0.682
v -5.67 14.527 1.273
v -6.095 14.275 1.419
v -6.113 14.189 0.985
v -6.372 13.858 1.313
v -6.339 13.327 0.806
v -5.925 13.893 0.584
v -5.723 14.304 0.811
v -5.722 14.527 1.503
v -5.892 14.142 1.972
v -6.331 14.132 1.645
v -6.214 13.642 2.069
v -6.723 13.143 1.538
v -6.612 13.905 1.094
v -6.223 14.361 1.16
v -5.612 14.527 1.705
v -5.462 14.205 2.232
v -5.996 14.08 2.162
v -5.597 13.685 2.518
v -6.189 13.035 2.345
v -6.453 13.725 1.837
v -6.176 14.238 1.664
v -5.428 14.527 1.784
v -5.035 14.186 2.038
v -5.443 14.135 2.331
v -5.005 13.716 2.319
v -5.58 13.209 2.593
v -5.991 13.889 2.415
v -5.857 14.33 2.118
v -5.499 14.427 1.773
v -5.127 14.427 1.652
v -5.396 14.197 1.456
v -5.127 14.427 1.261
v -5.729 14.427 1.456
v -5.499 14.427 1.14
v -5.063 14.799 1.456
v -5.293 14.799 1.773
v -5.666 14.799 1.652
v -5.666 14.799 1.261
v -5.293 14.799 1.14
v -5.396 15.028 1.456
v -6.821 13.287 -0.847
v -7.076 13.583 -1.091
v -6.735 13.723 -1.219
v -7.099 13.811 -1.503
v -6.72 13.884 -2.043
v -6.381 13.654 -1.521
v -6.478 13.452 -1.106
v -6.983 13.287 -0.782
v -7.334 13.544 -0.668
v -7.266 13.644 -1.041
v -7.688 13.713 -0.841
v -7.913 13.713 -1.433
v -7.307 13.539 -1.498
v -7.017 13.399 -1.216
v -7.007 13.287 -0.61
v -7.103 13.539 -0.294
v -7.37 13.647 -0.497
v -7.43 13.711 -0.082
v -8.027 13.725 -0.128
v -7.759 13.552 -0.635
v -7.377 13.407 -0.755
v -6.92 13.287 -0.518
v -6.747 13.582 -0.197
v -7.128 13.701 -0.167
v -6.849 13.79 0.215
v -7.38 13.82 0.626
v -7.561 13.601 0.017
v -7.34 13.425 -0.362
v -6.739 13.287 -0.537
v -6.378 13.534 -0.565
v -6.547 13.69 -0.265
v -6.098 13.74 -0.319
v -6.059 13.844 0.292
v -6.641 13.661 0.18
v -6.831 13.468 -0.149
v -6.684 13.287 -0.739
v -6.565 13.528 -1.126
v -6.281 13.673 -0.878
v -6.194 13.696 -1.355
v -5.534 13.725 -1.237
v -5.854 13.59 -0.662
v -6.282 13.44 -0.548
v -6.881 13.171 -1.006
v -7.262 13.046 -1.325
v -6.933 12.984 -1.607
v -7.381 12.728 -1.711
v -7.024 12.227 -2.11
v -6.547 12.661 -1.762
v -6.566 12.99 -1.368
v -7.104 13.171 -0.886
v -7.617 13.063 -0.813
v -7.571 13.046 -1.272
v -7.988 12.785 -1.015
v -8.017 12.354 -1.623
v -7.402 12.765 -1.718
v -7.128 13.045 -1.399
v -7.173 13.171 -0.616
v -7.442 12.95 -0.129
v -7.834 12.988 -0.47
v -7.867 12.595 0.017
v -8.437 12.174 -0.44
v -8.128 12.753 -0.972
v -7.66 13.081 -0.953
v -7.143 13.171 -0.524
v -7.257 12.924 0.025
v -7.745 12.996 -0.175
v -7.639 12.566 0.288
v -8.361 12.18 0.012
v -8.204 12.794 -0.575
v -7.728 13.114 -0.694
v -6.929 13.171 -0.352
v -6.643 13.106 0.163
v -7.128 13.033 0.314
v -6.668 12.805 0.656
v -7.218 12.253 0.973
v -7.61 12.649 0.343
v -7.428 12.976 -0.098
v -6.696 13.171 -0.377
v -6.129 13.073 -0.16
v -6.424 12.922 0.256
v -5.826 12.701 0.196
v -6.06 12.031 0.702
v -6.791 12.468 0.519
v -6.933 12.879 0.109
v -6.547 13.171 -0.527
v -6.051 12.901 -0.729
v -5.886 12.975 -0.25
v -5.61 12.522 -0.564
v -5.372 12.125 0.162
v -5.91 12.774 0.333
v -6.301 13.111 0.018
v -6.564 13.171 -0.854
v -6.391 13.107 -1.372
v -5.979 13.001 -1.182
v -6.054 12.797 -1.7
v -5.525 12.215 -1.607
v -5.681 12.597 -0.931
v -6.081 12.94 -0.731
v -6.742 13.171 -0.992
v -6.984 13.134 -1.51
v -6.507 12.999 -1.582
v -6.951 12.84 -1.959
v -6.448 12.247 -2.166
v -6.076 12.579 -1.534
v -6.256 12.917 -1.156
v -7.035 12.838 -0.949
v -7.522 12.589 -1.016
v -7.338 12.435 -1.417
v -7.762 12.124 -1.215
v -7.531 11.476 -1.605
v -6.995 12.055 -1.652
v -6.882 12.532 -1.38
v -7.178 12.838 -0.696
v -7.532 12.57 -0.286
v -7.762 12.438 -0.739
v -7.853 12.094 -0.216
v -8.056 11.455 -0.742
v -7.76 12.07 -1.253
v -7.454 12.55 -1.15
v -7.138 12.838 -0.516
v -7.297 12.658 -0.07
v -7.623 12.49 -0.294
v -7.526 12.251 0.154
v -7.833 11.625 -0.057
v -7.766 12.101 -0.604
v -7.497 12.533 -0.702
v -7.064 12.838 -0.424
v -6.958 12.561 0.023
v -7.398 12.437 -0.037
v -7.072 12.104 0.265
v -7.541 11.52 0.116
v -7.755 12.114 -0.315
v -7.527 12.569 -0.46
v -6.923 12.838 -0.351
v -6.526 12.488 0.053
v -7.055 12.353 0.246
v -6.511 11.935 0.369
v -7.146 11.252 0.479
v -7.64 11.984 0.159
v -7.467 12.529 -0.121
v -6.736 12.838 -0.36
v -6.246 12.589 -0.107
v -6.561 12.399 0.247
v -6.037 12.082 0.193
v -6.361 11.338 0.518
v -6.966 11.951 0.366
v -7.02 12.48 0.037
v -6.591 12.838 -0.46
v -5.958 12.565 -0.569
v -6.118 12.354 -0.021
v -5.614 12.02 -0.435
v -5.834 11.229 0.099
v -6.511 11.881 0.377
v -6.706 12.449 0.108
v -6.512 12.838 -0.668
v -6.26 12.495 -1.105
v -5.921 12.461 -0.695
v -5.944 12.02 -1.161
v -5.587 11.51 -0.575
v -5.777 12.21 -0.121
v -6.12 12.653 -0.239
v -6.532 12.838 -0.788
v -6.271 12.609 -1.332
v -5.895 12.411 -0.978
v -5.948 12.104 -1.566
v -5.584 11.337 -1.21
v -5.752 11.938 -0.533
v -6.107 12.47 -0.471
v -6.631 12.838 -0.93
v -6.723 12.579 -1.473
v -6.226 12.434 -1.395
v -6.574 12.093 -1.794
v -6.044 11.42 -1.669
v -5.834 12.039 -1.1
v -6.106 12.533 -0.895
v -6.868 12.838 -1.008
v -7.308 12.515 -1.315
v -6.92 12.392 -1.656
v -7.41 11.98 -1.656
v -6.917 11.299 -1.984
v -6.414 12.013 -1.758
v -6.478 12.542 -1.4
v -6.95 12.737 -0.354
v -6.573 12.737 -0.477
v -6.845 12.504 -0.675
v -6.573 12.737 -0.873
v -7.182 12.737 -0.675
v -6.95 12.737 -0.995
v -6.508 13.113 -0.675
v -6.741 13.113 -0.354
v -7.118 13.113 -0.477
v -7.118 13.113 -0.873
v -6.741 13.113 -0.995
v -6.845 13.345 -0.675
v -3.671 13.671 4.148
v -3.377 13.8 3.714
v -3.22 14.116 4.017
v -2.9 13.978 3.578
v -2.29 14.22 3.974
v -2.886 14.223 4.455
v -3.366 14.004 4.445
v -3.779 13.671 4.008
v -3.947 13.855 3.652
v -3.656 14.085 3.702
v -3.831 14.058 3.288
v -3.294 14.254 3.048
v -3.212 14.143 3.653
v -3.431 13.927 3.956
v -3.948 13.671 4.011
v -4.379 13.947 3.958
v -4.112 14.102 3.631
v -4.65 14.155 3.61
v -4.551 14.218 2.895
v -3.895 14.031 3.141
v -3.75 13.844 3.567
v -4.053 13.671 4.149
v -4.31 13.968 4.396
v -4.438 14.081 4.038
v -4.728 14.176 4.405
v -5.259 14.203 4.005
v -4.728 13.978 3.673
v -4.31 13.803 3.786
v -4.001 13.671 4.32
v -3.963 13.883 4.722
v -4.29 14.055 4.591
v -4.211 14.051 5.057
v -4.849 14.127 5.159
v -4.756 14.017 4.525
v -4.417 13.854 4.279
v -3.732 13.671 4.329
v -3.394 13.947 4.271
v -3.529 14.088 4.596
v -3.093 14.17 4.493
v -2.97 14.264 5.101
v -3.553 14.041 5.048
v -3.778 13.839 4.733
v -3.537 13.541 4.001
v -3.373 13.437 3.408
v -2.901 13.371 3.664
v -2.995 13.1 3.079
v -2.356 12.528 3.291
v -2.522 12.987 4.027
v -2.979 13.343 4.198
v -3.772 13.541 3.823
v -4.145 13.364 3.268
v -3.589 13.376 3.044
v -4.105 12.991 2.718
v -3.384 12.462 2.323
v -2.951 13.045 2.978
v -3.184 13.409 3.485
v -3.982 13.541 3.832
v -4.532 13.371 3.606
v -4.19 13.294 3.195
v -4.761 12.986 3.233
v -4.388 12.407 2.704
v -3.729 12.93 2.918
v -3.671 13.324 3.344
v -4.178 13.541 3.988
v -4.755 13.452 4.091
v -4.713 13.294 3.605
v -5.181 13.093 3.955
v -5.234 12.436 3.435
v -4.537 12.847 3.215
v -4.218 13.247 3.475
v -4.233 13.541 4.214
v -4.598 13.317 4.748
v -4.965 13.265 4.277
v -5.052 12.884 4.882
v -5.539 12.286 4.312
v -5.162 12.906 3.684
v -4.69 13.335 3.749
v -4.065 13.541 4.497
v -3.968 13.449 5.114
v -4.492 13.307 5.079
v -4.137 13.078 5.579
v -4.723 12.404 5.659
v -4.927 12.848 4.907
v -4.626 13.257 4.553
v -3.795 13.541 4.551
v -3.257 13.368 4.921
v -3.664 13.308 5.329
v -3.067 12.957 5.415
v -3.516 12.328 5.989
v -4.173 12.907 5.586
v -4.178 13.326 5.064
v -3.692 13.541 4.516
v -3.057 13.334 4.676
v -3.307 13.403 5.213
v -2.737 12.975 5.127
v -3.026 12.529 5.937
v -3.745 13.14 5.717
v -3.897 13.472 5.168
v -3.493 13.541 4.242
v -2.969 13.392 3.88
v -2.702 13.376 4.367
v -2.415 13.024 3.875
v -1.96 12.46 4.475
v -2.582 13.011 4.915
v -3.109 13.381 4.746
v -3.671 13.169 3.864
v -3.776 12.929 3.319
v -3.323 12.695 3.38
v -3.702 12.415 2.98
v -3.319 11.637 3.071
v -3.032 12.221 3.65
v -3.218 12.768 3.877
v -3.868 13.169 3.812
v -4.398 12.705 3.567
v -3.945 12.681 3.102
v -4.465 12.105 3.2
v -3.761 11.508 2.703
v -3.251 12.411 2.86
v -3.386 12.959 3.284
v -4.113 13.169 3.909
v -4.675 12.903 3.896
v -4.51 12.711 3.431
v -4.977 12.382 3.715
v -4.771 11.635 3.274
v -4.155 12.267 3.143
v -3.99 12.807 3.419
v -4.224 13.169 4.099
v -4.671 12.771 4.542
v -4.953 12.704 3.964
v -5.08 12.186 4.531
v -5.339 11.515 3.765
v -4.954 12.357 3.268
v -4.567 12.914 3.49
v -4.224 13.169 4.269
v -4.531 12.968 4.791
v -4.836 12.766 4.371
v -4.856 12.498 4.984
v -5.147 11.762 4.563
v -4.913 12.306 3.89
v -4.578 12.808 3.879
v -4.147 13.169 4.424
v -4.204 12.978 5.02
v -4.64 12.757 4.774
v -4.399 12.511 5.336
v -4.802 11.761 5.095
v -4.886 12.284 4.386
v -4.609 12.79 4.229
v -3.941 13.169 4.549
v -3.632 12.932 5.087
v -4.134 12.713 5.219
v -3.605 12.4 5.505
v -4.08 11.581 5.63
v -4.567 12.206 5.097
v -4.433 12.771 4.746
v -3.812 13.169 4.554
v -3.309 12.903 4.867
v -3.753 12.721 5.164
v -3.159 12.391 5.181
v -3.649 11.662 5.439
v -4.277 12.289 5.214
v -4.24 12.819 4.895
v -3.542 13.169 4.376
v -3.017 12.916 4.181
v -3.016 12.791 4.7
v -2.671 12.447 4.28
v -2.705 11.804 4.863
v -3.242 12.414 5.17
v -3.493 12.888 4.922
v -3.489 13.169 4.186
v -3.256 12.722 3.718
v -2.829 12.676 4.126
v -2.925 12.138 3.668
v -2.495 11.544 4.312
v -2.629 12.404 4.755
v -3.009 12.944 4.623
v -3.498 13.169 4.102
v -3.152 12.923 3.558
v -2.784 12.728 3.976
v -2.766 12.387 3.353
v -2.392 11.58 3.781
v -2.665 12.231 4.471
v -3.068 12.792 4.49
v -3.978 13.056 4.543
v -3.557 13.056 4.406
v -3.861 12.796 4.185
v -3.557 13.056 3.963
v -4.238 13.056 4.185
v -3.978 13.056 3.826
v -3.485 13.476 4.185
v -3.745 13.476 4.543
v -4.166 13.476 4.406
v -4.166 13.476 3.963
v -3.745 13.476 3.826
v -3.861 13.735 4.185
v -2.032 13.786 -4.708
v -2.328 13.887 -4.48
v -2.337 14.12 -4.722
v -2.665 14.035 -4.501
v -2.949 14.241 -4.917
v -2.437 14.217 -5.102
v -2.138 14.038 -4.981
v -1.921 13.786 -4.523
v -1.727 14.068 -4.288
v -2.055 14.19 -4.234
v -1.768 14.293 -3.937
v -2.19 14.376 -3.525
v -2.419 14.136 -4.019
v -2.27 13.937 -4.357
v -1.798 13.786 -4.529
v -1.379 13.931 -4.4
v -1.627 14.19 -4.217
v -1.176 14.115 -4.057
v -1.398 14.336 -3.488
v -1.932 14.279 -3.853
v -2.009 14.068 -4.231
v -1.701 13.786 -4.712
v -1.553 14.009 -5.002
v -1.354 14.117 -4.75
v -1.217 14.163 -5.132
v -0.687 14.182 -4.941
v -1.029 14.037 -4.516
v -1.397 13.904 -4.489
v -1.812 13.786 -4.841
v -2.008 13.912 -5.195
v -1.736 14.158 -5.156
v -1.926 14.082 -5.551
v -1.421 14.3 -5.782
v -1.303 14.254 -5.199
v -1.489 14.055 -4.901
v -1.936 13.786 -4.835
v -2.302 13.981 -4.926
v -2.084 14.139 -5.174
v -2.518 14.134 -5.248
v -2.406 14.199 -5.838
v -1.878 14.1 -5.562
v -1.768 13.953 -5.188
v -2.136 13.674 -4.507
v -2.252 13.561 -3.977
v -2.668 13.453 -4.192
v -2.539 13.221 -3.678
v -3.046 12.65 -3.855
v -2.971 13.076 -4.509
v -2.612 13.44 -4.669
v -2.048 13.674 -4.416
v -1.963 13.536 -3.959
v -2.372 13.57 -3.915
v -2.15 13.269 -3.589
v -2.734 12.913 -3.463
v -2.809 13.352 -3.998
v -2.513 13.605 -4.3
v -1.815 13.674 -4.365
v -1.417 13.53 -4.097
v -1.713 13.527 -3.785
v -1.289 13.237 -3.721
v -1.647 12.826 -3.262
v -2.109 13.273 -3.568
v -2.101 13.56 -3.97
v -1.566 13.674 -4.567
v -1.085 13.532 -4.771
v -0.955 13.506 -4.331
v -0.65 13.207 -4.684
v -0.408 12.719 -4.128
v -0.967 13.195 -3.871
v -1.35 13.523 -4.094
v -1.547 13.674 -4.641
v -1.115 13.661 -4.953
v -0.957 13.549 -4.528
v -0.683 13.411 -4.998
v -0.373 12.881 -4.569
v -0.902 13.165 -4.123
v -1.298 13.456 -4.224
v -1.707 13.674 -4.961
v -1.887 13.403 -5.378
v -1.45 13.446 -5.499
v -1.741 13.038 -5.719
v -1.101 12.669 -5.854
v -0.936 13.268 -5.431
v -1.215 13.595 -5.138
v -1.911 13.674 -5
v -2.354 13.575 -5.349
v -1.963 13.439 -5.625
v -2.512 13.229 -5.74
v -2.137 12.617 -6.108
v -1.545 13.028 -5.746
v -1.548 13.408 -5.353
v -2.029 13.674 -4.96
v -2.479 13.568 -5.102
v -2.29 13.47 -5.457
v -2.732 13.257 -5.377
v -2.582 12.737 -5.809
v -2.021 13.128 -5.698
v -1.886 13.46 -5.37
v -2.188 13.674 -4.689
v -2.539 13.611 -4.373
v -2.75 13.556 -4.72
v -2.929 13.361 -4.303
v -3.278 12.915 -4.674
v -2.861 13.249 -5.09
v -2.483 13.518 -5.029
v -2.066 13.352 -4.43
v -1.92 13.031 -3.934
v -2.427 12.911 -3.955
v -2.049 12.516 -3.647
v -2.619 11.873 -3.764
v -2.869 12.56 -4.23
v -2.603 13.068 -4.421
v -1.916 13.352 -4.364
v -1.558 13 -4.13
v -1.949 12.957 -3.851
v -1.551 12.536 -3.875
v -2.122 12.061 -3.631
v -2.483 12.738 -3.78
v -2.335 13.168 -4.051
v -1.639 13.352 -4.455
v -1.135 13.14 -4.453
v -1.279 12.956 -4.048
v -0.855 12.692 -4.308
v -1.019 12.026 -3.935
v -1.582 12.551 -3.802
v -1.741 13.022 -4.032
v -1.586 13.352 -4.525
v -1.119 13.101 -4.699
v -1.079 12.984 -4.239
v -0.798 12.65 -4.611
v -0.794 12.041 -4.094
v -1.257 12.632 -3.822
v -1.501 13.087 -4.042
v -1.546 13.352 -4.708
v -1.308 13.051 -5.162
v -0.978 12.966 -4.77
v -1.013 12.582 -5.262
v -0.683 12.014 -4.744
v -0.848 12.661 -4.24
v -1.17 13.117 -4.311
v -1.606 13.352 -4.871
v -1.512 13.139 -5.481
v -1.05 12.938 -5.225
v -1.268 12.646 -5.8
v -0.812 11.882 -5.542
v -0.781 12.461 -4.82
v -1.106 12.985 -4.665
v -1.848 13.352 -5.003
v -2.242 13.007 -5.32
v -1.842 12.93 -5.644
v -2.284 12.487 -5.664
v -1.733 11.879 -5.983
v -1.31 12.611 -5.736
v -1.431 13.11 -5.38
v -1.972 13.352 -4.986
v -2.387 13.023 -5.04
v -2.176 12.984 -5.45
v -2.514 12.582 -5.266
v -2.144 12.123 -5.733
v -1.757 12.768 -5.747
v -1.756 13.178 -5.441
v -2.148 13.352 -4.837
v -2.714 13.165 -4.689
v -2.658 12.951 -5.172
v -3.082 12.703 -4.763
v -3.028 11.962 -5.215
v -2.407 12.483 -5.528
v -2.151 12.982 -5.327
v -2.186 13.352 -4.65
v -2.326 12.988 -4.232
v -2.706 12.943 -4.551
v -2.577 12.51 -4.159
v -2.966 12.019 -4.665
v -2.913 12.717 -5.064
v -2.607 13.161 -4.986
v -2.154 13.352 -4.538
v -2.214 13.028 -4.05
v -2.672 12.953 -4.252
v -2.464 12.541 -3.854
v -2.982 11.969 -4.183
v -3.001 12.653 -4.669
v -2.662 13.122 -4.729
v -1.967 13.255 -4.373
v -1.603 13.255 -4.491
v -1.867 13.031 -4.682
v -1.603 13.255 -4.873
v -2.192 13.255 -4.682
v -1.967 13.255 -4.991
v -1.541 13.618 -4.682
v -1.766 13.618 -4.373
v -2.13 13.618 -4.491
v -2.13 13.618 -4.873
v -1.766 13.618 -4.991
v -1.867 13.842 -4.682
v 4.099 12.869 4.606
v 4.64 13.049 4.658
v 4.394 13.346 4.974
v 4.983 13.25 5.034
v 4.879 13.463 5.806
v 4.13 13.413 5.508
v 3.93 13.184 5.053
v 4.182 12.869 4.471
v 4.43 13.214 4.126
v 4.555 13.365 4.563
v 4.861 13.488 4.09
v 5.433 13.591 4.591
v 4.88 13.299 5.035
v 4.446 13.056 4.913
v 4.123 12.869 4.295
v 4.109 12.98 3.813
v 4.385 13.271 3.968
v 4.389 13.142 3.467
v 5.048 13.371 3.463
v 4.863 13.377 4.136
v 4.504 13.176 4.37
v 3.892 12.869 4.259
v 3.532 13.099 4.175
v 3.735 13.259 3.91
v 3.295 13.279 3.844
v 3.351 13.352 3.224
v 3.897 13.213 3.498
v 4.034 13.044 3.886
v 3.781 12.869 4.419
v 3.47 13.061 4.691
v 3.39 13.29 4.391
v 3.042 13.251 4.697
v 2.576 13.41 4.262
v 3.165 13.318 3.985
v 3.572 13.117 4.098
v 3.885 12.869 4.618
v 4.098 13.084 5.104
v 3.687 13.355 5.015
v 3.929 13.304 5.564
v 3.192 13.502 5.815
v 3.085 13.4 5.025
v 3.395 13.164 4.655
v 4.298 12.734 4.666
v 4.903 12.502 4.492
v 4.9 12.494 5.08
v 5.334 12.092 4.692
v 5.364 11.56 5.467
v 4.693 12.183 5.68
v 4.368 12.578 5.315
v 4.37 12.734 4.452
v 4.887 12.599 3.951
v 5.163 12.451 4.51
v 5.411 12.165 3.839
v 5.811 11.42 4.424
v 5.243 11.955 5.095
v 4.748 12.424 4.998
v 4.261 12.734 4.17
v 4.261 12.577 3.616
v 4.735 12.483 3.734
v 4.492 12.201 3.266
v 5.059 11.617 3.353
v 5.122 12.112 4.001
v 4.786 12.504 4.228
v 3.995 12.734 4.052
v 3.488 12.601 3.553
v 4.022 12.609 3.218
v 3.403 12.252 2.965
v 4.049 11.708 2.394
v 4.657 12.25 3.007
v 4.533 12.6 3.588
v 3.702 12.734 4.171
v 3.071 12.647 4.189
v 3.174 12.621 3.646
v 2.625 12.341 3.897
v 2.617 11.817 3.165
v 3.4 12.262 3.134
v 3.717 12.581 3.553
v 3.606 12.734 4.345
v 3.056 12.704 4.583
v 2.904 12.578 4.114
v 2.527 12.393 4.56
v 2.182 11.758 4.087
v 2.867 12.123 3.706
v 3.34 12.479 3.872
v 3.652 12.734 4.644
v 3.604 12.366 5.28
v 2.99 12.464 5.125
v 3.195 11.895 5.603
v 2.296 11.451 5.335
v 2.384 12.263 4.694
v 2.928 12.672 4.523
v 3.746 12.734 4.749
v 3.825 12.594 5.365
v 3.28 12.589 5.36
v 3.573 12.251 5.839
v 2.836 11.726 5.942
v 2.741 12.249 5.203
v 3.132 12.593 4.835
v 4.11 12.734 4.807
v 4.742 12.543 5.072
v 4.404 12.614 5.585
v 5.014 12.188 5.591
v 4.611 11.726 6.389
v 3.889 12.333 6.041
v 3.805 12.664 5.447
v 4.364 12.346 4.51
v 4.753 11.873 4.069
v 5.124 11.801 4.589
v 5.148 11.219 4.08
v 5.478 10.513 4.831
v 5.193 11.457 5.278
v 4.791 12.071 5.068
v 4.337 12.346 4.283
v 4.445 12.029 3.751
v 4.894 11.904 4.028
v 4.702 11.509 3.545
v 5.165 10.849 3.931
v 5.163 11.54 4.497
v 4.829 12.055 4.544
v 4.087 12.346 4.067
v 3.723 11.943 3.723
v 4.208 11.875 3.463
v 3.752 11.391 3.417
v 4.423 10.801 3.226
v 4.811 11.591 3.472
v 4.606 12.109 3.77
v 3.945 12.346 4.054
v 3.414 12.063 3.675
v 3.922 11.826 3.412
v 3.256 11.495 3.347
v 3.783 10.664 3.161
v 4.479 11.328 3.438
v 4.432 11.925 3.751
v 3.733 12.346 4.142
v 3.16 12.018 4.18
v 3.294 11.91 3.636
v 2.863 11.483 3.955
v 3.093 10.811 3.337
v 3.674 11.54 3.203
v 3.836 12.065 3.552
v 3.616 12.346 4.312
v 3.116 12.08 4.62
v 3.065 11.89 4.093
v 2.783 11.568 4.617
v 2.8 10.841 4.075
v 3.272 11.46 3.611
v 3.523 11.99 3.782
v 3.596 12.346 4.48
v 3.263 11.961 5.091
v 2.874 11.77 4.551
v 2.911 11.309 5.245
v 2.586 10.461 4.59
v 2.788 11.294 3.871
v 3.161 11.948 3.946
v 3.733 12.346 4.739
v 3.996 11.869 5.309
v 3.314 11.775 5.318
v 3.837 11.209 5.623
v 3.005 10.494 5.458
v 2.645 11.427 4.976
v 3.002 12.05 4.769
v 3.919 12.346 4.824
v 4.343 12.002 5.337
v 3.775 11.769 5.524
v 4.401 11.362 5.722
v 3.814 10.472 5.82
v 3.219 11.25 5.386
v 3.357 11.908 5.057
v 4.084 12.346 4.815
v 4.632 12.025 5.075
v 4.238 11.821 5.459
v 4.826 11.438 5.378
v 4.372 10.631 5.703
v 3.72 11.353 5.572
v 3.711 11.954 5.237
v 4.314 12.346 4.642
v 4.897 12.099 4.455
v 4.813 11.887 4.986
v 5.241 11.586 4.528
v 5.103 10.826 5.042
v 4.494 11.428 5.4
v 4.275 11.967 5.182
v 3.861 12.228 4.814
v 4.3 12.228 4.671
v 3.982 11.958 4.44
v 4.3 12.228 4.21
v 3.589 12.228 4.44
v 3.861 12.228 4.067
v 4.375 12.666 4.44
v 4.103 12.666 4.814
v 3.664 12.666 4.671
v 3.664 12.666 4.21
v 4.103 12.666 4.067
v 3.982 12.937 4.44
v 7.446 12.153 -0.276
v 7.39 12.34 -0.546
v 7.625 12.476 -0.457
v 7.548 12.507 -0.79
v 8.002 12.608 -0.898
v 7.968 12.469 -0.442
v 7.74 12.309 -0.256
v 7.303 12.153 -0.312
v 6.976 12.358 -0.436
v 7.231 12.511 -0.623
v 6.83 12.53 -0.755
v 7.039 12.623 -1.281
v 7.492 12.489 -0.955
v 7.528 12.324 -0.603
v 7.193 12.153 -0.202
v 6.937 12.367 0.033
v 6.888 12.498 -0.295
v 6.593 12.535 0.014
v 6.229 12.6 -0.423
v 6.716 12.455 -0.686
v 7.04 12.3 -0.55
v 7.278 12.153 -0.023
v 7.437 12.385 0.235
v 7.131 12.502 0.249
v 7.362 12.563 0.563
v 6.923 12.622 0.88
v 6.766 12.448 0.388
v 6.94 12.289 0.09
v 7.427 12.153 -0.036
v 7.757 12.346 -0.013
v 7.601 12.504 0.227
v 7.994 12.513 0.239
v 7.99 12.612 0.778
v 7.485 12.492 0.603
v 7.333 12.328 0.29
v 7.488 12.153 -0.12
v 7.751 12.317 -0.289
v 7.777 12.477 -0.037
v 8.075 12.465 -0.24
v 8.382 12.567 0.149
v 7.906 12.478 0.299
v 7.61 12.327 0.161
v 7.426 12.051 -0.445
v 7.222 11.993 -0.904
v 7.63 11.845 -0.968
v 7.239 11.695 -1.29
v 7.64 11.125 -1.449
v 7.975 11.451 -0.908
v 7.836 11.789 -0.585
v 7.129 12.051 -0.367
v 6.662 11.884 -0.351
v 6.675 11.936 -0.77
v 6.328 11.604 -0.602
v 6.305 11.261 -1.226
v 6.834 11.737 -1.21
v 7.083 11.996 -0.858
v 7.052 12.051 -0.22
v 6.68 12.002 -0.015
v 6.557 11.913 -0.348
v 6.323 11.76 -0.008
v 6.089 11.307 -0.348
v 6.534 11.598 -0.654
v 6.856 11.867 -0.553
v 7.076 12.051 -0.035
v 6.877 12.057 0.355
v 6.569 11.969 0.166
v 6.558 11.855 0.598
v 6.124 11.405 0.515
v 6.344 11.635 -0.029
v 6.699 11.874 -0.169
v 7.25 12.051 0.116
v 7.426 11.905 0.462
v 7.099 11.862 0.58
v 7.384 11.614 0.77
v 6.983 11.205 0.938
v 6.757 11.614 0.565
v 6.904 11.904 0.291
v 7.479 12.051 0.096
v 7.957 12.01 0.256
v 7.717 11.906 0.611
v 8.221 11.75 0.558
v 8.046 11.242 1.021
v 7.423 11.548 0.87
v 7.292 11.842 0.516
v 7.542 12.051 0.051
v 8.001 11.956 0.059
v 7.868 11.854 0.433
v 8.282 11.669 0.239
v 8.186 11.183 0.671
v 7.632 11.534 0.724
v 7.46 11.843 0.463
v 7.632 12.051 -0.208
v 7.907 11.93 -0.58
v 8.171 11.85 -0.274
v 8.241 11.623 -0.708
v 8.589 11.133 -0.388
v 8.306 11.535 0.083
v 7.961 11.857 0.079
v 7.508 12.051 -0.405
v 7.365 11.81 -0.834
v 7.804 11.842 -0.893
v 7.527 11.469 -1.154
v 8.148 11.102 -1.217
v 8.289 11.656 -0.772
v 8.001 11.966 -0.515
v 7.177 11.757 -0.408
v 6.664 11.468 -0.393
v 6.862 11.368 -0.858
v 6.438 11.005 -0.587
v 6.739 10.43 -1.096
v 7.267 11.054 -1.208
v 7.355 11.509 -0.911
v 7.077 11.757 -0.294
v 6.597 11.587 -0.176
v 6.624 11.387 -0.573
v 6.275 11.172 -0.226
v 6.298 10.507 -0.57
v 6.822 10.967 -0.844
v 7.053 11.417 -0.69
v 7.048 11.757 -0.19
v 6.818 11.418 0.198
v 6.535 11.355 -0.2
v 6.565 10.951 0.232
v 6.32 10.445 -0.325
v 6.462 11.108 -0.734
v 6.732 11.549 -0.607
v 7.153 11.757 0.063
v 7.214 11.56 0.502
v 6.836 11.407 0.406
v 7.115 11.166 0.75
v 6.754 10.594 0.616
v 6.572 11.065 0.146
v 6.762 11.476 -0.001
v 7.251 11.757 0.117
v 7.555 11.413 0.398
v 7.14 11.362 0.605
v 7.524 10.955 0.642
v 6.948 10.478 0.783
v 6.626 11.139 0.586
v 6.806 11.566 0.352
v 7.406 11.757 0.124
v 7.772 11.492 0.284
v 7.516 11.382 0.58
v 7.881 11.066 0.498
v 7.537 10.533 0.767
v 7.14 11.091 0.697
v 7.154 11.513 0.45
v 7.57 11.757 0.021
v 8.021 11.597 -0.001
v 7.902 11.409 0.346
v 8.284 11.217 0.095
v 8.164 10.614 0.389
v 7.649 11.032 0.546
v 7.492 11.443 0.375
v 7.63 11.757 -0.108
v 7.943 11.493 -0.415
v 8.12 11.395 -0.023
v 8.208 11.068 -0.432
v 8.341 10.535 0.044
v 8.086 11.103 0.419
v 7.842 11.522 0.294
v 7.632 11.757 -0.208
v 7.926 11.597 -0.594
v 8.135 11.421 -0.246
v 8.203 11.211 -0.731
v 8.395 10.597 -0.401
v 8.15 11.035 0.121
v 7.882 11.45 0.116
v 7.519 11.757 -0.397
v 7.459 11.542 -0.83
v 7.831 11.376 -0.76
v 7.548 11.123 -1.081
v 7.886 10.52 -0.97
v 8.077 11.018 -0.517
v 7.9 11.455 -0.36
v 7.313 11.757 -0.456
v 6.976 11.576 -0.774
v 7.302 11.401 -0.975
v 6.86 11.169 -1.062
v 7.16 10.542 -1.242
v 7.629 11.014 -0.972
v 7.617 11.447 -0.699
v 7.249 11.668 0.119
v 7.582 11.668 0.011
v 7.341 11.463 -0.163
v 7.582 11.668 -0.338
v 7.044 11.668 -0.163
v 7.249 11.668 -0.446
v 7.638 11.999 -0.163
v 7.433 11.999 0.119
v 7.1 11.999 0.011
v 7.1 11.999 -0.338
v 7.433 11.999 -0.446
v 7.341 12.204 -0.163
v 5.343 11.637 -2.888
v 5.073 11.768 -3.091
v 5.283 11.985 -3.162
v 5.006 11.935 -3.407
v 5.293 12.135 -3.791
v 5.584 12.068 -3.367
v 5.554 11.878 -3.058
v 5.21 11.637 -2.79
v 4.866 11.856 -2.618
v 4.879 12.053 -2.938
v 4.479 12.055 -2.727
v 4.162 12.191 -3.261
v 4.772 12.056 -3.377
v 5.11 11.857 -3.16
v 5.205 11.637 -2.666
v 5.118 11.844 -2.327
v 4.9 11.981 -2.573
v 4.82 12.009 -2.153
v 4.279 12.08 -2.322
v 4.545 11.943 -2.809
v 4.889 11.789 -2.873
v 5.35 11.637 -2.554
v 5.631 11.779 -2.269
v 5.345 12.001 -2.205
v 5.649 11.937 -1.89
v 5.229 12.1 -1.493
v 4.946 12.051 -2.021
v 5.045 11.874 -2.378
v 5.526 11.637 -2.682
v 5.877 11.798 -2.9
v 5.937 12.011 -2.598
v 6.306 11.943 -2.847
v 6.715 12.053 -2.368
v 6.106 12.014 -2.181
v 5.71 11.857 -2.344
v 5.517 11.637 -2.788
v 5.617 11.811 -3.15
v 5.823 12.001 -2.929
v 5.931 11.976 -3.344
v 6.484 12.104 -3.192
v 6.183 12.016 -2.695
v 5.827 11.844 -2.609
v 5.169 11.525 -2.977
v 4.65 11.25 -2.965
v 4.749 11.296 -3.465
v 4.361 10.868 -3.25
v 4.522 10.469 -3.956
v 5.059 11.097 -3.958
v 5.231 11.441 -3.555
v 5.046 11.525 -2.775
v 4.624 11.283 -2.429
v 4.348 11.355 -2.856
v 4.155 10.928 -2.453
v 3.731 10.539 -3.079
v 4.213 11.149 -3.424
v 4.673 11.468 -3.238
v 5.048 11.525 -2.658
v 4.749 11.447 -2.238
v 4.43 11.413 -2.549
v 4.336 11.178 -2.075
v 3.845 10.717 -2.392
v 4.201 11.1 -2.922
v 4.636 11.382 -2.944
v 5.228 11.525 -2.429
v 5.365 11.471 -1.921
v 4.931 11.336 -1.893
v 5.279 11.169 -1.503
v 4.823 10.587 -1.356
v 4.572 10.93 -1.978
v 4.777 11.272 -2.317
v 5.363 11.525 -2.399
v 5.731 11.309 -2.076
v 5.38 11.301 -1.781
v 5.792 10.946 -1.688
v 5.325 10.489 -1.287
v 4.918 11.041 -1.628
v 5.003 11.389 -2.027
v 5.631 11.525 -2.544
v 6.17 11.329 -2.708
v 6.191 11.323 -2.188
v 6.572 10.968 -2.536
v 6.641 10.492 -1.848
v 6.036 11.04 -1.651
v 5.724 11.389 -1.97
v 5.684 11.525 -2.741
v 6.033 11.458 -3.081
v 6.264 11.353 -2.744
v 6.418 11.171 -3.191
v 6.762 10.646 -2.874
v 6.37 10.993 -2.404
v 5.993 11.309 -2.425
v 5.611 11.525 -2.926
v 5.643 11.358 -3.396
v 6.057 11.32 -3.296
v 5.885 11.025 -3.683
v 6.42 10.56 -3.587
v 6.413 11.037 -3.053
v 6.083 11.367 -2.872
v 5.442 11.525 -3.033
v 5.163 11.326 -3.43
v 5.555 11.434 -3.636
v 5.222 11.056 -3.854
v 5.821 10.794 -4.206
v 6.079 11.304 -3.732
v 5.876 11.532 -3.328
v 5.047 11.204 -2.782
v 4.666 10.907 -2.412
v 4.478 10.779 -2.888
v 4.355 10.411 -2.386
v 4.221 9.774 -2.947
v 4.538 10.424 -3.412
v 4.819 10.918 -3.267
v 5.042 11.204 -2.722
v 4.759 10.889 -2.31
v 4.467 10.777 -2.71
v 4.466 10.39 -2.238
v 4.208 9.775 -2.75
v 4.405 10.445 -3.219
v 4.709 10.934 -3.128
v 5.085 11.204 -2.56
v 5.012 10.954 -2.06
v 4.589 10.844 -2.275
v 4.778 10.511 -1.831
v 4.319 9.919 -2.112
v 4.307 10.503 -2.659
v 4.62 10.948 -2.749
v 5.235 11.204 -2.426
v 5.549 10.807 -2.061
v 5.046 10.736 -1.878
v 5.489 10.269 -1.786
v 4.818 9.696 -1.706
v 4.464 10.462 -1.972
v 4.695 10.968 -2.216
v 5.433 11.204 -2.407
v 5.908 10.956 -2.185
v 5.553 10.84 -1.846
v 6.061 10.51 -1.893
v 5.632 9.908 -1.542
v 5.079 10.492 -1.694
v 5.09 10.941 -2.02
v 5.631 11.204 -2.542
v 6.225 11.012 -2.617
v 6.144 10.788 -2.135
v 6.614 10.528 -2.497
v 6.556 9.746 -2.054
v 5.881 10.292 -1.813
v 5.615 10.816 -2.048
v 5.68 11.204 -2.664
v 6.059 10.921 -3.021
v 6.27 10.822 -2.566
v 6.395 10.449 -3.041
v 6.587 9.846 -2.486
v 6.253 10.484 -2.05
v 5.941 10.95 -2.196
v 5.674 11.204 -2.805
v 5.819 10.876 -3.235
v 6.225 10.823 -2.99
v 6.104 10.404 -3.365
v 6.562 9.874 -2.972
v 6.481 10.554 -2.551
v 6.133 11.001 -2.557
v 5.552 11.204 -2.982
v 5.353 10.794 -3.405
v 5.867 10.726 -3.509
v 5.493 10.238 -3.675
v 6.164 9.647 -3.645
v 6.405 10.444 -3.316
v 6.113 10.965 -3.106
v 5.3 11.204 -3.036
v 4.901 10.89 -3.187
v 5.159 10.844 -3.558
v 4.799 10.447 -3.457
v 5.206 9.959 -3.868
v 5.596 10.601 -3.778
v 5.566 11.019 -3.456
v 5.198 11.204 -2.997
v 4.745 10.858 -2.963
v 4.886 10.814 -3.437
v 4.559 10.391 -3.168
v 4.85 9.898 -3.733
v 5.265 10.579 -3.835
v 5.333 11.015 -3.518
v 5.263 11.106 -2.412
v 5.626 11.106 -2.53
v 5.363 10.882 -2.721
v 5.626 11.106 -2.912
v 5.038 11.106 -2.721
v 5.263 11.106 -3.03
v 5.688 11.469 -2.721
v 5.464 11.469 -2.412
v 5.1 11.469 -2.53
v 5.1 11.469 -2.912
v 5.464 11.469 -3.03
v 5.363 11.693 -2.721
v 7.759 10.324 0.331
v 7.415 10.601 0.186
v 7.705 10.699 -0.074
v 7.242 10.78 -0.192
v 7.428 10.77 -0.824
v 7.952 10.578 -0.473
v 8.006 10.433 -0.048
v 7.61 10.324 0.536
v 7.339 10.55 0.914
v 7.222 10.83 0.594
v 6.893 10.801 1.009
v 6.323 11.049 0.607
v 6.907 10.908 0.174
v 7.351 10.639 0.218
v 7.709 10.324 0.687
v 7.879 10.583 1.092
v 7.512 10.809 1.043
v 7.723 10.82 1.521
v 7.082 10.984 1.831
v 6.996 10.815 1.126
v 7.274 10.578 0.763
v 7.899 10.324 0.684
v 8.287 10.497 0.783
v 8.101 10.758 0.963
v 8.518 10.708 1.106
v 8.411 10.949 1.677
v 7.888 10.851 1.341
v 7.762 10.616 0.978
v 7.993 10.324 0.501
v 8.184 10.62 0.203
v 8.406 10.736 0.504
v 8.593 10.826 0.082
v 9.218 10.849 0.309
v 8.784 10.631 0.763
v 8.343 10.458 0.771
v 7.923 10.324 0.369
v 7.786 10.6 -0.013
v 8.168 10.758 0.099
v 7.972 10.823 -0.374
v 8.629 10.919 -0.562
v 8.682 10.713 0.094
v 8.378 10.508 0.377
v 7.5 10.196 0.307
v 6.942 9.991 0.437
v 6.929 9.956 -0.086
v 6.534 9.597 0.25
v 6.481 9.055 -0.423
v 7.104 9.63 -0.598
v 7.417 10.019 -0.269
v 7.433 10.196 0.531
v 7.047 10.116 0.882
v 6.794 10.026 0.524
v 6.617 9.809 0.985
v 6.227 9.263 0.632
v 6.669 9.653 0.155
v 7.09 9.986 0.191
v 7.552 10.196 0.79
v 7.566 10.053 1.404
v 7.052 9.918 1.286
v 7.338 9.647 1.809
v 6.75 8.974 1.752
v 6.647 9.478 1.019
v 6.99 9.912 0.746
v 7.719 10.196 0.878
v 8.049 10.078 1.437
v 7.522 9.975 1.619
v 8.041 9.693 1.961
v 7.456 9.035 2.287
v 7 9.534 1.636
v 7.181 9.945 1.165
v 8.041 10.196 0.799
v 8.72 9.991 0.8
v 8.561 9.971 1.398
v 9.134 9.576 1.131
v 8.992 8.995 1.931
v 8.209 9.614 1.949
v 7.949 10.022 1.481
v 8.133 10.196 0.68
v 8.65 9.856 0.385
v 8.816 9.906 0.957
v 9.085 9.398 0.524
v 9.279 8.931 1.343
v 8.752 9.681 1.638
v 8.373 10.092 1.313
v 8.163 10.196 0.445
v 8.545 10.163 -0.027
v 8.857 9.995 0.36
v 8.994 9.835 -0.237
v 9.44 9.164 0.072
v 9.021 9.517 0.74
v 8.567 9.897 0.787
v 7.919 10.196 0.169
v 7.636 10.039 -0.317
v 8.116 10.092 -0.476
v 7.717 9.746 -0.784
v 8.379 9.365 -1.09
v 8.682 9.862 -0.507
v 8.441 10.135 -0.086
v 7.742 10.196 0.155
v 7.216 9.964 -0.184
v 7.586 10.012 -0.619
v 7.059 9.574 -0.693
v 7.551 9.093 -1.348
v 8.126 9.735 -0.946
v 8.106 10.099 -0.395
v 7.454 9.828 0.397
v 6.815 9.586 0.686
v 6.778 9.329 0.102
v 6.368 9.016 0.673
v 6.344 8.117 0.125
v 7.007 8.767 -0.372
v 7.348 9.379 -0.184
v 7.495 9.828 0.724
v 7.435 9.564 1.223
v 7.014 9.419 1.035
v 7.227 9.087 1.464
v 6.805 8.438 1.214
v 6.754 9.043 0.673
v 7.041 9.527 0.564
v 7.597 9.828 0.826
v 7.668 9.607 1.338
v 7.255 9.383 1.248
v 7.589 9.131 1.644
v 7.252 8.406 1.529
v 7.009 8.94 0.973
v 7.184 9.449 0.779
v 7.817 9.828 0.887
v 8.291 9.528 1.196
v 7.852 9.426 1.522
v 8.391 9.03 1.54
v 7.84 8.396 1.872
v 7.293 9.072 1.627
v 7.376 9.563 1.269
v 7.961 9.828 0.851
v 8.534 9.559 1.012
v 8.201 9.353 1.418
v 8.777 9.029 1.261
v 8.401 8.265 1.622
v 7.728 8.898 1.594
v 7.66 9.45 1.289
v 8.152 9.828 0.632
v 8.645 9.446 0.267
v 8.877 9.365 0.835
v 9.061 8.861 0.318
v 9.261 8.164 1.052
v 8.82 8.994 1.48
v 8.445 9.557 1.235
v 8.163 9.828 0.445
v 8.305 9.436 -0.064
v 8.776 9.425 0.266
v 8.627 8.925 -0.189
v 9.179 8.413 0.343
v 9.098 9.19 0.832
v 8.697 9.657 0.787
v 8.076 9.828 0.273
v 8.057 9.523 -0.233
v 8.533 9.402 -0.143
v 8.253 9.014 -0.508
v 8.774 8.36 -0.335
v 8.893 9.037 0.171
v 8.59 9.542 0.333
v 7.823 9.828 0.151
v 7.347 9.482 -0.171
v 7.848 9.346 -0.447
v 7.273 8.936 -0.47
v 7.892 8.261 -0.679
v 8.453 8.982 -0.458
v 8.331 9.52 -0.161
v 7.734 9.828 0.156
v 7.318 9.594 -0.144
v 7.658 9.415 -0.424
v 7.167 9.12 -0.446
v 7.512 8.427 -0.695
v 8.048 8.998 -0.474
v 8.052 9.492 -0.167
v 7.466 9.828 0.365
v 6.91 9.601 0.572
v 6.883 9.414 0.062
v 6.52 9.106 0.512
v 6.5 8.359 -0.001
v 7.082 8.954 -0.361
v 7.379 9.474 -0.155
v 7.686 9.716 0.873
v 8.103 9.716 0.738
v 7.801 9.459 0.519
v 8.103 9.716 0.3
v 7.429 9.716 0.519
v 7.686 9.716 0.164
v 8.174 10.132 0.519
v 7.917 10.132 0.873
v 7.5 10.132 0.738
v 7.5 10.132 0.3
v 7.917 10.132 0.164
v 7.801 10.389 0.519
v -0.67 11.778 6.881
v -0.944 12.003 6.903
v -0.842 12.118 6.644
v -1.193 12.18 6.703
v -1.305 12.245 6.208
v -0.829 12.072 6.285
v -0.641 11.913 6.554
v -0.724 11.778 7.007
v -0.868 12.056 7.285
v -1.046 12.167 6.992
v -1.208 12.268 7.382
v -1.745 12.331 7.133
v -1.38 12.099 6.723
v -1.012 11.915 6.736
v -0.585 11.778 7.151
v -0.355 12.016 7.352
v -0.643 12.126 7.474
v -0.32 12.191 7.698
v -0.627 12.232 8.158
v -0.937 12.056 7.733
v -0.87 11.904 7.381
v -0.47 11.778 7.114
v -0.066 11.862 7.14
v -0.207 12.106 7.36
v 0.205 11.988 7.402
v 0.168 12.174 7.953
v -0.377 12.194 7.747
v -0.551 12.033 7.428
v -0.422 11.778 6.96
v -0.272 11.916 6.656
v -0.117 12.086 6.872
v 0.04 12.045 6.529
v 0.506 12.144 6.739
v 0.163 12.094 7.128
v -0.169 11.957 7.155
v -0.543 11.778 6.847
v -0.806 12.014 6.614
v -0.47 12.151 6.542
v -0.814 12.205 6.265
v -0.393 12.289 5.855
v -0.081 12.113 6.328
v -0.195 11.937 6.667
v -0.844 11.676 6.89
v -1.218 11.491 7.076
v -1.354 11.509 6.712
v -1.559 11.194 6.991
v -1.759 10.835 6.482
v -1.351 11.308 6.288
v -1.044 11.587 6.49
v -0.84 11.676 7.117
v -0.96 11.487 7.543
v -1.333 11.512 7.359
v -1.264 11.187 7.735
v -1.794 10.834 7.49
v -1.654 11.316 7.029
v -1.285 11.594 6.955
v -0.611 11.676 7.289
v -0.326 11.559 7.656
v -0.696 11.501 7.83
v -0.302 11.267 8.021
v -0.727 10.808 8.288
v -1.093 11.206 7.877
v -0.986 11.509 7.536
v -0.43 11.676 7.256
v -0.029 11.441 7.308
v -0.152 11.475 7.692
v 0.16 11.123 7.568
v -0.046 10.795 8.105
v -0.449 11.316 8.044
v -0.536 11.602 7.705
v -0.326 11.676 7.162
v 0.126 11.55 7.079
v 0.175 11.592 7.479
v 0.501 11.3 7.265
v 0.642 10.961 7.844
v 0.105 11.382 7.912
v -0.204 11.618 7.619
v -0.277 11.676 6.992
v 0.002 11.449 6.63
v 0.305 11.498 6.946
v 0.377 11.126 6.575
v 0.813 10.78 7.037
v 0.502 11.32 7.405
v 0.107 11.611 7.322
v -0.421 11.676 6.745
v -0.547 11.602 6.25
v -0.104 11.537 6.246
v -0.415 11.328 5.858
v 0.121 10.847 5.749
v 0.31 11.208 6.352
v 0.057 11.502 6.662
v -0.551 11.676 6.705
v -0.824 11.584 6.38
v -0.515 11.587 6.175
v -0.857 11.355 6.008
v -0.479 11.003 5.661
v -0.152 11.357 6.056
v -0.236 11.586 6.419
v -0.728 11.676 6.749
v -1.159 11.405 6.704
v -1.081 11.461 6.277
v -1.386 11.052 6.412
v -1.223 10.709 5.788
v -0.801 11.301 5.861
v -0.672 11.612 6.245
v -0.862 11.382 7.035
v -1.202 11.21 7.475
v -1.428 11.014 7.066
v -1.518 10.784 7.624
v -1.732 10.1 7.229
v -1.441 10.582 6.636
v -1.137 11.042 6.652
v -0.775 11.382 7.21
v -0.687 11.094 7.551
v -1.067 11.03 7.558
v -0.815 10.685 7.739
v -1.276 10.23 7.64
v -1.416 10.803 7.353
v -1.188 11.192 7.23
v -0.536 11.382 7.29
v -0.096 11.175 7.588
v -0.491 11.025 7.849
v 0.036 10.747 7.894
v -0.392 10.117 8.151
v -0.948 10.643 7.908
v -0.916 11.089 7.599
v -0.472 11.382 7.275
v 0.025 11.09 7.382
v -0.284 10.976 7.775
v 0.192 10.621 7.61
v -0.228 10.035 8.001
v -0.764 10.657 7.996
v -0.772 11.12 7.704
v -0.356 11.382 7.199
v 0.072 11.096 7.088
v 0.024 11.01 7.532
v 0.303 10.659 7.218
v 0.159 10.135 7.728
v -0.243 10.732 7.921
v -0.383 11.157 7.674
v -0.277 11.382 6.99
v 0.13 11.217 6.58
v 0.293 10.993 7.026
v 0.465 10.78 6.456
v 0.607 10.057 6.865
v 0.232 10.53 7.452
v -0.064 11.009 7.41
v -0.34 11.382 6.816
v -0.303 11.164 6.324
v 0.071 10.979 6.532
v -0.152 10.724 6.084
v 0.174 10.079 6.329
v 0.272 10.592 6.887
v 0.05 11.054 6.993
v -0.498 11.382 6.713
v -0.766 11.053 6.424
v -0.412 11.029 6.175
v -0.726 10.613 6.134
v -0.191 10.158 5.9
v 0.063 10.814 6.129
v -0.109 11.22 6.42
v -0.637 11.382 6.711
v -1.102 11.01 6.6
v -0.808 10.959 6.166
v -1.22 10.508 6.335
v -0.742 9.978 5.863
v -0.296 10.707 5.89
v -0.332 11.176 6.23
v -0.714 11.382 6.741
v -1.161 11.129 6.711
v -0.96 11.042 6.319
v -1.347 10.722 6.521
v -1.054 10.215 6.095
v -0.587 10.764 6.043
v -0.528 11.164 6.314
v -0.855 11.382 6.922
v -1.176 11.131 7.177
v -1.337 11.055 6.807
v -1.447 10.731 7.164
v -1.579 10.237 6.703
v -1.3 10.785 6.394
v -1.054 11.176 6.536
v -0.663 11.292 7.281
v -0.33 11.292 7.173
v -0.571 11.087 6.998
v -0.33 11.292 6.823
v -0.868 11.292 6.998
v -0.663 11.292 6.715
v -0.273 11.624 6.998
v -0.479 11.624 7.281
v -0.811 11.624 7.173
v -0.811 11.624 6.823
v -0.479 11.624 6.715
v -0.571 11.829 6.998
v 2.086 10.977 5.957
v 1.809 11.222 5.594
v 2.175 11.471 5.57
v 1.856 11.465 5.141
v 2.42 11.666 4.707
v 2.675 11.508 5.384
v 2.491 11.257 5.796
v 1.903 10.977 6.005
v 1.557 11.243 6.063
v 1.665 11.334 5.708
v 1.234 11.417 5.845
v 1.074 11.411 5.242
v 1.668 11.221 5.262
v 1.918 11.08 5.577
v 1.848 10.977 6.186
v 1.655 11.173 6.535
v 1.502 11.398 6.272
v 1.276 11.373 6.668
v 0.727 11.549 6.394
v 1.175 11.437 5.955
v 1.572 11.226 5.941
v 1.943 10.977 6.315
v 2.07 11.09 6.716
v 1.786 11.33 6.657
v 1.913 11.23 7.081
v 1.349 11.401 7.26
v 1.337 11.396 6.643
v 1.59 11.228 6.351
v 2.159 10.977 6.298
v 2.595 11.238 6.308
v 2.432 11.395 6.679
v 2.951 11.418 6.627
v 3.043 11.445 7.348
v 2.348 11.303 7.186
v 2.092 11.142 6.774
v 2.232 10.977 6.135
v 2.491 11.116 5.828
v 2.606 11.335 6.096
v 2.882 11.262 5.763
v 3.354 11.404 6.118
v 2.852 11.37 6.457
v 2.466 11.206 6.407
v 1.941 10.847 5.786
v 1.435 10.626 5.549
v 1.728 10.692 5.125
v 1.252 10.286 5.117
v 1.651 9.898 4.476
v 2.197 10.479 4.768
v 2.222 10.787 5.259
v 1.807 10.847 5.853
v 1.154 10.549 5.872
v 1.303 10.554 5.264
v 0.789 10.081 5.547
v 0.991 9.526 4.731
v 1.691 10.25 4.693
v 1.907 10.69 5.16
v 1.689 10.847 6.016
v 1.117 10.589 6.348
v 0.914 10.691 5.773
v 0.574 10.207 6.224
v 0.224 9.793 5.385
v 0.885 10.469 5.064
v 1.377 10.807 5.38
v 1.744 10.847 6.374
v 1.745 10.609 6.926
v 1.237 10.621 6.799
v 1.459 10.228 7.24
v 0.765 9.771 7.077
v 0.758 10.368 6.477
v 1.161 10.725 6.291
v 1.933 10.847 6.503
v 2.168 10.79 7.032
v 1.699 10.68 7.157
v 2.13 10.476 7.52
v 1.63 9.876 7.804
v 1.272 10.259 7.159
v 1.453 10.61 6.73
v 2.256 10.847 6.448
v 2.927 10.578 6.472
v 2.732 10.572 7.074
v 3.292 10.123 6.821
v 3.054 9.551 7.625
v 2.313 10.245 7.619
v 2.111 10.68 7.137
v 2.373 10.847 6.308
v 2.999 10.633 6.038
v 3.107 10.64 6.651
v 3.524 10.225 6.189
v 3.74 9.672 7.003
v 3.022 10.306 7.314
v 2.581 10.701 6.976
v 2.404 10.847 6.074
v 2.699 10.535 5.496
v 3.19 10.696 5.856
v 3.233 10.152 5.331
v 4.014 9.824 5.882
v 3.623 10.556 6.46
v 3.024 10.871 6.437
v 2.247 10.847 5.837
v 2.108 10.572 5.255
v 2.641 10.717 5.147
v 2.376 10.216 4.775
v 3.235 9.886 4.586
v 3.296 10.562 5.236
v 2.874 10.86 5.64
v 1.763 10.474 5.895
v 1.239 10.129 6.034
v 1.31 9.998 5.499
v 0.963 9.585 5.895
v 1.156 8.915 5.307
v 1.649 9.637 5.048
v 1.81 10.172 5.329
v 1.736 10.474 5.927
v 1.277 10.113 6.16
v 1.261 10.018 5.619
v 1.014 9.59 6.058
v 1.124 8.993 5.416
v 1.52 9.715 5.093
v 1.699 10.217 5.355
v 1.666 10.474 6.135
v 1.231 10.207 6.564
v 0.985 10.016 6.087
v 0.847 9.668 6.661
v 0.626 8.885 6.163
v 1.005 9.545 5.589
v 1.363 10.105 5.67
v 1.734 10.474 6.361
v 1.792 10.098 6.92
v 1.223 10.047 6.771
v 1.551 9.566 7.178
v 0.862 8.979 6.886
v 0.731 9.754 6.35
v 1.108 10.254 6.23
v 2.028 10.474 6.518
v 2.518 10.222 6.979
v 1.969 9.99 7.182
v 2.636 9.676 7.354
v 2.082 8.849 7.51
v 1.411 9.484 7.106
v 1.497 10.062 6.773
v 2.073 10.474 6.516
v 2.573 10.069 6.757
v 2.184 10.02 7.201
v 2.67 9.505 7.117
v 2.079 8.893 7.599
v 1.581 9.719 7.435
v 1.666 10.247 7.023
v 2.352 10.474 6.346
v 2.84 10.122 6.105
v 2.884 10.025 6.658
v 3.146 9.59 6.209
v 3.091 8.961 6.872
v 2.653 9.694 7.201
v 2.429 10.209 6.932
v 2.409 10.474 6.11
v 2.676 10.096 5.624
v 3.099 10.032 6.007
v 3.043 9.541 5.524
v 3.502 8.909 6.082
v 3.307 9.707 6.581
v 2.896 10.234 6.505
v 2.385 10.474 6.009
v 2.643 10.233 5.387
v 3.003 9.965 5.825
v 2.928 9.682 5.13
v 3.213 8.823 5.566
v 3.089 9.434 6.353
v 2.777 10.026 6.406
v 2.249 10.474 5.839
v 1.995 10.075 5.347
v 2.579 9.985 5.295
v 2.113 9.504 5.049
v 2.829 8.864 5.125
v 3.166 9.664 5.544
v 2.873 10.208 5.76
v 2.064 10.474 5.774
v 1.688 10.239 5.274
v 2.171 9.976 5.122
v 1.589 9.694 4.891
v 2.007 8.839 4.785
v 2.588 9.445 5.246
v 2.521 10.032 5.569
v 1.922 10.362 6.504
v 2.343 10.362 6.367
v 2.038 10.102 6.146
v 2.343 10.362 5.924
v 1.661 10.362 6.146
v 1.922 10.362 5.787
v 2.415 10.782 6.146
v 2.155 10.782 6.504
v 1.733 10.782 6.367
v 1.733 10.782 5.924
v 2.155 10.782 5.787
v 2.038 11.041 6.146
v -5.242 10.734 3.721
v -5.677 10.981 3.457
v -5.286 11.249 3.319
v -5.788 11.236 3
v -5.322 11.462 2.397
v -4.802 11.302 2.977
v -4.856 11.036 3.438
v -5.423 10.734 3.862
v -5.771 11.066 4.146
v -5.808 11.258 3.706
v -6.236 11.344 4.087
v -6.722 11.479 3.476
v -6.037 11.218 3.174
v -5.604 10.961 3.385
v -5.356 10.734 4.091
v -5.233 11.065 4.495
v -5.66 11.216 4.411
v -5.449 11.312 4.914
v -6.155 11.376 5.199
v -6.202 11.126 4.478
v -5.861 10.91 4.132
v -5.226 10.734 4.138
v -4.888 11.098 4.346
v -5.272 11.246 4.555
v -4.79 11.38 4.796
v -5.138 11.469 5.478
v -5.63 11.162 4.97
v -5.588 10.917 4.492
v -5.029 10.734 4
v -4.633 11.032 3.697
v -4.631 11.251 4.155
v -4.157 11.293 3.772
v -3.725 11.446 4.448
v -4.458 11.235 4.74
v -4.884 10.984 4.504
v -5.034 10.734 3.845
v -4.952 11.016 3.426
v -4.646 11.183 3.698
v -4.583 11.235 3.172
v -3.872 11.317 3.291
v -4.168 11.123 3.924
v -4.606 10.922 4.053
v -5.426 10.595 3.583
v -6.103 10.474 3.419
v -5.825 10.441 2.872
v -6.479 10.116 2.985
v -6.243 9.527 2.215
v -5.413 10.047 2.401
v -5.214 10.417 2.932
v -5.621 10.595 3.871
v -6.08 10.372 4.278
v -6.33 10.32 3.772
v -6.537 9.946 4.304
v -6.876 9.359 3.681
v -6.39 9.968 3.191
v -5.957 10.39 3.351
v -5.608 10.595 4.045
v -5.969 10.477 4.632
v -6.435 10.409 4.27
v -6.501 10.088 4.905
v -7.178 9.425 4.569
v -6.768 9.961 3.824
v -6.191 10.371 3.731
v -5.366 10.595 4.303
v -5.125 10.592 4.942
v -5.694 10.451 5.026
v -5.205 10.278 5.515
v -5.819 9.596 5.811
v -6.199 9.95 4.999
v -5.954 10.318 4.512
v -5.182 10.595 4.326
v -4.705 10.356 4.679
v -5.06 10.428 5.087
v -4.588 9.983 5.188
v -5.091 9.554 5.819
v -5.591 10.191 5.394
v -5.541 10.529 4.85
v -4.951 10.595 4.22
v -4.278 10.43 4.222
v -4.419 10.36 4.801
v -3.844 10.02 4.527
v -3.931 9.38 5.266
v -4.729 9.948 5.308
v -5.015 10.37 4.872
v -4.836 10.595 3.837
v -4.537 10.423 3.382
v -4.171 10.355 3.688
v -4.13 10.039 3.203
v -3.643 9.465 3.535
v -3.949 9.995 4.086
v -4.386 10.386 4.118
v -5.028 10.595 3.581
v -5.214 10.371 3.026
v -4.682 10.349 2.947
v -5.056 9.961 2.586
v -4.361 9.416 2.452
v -4.134 10.026 3.064
v -4.446 10.425 3.424
v -5.238 10.595 3.529
v -5.702 10.559 3.03
v -5.213 10.418 2.733
v -5.843 10.216 2.478
v -5.385 9.52 1.986
v -4.733 9.92 2.578
v -4.777 10.312 3.114
v -5.613 10.194 3.827
v -6.086 9.855 4.214
v -6.298 9.744 3.66
v -6.481 9.299 4.203
v -6.662 8.596 3.527
v -6.236 9.355 3.051
v -5.882 9.902 3.253
v -5.624 10.194 3.966
v -5.948 9.91 4.426
v -6.27 9.766 4.018
v -6.294 9.395 4.55
v -6.607 8.695 4.073
v -6.355 9.36 3.518
v -5.999 9.882 3.566
v -5.457 10.194 4.255
v -5.209 9.776 4.851
v -5.863 9.657 4.872
v -5.353 9.14 5.211
v -6.129 8.383 5.109
v -6.487 9.257 4.567
v -6.154 9.874 4.314
v -5.31 10.194 4.32
v -4.989 9.942 4.86
v -5.502 9.704 4.976
v -4.953 9.389 5.262
v -5.429 8.546 5.346
v -5.938 9.187 4.824
v -5.81 9.774 4.495
v -5.16 10.194 4.323
v -4.684 9.908 4.639
v -5.083 9.709 4.95
v -4.528 9.363 4.952
v -4.957 8.594 5.208
v -5.553 9.257 4.996
v -5.539 9.82 4.675
v -4.97 10.194 4.236
v -4.462 9.782 4.134
v -4.514 9.741 4.701
v -4.207 9.231 4.357
v -4.415 8.658 5.071
v -4.859 9.47 5.23
v -5.006 9.982 4.862
v -4.828 10.194 3.886
v -4.598 9.75 3.391
v -4.115 9.715 3.746
v -4.223 9.155 3.301
v -3.682 8.54 3.888
v -3.836 9.424 4.347
v -4.276 9.974 4.263
v -4.85 10.194 3.791
v -4.656 9.83 3.089
v -4.135 9.644 3.536
v -4.322 9.189 2.835
v -3.812 8.333 3.394
v -3.868 9.154 4.187
v -4.277 9.801 4.216
v -4.982 10.194 3.612
v -5.142 9.861 3.068
v -4.602 9.696 3.123
v -5.027 9.3 2.765
v -4.46 8.572 2.927
v -4.16 9.29 3.447
v -4.42 9.853 3.636
v -5.296 10.194 3.535
v -5.794 9.812 3.361
v -5.444 9.738 2.926
v -5.915 9.269 3.061
v -5.386 8.664 2.607
v -4.887 9.435 2.687
v -4.937 9.951 3.049
v -5.409 10.194 3.573
v -5.957 9.746 3.531
v -5.801 9.707 2.949
v -6.179 9.143 3.208
v -5.826 8.513 2.491
v -5.34 9.407 2.474
v -5.258 9.966 2.919
v -5.351 10.073 4.314
v -4.898 10.073 4.167
v -5.226 9.794 3.929
v -4.898 10.073 3.691
v -5.63 10.073 3.929
v -5.351 10.073 3.544
v -4.821 10.524 3.929
v -5.101 10.524 4.314
v -5.553 10.524 4.167
v -5.553 10.524 3.691
v -5.101 10.524 3.544
v -5.226 10.803 3.929
v -7.712 10.341 0.751
v -7.523 10.657 0.429
v -7.28 10.783 0.741
v -7.096 10.881 0.288
v -6.427 10.914 0.51
v -6.87 10.677 1.005
v -7.335 10.488 1.027
v -7.808 10.341 0.607
v -7.966 10.638 0.271
v -7.595 10.796 0.287
v -7.832 10.875 -0.13
v -7.256 10.97 -0.486
v -7.133 10.741 0.146
v -7.383 10.527 0.501
v -8.037 10.341 0.637
v -8.51 10.529 0.647
v -8.357 10.806 0.351
v -8.874 10.737 0.348
v -8.931 10.948 -0.348
v -8.233 10.87 -0.151
v -7.975 10.641 0.231
v -8.09 10.341 0.819
v -8.339 10.504 1.228
v -8.538 10.765 0.95
v -8.798 10.669 1.389
v -9.44 10.826 1.086
v -8.909 10.8 0.589
v -8.432 10.613 0.562
v -8.023 10.341 0.924
v -7.917 10.571 1.382
v -8.302 10.779 1.267
v -8.15 10.763 1.79
v -8.862 10.869 1.966
v -8.847 10.754 1.234
v -8.498 10.564 0.919
v -7.812 10.341 0.944
v -7.357 10.522 1.063
v -7.594 10.811 1.278
v -7.104 10.742 1.436
v -7.272 10.993 2.088
v -7.875 10.907 1.705
v -7.999 10.659 1.287
v -7.648 10.213 0.508
v -7.657 10.042 -0.029
v -7.185 9.986 0.028
v -7.418 9.671 -0.395
v -6.821 9.124 -0.375
v -6.772 9.645 0.243
v -7.119 10.021 0.502
v -7.768 10.213 0.431
v -7.996 10.141 -0.135
v -7.483 9.987 -0.176
v -7.938 9.795 -0.594
v -7.396 9.141 -0.748
v -7.031 9.536 -0.073
v -7.241 9.925 0.299
v -8.044 10.213 0.434
v -8.58 10.179 0.15
v -8.269 10.031 -0.243
v -8.873 9.858 -0.264
v -8.661 9.206 -0.791
v -7.931 9.566 -0.499
v -7.794 9.935 -0.046
v -8.186 10.213 0.539
v -8.754 10.094 0.576
v -8.733 10.087 0.081
v -9.185 9.783 0.322
v -9.266 9.296 -0.351
v -8.579 9.767 -0.397
v -8.249 10.081 -0.024
v -8.238 10.213 0.928
v -8.452 10.121 1.483
v -8.857 9.995 1.176
v -8.811 9.774 1.765
v -9.326 9.154 1.502
v -9.129 9.575 0.792
v -8.717 9.955 0.672
v -8.133 10.213 1.062
v -8.069 10.157 1.756
v -8.654 10.019 1.643
v -8.307 9.801 2.254
v -9.001 9.108 2.279
v -9.152 9.531 1.407
v -8.773 9.932 1.05
v -7.82 10.213 1.134
v -7.303 9.983 1.42
v -7.643 9.961 1.844
v -7.121 9.565 1.857
v -7.548 9.012 2.433
v -8.132 9.635 2.133
v -8.145 10.042 1.651
v -7.715 10.213 1.092
v -7.187 10.003 1.177
v -7.364 10.026 1.642
v -6.912 9.654 1.508
v -7.131 9.225 2.163
v -7.715 9.782 2.064
v -7.856 10.11 1.639
v -7.534 10.213 0.763
v -7.165 9.938 0.293
v -6.777 10.098 0.682
v -6.64 9.601 0.226
v -6 9.315 0.834
v -6.469 9.975 1.287
v -7.023 10.25 1.177
v -7.67 9.845 0.489
v -7.721 9.623 -0.076
v -7.268 9.401 0.067
v -7.602 9.134 -0.397
v -7.201 8.386 -0.232
v -6.984 8.941 0.395
v -7.206 9.462 0.584
v -7.909 9.845 0.406
v -8.352 9.424 0.181
v -7.972 9.357 -0.222
v -8.408 8.855 -0.127
v -7.818 8.252 -0.518
v -7.392 9.069 -0.397
v -7.505 9.603 -0.044
v -8.083 9.845 0.453
v -8.625 9.413 0.463
v -8.468 9.38 -0.114
v -8.848 8.842 0.18
v -8.502 8.258 -0.53
v -8.014 9.108 -0.604
v -7.931 9.635 -0.19
v -8.266 9.845 0.712
v -8.729 9.6 1.079
v -8.854 9.397 0.577
v -9.073 9.096 1.133
v -9.148 8.352 0.626
v -8.723 8.948 0.097
v -8.437 9.477 0.217
v -8.27 9.845 0.808
v -8.477 9.416 1.318
v -8.945 9.409 0.932
v -8.835 8.865 1.406
v -9.371 8.322 0.788
v -9.23 9.165 0.305
v -8.805 9.666 0.4
v -8.075 9.845 1.1
v -7.833 9.52 1.657
v -8.402 9.379 1.72
v -7.927 8.957 2.037
v -8.572 8.216 2.041
v -8.932 8.957 1.506
v -8.671 9.52 1.214
v -7.918 9.845 1.143
v -7.479 9.594 1.556
v -7.966 9.426 1.789
v -7.388 9.093 1.925
v -7.915 8.368 2.143
v -8.489 8.991 1.776
v -8.397 9.509 1.432
v -7.676 9.845 1.065
v -7.127 9.532 1.069
v -7.276 9.404 1.571
v -6.849 9.005 1.29
v -7.085 8.322 1.834
v -7.65 9.021 1.937
v -7.794 9.546 1.609
v -7.609 9.845 0.997
v -7.062 9.568 0.92
v -7.147 9.357 1.392
v -6.744 9.031 1.032
v -6.884 8.263 1.462
v -7.453 8.903 1.706
v -7.653 9.461 1.481
v -7.534 9.845 0.755
v -7.316 9.468 0.283
v -6.921 9.429 0.679
v -6.998 8.956 0.205
v -6.578 8.414 0.793
v -6.721 9.169 1.267
v -7.085 9.646 1.168
v -7.601 9.845 0.562
v -7.537 9.576 -0.093
v -7.05 9.347 0.218
v -7.32 9.022 -0.398
v -6.875 8.204 -0.041
v -6.78 8.854 0.71
v -7.087 9.436 0.831
v -8.018 9.733 1.129
v -7.601 9.733 0.994
v -7.903 9.476 0.774
v -7.601 9.733 0.555
v -8.275 9.733 0.774
v -8.018 9.733 0.42
v -7.53 10.149 0.774
v -7.787 10.149 1.129
v -8.204 10.149 0.994
v -8.204 10.149 0.555
v -7.787 10.149 0.42
v -7.903 10.406 0.774
v -3.065 9.544 -4.361
v -2.771 9.749 -4.534
v -2.775 9.9 -4.225
v -2.43 9.92 -4.451
v -2.139 10.009 -3.974
v -2.669 9.876 -3.827
v -2.97 9.712 -4.013
v -3.071 9.544 -4.503
v -3.026 9.819 -4.856
v -2.698 9.889 -4.658
v -2.721 9.982 -5.117
v -2.087 9.939 -5.122
v -2.265 9.747 -4.544
v -2.646 9.623 -4.378
v -3.195 9.544 -4.587
v -3.457 9.745 -4.863
v -3.15 9.927 -4.953
v -3.47 9.918 -5.26
v -3.064 10.02 -5.712
v -2.77 9.912 -5.181
v -2.874 9.74 -4.797
v -3.359 9.544 -4.497
v -3.617 9.792 -4.332
v -3.625 9.894 -4.657
v -3.941 9.976 -4.41
v -4.254 10.02 -4.868
v -3.761 9.824 -5.037
v -3.467 9.666 -4.855
v -3.367 9.544 -4.375
v -3.513 9.678 -4.026
v -3.68 9.882 -4.251
v -3.839 9.821 -3.87
v -4.345 9.963 -4.086
v -3.99 9.922 -4.528
v -3.639 9.762 -4.574
v -3.234 9.544 -4.266
v -3.016 9.802 -4.067
v -3.308 9.901 -3.942
v -2.987 9.987 -3.718
v -3.293 10.022 -3.248
v -3.596 9.82 -3.675
v -3.524 9.662 -4.031
v -2.905 9.437 -4.403
v -2.46 9.407 -4.752
v -2.282 9.265 -4.312
v -2.019 9.116 -4.826
v -1.706 8.522 -4.401
v -2.23 8.841 -3.897
v -2.636 9.177 -3.978
v -2.94 9.437 -4.572
v -2.713 9.42 -5.082
v -2.323 9.284 -4.844
v -2.344 9.134 -5.398
v -1.832 8.53 -5.283
v -2.057 8.848 -4.584
v -2.473 9.182 -4.404
v -3.132 9.437 -4.725
v -3.419 9.197 -5.142
v -3.007 9.319 -5.366
v -3.343 8.895 -5.584
v -2.695 8.623 -5.95
v -2.445 9.196 -5.464
v -2.67 9.448 -5.042
v -3.406 9.437 -4.669
v -3.945 9.293 -4.691
v -3.797 9.287 -5.156
v -4.268 8.987 -4.971
v -4.139 8.549 -5.608
v -3.507 9.013 -5.588
v -3.312 9.314 -5.206
v -3.499 9.437 -4.547
v -3.983 9.315 -4.353
v -4.04 9.211 -4.8
v -4.372 8.976 -4.421
v -4.501 8.419 -4.92
v -3.948 8.847 -5.212
v -3.629 9.208 -5.013
v -3.506 9.437 -4.324
v -3.711 9.276 -3.808
v -4.116 9.257 -4.108
v -4.087 8.942 -3.591
v -4.652 8.467 -3.931
v -4.428 8.963 -4.535
v -3.995 9.293 -4.595
v -3.384 9.437 -4.167
v -3.288 9.255 -3.758
v -3.671 9.259 -3.698
v -3.442 8.948 -3.437
v -3.968 8.562 -3.343
v -4.071 9.038 -3.788
v -3.813 9.33 -4.051
v -3.167 9.437 -4.12
v -2.76 9.302 -3.817
v -3.069 9.302 -3.492
v -2.627 9.005 -3.4
v -2.992 8.571 -2.906
v -3.472 9.027 -3.263
v -3.464 9.32 -3.702
v -3.037 9.437 -4.171
v -2.535 9.194 -4.154
v -2.671 9.202 -3.687
v -2.269 8.823 -3.881
v -2.464 8.393 -3.252
v -2.997 8.971 -3.26
v -3.141 9.317 -3.636
v -2.934 9.127 -4.56
v -2.763 8.936 -5.059
v -2.422 8.753 -4.767
v -2.521 8.506 -5.286
v -2.201 7.841 -4.991
v -2.275 8.342 -4.379
v -2.558 8.8 -4.303
v -3.035 9.127 -4.679
v -3.226 8.75 -5.11
v -2.722 8.722 -5.215
v -3.074 8.247 -5.404
v -2.389 7.724 -5.417
v -2.176 8.475 -5.052
v -2.478 8.941 -4.816
v -3.173 9.127 -4.733
v -3.518 8.933 -5.185
v -3.055 8.74 -5.323
v -3.579 8.48 -5.547
v -3.126 7.771 -5.675
v -2.622 8.297 -5.236
v -2.721 8.781 -4.926
v -3.345 9.127 -4.707
v -3.823 8.903 -4.826
v -3.53 8.735 -5.158
v -4.015 8.471 -5.019
v -3.675 7.855 -5.308
v -3.117 8.371 -5.302
v -3.074 8.82 -5.062
v -3.512 9.127 -4.509
v -3.924 8.934 -4.263
v -3.965 8.751 -4.671
v -4.203 8.522 -4.243
v -4.198 7.901 -4.629
v -3.801 8.373 -5.021
v -3.589 8.81 -4.911
v -3.503 9.127 -4.315
v -3.734 8.926 -3.832
v -4.065 8.742 -4.14
v -4.016 8.476 -3.617
v -4.331 7.784 -3.918
v -4.187 8.313 -4.525
v -3.876 8.791 -4.589
v -3.481 9.127 -4.27
v -3.563 8.828 -3.783
v -3.977 8.671 -3.989
v -3.771 8.315 -3.568
v -4.163 7.64 -3.858
v -4.206 8.291 -4.375
v -3.925 8.807 -4.455
v -3.292 9.127 -4.126
v -2.98 8.827 -3.802
v -3.398 8.786 -3.595
v -3 8.397 -3.506
v -3.566 7.919 -3.318
v -3.908 8.545 -3.594
v -3.737 8.95 -3.875
v -3.09 9.127 -4.142
v -2.693 8.846 -4.07
v -2.861 8.801 -3.687
v -2.542 8.439 -3.839
v -2.827 7.98 -3.389
v -3.212 8.567 -3.408
v -3.252 8.953 -3.712
v -2.968 9.127 -4.237
v -2.489 8.867 -4.322
v -2.542 8.705 -3.887
v -2.208 8.39 -4.212
v -2.319 7.731 -3.784
v -2.803 8.322 -3.569
v -2.985 8.811 -3.786
v -2.906 9.127 -4.467
v -2.666 8.854 -4.872
v -2.338 8.769 -4.555
v -2.361 8.406 -4.98
v -2.015 7.843 -4.563
v -2.197 8.456 -4.113
v -2.528 8.895 -4.151
v -3.31 9.033 -4.128
v -2.96 9.033 -4.242
v -3.214 8.817 -4.426
v -2.96 9.033 -4.61
v -3.527 9.033 -4.426
v -3.31 9.033 -4.724
v -2.9 9.382 -4.426
v -3.117 9.382 -4.128
v -3.467 9.382 -4.242
v -3.467 9.382 -4.61
v -3.117 9.382 -4.724
v -3.214 9.598 -4.426
v -6.613 8.368 -0.878
v -6.244 8.679 -0.943
v -6.411 8.806 -0.575
v -5.928 8.916 -0.697
v -5.825 8.987 -0.022
v -6.46 8.73 -0.073
v -6.687 8.524 -0.423
v -6.548 8.368 -1.021
v -6.315 8.538 -1.347
v -6.202 8.73 -1.037
v -5.946 8.699 -1.416
v -5.484 8.823 -1.035
v -5.953 8.742 -0.652
v -6.322 8.574 -0.711
v -6.679 8.368 -1.188
v -6.917 8.635 -1.44
v -6.564 8.759 -1.504
v -6.897 8.84 -1.807
v -6.447 8.906 -2.227
v -6.164 8.697 -1.718
v -6.307 8.516 -1.365
v -6.813 8.368 -1.171
v -7.212 8.614 -1.252
v -7.012 8.766 -1.569
v -7.498 8.786 -1.606
v -7.485 8.814 -2.29
v -6.868 8.681 -2.027
v -6.687 8.527 -1.602
v -6.904 8.368 -1.011
v -7.154 8.57 -0.652
v -7.285 8.774 -0.996
v -7.563 8.754 -0.573
v -8.084 8.883 -0.985
v -7.571 8.777 -1.414
v -7.161 8.589 -1.353
v -6.787 8.368 -0.849
v -6.581 8.574 -0.491
v -6.926 8.764 -0.47
v -6.666 8.746 -0.073
v -7.205 8.843 0.295
v -7.381 8.743 -0.332
v -7.177 8.571 -0.707
v -6.409 8.249 -0.89
v -5.95 8.059 -1.101
v -5.82 8.018 -0.662
v -5.553 7.691 -1.019
v -5.361 7.184 -0.467
v -5.861 7.713 -0.204
v -6.207 8.077 -0.421
v -6.39 8.249 -1.073
v -6.112 8.046 -1.477
v -5.754 8.086 -1.208
v -5.696 7.716 -1.6
v -5.16 7.319 -1.224
v -5.487 7.862 -0.794
v -5.938 8.168 -0.806
v -6.562 8.249 -1.315
v -6.661 8.181 -1.877
v -6.19 8.063 -1.91
v -6.519 7.852 -2.346
v -5.996 7.235 -2.526
v -5.798 7.636 -1.828
v -6.061 8.001 -1.445
v -6.684 8.249 -1.355
v -7.011 8.183 -1.821
v -6.568 8.068 -2.008
v -7.057 7.866 -2.282
v -6.603 7.275 -2.609
v -6.139 7.658 -2.061
v -6.246 8.009 -1.636
v -7.021 8.249 -1.188
v -7.606 8.15 -1.095
v -7.588 7.977 -1.578
v -8.051 7.767 -1.227
v -8.138 7.071 -1.724
v -7.431 7.506 -1.947
v -7.089 7.933 -1.694
v -7.05 8.249 -1.123
v -7.493 8.092 -0.91
v -7.664 8.117 -1.31
v -7.925 7.791 -0.991
v -8.222 7.386 -1.541
v -7.704 7.87 -1.771
v -7.309 8.158 -1.559
v -7.035 8.249 -0.871
v -7.206 8.11 -0.395
v -7.596 8.071 -0.614
v -7.543 7.79 -0.155
v -8.073 7.309 -0.377
v -7.897 7.766 -0.944
v -7.501 8.09 -1.052
v -6.828 8.249 -0.69
v -6.551 8.006 -0.304
v -6.97 8.064 -0.112
v -6.617 7.672 0.075
v -7.23 7.329 0.346
v -7.502 7.894 -0.071
v -7.289 8.191 -0.426
v -6.642 8.249 -0.685
v -6.167 8.066 -0.393
v -6.475 8.008 -0.007
v -5.979 7.674 0.022
v -6.324 7.101 0.539
v -6.89 7.652 0.239
v -6.926 8.048 -0.213
v -6.389 7.908 -0.962
v -5.969 7.616 -1.364
v -5.803 7.438 -0.852
v -5.648 7.088 -1.417
v -5.555 6.367 -0.859
v -5.906 7.022 -0.322
v -6.184 7.561 -0.451
v -6.416 7.908 -1.157
v -6.317 7.628 -1.609
v -5.931 7.512 -1.384
v -6.096 7.166 -1.787
v -5.706 6.579 -1.469
v -5.707 7.187 -0.991
v -5.994 7.645 -0.946
v -6.675 7.908 -1.353
v -7.081 7.533 -1.69
v -6.615 7.453 -1.985
v -7.098 6.99 -2.021
v -6.466 6.372 -2.278
v -6.024 7.139 -2.026
v -6.186 7.657 -1.695
v -6.821 7.908 -1.344
v -7.289 7.593 -1.51
v -7.005 7.503 -1.915
v -7.442 7.101 -1.797
v -7.036 6.503 -2.229
v -6.545 7.181 -2.143
v -6.541 7.66 -1.799
v -7.016 7.908 -1.195
v -7.452 7.564 -0.95
v -7.532 7.515 -1.471
v -7.745 7.08 -1.057
v -7.742 6.551 -1.727
v -7.357 7.252 -2.025
v -7.129 7.707 -1.757
v -7.062 7.908 -1.073
v -7.42 7.622 -0.688
v -7.641 7.547 -1.156
v -7.749 7.168 -0.665
v -7.96 6.61 -1.254
v -7.646 7.242 -1.707
v -7.334 7.684 -1.556
v -7.063 7.908 -0.96
v -7.307 7.668 -0.527
v -7.591 7.528 -0.884
v -7.576 7.226 -0.395
v -7.838 6.616 -0.806
v -7.672 7.173 -1.328
v -7.386 7.624 -1.304
v -6.861 7.908 -0.703
v -6.532 7.557 -0.243
v -7.089 7.438 -0.133
v -6.575 7.013 0.073
v -7.238 6.353 0.092
v -7.666 7.086 -0.303
v -7.441 7.618 -0.557
v -6.784 7.908 -0.68
v -6.404 7.485 -0.359
v -6.846 7.387 -0.043
v -6.403 6.891 -0.048
v -7.029 6.232 0.196
v -7.424 7.061 -0.008
v -7.255 7.627 -0.326
v -6.496 7.908 -0.764
v -5.908 7.683 -0.74
v -6.137 7.45 -0.302
v -5.603 7.185 -0.579
v -5.852 6.418 -0.202
v -6.53 6.979 -0.064
v -6.68 7.512 -0.31
v -6.399 7.908 -0.92
v -5.99 7.59 -1.251
v -5.835 7.459 -0.762
v -5.682 7.073 -1.247
v -5.601 6.421 -0.673
v -5.942 7.1 -0.245
v -6.207 7.613 -0.416
v -6.833 7.805 -0.688
v -6.447 7.805 -0.813
v -6.726 7.567 -1.016
v -6.447 7.805 -1.219
v -7.071 7.805 -1.016
v -6.833 7.805 -1.344
v -6.381 8.189 -1.016
v -6.619 8.189 -0.688
v -7.005 8.189 -0.813
v -7.005 8.189 -1.219
v -6.619 8.189 -1.344
v -6.726 8.427 -1.016
v -5.983 7.017 0.865
v -6.119 7.26 1.117
v -6.279 7.345 0.845
v -6.424 7.435 1.199
v -6.897 7.464 0.96
v -6.569 7.267 0.592
v -6.24 7.12 0.611
v -5.915 7.017 0.981
v -5.828 7.198 1.21
v -6.064 7.302 1.191
v -5.929 7.341 1.469
v -6.312 7.395 1.679
v -6.365 7.264 1.263
v -6.191 7.135 1.039
v -5.761 7.017 0.98
v -5.498 7.255 0.983
v -5.632 7.372 1.225
v -5.279 7.449 1.204
v -5.223 7.533 1.706
v -5.679 7.334 1.581
v -5.83 7.159 1.297
v -5.697 7.017 0.847
v -5.526 7.217 0.571
v -5.356 7.316 0.836
v -5.194 7.349 0.475
v -4.71 7.351 0.716
v -5.071 7.233 1.1
v -5.424 7.121 1.092
v -5.779 7.017 0.73
v -5.925 7.14 0.417
v -5.671 7.329 0.456
v -5.828 7.277 0.11
v -5.368 7.418 -0.078
v -5.29 7.372 0.431
v -5.477 7.219 0.685
v -5.916 7.017 0.739
v -6.249 7.128 0.665
v -6.104 7.335 0.493
v -6.453 7.265 0.401
v -6.377 7.426 -0.08
v -5.932 7.397 0.174
v -5.815 7.238 0.476
v -6.079 6.921 0.993
v -6.176 6.785 1.433
v -6.537 6.744 1.244
v -6.436 6.494 1.656
v -6.905 6.07 1.456
v -6.823 6.481 0.942
v -6.498 6.774 0.838
v -5.967 6.921 1.103
v -5.779 6.739 1.538
v -6.216 6.73 1.604
v -5.886 6.42 1.883
v -6.46 6.008 1.991
v -6.683 6.491 1.514
v -6.443 6.798 1.23
v -5.696 6.921 1.094
v -5.319 6.791 1.172
v -5.423 6.841 1.501
v -5.105 6.574 1.438
v -5.221 6.312 1.943
v -5.645 6.69 1.823
v -5.768 6.888 1.492
v -5.594 6.921 0.982
v -5.25 6.732 0.817
v -5.154 6.764 1.173
v -4.959 6.459 0.916
v -4.828 6.162 1.423
v -5.195 6.611 1.587
v -5.447 6.858 1.377
v -5.583 6.921 0.761
v -5.362 6.852 0.312
v -5.039 6.739 0.586
v -5.037 6.56 0.09
v -4.62 6.027 0.32
v -4.837 6.374 0.907
v -5.195 6.696 0.993
v -5.67 6.921 0.644
v -5.711 6.839 0.252
v -5.368 6.809 0.273
v -5.558 6.613 -0.041
v -5.116 6.249 -0.084
v -5.048 6.569 0.388
v -5.286 6.802 0.609
v -5.896 6.921 0.591
v -6.195 6.715 0.43
v -6.022 6.737 0.142
v -6.282 6.427 0.155
v -6.004 6.121 -0.24
v -5.714 6.583 -0.07
v -5.721 6.845 0.243
v -6.022 6.921 0.655
v -6.418 6.839 0.63
v -6.348 6.839 0.29
v -6.686 6.628 0.413
v -6.665 6.302 -0.065
v -6.187 6.626 -0.032
v -6.002 6.837 0.259
v -6.113 6.921 0.887
v -6.364 6.783 1.252
v -6.638 6.835 0.956
v -6.723 6.548 1.343
v -7.161 6.261 0.953
v -6.848 6.667 0.549
v -6.469 6.882 0.59
v -5.898 6.647 1.128
v -5.586 6.426 1.532
v -6.031 6.28 1.65
v -5.561 5.995 1.842
v -6.038 5.38 1.93
v -6.472 5.913 1.552
v -6.345 6.358 1.29
v -5.808 6.647 1.132
v -5.422 6.391 1.362
v -5.738 6.303 1.66
v -5.324 5.968 1.641
v -5.729 5.432 1.946
v -6.163 6.005 1.776
v -6.122 6.421 1.475
v -5.633 6.647 1.041
v -5.277 6.417 0.958
v -5.304 6.338 1.319
v -5.074 6.052 1.066
v -5.169 5.6 1.476
v -5.509 6.092 1.628
v -5.639 6.451 1.426
v -5.581 6.647 0.951
v -5.18 6.428 0.714
v -5.109 6.296 1.132
v -4.894 6.016 0.73
v -4.859 5.443 1.18
v -5.241 5.959 1.526
v -5.47 6.38 1.377
v -5.572 6.647 0.796
v -5.345 6.487 0.458
v -5.121 6.344 0.717
v -5.107 6.133 0.323
v -4.895 5.596 0.573
v -5.067 6.013 1.012
v -5.312 6.386 1.032
v -5.692 6.647 0.628
v -5.83 6.441 0.263
v -5.46 6.352 0.26
v -5.757 6.088 0.033
v -5.341 5.624 0.075
v -5.126 6.089 0.431
v -5.304 6.442 0.596
v -5.865 6.647 0.586
v -6.203 6.377 0.406
v -5.932 6.317 0.117
v -6.273 5.98 0.165
v -5.882 5.521 -0.129
v -5.532 6.081 -0.012
v -5.585 6.461 0.259
v -5.965 6.647 0.616
v -6.419 6.448 0.523
v -6.174 6.323 0.179
v -6.615 6.064 0.322
v -6.324 5.519 -0.026
v -5.803 5.999 -0.019
v -5.743 6.394 0.239
v -6.087 6.647 0.741
v -6.458 6.335 0.969
v -6.581 6.258 0.534
v -6.728 5.874 0.9
v -6.777 5.34 0.352
v -6.466 5.983 0.072
v -6.24 6.425 0.278
v -6.112 6.647 0.893
v -6.427 6.477 1.251
v -6.652 6.314 0.923
v -6.732 6.08 1.377
v -6.957 5.46 1.069
v -6.682 5.926 0.582
v -6.385 6.349 0.588
v -6.099 6.647 0.949
v -6.183 6.411 1.335
v -6.489 6.317 1.09
v -6.357 6.036 1.462
v -6.653 5.57 1.126
v -6.654 6.065 0.711
v -6.43 6.435 0.709
v -5.925 6.563 1.124
v -5.615 6.563 1.023
v -5.839 6.372 0.86
v -5.615 6.563 0.697
v -6.117 6.563 0.86
v -5.925 6.563 0.596
v -5.562 6.873 0.86
v -5.754 6.873 1.124
v -6.064 6.873 1.023
v -6.064 6.873 0.697
v -5.754 6.873 0.596
v -5.839 7.064 0.86
v -4.43 6.927 -2.647
v -4.726 7.036 -2.64
v -4.631 7.186 -2.845
v -4.953 7.139 -2.828
v -4.988 7.222 -3.268
v -4.552 7.195 -3.162
v -4.392 7.083 -2.919
v -4.462 6.927 -2.499
v -4.53 7.087 -2.281
v -4.705 7.169 -2.415
v -4.752 7.198 -2.137
v -5.152 7.214 -2.171
v -4.966 7.113 -2.512
v -4.708 7.016 -2.594
v -4.373 6.927 -2.422
v -4.175 7.111 -2.175
v -4.455 7.255 -2.141
v -4.204 7.269 -1.854
v -4.602 7.358 -1.53
v -4.806 7.24 -1.994
v -4.677 7.087 -2.292
v -4.258 6.927 -2.445
v -3.943 7.057 -2.41
v -4.078 7.259 -2.247
v -3.734 7.218 -2.184
v -3.775 7.401 -1.729
v -4.217 7.33 -1.932
v -4.346 7.151 -2.2
v -4.222 6.927 -2.614
v -4.178 7.079 -2.893
v -3.979 7.196 -2.739
v -3.951 7.199 -3.071
v -3.503 7.251 -3.017
v -3.675 7.167 -2.604
v -3.948 7.052 -2.504
v -4.324 6.927 -2.683
v -4.545 7.169 -2.834
v -4.265 7.263 -2.939
v -4.58 7.359 -3.124
v -4.283 7.421 -3.536
v -3.981 7.21 -3.182
v -4.046 7.046 -2.882
v -4.58 6.838 -2.635
v -4.938 6.813 -2.512
v -5 6.723 -2.817
v -5.262 6.608 -2.551
v -5.433 6.195 -2.864
v -4.987 6.43 -3.074
v -4.71 6.665 -2.947
v -4.569 6.838 -2.441
v -4.666 6.669 -2.109
v -4.972 6.702 -2.22
v -4.92 6.419 -1.95
v -5.367 6.14 -2.116
v -5.246 6.554 -2.462
v -4.938 6.782 -2.536
v -4.469 6.838 -2.331
v -4.375 6.736 -1.914
v -4.743 6.66 -1.902
v -4.482 6.456 -1.593
v -4.907 6 -1.519
v -5.067 6.362 -2.006
v -4.862 6.658 -2.258
v -4.259 6.838 -2.309
v -3.865 6.726 -2.136
v -4.098 6.716 -1.828
v -3.698 6.478 -1.833
v -3.958 6.116 -1.391
v -4.423 6.488 -1.587
v -4.469 6.734 -1.932
v -4.148 6.838 -2.381
v -3.802 6.694 -2.416
v -3.798 6.719 -2.096
v -3.555 6.46 -2.247
v -3.534 6.179 -1.787
v -3.915 6.561 -1.763
v -4.103 6.778 -2.013
v -4.084 6.838 -2.538
v -3.784 6.671 -2.862
v -3.561 6.65 -2.519
v -3.451 6.366 -2.908
v -3.144 5.961 -2.475
v -3.463 6.411 -2.099
v -3.795 6.708 -2.188
v -4.2 6.838 -2.765
v -4.249 6.796 -3.129
v -3.942 6.717 -3.117
v -4.142 6.587 -3.415
v -3.795 6.194 -3.486
v -3.688 6.444 -3.033
v -3.87 6.677 -2.811
v -4.401 6.838 -2.798
v -4.775 6.702 -3.008
v -4.55 6.739 -3.319
v -4.915 6.455 -3.356
v -4.629 6.139 -3.838
v -4.211 6.55 -3.575
v -4.188 6.781 -3.19
v -4.453 6.838 -2.778
v -4.906 6.783 -2.922
v -4.686 6.748 -3.274
v -5.147 6.556 -3.231
v -4.963 6.15 -3.734
v -4.393 6.467 -3.569
v -4.277 6.709 -3.204
v -4.567 6.583 -2.437
v -4.584 6.287 -2.065
v -4.964 6.231 -2.204
v -4.768 5.875 -1.927
v -5.197 5.426 -2.199
v -5.249 6.011 -2.539
v -4.984 6.4 -2.576
v -4.531 6.583 -2.383
v -4.52 6.387 -1.975
v -4.856 6.246 -2.123
v -4.634 6.015 -1.775
v -4.946 5.491 -1.973
v -5.067 5.939 -2.414
v -4.881 6.324 -2.507
v -4.366 6.583 -2.297
v -4.085 6.292 -2.088
v -4.376 6.265 -1.831
v -4.08 5.902 -1.844
v -4.526 5.499 -1.589
v -4.794 6.075 -1.741
v -4.681 6.436 -2.002
v -4.236 6.583 -2.317
v -3.877 6.409 -2.216
v -4.087 6.3 -1.949
v -3.73 6.081 -2.046
v -3.978 5.62 -1.789
v -4.393 6.029 -1.817
v -4.429 6.366 -2.025
v -4.094 6.583 -2.479
v -3.768 6.347 -2.728
v -3.625 6.279 -2.353
v -3.496 5.967 -2.709
v -3.374 5.495 -2.243
v -3.669 6.02 -1.938
v -3.912 6.391 -2.086
v -4.085 6.583 -2.527
v -3.767 6.406 -2.774
v -3.658 6.246 -2.454
v -3.524 6.035 -2.829
v -3.454 5.482 -2.532
v -3.735 5.911 -2.162
v -3.943 6.303 -2.218
v -4.177 6.583 -2.747
v -4.22 6.399 -3.109
v -3.903 6.273 -3.051
v -4.132 6.049 -3.318
v -3.828 5.554 -3.224
v -3.685 5.982 -2.847
v -3.848 6.343 -2.716
v -4.19 6.583 -2.758
v -4.318 6.349 -3.128
v -3.932 6.28 -3.139
v -4.22 5.978 -3.361
v -3.761 5.521 -3.315
v -3.57 6.031 -2.963
v -3.777 6.394 -2.796
v -4.386 6.583 -2.801
v -4.727 6.368 -2.942
v -4.472 6.3 -3.203
v -4.822 6.028 -3.144
v -4.482 5.608 -3.41
v -4.108 6.073 -3.328
v -4.133 6.406 -3.095
v -4.531 6.583 -2.718
v -4.939 6.46 -2.682
v -4.826 6.325 -3.013
v -5.176 6.154 -2.785
v -5.064 5.663 -3.114
v -4.596 6.015 -3.246
v -4.456 6.344 -3.066
v -4.576 6.583 -2.645
v -4.958 6.345 -2.43
v -5.067 6.262 -2.833
v -5.253 5.942 -2.479
v -5.339 5.422 -2.961
v -4.978 5.97 -3.244
v -4.728 6.368 -3.068
v -4.419 6.506 -2.305
v -4.13 6.506 -2.399
v -4.339 6.328 -2.551
v -4.13 6.506 -2.702
v -4.597 6.506 -2.551
v -4.419 6.506 -2.796
v -4.081 6.794 -2.551
v -4.259 6.794 -2.305
v -4.547 6.794 -2.399
v -4.547 6.794 -2.702
v -4.259 6.794 -2.796
v -4.339 6.971 -2.551
v -1.777 7.583 4.4
v -1.907 7.754 4.105
v -1.645 7.921 4.163
v -1.796 7.921 3.814
v -1.329 8.054 3.639
v -1.267 7.942 4.139
v -1.466 7.772 4.376
v -1.922 7.583 4.4
v -2.192 7.737 4.347
v -2.059 7.864 4.154
v -2.378 7.863 4.114
v -2.355 7.924 3.665
v -1.95 7.841 3.852
v -1.835 7.72 4.129
v -1.995 7.583 4.524
v -2.173 7.748 4.757
v -2.288 7.851 4.51
v -2.471 7.864 4.809
v -2.86 7.887 4.538
v -2.503 7.797 4.238
v -2.2 7.692 4.281
v -1.918 7.583 4.654
v -1.769 7.812 4.892
v -2.063 7.923 4.875
v -1.851 7.997 5.179
v -2.289 8.075 5.435
v -2.424 7.885 4.978
v -2.247 7.718 4.725
v -1.772 7.583 4.648
v -1.458 7.732 4.674
v -1.619 7.871 4.889
v -1.255 7.859 4.901
v -1.309 7.935 5.382
v -1.766 7.86 5.223
v -1.884 7.733 4.942
v -1.711 7.583 4.568
v -1.452 7.801 4.398
v -1.388 7.913 4.691
v -1.098 7.954 4.44
v -0.713 7.98 4.825
v -1.203 7.841 5.021
v -1.54 7.706 4.882
v -1.816 7.487 4.249
v -2.112 7.271 3.949
v -1.787 7.345 3.708
v -2.108 6.988 3.591
v -1.614 6.713 3.231
v -1.33 7.214 3.572
v -1.463 7.46 3.933
v -2.011 7.487 4.299
v -2.452 7.3 4.234
v -2.351 7.273 3.839
v -2.707 6.961 3.975
v -2.588 6.513 3.456
v -2.102 7.01 3.506
v -1.948 7.34 3.843
v -2.112 7.487 4.432
v -2.478 7.419 4.585
v -2.571 7.387 4.257
v -2.818 7.2 4.529
v -3.018 6.83 4.133
v -2.574 7.138 3.928
v -2.275 7.367 4.084
v -2.099 7.487 4.65
v -2.234 7.352 5.052
v -2.576 7.335 4.891
v -2.523 7.073 5.261
v -2.995 6.677 5.089
v -2.851 7.089 4.622
v -2.507 7.365 4.52
v -1.98 7.487 4.772
v -1.867 7.355 5.223
v -2.265 7.28 5.276
v -1.978 7.03 5.587
v -2.443 6.522 5.708
v -2.625 6.955 5.19
v -2.406 7.292 4.892
v -1.816 7.487 4.802
v -1.435 7.473 5.109
v -1.778 7.398 5.355
v -1.3 7.257 5.49
v -1.629 6.806 5.891
v -2.142 7.071 5.519
v -2.136 7.318 5.133
v -1.6 7.487 4.649
v -1.134 7.384 4.498
v -1.095 7.305 4.921
v -0.758 7.083 4.594
v -0.637 6.583 5.085
v -1.185 6.975 5.313
v -1.489 7.294 5.098
v -1.573 7.487 4.558
v -1.263 7.307 4.281
v -1.041 7.328 4.598
v -0.915 7.018 4.274
v -0.592 6.671 4.714
v -0.935 7.134 5.007
v -1.28 7.404 4.892
v -1.609 7.487 4.385
v -1.482 7.369 3.933
v -1.101 7.352 4.09
v -1.172 7.089 3.676
v -0.639 6.665 3.814
v -0.781 7.08 4.354
v -1.156 7.361 4.498
v -1.99 7.208 4.285
v -2.43 6.897 4.299
v -2.288 6.878 3.851
v -2.616 6.478 4.082
v -2.346 6.04 3.527
v -1.929 6.669 3.465
v -1.857 7.056 3.786
v -2.034 7.208 4.317
v -2.505 7.045 4.241
v -2.345 6.853 3.894
v -2.78 6.643 4.072
v -2.65 5.997 3.769
v -2.082 6.446 3.724
v -1.923 6.881 3.951
v -2.127 7.208 4.55
v -2.381 6.984 4.936
v -2.643 6.881 4.593
v -2.661 6.582 5.036
v -2.926 6.04 4.626
v -2.724 6.568 4.166
v -2.434 6.972 4.212
v -2.08 7.208 4.682
v -2.033 6.908 5.035
v -2.422 6.855 4.959
v -2.186 6.501 5.185
v -2.644 6.069 4.977
v -2.752 6.649 4.675
v -2.504 7.031 4.609
v -1.968 7.208 4.777
v -1.811 6.978 5.129
v -2.165 6.85 5.175
v -1.849 6.577 5.36
v -2.218 6.044 5.343
v -2.474 6.548 5.025
v -2.332 6.954 4.85
v -1.776 7.208 4.794
v -1.361 6.996 4.971
v -1.667 6.86 5.248
v -1.218 6.598 5.189
v -1.571 6.045 5.439
v -2.066 6.536 5.345
v -2.067 6.943 5.101
v -1.659 7.208 4.729
v -1.244 6.851 4.607
v -1.257 6.815 5.091
v -1.025 6.381 4.775
v -1.172 5.898 5.391
v -1.524 6.591 5.56
v -1.659 7.027 5.261
v -1.62 7.208 4.683
v -1.185 6.996 4.56
v -1.204 6.891 4.977
v -0.908 6.605 4.661
v -0.959 6.07 5.123
v -1.406 6.578 5.337
v -1.6 6.973 5.123
v -1.572 7.208 4.543
v -1.35 6.959 4.259
v -1.143 6.872 4.557
v -1.135 6.573 4.222
v -0.967 6.105 4.607
v -1.119 6.623 4.93
v -1.337 7 4.849
v -1.644 7.208 4.338
v -1.693 6.961 3.978
v -1.336 6.868 4.042
v -1.573 6.573 3.797
v -1.189 6.097 3.949
v -1.058 6.612 4.287
v -1.264 6.994 4.386
v -1.803 7.208 4.251
v -2.174 6.89 3.97
v -1.742 6.809 3.745
v -2.197 6.428 3.713
v -1.632 5.9 3.543
v -1.212 6.54 3.743
v -1.353 6.983 3.994
v -1.936 7.124 4.793
v -1.622 7.124 4.691
v -1.849 6.93 4.526
v -1.622 7.124 4.36
v -2.131 7.124 4.526
v -1.936 7.124 4.258
v -1.568 7.438 4.526
v -1.762 7.438 4.793
v -2.077 7.438 4.691
v -2.077 7.438 4.36
v -1.762 7.438 4.258
v -1.849 7.632 4.526
v 2.862 8.521 -4.777
v 2.807 8.628 -5.028
v 2.991 8.768 -4.96
v 2.932 8.74 -5.242
v 3.305 8.844 -5.318
v 3.277 8.793 -4.927
v 3.095 8.673 -4.766
v 2.728 8.521 -4.787
v 2.41 8.621 -4.866
v 2.573 8.833 -4.996
v 2.24 8.768 -5.11
v 2.372 8.969 -5.531
v 2.78 8.928 -5.272
v 2.86 8.754 -5.001
v 2.669 8.521 -4.667
v 2.52 8.613 -4.458
v 2.461 8.769 -4.624
v 2.286 8.728 -4.404
v 1.998 8.865 -4.624
v 2.306 8.824 -4.854
v 2.536 8.693 -4.833
v 2.714 8.521 -4.587
v 2.78 8.676 -4.366
v 2.565 8.767 -4.414
v 2.668 8.796 -4.148
v 2.299 8.839 -4.015
v 2.281 8.733 -4.394
v 2.458 8.624 -4.571
v 2.843 8.521 -4.574
v 3.129 8.652 -4.498
v 2.973 8.831 -4.358
v 3.288 8.801 -4.257
v 3.181 8.957 -3.834
v 2.796 8.884 -4.081
v 2.719 8.721 -4.352
v 2.909 8.521 -4.679
v 3.088 8.633 -4.859
v 3.147 8.779 -4.685
v 3.348 8.748 -4.882
v 3.646 8.855 -4.638
v 3.298 8.804 -4.447
v 3.047 8.679 -4.497
v 2.746 8.441 -4.909
v 2.409 8.304 -5.099
v 2.642 8.351 -5.366
v 2.306 8.085 -5.404
v 2.617 7.83 -5.818
v 2.985 8.208 -5.583
v 2.975 8.406 -5.248
v 2.619 8.441 -4.84
v 2.27 8.342 -4.816
v 2.298 8.367 -5.127
v 2.023 8.15 -4.987
v 2.012 7.894 -5.435
v 2.42 8.21 -5.447
v 2.601 8.392 -5.2
v 2.572 8.441 -4.763
v 2.269 8.295 -4.594
v 2.168 8.291 -4.901
v 2.001 8.047 -4.647
v 1.856 7.736 -5.056
v 2.183 8.113 -5.248
v 2.421 8.349 -5.095
v 2.564 8.441 -4.626
v 2.405 8.344 -4.311
v 2.165 8.349 -4.522
v 2.148 8.146 -4.195
v 1.793 7.87 -4.445
v 1.979 8.178 -4.812
v 2.265 8.37 -4.825
v 2.675 8.441 -4.48
v 2.789 8.25 -4.144
v 2.464 8.28 -4.045
v 2.666 7.974 -3.861
v 2.186 7.672 -3.735
v 2.087 8.123 -4.086
v 2.306 8.374 -4.332
v 2.832 8.441 -4.455
v 3.118 8.359 -4.247
v 2.92 8.374 -4.012
v 3.222 8.169 -3.946
v 2.991 7.887 -3.572
v 2.653 8.192 -3.829
v 2.644 8.378 -4.15
v 2.943 8.441 -4.51
v 3.273 8.428 -4.46
v 3.196 8.372 -4.191
v 3.51 8.267 -4.284
v 3.517 7.935 -3.939
v 3.082 8.132 -3.973
v 2.916 8.315 -4.201
v 3.019 8.441 -4.706
v 3.238 8.259 -5.039
v 3.516 8.318 -4.788
v 3.566 8.002 -5.115
v 3.988 7.734 -4.747
v 3.727 8.181 -4.406
v 3.372 8.408 -4.448
v 2.959 8.441 -4.838
v 2.947 8.27 -5.175
v 3.268 8.296 -5.155
v 3.131 8.018 -5.39
v 3.593 7.74 -5.353
v 3.593 8.15 -5.001
v 3.331 8.379 -4.85
v 2.666 8.209 -4.879
v 2.315 8.012 -4.92
v 2.462 7.909 -5.217
v 2.157 7.668 -5.064
v 2.359 7.21 -5.355
v 2.736 7.649 -5.396
v 2.797 7.996 -5.197
v 2.596 8.209 -4.81
v 2.275 7.967 -4.639
v 2.244 7.92 -5.018
v 2.074 7.619 -4.714
v 2.111 7.227 -5.183
v 2.396 7.722 -5.404
v 2.544 8.053 -5.214
v 2.558 8.209 -4.705
v 2.315 7.972 -4.388
v 2.123 7.895 -4.737
v 2.085 7.6 -4.351
v 1.921 7.146 -4.791
v 2.108 7.651 -5.16
v 2.334 8.015 -5.063
v 2.59 8.209 -4.563
v 2.567 8.023 -4.235
v 2.289 7.933 -4.382
v 2.443 7.709 -4.097
v 2.167 7.303 -4.306
v 2.113 7.707 -4.651
v 2.293 8.021 -4.697
v 2.749 8.209 -4.454
v 2.945 8.084 -4.168
v 2.662 7.958 -4.1
v 2.975 7.798 -3.951
v 2.707 7.352 -3.896
v 2.41 7.681 -4.173
v 2.474 7.987 -4.353
v 2.843 8.209 -4.457
v 3.203 7.975 -4.321
v 2.952 7.882 -4.039
v 3.313 7.596 -4.122
v 2.978 7.121 -3.853
v 2.584 7.623 -3.912
v 2.596 7.997 -4.146
v 2.909 8.209 -4.484
v 3.263 8.079 -4.42
v 3.084 7.966 -4.162
v 3.429 7.793 -4.277
v 3.235 7.362 -4.023
v 2.818 7.7 -4.017
v 2.754 8.001 -4.204
v 3.003 8.209 -4.594
v 3.272 7.998 -4.762
v 3.381 7.955 -4.459
v 3.488 7.68 -4.715
v 3.569 7.308 -4.321
v 3.331 7.76 -4.125
v 3.142 8.065 -4.27
v 3.016 8.209 -4.723
v 3.163 7.982 -5.029
v 3.428 7.919 -4.813
v 3.372 7.631 -5.111
v 3.645 7.211 -4.804
v 3.555 7.695 -4.483
v 3.315 8.035 -4.505
v 2.934 8.209 -4.862
v 2.808 7.933 -5.195
v 3.187 7.861 -5.213
v 2.905 7.535 -5.385
v 3.357 7.081 -5.304
v 3.543 7.632 -5.024
v 3.339 8.014 -4.894
v 2.78 8.209 -4.913
v 2.472 7.978 -5.116
v 2.753 7.907 -5.35
v 2.412 7.615 -5.344
v 2.782 7.169 -5.57
v 3.126 7.666 -5.423
v 3.067 8.021 -5.182
v 2.716 8.139 -4.459
v 2.978 8.139 -4.544
v 2.788 7.978 -4.682
v 2.978 8.139 -4.819
v 2.554 8.139 -4.682
v 2.716 8.139 -4.904
v 3.022 8.4 -4.682
v 2.861 8.4 -4.459
v 2.599 8.4 -4.544
v 2.599 8.4 -4.819
v 2.861 8.4 -4.904
v 2.788 8.562 -4.682
v 5.019 9.101 2.888
v 4.726 9.309 2.489
v 5.116 9.56 2.456
v 4.778 9.51 2.012
v 5.382 9.675 1.579
v 5.649 9.584 2.285
v 5.451 9.37 2.717
v 4.858 9.101 2.918
v 4.394 9.297 2.86
v 4.582 9.536 2.554
v 4.068 9.477 2.506
v 4.086 9.612 1.791
v 4.757 9.543 2.064
v 4.968 9.352 2.492
v 4.785 9.101 3.133
v 4.587 9.295 3.573
v 4.389 9.566 3.278
v 4.161 9.505 3.762
v 3.514 9.713 3.471
v 3.994 9.626 2.916
v 4.448 9.396 2.868
v 4.848 9.101 3.227
v 4.932 9.332 3.634
v 4.564 9.486 3.552
v 4.715 9.496 4.02
v 4.071 9.53 4.229
v 4.078 9.411 3.562
v 4.402 9.262 3.252
v 5.082 9.101 3.236
v 5.466 9.361 3.262
v 5.303 9.491 3.598
v 5.776 9.538 3.566
v 5.844 9.555 4.227
v 5.221 9.394 4.057
v 5.004 9.241 3.671
v 5.162 9.101 3.114
v 5.418 9.372 2.853
v 5.514 9.501 3.212
v 5.81 9.575 2.85
v 6.285 9.63 3.283
v 5.766 9.429 3.608
v 5.38 9.25 3.485
v 4.969 8.971 2.704
v 4.617 8.915 2.295
v 5 8.818 2.054
v 4.52 8.622 1.847
v 4.894 8.068 1.452
v 5.383 8.431 1.933
v 5.335 8.756 2.367
v 4.694 8.971 2.827
v 4.044 8.869 2.825
v 4.179 8.698 2.3
v 3.603 8.468 2.589
v 3.639 7.74 2.007
v 4.442 8.204 1.907
v 4.743 8.649 2.256
v 4.599 8.971 3.057
v 4.227 8.652 3.456
v 3.861 8.678 3.064
v 3.771 8.195 3.484
v 3.29 7.696 2.894
v 3.671 8.423 2.501
v 4.143 8.842 2.637
v 4.667 8.971 3.291
v 4.588 8.821 3.828
v 4.136 8.768 3.659
v 4.291 8.475 4.14
v 3.705 7.952 3.988
v 3.763 8.437 3.355
v 4.147 8.79 3.174
v 4.896 8.971 3.441
v 5.291 8.802 4.005
v 4.718 8.687 4.2
v 5.303 8.362 4.52
v 4.658 7.661 4.822
v 4.13 8.235 4.197
v 4.314 8.695 3.735
v 5.18 8.971 3.385
v 5.77 8.886 3.538
v 5.568 8.791 4.013
v 6.138 8.543 3.898
v 6.025 7.926 4.517
v 5.275 8.369 4.381
v 5.05 8.74 3.94
v 5.268 8.971 3.301
v 5.906 8.777 3.194
v 5.92 8.816 3.773
v 6.393 8.407 3.461
v 6.496 7.912 4.279
v 5.753 8.515 4.381
v 5.373 8.867 3.961
v 5.34 8.971 3.022
v 5.641 8.786 2.539
v 5.995 8.754 2.922
v 6.051 8.418 2.394
v 6.537 7.905 2.854
v 6.216 8.442 3.42
v 5.779 8.805 3.394
v 5.227 8.971 2.806
v 5.233 8.858 2.171
v 5.778 8.827 2.241
v 5.541 8.515 1.708
v 6.272 7.948 1.668
v 6.28 8.447 2.447
v 5.85 8.802 2.786
v 4.711 8.599 2.809
v 4.181 8.186 2.949
v 4.191 8.173 2.354
v 3.881 7.641 2.721
v 4.02 7.087 1.935
v 4.497 7.915 1.759
v 4.694 8.414 2.148
v 4.626 8.599 2.936
v 3.985 8.363 3.177
v 4.004 8.088 2.616
v 3.561 7.799 3.152
v 3.602 6.901 2.653
v 4.277 7.526 2.195
v 4.581 8.136 2.38
v 4.599 8.599 3.063
v 4.311 8.199 3.526
v 3.965 8.088 3.072
v 4.003 7.615 3.588
v 3.712 6.942 2.968
v 3.884 7.743 2.467
v 4.212 8.306 2.592
v 4.681 8.599 3.31
v 4.647 8.366 3.935
v 4.153 8.174 3.696
v 4.429 7.863 4.259
v 3.934 7.108 3.994
v 3.835 7.712 3.279
v 4.152 8.239 3.118
v 4.947 8.599 3.448
v 5.409 8.29 3.91
v 4.884 8.113 4.185
v 5.492 7.707 4.326
v 4.909 6.894 4.578
v 4.313 7.634 4.176
v 4.426 8.229 3.785
v 5.046 8.599 3.441
v 5.595 8.248 3.709
v 5.204 8.127 4.15
v 5.762 7.668 4.076
v 5.248 6.934 4.537
v 4.641 7.719 4.359
v 4.661 8.29 3.944
v 5.243 8.599 3.331
v 5.789 8.186 3.203
v 5.795 8.111 3.791
v 6.107 7.591 3.414
v 5.984 6.919 4.145
v 5.494 7.77 4.341
v 5.279 8.335 3.975
v 5.342 8.599 3.11
v 5.742 8.231 2.615
v 6.024 8.074 3.168
v 6.097 7.628 2.545
v 6.312 6.862 3.211
v 6.01 7.652 3.811
v 5.669 8.251 3.67
v 5.313 8.599 2.928
v 5.423 8.215 2.391
v 5.919 8.091 2.639
v 5.704 7.623 2.189
v 6.218 6.911 2.585
v 6.222 7.712 3.121
v 5.855 8.289 3.168
v 5.111 8.599 2.731
v 4.865 8.397 2.089
v 5.434 8.151 2.081
v 4.905 7.87 1.636
v 5.442 7.008 1.614
v 5.884 7.6 2.31
v 5.681 8.172 2.65
v 4.868 8.599 2.718
v 4.368 8.419 2.413
v 4.751 8.192 2.125
v 4.159 7.957 2.102
v 4.505 7.206 1.842
v 5.17 7.715 2.07
v 5.212 8.216 2.386
v 4.855 8.486 3.435
v 5.276 8.486 3.298
v 4.971 8.226 3.076
v 5.276 8.486 2.855
v 4.594 8.486 3.076
v 4.855 8.486 2.718
v 5.348 8.906 3.076
v 5.087 8.906 3.435
v 4.666 8.906 3.298
v 4.666 8.906 2.855
v 5.087 8.906 2.718
v 4.971 9.166 3.076
v 7.148 7.997 -0.636
v 7.328 8.197 -0.997
v 7.532 8.401 -0.749
v 7.72 8.374 -1.167
v 8.323 8.492 -0.957
v 7.9 8.397 -0.474
v 7.477 8.216 -0.421
v 7.027 7.997 -0.756
v 6.787 8.284 -1.029
v 7.17 8.36 -1.131
v 6.803 8.463 -1.433
v 7.251 8.434 -1.907
v 7.567 8.223 -1.375
v 7.423 8.084 -0.981
v 6.839 7.997 -0.683
v 6.485 8.287 -0.523
v 6.522 8.394 -0.931
v 6.094 8.484 -0.67
v 5.79 8.495 -1.282
v 6.425 8.283 -1.418
v 6.76 8.12 -1.146
v 6.845 7.997 -0.487
v 6.824 8.135 -0.106
v 6.569 8.317 -0.268
v 6.563 8.261 0.152
v 6 8.358 0.117
v 6.175 8.322 -0.427
v 6.501 8.186 -0.589
v 6.986 7.997 -0.418
v 7.269 8.306 -0.245
v 6.954 8.427 -0.058
v 7.36 8.542 0.137
v 7.09 8.61 0.723
v 6.669 8.351 0.302
v 6.693 8.147 -0.107
v 7.148 7.997 -0.541
v 7.497 8.193 -0.79
v 7.535 8.374 -0.424
v 7.917 8.351 -0.736
v 8.301 8.43 -0.199
v 7.688 8.344 0.045
v 7.307 8.187 -0.139
v 7.076 7.882 -0.906
v 6.821 7.734 -1.344
v 7.253 7.653 -1.466
v 6.847 7.388 -1.724
v 7.344 6.861 -1.912
v 7.688 7.32 -1.43
v 7.522 7.676 -1.098
v 6.922 7.882 -0.913
v 6.481 7.849 -1.299
v 6.84 7.712 -1.619
v 6.283 7.537 -1.765
v 6.567 6.903 -2.242
v 7.192 7.26 -1.803
v 7.238 7.618 -1.331
v 6.7 7.882 -0.758
v 6.187 7.764 -0.618
v 6.159 7.728 -1.087
v 5.778 7.458 -0.766
v 5.657 6.979 -1.36
v 6.266 7.416 -1.548
v 6.593 7.729 -1.269
v 6.662 7.882 -0.514
v 6.32 7.8 -0.017
v 5.989 7.649 -0.399
v 5.902 7.443 0.195
v 5.463 6.783 -0.142
v 5.816 7.197 -0.81
v 6.248 7.595 -0.855
v 6.763 7.882 -0.344
v 6.829 7.673 0.156
v 6.361 7.653 0.126
v 6.621 7.307 0.49
v 6.006 6.833 0.463
v 5.912 7.378 -0.083
v 6.239 7.733 -0.321
v 6.871 7.882 -0.28
v 7.131 7.627 0.127
v 6.698 7.676 0.311
v 7.046 7.273 0.511
v 6.415 6.901 0.76
v 6.16 7.491 0.328
v 6.393 7.809 -0.025
v 7.072 7.882 -0.272
v 7.473 7.822 -0.011
v 7.203 7.748 0.291
v 7.658 7.559 0.35
v 7.421 7.079 0.785
v 6.894 7.416 0.494
v 6.836 7.703 0.108
v 7.286 7.882 -0.46
v 7.661 7.616 -0.697
v 7.821 7.673 -0.279
v 8 7.274 -0.599
v 8.197 6.947 0.021
v 7.812 7.524 0.242
v 7.505 7.825 0.004
v 7.263 7.882 -0.762
v 7.335 7.664 -1.175
v 7.723 7.679 -1.079
v 7.61 7.332 -1.395
v 8.153 6.951 -1.243
v 8.072 7.475 -0.816
v 7.72 7.782 -0.692
v 7.008 7.553 -0.918
v 6.555 7.232 -1.253
v 7.045 7.105 -1.51
v 6.488 6.713 -1.561
v 7.086 6.061 -1.766
v 7.625 6.747 -1.516
v 7.503 7.26 -1.215
v 6.85 7.553 -0.891
v 6.396 7.349 -1.045
v 6.655 7.206 -1.382
v 6.198 6.937 -1.282
v 6.486 6.339 -1.615
v 7.023 6.846 -1.545
v 7.083 7.273 -1.264
v 6.668 7.553 -0.686
v 6.337 7.259 -0.399
v 6.188 7.158 -0.817
v 6.084 6.807 -0.41
v 6.007 6.262 -0.919
v 6.269 6.868 -1.273
v 6.491 7.31 -1.119
v 6.676 7.553 -0.471
v 6.595 7.214 0.054
v 6.142 7.113 -0.242
v 6.352 6.7 0.232
v 5.881 6.091 -0.206
v 5.856 6.793 -0.747
v 6.182 7.291 -0.761
v 6.758 7.553 -0.349
v 6.812 7.332 0.18
v 6.345 7.197 0.07
v 6.648 6.893 0.488
v 6.147 6.264 0.35
v 5.986 6.82 -0.227
v 6.26 7.271 -0.415
v 6.912 7.553 -0.268
v 7.238 7.299 0.191
v 6.757 7.119 0.323
v 7.265 6.798 0.54
v 6.767 6.078 0.63
v 6.298 6.69 0.206
v 6.432 7.209 -0.087
v 7.083 7.553 -0.276
v 7.614 7.149 -0.196
v 7.317 7.097 0.308
v 7.771 6.603 0.086
v 7.279 6.026 0.651
v 6.769 6.822 0.66
v 6.779 7.332 0.282
v 7.238 7.553 -0.382
v 7.732 7.19 -0.554
v 7.727 7.084 -0.017
v 8.012 6.646 -0.418
v 7.885 6.006 0.21
v 7.444 6.751 0.477
v 7.259 7.277 0.192
v 7.311 7.553 -0.623
v 7.562 7.307 -1.036
v 7.85 7.205 -0.679
v 7.85 6.881 -1.143
v 8.14 6.319 -0.706
v 7.948 6.885 -0.224
v 7.644 7.311 -0.27
v 7.305 7.553 -0.661
v 7.588 7.301 -1.143
v 7.914 7.125 -0.772
v 7.9 6.802 -1.315
v 8.203 6.085 -0.913
v 8.007 6.697 -0.317
v 7.677 7.213 -0.312
v 7.16 7.553 -0.868
v 7.014 7.278 -1.263
v 7.427 7.191 -1.317
v 7.114 6.843 -1.525
v 7.605 6.31 -1.513
v 7.818 6.902 -1.153
v 7.601 7.327 -0.953
v 6.88 7.453 -0.273
v 7.252 7.453 -0.394
v 6.983 7.224 -0.59
v 7.252 7.453 -0.785
v 6.65 7.453 -0.59
v 6.88 7.453 -0.906
v 7.316 7.825 -0.59
v 7.086 7.825 -0.273
v 6.714 7.825 -0.394
v 6.714 7.825 -0.785
v 7.086 7.825 -0.906
v 6.983 8.054 -0.59
v 4.329 6.91 -2.015
v 4.147 7.07 -2.353
v 4.443 7.269 -2.346
v 4.235 7.226 -2.72
v 4.736 7.357 -3.003
v 4.865 7.29 -2.431
v 4.672 7.123 -2.112
v 4.206 6.91 -2.012
v 3.856 7.064 -2.129
v 4.052 7.3 -2.279
v 3.676 7.255 -2.438
v 3.837 7.473 -2.945
v 4.29 7.385 -2.602
v 4.368 7.173 -2.266
v 4.12 6.91 -1.912
v 3.823 7.121 -1.688
v 3.787 7.294 -2.011
v 3.444 7.304 -1.73
v 3.071 7.41 -2.2
v 3.623 7.28 -2.422
v 3.972 7.101 -2.264
v 4.179 6.91 -1.741
v 4.285 7.191 -1.445
v 3.942 7.294 -1.478
v 4.134 7.394 -1.103
v 3.603 7.431 -0.816
v 3.531 7.207 -1.373
v 3.783 7.035 -1.67
v 4.354 6.91 -1.734
v 4.641 7.138 -1.729
v 4.485 7.245 -1.477
v 4.857 7.313 -1.5
v 4.871 7.37 -0.983
v 4.399 7.192 -1.111
v 4.259 7.037 -1.404
v 4.429 6.91 -1.853
v 4.641 7.106 -2.099
v 4.706 7.273 -1.825
v 4.963 7.292 -2.122
v 5.346 7.427 -1.767
v 4.907 7.285 -1.487
v 4.594 7.101 -1.57
v 4.304 6.805 -2.169
v 4.026 6.74 -2.574
v 4.391 6.692 -2.778
v 3.995 6.478 -3.009
v 4.394 6.01 -3.373
v 4.766 6.369 -2.88
v 4.669 6.649 -2.466
v 4.053 6.805 -2.076
v 3.581 6.715 -2.078
v 3.637 6.686 -2.483
v 3.242 6.452 -2.301
v 3.221 6.023 -2.838
v 3.796 6.4 -2.852
v 4.043 6.671 -2.537
v 3.971 6.805 -1.889
v 3.664 6.66 -1.604
v 3.436 6.708 -1.904
v 3.295 6.416 -1.583
v 2.925 6.12 -2.002
v 3.294 6.537 -2.303
v 3.662 6.761 -2.205
v 3.981 6.805 -1.789
v 3.711 6.733 -1.39
v 3.389 6.696 -1.644
v 3.32 6.474 -1.207
v 2.835 6.023 -1.442
v 3.154 6.388 -1.951
v 3.572 6.662 -2.011
v 4.134 6.805 -1.6
v 4.316 6.584 -1.127
v 3.866 6.658 -0.998
v 4.158 6.261 -0.712
v 3.484 5.911 -0.5
v 3.327 6.473 -1.03
v 3.623 6.761 -1.393
v 4.339 6.805 -1.574
v 4.693 6.577 -1.407
v 4.49 6.621 -1.077
v 4.8 6.27 -1.097
v 4.477 5.961 -0.631
v 4.128 6.472 -0.818
v 4.133 6.745 -1.174
v 4.491 6.805 -1.661
v 4.937 6.561 -1.712
v 4.953 6.611 -1.279
v 5.243 6.222 -1.479
v 5.244 5.868 -0.84
v 4.783 6.434 -0.816
v 4.554 6.738 -1.159
v 4.552 6.805 -1.981
v 4.797 6.81 -2.454
v 5.144 6.696 -2.173
v 5.172 6.569 -2.713
v 5.667 6.032 -2.523
v 5.394 6.301 -1.874
v 4.982 6.586 -1.755
v 4.428 6.805 -2.127
v 4.247 6.52 -2.565
v 4.71 6.567 -2.677
v 4.405 6.14 -2.915
v 5.082 5.758 -3.032
v 5.249 6.385 -2.589
v 4.95 6.724 -2.294
v 4.108 6.503 -2.122
v 3.599 6.235 -2.175
v 3.788 6.117 -2.617
v 3.357 5.767 -2.402
v 3.617 5.147 -2.878
v 4.162 5.763 -2.918
v 4.27 6.232 -2.606
v 3.991 6.503 -1.98
v 3.585 6.242 -1.738
v 3.497 6.122 -2.178
v 3.296 5.795 -1.772
v 3.262 5.208 -2.268
v 3.633 5.791 -2.606
v 3.866 6.239 -2.434
v 3.97 6.503 -1.875
v 3.675 6.305 -1.584
v 3.48 6.189 -1.9
v 3.398 5.926 -1.522
v 3.211 5.392 -1.867
v 3.468 5.873 -2.244
v 3.733 6.261 -2.186
v 4.005 6.503 -1.727
v 3.973 6.218 -1.335
v 3.586 6.159 -1.473
v 3.771 5.804 -1.175
v 3.328 5.333 -1.429
v 3.297 5.919 -1.802
v 3.578 6.314 -1.858
v 4.169 6.503 -1.585
v 4.459 6.17 -1.232
v 4.012 6.141 -1.035
v 4.401 5.713 -0.927
v 3.783 5.229 -0.764
v 3.474 5.907 -1.063
v 3.686 6.331 -1.345
v 4.335 6.503 -1.573
v 4.833 6.159 -1.424
v 4.48 6.076 -1.015
v 4.964 5.655 -1.155
v 4.457 5.077 -0.737
v 3.939 5.78 -0.792
v 3.978 6.263 -1.121
v 4.485 6.503 -1.654
v 4.92 6.247 -1.725
v 4.833 6.137 -1.308
v 5.148 5.822 -1.595
v 4.981 5.277 -1.148
v 4.549 5.834 -0.98
v 4.421 6.257 -1.213
v 4.569 6.503 -1.812
v 4.89 6.233 -2.149
v 5.085 6.159 -1.729
v 5.177 5.811 -2.163
v 5.348 5.298 -1.634
v 5.075 5.882 -1.237
v 4.805 6.293 -1.377
v 4.558 6.503 -1.966
v 4.701 6.188 -2.447
v 5.132 6.119 -2.189
v 4.997 5.705 -2.617
v 5.487 5.131 -2.233
v 5.41 5.814 -1.738
v 5.045 6.279 -1.715
v 4.44 6.503 -2.12
v 4.322 6.304 -2.582
v 4.748 6.178 -2.552
v 4.423 5.906 -2.88
v 4.877 5.331 -2.832
v 5.099 5.832 -2.342
v 4.886 6.243 -2.134
v 4.253 6.503 -2.17
v 3.845 6.286 -2.526
v 4.263 6.071 -2.713
v 3.72 5.817 -2.817
v 4.12 5.104 -2.943
v 4.684 5.636 -2.657
v 4.649 6.136 -2.393
v 4.178 6.411 -1.578
v 4.519 6.411 -1.689
v 4.272 6.201 -1.868
v 4.519 6.411 -2.048
v 3.967 6.411 -1.868
v 4.178 6.411 -2.159
v 4.577 6.752 -1.868
v 4.366 6.752 -1.578
v 4.025 6.752 -1.689
v 4.025 6.752 -2.048
v 4.366 6.752 -2.159
v 4.272 6.962 -1.868
v 5.852 6.39 1.118
v 5.92 6.488 1.364
v 5.721 6.609 1.328
v 5.81 6.574 1.595
v 5.445 6.632 1.718
v 5.437 6.606 1.33
v 5.609 6.515 1.143
v 5.972 6.39 1.113
v 6.19 6.494 1.124
v 6.092 6.618 1.258
v 6.341 6.604 1.276
v 6.326 6.705 1.606
v 6.006 6.644 1.491
v 5.911 6.527 1.303
v 6.008 6.39 1.063
v 6.201 6.546 0.908
v 6.219 6.647 1.141
v 6.447 6.674 0.938
v 6.689 6.734 1.267
v 6.325 6.624 1.428
v 6.099 6.505 1.316
v 5.969 6.39 0.945
v 5.914 6.534 0.767
v 6.108 6.587 0.782
v 6.002 6.629 0.569
v 6.299 6.628 0.41
v 6.336 6.527 0.729
v 6.192 6.449 0.901
v 5.844 6.39 0.949
v 5.622 6.549 0.949
v 5.706 6.63 0.749
v 5.431 6.664 0.783
v 5.362 6.688 0.397
v 5.732 6.581 0.475
v 5.873 6.48 0.693
v 5.805 6.39 1.037
v 5.677 6.497 1.21
v 5.619 6.62 1.057
v 5.467 6.609 1.252
v 5.199 6.711 1.062
v 5.47 6.646 0.862
v 5.68 6.528 0.885
v 5.904 6.32 1.23
v 6.117 6.25 1.484
v 5.876 6.182 1.627
v 6.167 6.035 1.746
v 5.923 5.67 1.955
v 5.631 5.94 1.675
v 5.67 6.171 1.425
v 5.978 6.32 1.218
v 6.266 6.295 1.376
v 6.084 6.214 1.579
v 6.412 6.118 1.596
v 6.274 5.765 1.867
v 5.885 5.965 1.705
v 5.826 6.168 1.466
v 6.086 6.32 1.123
v 6.407 6.239 1.003
v 6.426 6.2 1.307
v 6.657 6.033 1.071
v 6.724 5.712 1.44
v 6.353 5.993 1.605
v 6.153 6.204 1.448
v 6.073 6.32 0.916
v 6.119 6.235 0.586
v 6.399 6.24 0.685
v 6.316 6.051 0.392
v 6.715 5.786 0.479
v 6.658 6.073 0.868
v 6.404 6.253 0.983
v 6.001 6.32 0.853
v 5.885 6.158 0.581
v 6.158 6.195 0.493
v 5.977 5.936 0.346
v 6.386 5.709 0.23
v 6.486 6.083 0.516
v 6.309 6.281 0.723
v 5.823 6.32 0.849
v 5.505 6.155 0.779
v 5.628 6.181 0.488
v 5.362 5.917 0.56
v 5.544 5.66 0.149
v 5.875 6.049 0.23
v 5.933 6.265 0.505
v 5.746 6.32 0.914
v 5.507 6.168 0.986
v 5.461 6.195 0.741
v 5.326 5.966 0.883
v 5.283 5.764 0.521
v 5.523 6.099 0.462
v 5.671 6.279 0.635
v 5.718 6.32 1.091
v 5.575 6.209 1.392
v 5.324 6.212 1.225
v 5.326 5.998 1.518
v 4.965 5.712 1.317
v 5.129 6.039 0.974
v 5.411 6.244 0.939
v 5.755 6.32 1.158
v 5.724 6.249 1.478
v 5.452 6.224 1.4
v 5.554 6.061 1.683
v 5.194 5.763 1.635
v 5.216 6.029 1.248
v 5.442 6.222 1.116
v 6.018 6.12 1.198
v 6.386 5.953 1.238
v 6.234 5.862 1.542
v 6.562 5.638 1.394
v 6.373 5.202 1.718
v 5.964 5.606 1.745
v 5.888 5.926 1.53
v 6.049 6.12 1.173
v 6.396 5.948 1.134
v 6.301 5.848 1.443
v 6.576 5.635 1.232
v 6.436 5.207 1.546
v 6.071 5.6 1.669
v 5.975 5.919 1.498
v 6.104 6.12 1.076
v 6.322 5.918 0.857
v 6.448 5.855 1.144
v 6.503 5.609 0.854
v 6.591 5.239 1.214
v 6.42 5.66 1.474
v 6.252 5.96 1.373
v 6.044 6.12 0.883
v 5.97 5.946 0.589
v 6.268 5.897 0.626
v 6.061 5.671 0.425
v 6.411 5.336 0.512
v 6.535 5.715 0.8
v 6.365 5.983 0.902
v 6.026 6.12 0.868
v 5.914 5.94 0.556
v 6.231 5.854 0.589
v 5.973 5.636 0.38
v 6.314 5.239 0.47
v 6.504 5.631 0.773
v 6.356 5.937 0.883
v 5.854 6.12 0.838
v 5.52 5.996 0.654
v 5.781 5.849 0.472
v 5.388 5.695 0.469
v 5.64 5.215 0.317
v 6.076 5.548 0.442
v 6.093 5.873 0.631
v 5.761 6.12 0.895
v 5.468 5.989 0.905
v 5.548 5.874 0.669
v 5.306 5.719 0.832
v 5.403 5.319 0.627
v 5.726 5.633 0.53
v 5.819 5.917 0.653
v 5.715 6.12 0.982
v 5.485 5.947 1.19
v 5.377 5.893 0.906
v 5.294 5.668 1.19
v 5.204 5.323 0.84
v 5.406 5.704 0.587
v 5.579 5.977 0.687
v 5.713 6.12 1.071
v 5.601 5.957 1.32
v 5.406 5.892 1.14
v 5.45 5.689 1.394
v 5.261 5.35 1.158
v 5.323 5.705 0.882
v 5.496 5.97 0.894
v 5.753 6.12 1.156
v 5.768 5.931 1.512
v 5.451 5.838 1.397
v 5.647 5.602 1.686
v 5.317 5.168 1.514
v 5.223 5.592 1.142
v 5.415 5.922 1.059
v 5.858 6.12 1.224
v 6.05 5.95 1.5
v 5.754 5.848 1.581
v 6.056 5.636 1.707
v 5.74 5.203 1.754
v 5.467 5.595 1.504
v 5.56 5.916 1.331
v 5.846 6.06 1.223
v 6.072 6.06 1.149
v 5.909 5.92 1.03
v 6.072 6.06 0.911
v 5.707 6.06 1.03
v 5.846 6.06 0.838
v 6.111 6.285 1.03
v 5.971 6.285 1.223
v 5.745 6.285 1.149
v 5.745 6.285 0.911
v 5.971 6.285 0.838
v 5.909 6.425 1.03
v -3.493 12.52 -3.558
v -3.181 12.722 -3.874
v -3.101 12.964 -3.54
v -2.744 12.929 -3.897
v -2.262 13.11 -3.429
v -2.864 13.003 -3.096
v -3.28 12.785 -3.206
v -3.615 12.52 -3.757
v -3.775 12.702 -4.098
v -3.509 12.935 -4.065
v -3.669 12.906 -4.46
v -3.167 13.113 -4.723
v -3.093 13.002 -4.135
v -3.295 12.781 -3.827
v -3.748 12.52 -3.764
v -4.155 12.681 -3.998
v -3.91 12.985 -4.152
v -4.32 12.892 -4.431
v -4.038 13.154 -5.034
v -3.563 13.096 -4.502
v -3.523 12.851 -4.057
v -3.889 12.52 -3.567
v -4.107 12.857 -3.201
v -4.32 13.009 -3.59
v -4.56 13.112 -3.089
v -5.238 13.185 -3.452
v -4.729 12.923 -3.97
v -4.247 12.7 -3.935
v -3.78 12.52 -3.396
v -3.637 12.706 -2.979
v -3.913 12.995 -3.049
v -3.796 12.939 -2.577
v -4.387 13.211 -2.348
v -4.389 13.104 -3.029
v -4.131 12.843 -3.355
v -3.619 12.52 -3.389
v -3.303 12.817 -3.308
v -3.522 12.922 -3.022
v -3.085 13.029 -2.975
v -3.122 13.061 -2.342
v -3.652 12.825 -2.6
v -3.775 12.647 -2.995
v -3.353 12.387 -3.747
v -3.245 12.076 -4.349
v -2.692 12.136 -4.138
v -2.842 11.637 -4.63
v -2.052 11.173 -4.314
v -2.185 11.901 -3.689
v -2.698 12.296 -3.565
v -3.549 12.387 -3.927
v -3.842 12.138 -4.463
v -3.304 12.228 -4.642
v -3.714 11.772 -4.961
v -2.927 11.376 -5.262
v -2.645 12.018 -4.649
v -2.951 12.343 -4.204
v -3.716 12.387 -3.953
v -4.135 12.303 -4.421
v -3.717 12.153 -4.72
v -4.281 11.923 -4.931
v -3.913 11.217 -5.377
v -3.315 11.667 -4.853
v -3.329 12.089 -4.356
v -3.993 12.387 -3.805
v -4.622 12.125 -3.67
v -4.635 12.126 -4.269
v -5.074 11.678 -3.912
v -5.115 11.114 -4.721
v -4.425 11.802 -4.879
v -4.082 12.228 -4.476
v -4.07 12.387 -3.538
v -4.396 12.126 -3.05
v -4.794 12.168 -3.436
v -4.86 11.725 -2.938
v -5.432 11.265 -3.476
v -5.067 11.918 -3.994
v -4.569 12.287 -3.93
v -4.001 12.387 -3.353
v -4.083 12.205 -2.789
v -4.573 12.186 -2.941
v -4.415 11.836 -2.457
v -5.08 11.318 -2.603
v -5.001 11.868 -3.253
v -4.571 12.232 -3.452
v -3.73 12.387 -3.195
v -3.352 12.286 -2.665
v -3.825 12.272 -2.373
v -3.318 11.953 -2.074
v -3.875 11.39 -1.548
v -4.348 11.89 -2.203
v -4.211 12.234 -2.773
v -3.453 12.387 -3.277
v -2.905 12.287 -3.194
v -3.02 12.28 -2.73
v -2.537 11.995 -2.862
v -2.576 11.523 -2.205
v -3.248 11.964 -2.306
v -3.497 12.261 -2.73
v -3.351 12.387 -3.402
v -2.827 12.135 -3.595
v -2.679 12.159 -3.099
v -2.376 11.728 -3.435
v -2.158 11.24 -2.732
v -2.727 11.887 -2.538
v -3.12 12.267 -2.848
v -3.432 12.007 -3.852
v -3.528 11.67 -4.416
v -2.976 11.55 -4.356
v -3.341 11.118 -4.739
v -2.714 10.419 -4.589
v -2.514 11.164 -4.033
v -2.838 11.708 -3.828
v -3.685 12.007 -3.954
v -4.205 11.67 -4.359
v -3.666 11.502 -4.667
v -4.308 11.076 -4.741
v -3.679 10.284 -5.008
v -3.04 11.048 -4.688
v -3.148 11.646 -4.315
v -3.85 12.007 -3.919
v -4.47 11.76 -4.154
v -4.075 11.495 -4.542
v -4.744 11.201 -4.435
v -4.355 10.336 -4.752
v -3.58 10.961 -4.659
v -3.5 11.559 -4.34
v -4.043 12.007 -3.719
v -4.635 11.746 -3.499
v -4.696 11.533 -4.033
v -5.061 11.188 -3.551
v -5.11 10.351 -4.07
v -4.502 11.02 -4.462
v -4.169 11.607 -4.258
v -4.06 12.007 -3.48
v -4.295 11.689 -2.929
v -4.721 11.56 -3.309
v -4.632 11.145 -2.747
v -5.073 10.436 -3.229
v -4.927 11.16 -3.849
v -4.541 11.701 -3.847
v -3.939 12.007 -3.285
v -3.878 11.789 -2.694
v -4.373 11.597 -2.833
v -4.028 11.307 -2.349
v -4.518 10.573 -2.505
v -4.723 11.144 -3.164
v -4.457 11.653 -3.373
v -3.749 12.007 -3.198
v -3.415 11.802 -2.74
v -3.877 11.615 -2.598
v -3.365 11.339 -2.372
v -3.821 10.626 -2.239
v -4.309 11.173 -2.684
v -4.202 11.663 -2.999
v -3.516 12.007 -3.236
v -3.007 11.644 -3.218
v -3.212 11.571 -2.721
v -2.811 11.125 -2.979
v -3.171 10.544 -2.417
v -3.659 11.279 -2.347
v -3.714 11.772 -2.691
v -3.388 12.007 -3.343
v -2.838 11.614 -3.518
v -2.802 11.509 -2.934
v -2.497 11.014 -3.351
v -2.57 10.303 -2.648
v -3.07 11.132 -2.387
v -3.316 11.712 -2.714
v -3.311 12.007 -3.567
v -2.807 11.747 -4.011
v -2.548 11.519 -3.508
v -2.362 11.169 -4.127
v -2.112 10.288 -3.641
v -2.573 10.975 -3.016
v -2.983 11.585 -3.086
v -3.356 12.007 -3.754
v -3.303 11.682 -4.325
v -2.79 11.602 -4.08
v -3.028 11.173 -4.566
v -2.438 10.555 -4.203
v -2.409 11.268 -3.61
v -2.787 11.761 -3.528
v -3.81 11.892 -3.208
v -3.38 11.892 -3.348
v -3.691 11.627 -3.574
v -3.38 11.892 -3.8
v -4.076 11.892 -3.574
v -3.81 11.892 -3.939
v -3.306 12.321 -3.574
v -3.572 12.321 -3.208
v -4.002 12.321 -3.348
v -4.002 12.321 -3.8
v -3.572 12.321 -3.939
v -3.691 12.586 -3.574
v 0.181 14.097 -5.225
v -0.299 14.274 -5.391
v -0.013 14.568 -5.611
v -0.53 14.484 -5.809
v -0.274 14.719 -6.486
v 0.339 14.653 -6.039
v 0.426 14.415 -5.583
v 0.055 14.097 -5.085
v -0.392 14.336 -4.796
v -0.436 14.595 -5.221
v -0.926 14.548 -4.876
v -1.413 14.693 -5.534
v -0.628 14.592 -5.791
v -0.144 14.372 -5.559
v 0.107 14.097 -4.872
v 0.146 14.401 -4.462
v -0.25 14.538 -4.579
v -0.129 14.611 -4.074
v -0.835 14.634 -3.87
v -0.763 14.428 -4.572
v -0.382 14.249 -4.877
v 0.341 14.097 -4.818
v 0.838 14.332 -4.637
v 0.522 14.636 -4.404
v 1.075 14.589 -4.183
v 0.802 14.839 -3.446
v 0.154 14.709 -3.938
v 0.07 14.433 -4.433
v 0.482 14.097 -4.992
v 0.82 14.46 -5.321
v 1.013 14.576 -4.863
v 1.367 14.685 -5.354
v 2.062 14.654 -4.867
v 1.391 14.405 -4.41
v 0.84 14.226 -4.534
v 0.362 14.097 -5.219
v 0.126 14.402 -5.621
v 0.587 14.554 -5.614
v 0.246 14.621 -6.084
v 0.92 14.666 -6.478
v 1.145 14.459 -5.758
v 0.875 14.267 -5.349
v 0.009 13.951 -5.356
v -0.628 13.729 -5.385
v -0.446 13.679 -5.941
v -0.99 13.296 -5.699
v -0.795 12.697 -6.413
v -0.072 13.317 -6.421
v 0.136 13.746 -5.987
v -0.145 13.951 -4.934
v -0.37 13.604 -4.39
v -0.858 13.677 -4.725
v -0.808 13.154 -4.235
v -1.489 12.72 -4.756
v -1.244 13.476 -5.296
v -0.733 13.872 -5.274
v -0.096 13.951 -4.808
v -0.345 13.913 -4.062
v -0.89 13.694 -4.416
v -0.792 13.498 -3.621
v -1.465 12.64 -3.835
v -1.255 13.082 -4.832
v -0.731 13.566 -5.071
v 0.208 13.951 -4.607
v 0.685 13.707 -4.041
v 0.104 13.733 -3.703
v 0.696 13.256 -3.426
v -0.07 12.662 -2.892
v -0.605 13.377 -3.545
v -0.4 13.808 -4.141
v 0.456 13.951 -4.65
v 1.155 13.809 -4.382
v 0.815 13.641 -3.85
v 1.534 13.335 -3.93
v 1.264 12.511 -3.275
v 0.374 13.09 -3.504
v 0.188 13.605 -4.027
v 0.663 13.951 -4.891
v 1.208 13.626 -5.24
v 1.456 13.65 -4.67
v 1.718 13.136 -5.148
v 2.047 12.575 -4.349
v 1.475 13.35 -3.983
v 1.005 13.805 -4.27
v 0.668 13.951 -5.14
v 0.927 13.628 -5.821
v 1.493 13.657 -5.416
v 1.43 13.128 -6.063
v 2.212 12.543 -5.516
v 1.935 13.338 -4.78
v 1.347 13.803 -4.751
v 0.525 13.951 -5.352
v 0.483 13.833 -5.985
v 1.022 13.726 -5.93
v 0.716 13.448 -6.45
v 1.359 12.789 -6.503
v 1.477 13.284 -5.733
v 1.117 13.696 -5.387
v 0.18 13.951 -5.434
v -0.333 13.703 -5.762
v 0.013 13.654 -6.194
v -0.511 13.24 -6.223
v -0.084 12.612 -6.791
v 0.501 13.281 -6.46
v 0.51 13.737 -5.96
v -0.139 13.531 -5.136
v -0.62 13.106 -4.692
v -0.844 12.957 -5.312
v -0.991 12.449 -4.694
v -1.113 11.652 -5.449
v -0.734 12.533 -5.997
v -0.406 13.176 -5.777
v -0.08 13.531 -4.784
v -0.189 13.278 -4.18
v -0.668 13.089 -4.416
v -0.453 12.75 -3.865
v -0.932 11.967 -4.118
v -0.947 12.614 -4.817
v -0.601 13.165 -4.973
v 0.028 13.531 -4.677
v 0.28 13.164 -3.971
v -0.417 12.962 -4.047
v 0.158 12.507 -3.563
v -0.585 11.62 -3.738
v -1.014 12.452 -4.441
v -0.696 13.118 -4.703
v 0.369 13.531 -4.617
v 1.011 13.075 -4.43
v 0.594 12.956 -3.88
v 1.196 12.399 -4.078
v 0.582 11.614 -3.514
v -0.077 12.549 -3.572
v -0.05 13.2 -4.009
v 0.432 13.531 -4.638
v 1.104 13.119 -4.554
v 0.749 13.002 -3.969
v 1.347 12.488 -4.245
v 0.824 11.736 -3.616
v 0.129 12.603 -3.577
v 0.089 13.214 -3.997
v 0.623 13.531 -4.804
v 1.34 13.285 -4.926
v 1.256 13.004 -4.338
v 1.806 12.683 -4.806
v 1.735 11.723 -4.278
v 0.937 12.399 -3.944
v 0.615 13.048 -4.207
v 0.684 13.531 -5.044
v 0.981 13.089 -5.604
v 1.448 13.027 -5.129
v 1.383 12.463 -5.7
v 1.879 11.773 -5.009
v 1.669 12.682 -4.435
v 1.219 13.271 -4.549
v 0.612 13.531 -5.259
v 0.703 13.248 -5.985
v 1.27 13.036 -5.67
v 0.995 12.655 -6.343
v 1.572 11.778 -5.991
v 1.622 12.503 -5.155
v 1.226 13.121 -4.995
v 0.339 13.531 -5.436
v -0.211 13.077 -5.897
v 0.452 12.932 -6.199
v -0.25 12.386 -6.292
v 0.581 11.559 -6.507
v 1.231 12.496 -6.16
v 1.023 13.169 -5.787
v 0.154 13.531 -5.428
v -0.445 13.256 -5.699
v 0.013 13.038 -6.063
v -0.656 12.703 -6.006
v -0.156 11.898 -6.32
v 0.58 12.556 -6.166
v 0.585 13.134 -5.832
v -0.093 13.531 -5.241
v -0.647 13.077 -4.929
v -0.751 12.984 -5.592
v -1.01 12.427 -5.056
v -0.988 11.7 -5.888
v -0.515 12.619 -6.282
v -0.235 13.236 -5.951
v 0.134 13.404 -4.619
v 0.608 13.404 -4.774
v 0.265 13.112 -5.023
v 0.608 13.404 -5.272
v -0.159 13.404 -5.023
v 0.134 13.404 -5.426
v 0.689 13.877 -5.023
v 0.396 13.877 -4.619
v -0.078 13.877 -4.774
v -0.078 13.877 -5.272
v 0.396 13.877 -5.426
v 0.265 14.17 -5.023
v 3.89 12.093 -3.7
v 3.526 12.255 -3.41
v 3.459 12.477 -3.77
v 3.075 12.402 -3.434
v 2.643 12.513 -3.969
v 3.279 12.481 -4.253
v 3.695 12.321 -4.092
v 3.967 12.093 -3.491
v 4.043 12.25 -3.017
v 3.721 12.518 -3.139
v 3.799 12.426 -2.628
v 3.118 12.616 -2.516
v 3.208 12.578 -3.224
v 3.551 12.377 -3.514
v 4.131 12.093 -3.446
v 4.515 12.297 -3.201
v 4.207 12.566 -3.074
v 4.627 12.526 -2.778
v 4.255 12.76 -2.219
v 3.806 12.642 -2.758
v 3.831 12.393 -3.184
v 4.303 12.093 -3.584
v 4.669 12.351 -3.81
v 4.669 12.576 -3.448
v 5.105 12.591 -3.721
v 5.495 12.762 -3.143
v 4.823 12.588 -2.957
v 4.434 12.348 -3.173
v 4.283 12.093 -3.774
v 4.394 12.303 -4.299
v 4.652 12.643 -4.058
v 4.811 12.561 -4.62
v 5.573 12.86 -4.494
v 5.16 12.759 -3.783
v 4.685 12.468 -3.602
v 4.059 12.093 -3.87
v 3.648 12.393 -4.069
v 3.99 12.577 -4.33
v 3.465 12.623 -4.53
v 3.737 12.703 -5.259
v 4.322 12.508 -4.78
v 4.362 12.297 -4.277
v 3.69 11.95 -3.632
v 3.237 11.878 -3.174
v 2.94 11.738 -3.627
v 2.735 11.517 -3.025
v 2.286 10.835 -3.453
v 2.8 11.265 -4.086
v 3.29 11.668 -4.058
v 3.894 11.95 -3.303
v 3.992 11.853 -2.734
v 3.509 11.729 -2.721
v 3.845 11.496 -2.281
v 3.307 10.86 -2.15
v 3.108 11.299 -2.841
v 3.379 11.689 -3.201
v 4.041 11.95 -3.251
v 4.498 11.732 -2.709
v 3.916 11.654 -2.444
v 4.531 11.263 -2.177
v 3.84 10.575 -1.798
v 3.271 11.226 -2.387
v 3.447 11.701 -2.884
v 4.333 11.95 -3.318
v 4.932 11.696 -3.246
v 4.775 11.695 -2.706
v 5.265 11.265 -2.891
v 5.069 10.724 -2.155
v 4.412 11.385 -2.225
v 4.222 11.796 -2.691
v 4.499 11.95 -3.553
v 5.024 11.772 -3.859
v 5.189 11.673 -3.351
v 5.49 11.352 -3.836
v 5.741 10.708 -3.256
v 5.165 11.265 -2.841
v 4.752 11.699 -3.03
v 4.414 11.95 -3.927
v 4.396 11.712 -4.634
v 5.029 11.802 -4.5
v 4.778 11.329 -5.075
v 5.715 10.881 -4.957
v 5.688 11.549 -4.154
v 5.155 11.896 -3.866
v 4.254 11.95 -4.041
v 3.96 11.606 -4.598
v 4.507 11.722 -4.852
v 4.12 11.158 -5.134
v 4.978 10.732 -5.498
v 5.22 11.524 -4.893
v 4.876 11.91 -4.397
v 4.007 11.95 -4.06
v 3.465 11.903 -4.45
v 3.87 11.777 -4.839
v 3.223 11.56 -4.96
v 3.567 10.882 -5.534
v 4.301 11.295 -5.09
v 4.364 11.683 -4.559
v 3.714 11.95 -3.797
v 3.068 11.894 -3.547
v 2.976 11.734 -4.117
v 2.505 11.521 -3.613
v 2.239 10.785 -4.213
v 3.029 11.215 -4.616
v 3.505 11.64 -4.383
v 3.778 11.538 -3.404
v 3.867 11.127 -2.742
v 3.208 11.044 -2.913
v 3.612 10.516 -2.422
v 2.831 9.809 -2.738
v 2.642 10.676 -3.388
v 3.059 11.26 -3.547
v 4.003 11.538 -3.259
v 4.362 11.203 -2.721
v 3.804 10.975 -2.576
v 4.386 10.574 -2.332
v 3.819 9.697 -2.269
v 3.287 10.462 -2.745
v 3.447 11.109 -3.065
v 4.333 11.538 -3.319
v 4.976 11.013 -3.434
v 4.823 10.956 -2.72
v 5.251 10.324 -3.161
v 4.869 9.621 -2.296
v 4.304 10.632 -2.086
v 4.187 11.27 -2.538
v 4.478 11.538 -3.492
v 5.087 11.235 -3.774
v 5.116 11.016 -3.177
v 5.489 10.639 -3.729
v 5.457 9.786 -3.125
v 4.857 10.509 -2.665
v 4.56 11.126 -2.887
v 4.507 11.538 -3.59
v 5.009 11.31 -3.989
v 5.153 11.113 -3.446
v 5.404 10.806 -4.041
v 5.532 10.041 -3.482
v 5.046 10.642 -2.919
v 4.711 11.173 -3.053
v 4.42 11.538 -3.92
v 4.41 11.199 -4.582
v 5.008 11.058 -4.403
v 4.67 10.607 -4.928
v 5.334 9.825 -4.667
v 5.462 10.611 -3.969
v 5.07 11.203 -3.783
v 4.309 11.538 -4.015
v 4.027 11.194 -4.668
v 4.688 10.993 -4.634
v 4.111 10.57 -5.06
v 4.811 9.719 -4.934
v 5.266 10.501 -4.293
v 4.989 11.136 -4.028
v 4.139 11.538 -4.069
v 3.569 11.108 -4.487
v 4.18 11.018 -4.865
v 3.509 10.464 -4.919
v 4.316 9.713 -5.284
v 4.953 10.624 -4.949
v 4.772 11.242 -4.513
v 3.804 11.538 -3.944
v 3.161 11.222 -3.872
v 3.325 11.015 -4.435
v 2.82 10.63 -4.04
v 3.061 9.805 -4.593
v 3.739 10.533 -4.831
v 3.927 11.141 -4.532
v 3.757 11.538 -3.885
v 3.199 11.004 -3.537
v 3.076 10.911 -4.256
v 2.848 10.283 -3.675
v 2.901 9.519 -4.595
v 3.339 10.548 -5.02
v 3.607 11.225 -4.658
v 3.692 11.538 -3.61
v 3.47 11.137 -3.138
v 3.048 11.044 -3.493
v 3.153 10.558 -3.038
v 2.735 9.901 -3.574
v 2.853 10.711 -4.046
v 3.221 11.265 -3.978
v 3.973 11.414 -3.263
v 4.438 11.414 -3.414
v 4.101 11.127 -3.659
v 4.438 11.414 -3.904
v 3.685 11.414 -3.659
v 3.973 11.414 -4.055
v 4.518 11.878 -3.659
v 4.23 11.878 -3.263
v 3.765 11.878 -3.414
v 3.765 11.878 -3.904
v 4.23 11.878 -4.055
v 4.101 12.165 -3.659
v 0.923 13.999 6.088
v 0.816 14.142 5.728
v 1.074 14.357 5.823
v 0.97 14.31 5.419
v 1.494 14.491 5.304
v 1.487 14.421 5.866
v 1.247 14.235 6.101
v 0.762 13.999 6.072
v 0.478 14.266 6.021
v 0.677 14.377 5.775
v 0.286 14.474 5.742
v 0.326 14.543 5.184
v 0.799 14.317 5.395
v 0.905 14.136 5.732
v 0.662 13.999 6.186
v 0.343 14.14 6.368
v 0.358 14.382 6.137
v -0.006 14.326 6.303
v -0.275 14.554 5.861
v 0.275 14.48 5.754
v 0.577 14.268 5.911
v 0.756 13.999 6.387
v 0.886 14.15 6.72
v 0.613 14.332 6.719
v 0.77 14.284 7.079
v 0.29 14.379 7.353
v 0.225 14.331 6.798
v 0.432 14.189 6.486
v 0.936 13.999 6.364
v 1.282 14.21 6.365
v 1.15 14.365 6.642
v 1.563 14.38 6.614
v 1.632 14.458 7.187
v 1.08 14.331 7.049
v 0.88 14.169 6.727
v 0.995 13.999 6.269
v 1.302 14.137 6.045
v 1.329 14.341 6.328
v 1.666 14.282 6.082
v 1.991 14.423 6.532
v 1.454 14.378 6.728
v 1.126 14.216 6.584
v 0.768 13.884 5.907
v 0.33 13.736 5.654
v 0.665 13.702 5.338
v 0.186 13.422 5.298
v 0.578 12.97 4.861
v 1.098 13.422 5.132
v 1.09 13.735 5.515
v 0.581 13.884 6.013
v 0.053 13.789 6.047
v 0.101 13.792 5.587
v -0.335 13.524 5.806
v -0.38 13.104 5.169
v 0.264 13.513 5.133
v 0.553 13.779 5.486
v 0.498 13.884 6.232
v 0.148 13.791 6.617
v -0.095 13.754 6.225
v -0.257 13.517 6.702
v -0.643 13.068 6.257
v -0.232 13.455 5.776
v 0.169 13.739 5.845
v 0.536 13.884 6.384
v 0.345 13.811 6.95
v -0.061 13.659 6.65
v 0.011 13.469 7.251
v -0.487 12.829 7.012
v -0.329 13.219 6.279
v 0.062 13.602 6.14
v 0.631 13.884 6.495
v 0.775 13.651 7.051
v 0.238 13.705 7.073
v 0.555 13.291 7.462
v -0.211 12.877 7.523
v -0.348 13.478 6.905
v 0.022 13.807 6.588
v 0.968 13.884 6.529
v 1.409 13.673 6.665
v 1.247 13.685 7.065
v 1.62 13.331 6.992
v 1.397 12.916 7.55
v 0.925 13.453 7.4
v 0.83 13.775 7.005
v 1.113 13.884 6.395
v 1.595 13.796 6.316
v 1.597 13.668 6.718
v 1.971 13.478 6.43
v 2.063 12.912 6.855
v 1.482 13.287 7.035
v 1.188 13.637 6.819
v 1.155 13.884 6.193
v 1.435 13.709 5.778
v 1.754 13.722 6.11
v 1.824 13.396 5.667
v 2.291 12.991 6.093
v 1.972 13.484 6.561
v 1.558 13.782 6.523
v 1.072 13.884 6.01
v 1.082 13.78 5.528
v 1.498 13.792 5.619
v 1.335 13.532 5.208
v 1.925 13.161 5.246
v 1.903 13.552 5.824
v 1.556 13.797 6.042
v 0.628 13.555 5.969
v 0.168 13.187 6.063
v 0.243 13.172 5.548
v -0.051 12.713 5.859
v 0.168 12.243 5.202
v 0.577 12.96 5.061
v 0.691 13.393 5.399
v 0.539 13.555 6.071
v 0.084 13.173 6.342
v -0.034 13.1 5.796
v -0.232 12.628 6.243
v -0.255 12.018 5.545
v 0.132 12.792 5.213
v 0.387 13.31 5.484
v 0.5 13.555 6.197
v 0.183 13.273 6.541
v -0.036 13.153 6.147
v -0.099 12.806 6.585
v -0.272 12.21 6.111
v -0.027 12.822 5.692
v 0.243 13.286 5.797
v 0.577 13.555 6.444
v 0.594 13.269 6.92
v 0.139 13.179 6.832
v 0.395 12.805 7.175
v -0.127 12.224 7.008
v -0.222 12.859 6.533
v 0.08 13.314 6.385
v 0.653 13.555 6.51
v 0.862 13.269 6.981
v 0.355 13.198 7.016
v 0.754 12.817 7.294
v 0.135 12.265 7.277
v -0.148 12.898 6.821
v 0.111 13.336 6.586
v 0.817 13.555 6.56
v 1.18 13.277 6.858
v 0.807 13.176 7.118
v 1.238 12.82 7.157
v 0.772 12.241 7.4
v 0.349 12.855 7.166
v 0.439 13.306 6.865
v 1.033 13.555 6.488
v 1.51 13.33 6.542
v 1.326 13.144 6.911
v 1.753 12.879 6.7
v 1.541 12.221 7.018
v 1 12.75 7.098
v 0.883 13.223 6.874
v 1.124 13.555 6.374
v 1.654 13.306 6.176
v 1.696 13.14 6.674
v 2.025 12.809 6.246
v 2.044 12.09 6.764
v 1.505 12.709 7.097
v 1.221 13.223 6.886
v 1.143 13.555 6.137
v 1.452 13.353 5.591
v 1.742 13.099 6.019
v 1.753 12.856 5.37
v 1.987 12.053 5.77
v 1.776 12.594 6.492
v 1.472 13.136 6.526
v 1.018 13.555 5.962
v 0.835 13.283 5.511
v 1.319 13.221 5.508
v 0.95 12.861 5.227
v 1.54 12.352 5.284
v 1.792 12.947 5.723
v 1.537 13.355 5.924
v 0.946 13.555 5.923
v 0.677 13.237 5.481
v 1.159 13.095 5.36
v 0.712 12.708 5.165
v 1.259 12.029 5.123
v 1.632 12.717 5.507
v 1.444 13.245 5.765
v 0.725 13.455 6.548
v 1.097 13.455 6.427
v 0.828 13.225 6.231
v 1.097 13.455 6.035
v 0.494 13.455 6.231
v 0.725 13.455 5.914
v 1.161 13.827 6.231
v 0.93 13.827 6.548
v 0.558 13.827 6.427
v 0.558 13.827 6.035
v 0.93 13.827 5.914
v 0.828 14.056 6.231
v -1.363 9.391 5.886
v -1.679 9.584 6.004
v -1.627 9.749 5.719
v -1.999 9.757 5.871
v -2.208 9.868 5.368
v -1.668 9.745 5.32
v -1.403 9.575 5.545
v -1.378 9.391 6.033
v -1.505 9.584 6.409
v -1.691 9.802 6.16
v -1.845 9.783 6.591
v -2.411 9.96 6.385
v -2.052 9.844 5.883
v -1.678 9.635 5.82
v -1.267 9.391 6.138
v -1.037 9.601 6.456
v -1.355 9.815 6.459
v -1.091 9.812 6.838
v -1.594 9.988 7.182
v -1.794 9.85 6.596
v -1.622 9.632 6.255
v -1.089 9.391 6.084
v -0.765 9.667 5.973
v -0.846 9.773 6.331
v -0.437 9.868 6.143
v -0.226 9.908 6.725
v -0.804 9.689 6.781
v -1.071 9.518 6.505
v -1.065 9.391 5.903
v -1.001 9.596 5.583
v -0.789 9.755 5.78
v -0.722 9.778 5.389
v -0.19 9.891 5.478
v -0.432 9.749 5.951
v -0.759 9.572 6.052
v -1.215 9.391 5.805
v -1.452 9.596 5.617
v -1.194 9.718 5.494
v -1.506 9.753 5.288
v -1.23 9.808 4.846
v -0.918 9.671 5.244
v -0.963 9.528 5.58
v -1.527 9.278 5.871
v -1.978 9.19 6.066
v -2.118 9.19 5.668
v -2.417 8.934 5.99
v -2.712 8.522 5.479
v -2.157 8.914 5.243
v -1.761 9.173 5.443
v -1.53 9.278 6.069
v -1.779 9.17 6.528
v -2.126 9.108 6.232
v -2.151 8.863 6.727
v -2.631 8.357 6.432
v -2.363 8.774 5.86
v -1.956 9.097 5.804
v -1.324 9.278 6.283
v -1.063 9.055 6.654
v -1.473 9.098 6.814
v -1.127 8.74 7.002
v -1.711 8.406 7.225
v -1.977 8.928 6.827
v -1.771 9.212 6.508
v -1.147 9.278 6.293
v -0.739 9.225 6.626
v -1.047 9.108 6.931
v -0.55 8.926 7.039
v -0.795 8.351 7.477
v -1.361 8.706 7.108
v -1.415 9.041 6.684
v -0.92 9.278 6.105
v -0.481 9.194 5.94
v -0.406 9.162 6.342
v -0.095 8.939 6.03
v 0.094 8.518 6.527
v -0.437 8.88 6.745
v -0.766 9.144 6.536
v -0.894 9.278 5.992
v -0.547 9.099 5.625
v -0.286 9.108 6.01
v -0.146 8.779 5.579
v 0.241 8.365 6.08
v -0.149 8.864 6.495
v -0.55 9.169 6.389
v -0.989 9.278 5.744
v -0.981 9.134 5.165
v -0.49 9.033 5.274
v -0.736 8.752 4.782
v -0.148 8.138 4.836
v -0.092 8.635 5.526
v -0.444 9.036 5.785
v -1.248 9.278 5.651
v -1.617 9.215 5.283
v -1.282 9.153 4.999
v -1.742 8.936 4.838
v -1.416 8.426 4.384
v -0.925 8.799 4.821
v -0.935 9.101 5.269
v -1.469 9.278 5.767
v -2.056 9.198 5.822
v -1.976 9.123 5.316
v -2.478 8.888 5.601
v -2.503 8.337 4.969
v -1.778 8.745 4.862
v -1.472 9.078 5.207
v -1.535 8.952 6.051
v -1.685 8.565 6.539
v -2.122 8.458 6.224
v -1.957 8.001 6.672
v -2.386 7.353 6.187
v -2.351 8.128 5.7
v -2.013 8.671 5.729
v -1.387 8.952 6.254
v -1.263 8.723 6.754
v -1.7 8.524 6.7
v -1.331 8.253 7.058
v -1.728 7.557 6.963
v -2.009 8.105 6.442
v -1.828 8.601 6.241
v -1.185 8.952 6.299
v -0.754 8.672 6.547
v -1.129 8.54 6.839
v -0.644 8.199 6.816
v -1.102 7.583 7.072
v -1.605 8.195 6.913
v -1.555 8.669 6.627
v -1.071 8.952 6.265
v -0.569 8.797 6.449
v -0.862 8.596 6.775
v -0.326 8.387 6.693
v -0.592 7.713 6.997
v -1.229 8.165 6.906
v -1.321 8.612 6.626
v -0.98 8.952 6.196
v -0.448 8.686 6.16
v -0.523 8.543 6.637
v -0.131 8.191 6.337
v -0.247 7.506 6.844
v -0.806 8.142 6.992
v -1.011 8.645 6.706
v -0.897 8.952 6.027
v -0.551 8.584 5.623
v -0.245 8.547 6.091
v -0.192 8.069 5.619
v 0.114 7.509 6.278
v -0.172 8.27 6.701
v -0.535 8.752 6.525
v -0.939 8.952 5.808
v -0.788 8.742 5.26
v -0.412 8.521 5.549
v -0.559 8.263 4.994
v -0.234 7.519 5.279
v -0.256 8.06 5.948
v -0.535 8.573 6.055
v -1.07 8.952 5.686
v -1.28 8.675 5.202
v -0.791 8.533 5.16
v -1.212 8.182 4.879
v -0.679 7.519 4.894
v -0.351 8.152 5.359
v -0.563 8.65 5.602
v -1.247 8.952 5.651
v -1.622 8.719 5.34
v -1.263 8.538 5.119
v -1.737 8.259 5.064
v -1.374 7.594 4.896
v -0.876 8.142 5.129
v -0.905 8.622 5.394
v -1.459 8.952 5.756
v -1.893 8.573 5.898
v -1.924 8.514 5.395
v -2.141 8.055 5.734
v -2.04 7.502 5.096
v -1.68 8.248 4.903
v -1.508 8.734 5.206
v -1.518 8.952 5.847
v -1.887 8.623 6.103
v -2.051 8.572 5.657
v -2.18 8.157 6.033
v -2.288 7.64 5.438
v -1.977 8.313 5.149
v -1.718 8.754 5.366
v -1.32 8.854 6.288
v -0.952 8.854 6.168
v -1.219 8.627 5.975
v -0.952 8.854 5.782
v -1.548 8.854 5.975
v -1.32 8.854 5.662
v -0.889 9.221 5.975
v -1.117 9.221 6.288
v -1.485 9.221 6.168
v -1.485 9.221 5.782
v -1.117 9.221 5.662
v -1.219 9.447 5.975
v -1.242 11.416 -6.523
v -1.578 11.596 -6.294
v -1.632 11.782 -6.621
v -1.992 11.745 -6.341
v -2.39 11.828 -6.828
v -1.799 11.761 -7.048
v -1.416 11.609 -6.883
v -1.138 11.416 -6.293
v -0.968 11.68 -5.974
v -1.308 11.853 -5.993
v -1.079 11.908 -5.598
v -1.617 12.034 -5.271
v -1.749 11.833 -5.866
v -1.527 11.617 -6.198
v -0.944 11.416 -6.301
v -0.473 11.614 -6.236
v -0.717 11.861 -5.954
v -0.186 11.814 -5.884
v -0.305 11.988 -5.188
v -0.965 11.896 -5.479
v -1.123 11.682 -5.898
v -0.867 11.416 -6.387
v -0.485 11.634 -6.599
v -0.536 11.852 -6.237
v -0.089 11.846 -6.486
v 0.185 12.013 -5.879
v -0.471 11.877 -5.73
v -0.804 11.659 -5.969
v -0.92 11.416 -6.626
v -0.994 11.575 -7.067
v -0.705 11.833 -6.926
v -0.77 11.766 -7.414
v -0.139 11.979 -7.481
v -0.226 11.912 -6.82
v -0.541 11.697 -6.573
v -1.094 11.416 -6.667
v -1.512 11.612 -6.89
v -1.212 11.9 -7.037
v -1.663 11.846 -7.312
v -1.323 12.105 -7.904
v -0.821 11.996 -7.385
v -0.811 11.736 -6.951
v -1.43 11.282 -6.427
v -1.768 11.057 -5.962
v -2.155 11.073 -6.319
v -2.235 10.668 -5.838
v -2.795 10.175 -6.31
v -2.415 10.787 -6.822
v -1.918 11.156 -6.783
v -1.263 11.282 -6.153
v -1.119 11.133 -5.513
v -1.7 11.087 -5.518
v -1.324 10.756 -5.026
v -2.065 10.166 -4.93
v -2.264 10.705 -5.689
v -1.902 11.091 -6.065
v -1.028 11.282 -6.088
v -0.529 11.241 -5.58
v -1.034 11.106 -5.252
v -0.371 10.885 -5.002
v -0.848 10.17 -4.466
v -1.541 10.596 -5.07
v -1.504 11 -5.637
v -0.749 11.282 -6.231
v -0.134 11.104 -6.343
v -0.166 11.129 -5.777
v 0.31 10.757 -6.094
v 0.347 10.286 -5.311
v -0.37 10.841 -5.193
v -0.7 11.174 -5.591
v -0.672 11.282 -6.55
v -0.275 11.225 -7.034
v 0.062 11.064 -6.646
v 0.196 10.871 -7.25
v 0.671 10.176 -6.936
v 0.24 10.577 -6.258
v -0.239 10.981 -6.208
v -0.819 11.282 -6.781
v -0.927 11.153 -7.468
v -0.34 10.988 -7.363
v -0.737 10.727 -7.936
v -0.081 9.986 -7.909
v 0.146 10.494 -7.09
v -0.191 10.959 -6.762
v -0.977 11.282 -6.85
v -1.347 11.141 -7.411
v -0.805 11.032 -7.62
v -1.36 10.727 -7.943
v -0.761 10.039 -8.288
v -0.258 10.578 -7.648
v -0.428 11.017 -7.165
v -1.309 11.282 -6.754
v -1.975 11.054 -6.737
v -1.865 11.047 -7.336
v -2.398 10.627 -7.061
v -2.305 10.052 -7.871
v -1.55 10.703 -7.902
v -1.268 11.118 -7.438
v -1.387 11.282 -6.653
v -1.887 10.937 -6.413
v -2.055 10.989 -6.948
v -2.306 10.48 -6.578
v -2.49 10.023 -7.366
v -1.99 10.774 -7.587
v -1.624 11.182 -7.254
v -1.23 10.898 -6.134
v -0.895 10.497 -5.573
v -1.554 10.439 -5.458
v -1.011 9.913 -5.172
v -1.857 9.25 -5.125
v -2.263 10.099 -5.645
v -1.938 10.652 -5.967
v -1.181 10.898 -6.112
v -0.835 10.526 -5.598
v -1.417 10.428 -5.408
v -0.894 9.94 -5.191
v -1.622 9.226 -5.046
v -2.047 10.041 -5.51
v -1.795 10.61 -5.864
v -0.826 10.898 -6.158
v -0.376 10.502 -6.197
v -0.434 10.438 -5.696
v -0.168 9.963 -5.975
v -0.394 9.389 -5.365
v -0.771 10.164 -5.265
v -0.878 10.669 -5.605
v -0.775 10.898 -6.202
v -0.051 10.626 -6.204
v -0.304 10.341 -5.653
v 0.336 10.017 -6.022
v 0.059 9.075 -5.542
v -0.767 9.76 -5.336
v -0.971 10.412 -5.633
v -0.664 10.898 -6.453
v -0.212 10.685 -6.85
v -0.019 10.479 -6.379
v 0.171 10.194 -6.944
v 0.354 9.431 -6.488
v -0.07 10.003 -5.924
v -0.413 10.526 -6
v -0.784 10.898 -6.751
v -0.826 10.645 -7.506
v -0.207 10.413 -7.298
v -0.607 10.061 -7.94
v 0.02 9.155 -7.725
v 0.23 9.847 -6.866
v -0.129 10.467 -6.611
v -0.927 10.898 -6.837
v -1.316 10.536 -7.295
v -0.739 10.479 -7.499
v -1.274 10.001 -7.677
v -0.523 9.388 -7.851
v -0.074 10.161 -7.438
v -0.316 10.669 -7.096
v -1.046 10.898 -6.857
v -1.451 10.594 -7.175
v -1.05 10.482 -7.47
v -1.525 10.093 -7.503
v -1.023 9.455 -7.782
v -0.552 10.128 -7.534
v -0.641 10.623 -7.201
v -1.283 10.898 -6.776
v -1.877 10.562 -6.723
v -1.665 10.415 -7.264
v -2.146 10.01 -6.91
v -1.813 9.307 -7.473
v -1.206 10.027 -7.663
v -1.094 10.576 -7.35
v -1.42 10.898 -6.567
v -1.752 10.436 -6.193
v -2.074 10.363 -6.668
v -2.07 9.823 -6.229
v -2.313 9.185 -6.928
v -2.104 10.065 -7.297
v -1.78 10.638 -7.083
v -1.387 10.898 -6.29
v -1.424 10.492 -5.686
v -2.007 10.419 -5.915
v -1.725 9.901 -5.437
v -2.404 9.229 -5.829
v -2.455 10.074 -6.421
v -2.032 10.636 -6.506
v -1.168 10.781 -6.103
v -0.734 10.781 -6.244
v -1.048 10.513 -6.472
v -0.734 10.781 -6.701
v -1.437 10.781 -6.472
v -1.168 10.781 -6.842
v -0.659 11.215 -6.472
v -0.928 11.215 -6.103
v -1.362 11.215 -6.244
v -1.362 11.215 -6.701
v -0.928 11.215 -6.842
v -1.048 11.483 -6.472
v 1.577 9.651 -5.614
v 1.672 9.828 -5.985
v 1.895 10.033 -5.792
v 1.996 9.997 -6.211
v 2.581 10.131 -6.116
v 2.28 10.049 -5.595
v 1.908 9.871 -5.472
v 1.381 9.651 -5.701
v 1.061 9.839 -5.855
v 1.298 9.977 -6.063
v 0.907 9.974 -6.202
v 1.089 10.006 -6.746
v 1.537 9.918 -6.397
v 1.586 9.793 -6.017
v 1.266 9.651 -5.602
v 0.932 9.777 -5.442
v 0.976 9.994 -5.7
v 0.604 9.933 -5.54
v 0.405 10.113 -6.023
v 0.95 10.064 -6.103
v 1.22 9.887 -5.911
v 1.303 9.651 -5.412
v 1.391 9.926 -5.05
v 1.046 10.082 -5.182
v 1.18 10.154 -4.724
v 0.546 10.259 -4.585
v 0.565 10.043 -5.205
v 0.879 9.834 -5.451
v 1.416 9.651 -5.363
v 1.735 9.761 -5.014
v 1.435 10.046 -4.944
v 1.752 9.918 -4.572
v 1.273 10.138 -4.131
v 0.979 10.146 -4.752
v 1.091 9.951 -5.164
v 1.574 9.651 -5.451
v 1.891 9.849 -5.609
v 1.832 10.021 -5.305
v 2.211 10.035 -5.498
v 2.417 10.167 -4.981
v 1.871 10.03 -4.882
v 1.607 9.845 -5.096
v 1.629 9.536 -5.792
v 1.545 9.363 -6.324
v 2.029 9.314 -6.293
v 1.737 9.001 -6.695
v 2.348 8.48 -6.701
v 2.48 8.993 -6.098
v 2.164 9.356 -5.826
v 1.295 9.536 -5.837
v 0.808 9.298 -5.946
v 1.037 9.316 -6.372
v 0.605 8.941 -6.26
v 0.923 8.535 -6.838
v 1.442 9.1 -6.73
v 1.505 9.431 -6.337
v 1.182 9.536 -5.758
v 0.558 9.503 -5.749
v 0.689 9.386 -6.265
v 0.117 9.201 -6.001
v 0.115 8.589 -6.632
v 0.914 8.948 -6.7
v 1.222 9.293 -6.332
v 1.101 9.536 -5.472
v 0.786 9.379 -4.974
v 0.44 9.28 -5.362
v 0.385 8.991 -4.796
v -0.064 8.384 -5.212
v 0.251 8.892 -5.832
v 0.675 9.296 -5.837
v 1.252 9.536 -5.254
v 1.331 9.473 -4.687
v 0.85 9.395 -4.663
v 1.151 9.167 -4.214
v 0.574 8.597 -4.034
v 0.426 8.998 -4.746
v 0.727 9.332 -5.131
v 1.319 9.536 -5.222
v 1.584 9.366 -4.726
v 1.099 9.306 -4.591
v 1.528 8.992 -4.291
v 0.941 8.439 -4.071
v 0.597 8.961 -4.626
v 0.809 9.34 -5.005
v 1.602 9.536 -5.257
v 2.154 9.397 -5.145
v 1.959 9.352 -4.687
v 2.468 9.056 -4.815
v 2.295 8.532 -4.202
v 1.635 9.015 -4.307
v 1.46 9.362 -4.722
v 1.732 9.536 -5.418
v 2.133 9.342 -5.653
v 2.268 9.363 -5.238
v 2.494 9.031 -5.579
v 2.697 8.659 -5.009
v 2.257 9.156 -4.755
v 1.936 9.446 -4.967
v 1.707 9.536 -5.704
v 1.78 9.309 -6.201
v 2.229 9.404 -6.066
v 2.122 9.001 -6.464
v 2.814 8.699 -6.273
v 2.684 9.256 -5.744
v 2.249 9.521 -5.601
v 1.345 9.207 -5.854
v 0.938 8.826 -5.967
v 1.156 8.768 -6.392
v 0.834 8.314 -6.231
v 1.244 7.776 -6.696
v 1.601 8.514 -6.663
v 1.577 8.993 -6.327
v 1.254 9.207 -5.816
v 0.663 8.982 -5.921
v 0.966 8.792 -6.353
v 0.39 8.501 -6.157
v 0.723 7.779 -6.577
v 1.416 8.351 -6.593
v 1.518 8.857 -6.284
v 1.113 9.207 -5.642
v 0.733 8.845 -5.354
v 0.543 8.734 -5.811
v 0.438 8.304 -5.392
v 0.339 7.667 -5.968
v 0.629 8.403 -6.315
v 0.891 8.928 -6.123
v 1.095 9.207 -5.524
v 0.756 8.956 -5.112
v 0.544 8.766 -5.535
v 0.468 8.47 -5.004
v 0.32 7.774 -5.444
v 0.579 8.355 -5.988
v 0.848 8.86 -5.933
v 1.156 9.207 -5.343
v 1.079 9.015 -4.798
v 0.662 8.845 -5.029
v 0.86 8.58 -4.517
v 0.441 7.912 -4.757
v 0.411 8.43 -5.398
v 0.705 8.889 -5.532
v 1.396 9.207 -5.206
v 1.733 8.98 -4.826
v 1.317 8.791 -4.684
v 1.804 8.521 -4.535
v 1.395 7.85 -4.448
v 0.915 8.388 -4.775
v 0.992 8.869 -5.026
v 1.58 9.207 -5.244
v 2.062 8.955 -5.098
v 1.816 8.764 -4.737
v 2.284 8.465 -4.881
v 2.011 7.763 -4.573
v 1.448 8.349 -4.592
v 1.365 8.858 -4.857
v 1.66 9.207 -5.304
v 2.159 9.03 -5.262
v 2.016 8.827 -4.885
v 2.457 8.602 -5.108
v 2.335 7.921 -4.78
v 1.745 8.4 -4.685
v 1.566 8.861 -4.91
v 1.741 9.207 -5.444
v 2.075 8.901 -5.744
v 2.27 8.842 -5.322
v 2.365 8.453 -5.719
v 2.524 7.944 -5.161
v 2.247 8.581 -4.824
v 1.977 9.007 -4.997
v 1.728 9.207 -5.663
v 1.952 8.987 -6.161
v 2.31 8.798 -5.87
v 2.238 8.508 -6.391
v 2.577 7.786 -6.105
v 2.45 8.354 -5.49
v 2.128 8.858 -5.409
v 1.501 9.207 -5.855
v 1.162 8.869 -6.202
v 1.61 8.787 -6.426
v 1.17 8.37 -6.505
v 1.755 7.79 -6.678
v 2.142 8.487 -6.406
v 1.972 8.967 -6.119
v 1.321 9.107 -5.218
v 1.694 9.107 -5.339
v 1.424 8.877 -5.534
v 1.694 9.107 -5.73
v 1.091 9.107 -5.534
v 1.321 9.107 -5.851
v 1.757 9.479 -5.534
v 1.527 9.479 -5.218
v 1.155 9.479 -5.339
v 1.155 9.479 -5.73
v 1.527 9.479 -5.851
v 1.424 9.708 -5.534
v -1.482 8.278 -4.423
v -1.796 8.432 -4.686
v -1.523 8.665 -4.791
v -1.86 8.6 -5.082
v -1.493 8.771 -5.556
v -1.15 8.716 -5.038
v -1.205 8.528 -4.649
v -1.584 8.278 -4.382
v -1.994 8.458 -4.393
v -1.86 8.651 -4.692
v -2.316 8.607 -4.675
v -2.379 8.692 -5.309
v -1.762 8.63 -5.139
v -1.532 8.477 -4.779
v -1.636 8.278 -4.211
v -1.711 8.56 -3.885
v -1.953 8.675 -4.155
v -2.023 8.777 -3.715
v -2.614 8.847 -3.872
v -2.348 8.611 -4.375
v -1.982 8.421 -4.435
v -1.493 8.278 -4.089
v -1.194 8.536 -3.856
v -1.554 8.67 -3.742
v -1.156 8.734 -3.476
v -1.573 8.798 -2.99
v -1.951 8.609 -3.474
v -1.856 8.432 -3.855
v -1.349 8.278 -4.144
v -1.026 8.471 -4.225
v -1.135 8.624 -3.948
v -0.748 8.642 -4.055
v -0.648 8.748 -3.533
v -1.174 8.617 -3.547
v -1.381 8.45 -3.802
v -1.333 8.278 -4.345
v -1.235 8.427 -4.757
v -1.024 8.69 -4.58
v -0.898 8.609 -5.013
v -0.293 8.82 -4.923
v -0.625 8.77 -4.37
v -1.007 8.562 -4.222
v -1.631 8.166 -4.536
v -2.094 7.964 -4.608
v -1.936 8.027 -5.02
v -2.324 7.672 -4.913
v -2.111 7.361 -5.523
v -1.612 7.865 -5.417
v -1.5 8.124 -5.028
v -1.72 8.166 -4.463
v -2.139 7.961 -4.41
v -2.171 7.995 -4.805
v -2.444 7.651 -4.614
v -2.486 7.299 -5.19
v -2.04 7.806 -5.225
v -1.802 8.09 -4.919
v -1.787 8.166 -4.179
v -2.053 8.083 -3.711
v -2.383 8.021 -4.05
v -2.435 7.798 -3.524
v -2.91 7.305 -3.866
v -2.611 7.687 -4.457
v -2.199 7.991 -4.489
v -1.669 8.166 -3.999
v -1.549 7.992 -3.498
v -2.021 7.939 -3.537
v -1.705 7.645 -3.16
v -2.289 7.155 -3.181
v -2.466 7.641 -3.74
v -2.183 7.989 -3.982
v -1.452 8.166 -3.935
v -1.058 7.974 -3.609
v -1.398 7.952 -3.292
v -0.962 7.612 -3.202
v -1.389 7.124 -2.762
v -1.841 7.66 -3.112
v -1.791 8.014 -3.534
v -1.272 8.166 -4.006
v -0.84 8.061 -3.926
v -0.96 7.957 -3.578
v -0.567 7.757 -3.709
v -0.637 7.248 -3.309
v -1.167 7.623 -3.337
v -1.341 7.95 -3.616
v -1.153 8.166 -4.242
v -0.836 7.91 -4.628
v -0.526 7.992 -4.257
v -0.426 7.573 -4.66
v 0.03 7.248 -4.104
v -0.329 7.839 -3.723
v -0.755 8.131 -3.846
v -1.182 8.166 -4.39
v -0.991 8.116 -4.809
v -0.661 8.047 -4.603
v -0.669 7.87 -5.043
v -0.213 7.41 -4.895
v -0.419 7.727 -4.349
v -0.782 7.997 -4.23
v -1.308 8.166 -4.531
v -1.409 8.097 -5.051
v -0.965 7.967 -5.025
v -1.284 7.787 -5.445
v -0.798 7.212 -5.517
v -0.598 7.572 -4.883
v -0.838 7.917 -4.582
v -1.685 7.845 -4.499
v -2.217 7.668 -4.597
v -2.037 7.454 -4.99
v -2.533 7.218 -4.8
v -2.394 6.489 -5.153
v -1.745 6.992 -5.186
v -1.561 7.479 -4.918
v -1.784 7.845 -4.341
v -2.079 7.509 -4.067
v -2.318 7.471 -4.44
v -2.36 7.055 -4.106
v -2.565 6.575 -4.651
v -2.34 7.242 -4.923
v -2.062 7.665 -4.747
v -1.741 7.845 -4.076
v -1.711 7.483 -3.601
v -2.213 7.44 -3.707
v -1.941 6.986 -3.384
v -2.556 6.454 -3.634
v -2.645 7.181 -4.067
v -2.297 7.646 -4.17
v -1.689 7.845 -4.017
v -1.484 7.443 -3.524
v -2.063 7.367 -3.538
v -1.63 6.888 -3.261
v -2.334 6.289 -3.425
v -2.622 7.076 -3.848
v -2.311 7.599 -4.013
v -1.414 7.845 -3.94
v -1.019 7.578 -3.737
v -1.324 7.445 -3.446
v -0.9 7.127 -3.501
v -1.277 6.538 -3.251
v -1.733 7.115 -3.359
v -1.712 7.568 -3.618
v -1.347 7.845 -3.96
v -0.842 7.468 -3.935
v -1.073 7.421 -3.437
v -0.668 6.959 -3.685
v -1.075 6.421 -3.112
v -1.552 7.164 -3.057
v -1.579 7.64 -3.411
v -1.156 7.845 -4.213
v -0.745 7.55 -4.6
v -0.563 7.367 -4.116
v -0.425 7.016 -4.658
v -0.316 6.285 -4.135
v -0.653 6.945 -3.615
v -0.935 7.491 -3.731
v -1.18 7.845 -4.386
v -1.171 7.475 -4.859
v -0.691 7.431 -4.651
v -0.941 6.983 -5.021
v -0.386 6.475 -4.637
v -0.317 7.194 -4.2
v -0.652 7.651 -4.175
v -1.274 7.845 -4.507
v -1.457 7.516 -5.036
v -0.91 7.38 -4.975
v -1.342 6.984 -5.324
v -0.742 6.318 -5.152
v -0.435 7.015 -4.649
v -0.701 7.541 -4.474
v -1.335 7.845 -4.545
v -1.63 7.517 -5.007
v -1.087 7.441 -5.11
v -1.558 7.019 -5.336
v -0.884 6.428 -5.377
v -0.513 7.128 -4.957
v -0.759 7.609 -4.691
v -1.6 7.845 -4.552
v -2.109 7.593 -4.728
v -1.832 7.454 -5.13
v -2.327 7.115 -5.016
v -2.003 6.447 -5.434
v -1.418 7.06 -5.344
v -1.351 7.547 -5.001
v -1.575 7.747 -3.946
v -1.211 7.747 -4.065
v -1.474 7.523 -4.256
v -1.211 7.747 -4.447
v -1.799 7.747 -4.256
v -1.575 7.747 -4.565
v -1.149 8.11 -4.256
v -1.374 8.11 -3.946
v -1.737 8.11 -4.065
v -1.737 8.11 -4.447
v -1.374 8.11 -4.565
v -1.474 8.334 -4.256
v -1.067 15.167 5.086
v -0.729 15.292 4.892
v -0.744 15.52 5.163
v -0.373 15.447 4.965
v -0.113 15.63 5.45
v -0.676 15.591 5.579
v -0.982 15.412 5.403
v -1.108 15.167 4.922
v -1.197 15.408 4.584
v -0.877 15.546 4.708
v -1.01 15.604 4.287
v -0.431 15.691 4.171
v -0.434 15.509 4.74
v -0.717 15.328 4.962
v -1.266 15.167 4.885
v -1.592 15.295 4.745
v -1.374 15.486 4.594
v -1.733 15.433 4.439
v -1.518 15.568 3.97
v -1.107 15.523 4.307
v -1.071 15.371 4.635
v -1.376 15.167 5.013
v -1.599 15.404 5.224
v -1.716 15.498 4.93
v -1.957 15.563 5.24
v -2.409 15.57 4.918
v -1.962 15.405 4.633
v -1.603 15.272 4.718
v -1.327 15.167 5.154
v -1.289 15.375 5.427
v -1.563 15.46 5.37
v -1.46 15.513 5.703
v -1.924 15.515 5.881
v -1.904 15.375 5.404
v -1.658 15.26 5.178
v -1.169 15.167 5.189
v -0.858 15.282 5.351
v -1.043 15.483 5.503
v -0.717 15.408 5.677
v -0.904 15.543 6.156
v -1.287 15.524 5.788
v -1.333 15.378 5.444
v -0.917 15.061 4.985
v -0.727 14.832 4.654
v -0.413 14.854 4.863
v -0.42 14.51 4.565
v 0.007 14.165 4.895
v -0.191 14.68 5.22
v -0.537 14.974 5.199
v -1.019 15.061 4.805
v -1.074 14.886 4.344
v -0.653 14.946 4.336
v -0.847 14.608 4.004
v -0.219 14.284 3.955
v -0.195 14.764 4.476
v -0.53 15.016 4.737
v -1.203 15.061 4.732
v -1.548 14.881 4.409
v -1.203 14.955 4.148
v -1.58 14.612 4.008
v -1.086 14.317 3.586
v -0.729 14.796 3.975
v -0.839 15.034 4.382
v -1.48 15.061 4.878
v -1.949 14.95 4.975
v -1.98 14.903 4.56
v -2.326 14.656 4.831
v -2.446 14.187 4.317
v -1.889 14.596 4.172
v -1.585 14.9 4.425
v -1.522 15.061 4.998
v -1.878 14.857 5.293
v -2.129 14.891 4.946
v -2.279 14.534 5.29
v -2.651 14.154 4.795
v -2.252 14.679 4.49
v -1.855 14.978 4.627
v -1.407 15.061 5.278
v -1.356 14.947 5.807
v -1.811 14.85 5.753
v -1.537 14.612 6.185
v -2.072 14.053 6.202
v -2.194 14.481 5.569
v -1.903 14.838 5.295
v -1.253 15.061 5.341
v -0.923 14.943 5.757
v -1.343 14.851 5.947
v -0.88 14.61 6.165
v -1.337 14.062 6.453
v -1.778 14.491 5.99
v -1.672 14.844 5.611
v -1.132 15.061 5.331
v -0.77 14.951 5.544
v -0.991 14.914 5.836
v -0.612 14.683 5.86
v -0.843 14.271 6.27
v -1.283 14.649 6.039
v -1.329 14.922 5.692
v -0.925 15.061 5.124
v -0.457 15.06 4.906
v -0.367 14.947 5.331
v -0.024 14.822 4.933
v 0.224 14.301 5.378
v -0.366 14.565 5.713
v -0.742 14.846 5.556
v -1.021 14.755 4.804
v -1.129 14.459 4.441
v -0.728 14.402 4.407
v -0.997 14.037 4.223
v -0.494 13.565 4.282
v -0.342 14.165 4.592
v -0.583 14.566 4.75
v -1.222 14.755 4.731
v -1.578 14.541 4.404
v -1.198 14.367 4.224
v -1.672 14.109 4.13
v -1.288 13.476 3.997
v -0.805 13.987 4.264
v -0.856 14.44 4.516
v -1.358 14.755 4.765
v -1.843 14.514 4.672
v -1.572 14.355 4.312
v -2.042 14.07 4.482
v -1.71 13.453 4.155
v -1.16 13.996 4.131
v -1.109 14.453 4.38
v -1.483 14.755 4.884
v -1.993 14.525 5.014
v -1.957 14.328 4.567
v -2.313 14.047 4.943
v -2.243 13.34 4.529
v -1.713 13.901 4.243
v -1.493 14.402 4.431
v -1.513 14.755 4.956
v -1.921 14.452 5.297
v -2.093 14.347 4.807
v -2.249 13.961 5.29
v -2.376 13.343 4.698
v -2.019 14.007 4.272
v -1.73 14.49 4.449
v -1.474 14.755 5.206
v -1.575 14.533 5.709
v -1.973 14.372 5.506
v -1.799 14.08 5.966
v -2.191 13.417 5.744
v -2.196 13.971 5.164
v -1.906 14.442 5.04
v -1.378 14.755 5.298
v -1.214 14.453 5.746
v -1.675 14.355 5.813
v -1.323 13.969 6.05
v -1.871 13.366 6.052
v -2.111 14.025 5.638
v -1.87 14.5 5.403
v -1.188 14.755 5.342
v -0.784 14.435 5.582
v -1.101 14.364 5.937
v -0.696 13.952 5.896
v -1.149 13.383 6.272
v -1.569 14.064 6.098
v -1.512 14.529 5.75
v -0.998 14.755 5.249
v -0.536 14.419 5.111
v -0.555 14.382 5.62
v -0.274 13.952 5.281
v -0.397 13.449 5.928
v -0.822 14.135 6.117
v -0.992 14.571 5.807
v -0.914 14.755 5.065
v -0.71 14.426 4.741
v -0.426 14.383 5.066
v -0.467 13.989 4.725
v -0.204 13.537 5.219
v -0.329 14.172 5.534
v -0.595 14.578 5.415
v -0.917 14.755 4.988
v -0.749 14.389 4.549
v -0.35 14.314 4.857
v -0.473 13.873 4.449
v -0.067 13.3 4.927
v -0.141 14.029 5.358
v -0.473 14.519 5.307
v -1.314 14.662 5.331
v -0.968 14.662 5.219
v -1.219 14.449 5.037
v -0.968 14.662 4.855
v -1.528 14.662 5.037
v -1.314 14.662 4.743
v -0.909 15.007 5.037
v -1.123 15.007 5.331
v -1.469 15.007 5.219
v -1.469 15.007 4.855
v -1.123 15.007 4.743
v -1.219 15.22 5.037
v -0.976 15.508 -3.818
v -1.288 15.739 -3.976
v -0.985 15.862 -4.141
v -1.389 15.915 -4.31
v -1.098 15.972 -4.817
v -0.673 15.807 -4.448
v -0.691 15.648 -4.09
v -1.122 15.508 -3.668
v -1.347 15.651 -3.452
v -1.389 15.846 -3.665
v -1.656 15.816 -3.439
v -1.988 15.99 -3.76
v -1.55 15.905 -3.971
v -1.259 15.725 -3.896
v -1.081 15.508 -3.552
v -1.047 15.678 -3.135
v -1.36 15.86 -3.295
v -1.295 15.823 -2.825
v -1.922 15.911 -2.802
v -1.817 15.846 -3.422
v -1.482 15.698 -3.633
v -0.955 15.508 -3.499
v -0.671 15.749 -3.358
v -0.965 15.857 -3.203
v -0.584 15.934 -3.045
v -0.861 15.991 -2.563
v -1.256 15.799 -2.907
v -1.232 15.637 -3.243
v -0.805 15.508 -3.633
v -0.56 15.74 -3.861
v -0.454 15.859 -3.552
v -0.185 15.905 -3.869
v 0.27 15.936 -3.504
v -0.215 15.784 -3.216
v -0.585 15.639 -3.316
v -0.871 15.508 -3.79
v -0.986 15.709 -4.106
v -0.675 15.836 -4.046
v -0.845 15.862 -4.419
v -0.328 15.915 -4.61
v -0.269 15.789 -4.074
v -0.506 15.648 -3.818
v -1.143 15.402 -3.906
v -1.585 15.358 -4.007
v -1.456 15.31 -4.37
v -1.877 15.131 -4.282
v -1.832 14.705 -4.776
v -1.264 15.011 -4.672
v -1.074 15.258 -4.332
v -1.266 15.402 -3.701
v -1.693 15.328 -3.413
v -1.902 15.306 -3.801
v -2.153 15.065 -3.399
v -2.54 14.614 -3.852
v -2.013 14.997 -4.219
v -1.576 15.271 -4.097
v -1.192 15.402 -3.457
v -1.253 15.285 -2.928
v -1.701 15.234 -3.027
v -1.536 14.962 -2.57
v -2.123 14.441 -2.601
v -2.082 14.891 -3.243
v -1.707 15.226 -3.488
v -1.034 15.402 -3.361
v -0.748 15.23 -2.98
v -1.149 15.262 -2.8
v -0.778 14.942 -2.596
v -1.325 14.587 -2.307
v -1.636 15.058 -2.743
v -1.463 15.327 -3.103
v -0.879 15.402 -3.365
v -0.484 15.331 -3.094
v -0.75 15.235 -2.795
v -0.297 15.045 -2.736
v -0.52 14.529 -2.325
v -1.046 14.882 -2.613
v -1.109 15.195 -2.991
v -0.707 15.402 -3.491
v -0.255 15.258 -3.623
v -0.235 15.28 -3.195
v 0.094 14.991 -3.469
v 0.177 14.637 -2.881
v -0.346 15.067 -2.738
v -0.622 15.321 -3.013
v -0.659 15.402 -3.693
v -0.439 15.186 -4.023
v -0.136 15.245 -3.79
v -0.101 14.895 -4.096
v 0.344 14.605 -3.729
v 0.09 15.104 -3.408
v -0.28 15.359 -3.45
v -0.839 15.402 -3.938
v -0.966 15.35 -4.378
v -0.588 15.243 -4.417
v -0.893 15.088 -4.747
v -0.49 14.59 -4.894
v -0.267 14.897 -4.356
v -0.445 15.191 -4.053
v -1.027 15.402 -3.958
v -1.513 15.222 -4.221
v -1.157 15.165 -4.577
v -1.68 14.853 -4.595
v -1.267 14.322 -5.06
v -0.69 14.839 -4.797
v -0.688 15.211 -4.39
v -1.254 15.096 -3.752
v -1.752 14.851 -3.458
v -1.799 14.646 -3.962
v -2.086 14.352 -3.45
v -2.076 13.618 -3.945
v -1.597 14.205 -4.405
v -1.344 14.728 -4.254
v -1.22 15.096 -3.493
v -1.317 14.887 -3.011
v -1.661 14.698 -3.252
v -1.494 14.452 -2.783
v -1.787 13.803 -3.044
v -1.816 14.305 -3.611
v -1.584 14.765 -3.701
v -1.183 15.096 -3.447
v -1.185 14.881 -2.926
v -1.604 14.699 -3.087
v -1.34 14.43 -2.642
v -1.733 13.756 -2.827
v -1.865 14.289 -3.411
v -1.623 14.764 -3.567
v -0.916 15.096 -3.357
v -0.506 14.758 -3.177
v -0.803 14.665 -2.816
v -0.409 14.26 -2.916
v -0.85 13.683 -2.567
v -1.267 14.368 -2.652
v -1.221 14.848 -2.956
v -0.848 15.096 -3.375
v -0.419 14.864 -3.271
v -0.665 14.768 -2.927
v -0.256 14.47 -3.057
v -0.579 13.958 -2.698
v -1.052 14.479 -2.726
v -1.082 14.872 -2.995
v -0.719 15.096 -3.474
v -0.222 14.826 -3.625
v -0.3 14.674 -3.144
v 0.05 14.351 -3.532
v -0.112 13.715 -3.034
v -0.605 14.312 -2.751
v -0.768 14.793 -2.975
v -0.657 15.096 -3.647
v -0.325 14.8 -4.025
v -0.036 14.705 -3.634
v 0.018 14.314 -4.081
v 0.306 13.7 -3.584
v 0.03 14.364 -3.149
v -0.314 14.842 -3.248
v -0.716 15.096 -3.839
v -0.692 14.871 -4.263
v -0.316 14.772 -4.131
v -0.512 14.477 -4.476
v -0.106 13.956 -4.288
v -0.05 14.474 -3.84
v -0.307 14.868 -3.733
v -0.786 15.096 -3.909
v -0.931 14.872 -4.358
v -0.503 14.728 -4.287
v -0.858 14.458 -4.609
v -0.422 13.886 -4.473
v -0.156 14.395 -4.02
v -0.346 14.819 -3.867
v -1.071 15.096 -3.945
v -1.598 14.843 -4.11
v -1.258 14.683 -4.482
v -1.798 14.368 -4.361
v -1.398 13.703 -4.715
v -0.785 14.293 -4.655
v -0.754 14.781 -4.354
v -1.134 15.096 -3.913
v -1.577 14.854 -3.925
v -1.39 14.728 -4.302
v -1.772 14.439 -4.08
v -1.507 13.89 -4.45
v -1.037 14.418 -4.545
v -0.965 14.837 -4.313
v -1.058 15.003 -3.365
v -0.713 15.003 -3.477
v -0.963 14.79 -3.659
v -0.713 15.003 -3.841
v -1.272 15.003 -3.659
v -1.058 15.003 -3.953
v -0.654 15.348 -3.659
v -0.867 15.348 -3.365
v -1.213 15.348 -3.477
v -1.213 15.348 -3.841
v -0.867 15.348 -3.953
v -0.963 15.561 -3.659
v 3.144 7.545 4.082
v 3.103 7.732 3.767
v 3.384 7.848 3.855
v 3.293 7.865 3.486
v 3.803 7.892 3.363
v 3.76 7.787 3.876
v 3.491 7.668 4.093
v 2.987 7.545 4.053
v 2.704 7.718 3.98
v 2.882 7.866 3.804
v 2.542 7.875 3.723
v 2.64 7.98 3.258
v 3.049 7.866 3.497
v 3.127 7.711 3.791
v 2.904 7.545 4.215
v 2.744 7.664 4.479
v 2.625 7.838 4.293
v 2.45 7.79 4.578
v 2.039 7.91 4.373
v 2.388 7.869 4.055
v 2.693 7.73 4.043
v 2.944 7.545 4.287
v 2.985 7.743 4.628
v 2.682 7.867 4.533
v 2.777 7.881 4.931
v 2.227 7.906 5.061
v 2.279 7.8 4.509
v 2.57 7.675 4.276
v 3.119 7.545 4.307
v 3.387 7.727 4.341
v 3.255 7.826 4.564
v 3.588 7.857 4.567
v 3.6 7.885 5.033
v 3.172 7.769 4.883
v 3.041 7.654 4.604
v 3.183 7.545 4.219
v 3.382 7.765 4.046
v 3.454 7.86 4.314
v 3.688 7.928 4.059
v 4.056 7.968 4.382
v 3.649 7.799 4.601
v 3.35 7.657 4.498
v 2.983 7.45 3.917
v 2.631 7.369 3.694
v 2.893 7.298 3.446
v 2.491 7.118 3.4
v 2.751 6.694 3.063
v 3.201 7.016 3.298
v 3.223 7.283 3.608
v 2.922 7.45 3.939
v 2.577 7.249 3.867
v 2.688 7.276 3.538
v 2.417 6.968 3.624
v 2.602 6.672 3.162
v 2.949 7.128 3.246
v 3.02 7.381 3.551
v 2.771 7.45 4.158
v 2.454 7.369 4.42
v 2.274 7.364 4.109
v 2.103 7.153 4.446
v 1.791 6.813 4.068
v 2.175 7.141 3.75
v 2.514 7.358 3.84
v 2.796 7.45 4.303
v 2.627 7.339 4.766
v 2.253 7.298 4.552
v 2.297 7.047 5.007
v 1.782 6.584 4.807
v 1.961 6.995 4.242
v 2.347 7.296 4.128
v 3.011 7.45 4.457
v 3.306 7.217 4.715
v 2.988 7.258 4.949
v 3.31 6.912 5.02
v 2.835 6.612 5.328
v 2.545 7.117 5.063
v 2.669 7.388 4.751
v 3.117 7.45 4.449
v 3.501 7.231 4.584
v 3.275 7.257 4.918
v 3.627 6.925 4.865
v 3.296 6.602 5.319
v 2.899 7.096 5.181
v 2.895 7.373 4.847
v 3.259 7.45 4.356
v 3.706 7.288 4.292
v 3.695 7.254 4.701
v 4.023 6.97 4.463
v 4.039 6.526 4.986
v 3.537 6.984 5.085
v 3.301 7.3 4.81
v 3.304 7.45 4.095
v 3.449 7.222 3.665
v 3.831 7.263 3.879
v 3.775 6.897 3.5
v 4.318 6.548 3.813
v 4.152 7.084 4.259
v 3.763 7.378 4.298
v 3.167 7.45 3.939
v 3.074 7.391 3.479
v 3.459 7.291 3.438
v 3.178 7.116 3.089
v 3.597 6.601 2.927
v 3.777 6.935 3.495
v 3.574 7.24 3.818
v 2.896 7.175 3.953
v 2.445 7.017 3.849
v 2.696 6.823 3.561
v 2.232 6.641 3.69
v 2.48 6.042 3.46
v 3.034 6.45 3.452
v 3.113 6.858 3.65
v 2.788 7.175 4.086
v 2.442 6.928 4.306
v 2.333 6.84 3.921
v 2.183 6.527 4.271
v 2.119 6.024 3.811
v 2.426 6.564 3.524
v 2.645 6.959 3.684
v 2.783 7.175 4.27
v 2.641 6.927 4.648
v 2.316 6.835 4.43
v 2.41 6.519 4.784
v 2.076 6.003 4.485
v 2.146 6.549 4.08
v 2.421 6.952 4.061
v 2.801 7.175 4.312
v 2.736 6.961 4.723
v 2.408 6.847 4.511
v 2.564 6.584 4.892
v 2.243 6.077 4.619
v 2.218 6.557 4.167
v 2.447 6.939 4.118
v 2.992 7.175 4.454
v 3.259 6.958 4.735
v 2.911 6.857 4.865
v 3.281 6.593 4.957
v 2.878 6.118 5.042
v 2.535 6.592 4.811
v 2.638 6.957 4.612
v 3.062 7.175 4.459
v 3.47 6.906 4.706
v 3.113 6.835 5.01
v 3.558 6.477 5.005
v 3.09 5.95 5.328
v 2.635 6.547 5.133
v 2.701 6.964 4.813
v 3.257 7.175 4.358
v 3.708 6.994 4.298
v 3.631 6.861 4.691
v 3.981 6.615 4.417
v 3.889 6.055 4.822
v 3.396 6.52 4.985
v 3.221 6.915 4.772
v 3.312 7.175 4.243
v 3.584 6.864 3.97
v 3.829 6.839 4.31
v 3.863 6.445 3.995
v 4.097 6.004 4.502
v 3.882 6.628 4.767
v 3.6 7.018 4.613
v 3.272 7.175 4.031
v 3.341 6.929 3.572
v 3.72 6.776 3.749
v 3.528 6.474 3.349
v 3.886 5.847 3.576
v 3.931 6.411 4.079
v 3.677 6.876 4.18
v 3.213 7.175 3.968
v 3.086 6.926 3.605
v 3.471 6.837 3.618
v 3.174 6.537 3.398
v 3.609 6.062 3.493
v 3.814 6.582 3.826
v 3.619 6.964 3.961
v 3.015 7.175 3.912
v 2.708 7.027 3.637
v 3.01 6.857 3.49
v 2.601 6.679 3.407
v 2.873 6.13 3.295
v 3.306 6.515 3.522
v 3.296 6.89 3.733
v 2.958 7.092 4.449
v 3.269 7.092 4.348
v 3.044 6.901 4.185
v 3.269 7.092 4.021
v 2.767 7.092 4.185
v 2.958 7.092 3.921
v 3.322 7.401 4.185
v 3.13 7.401 4.449
v 2.82 7.401 4.348
v 2.82 7.401 4.021
v 3.13 7.401 3.921
v 3.044 7.593 4.185
vt 1.036 0.566
vt 0.529 0.589
vt 0.658 0.589
vt 0.635 0.589
vt 0.53 0.599
vt 1.038 0.589
vt 0.79 0.903
vt 0.671 0.922
vt 0.938 0.922
vt 0.606 0.813
vt 0.532 0.834
vt 0.775 0.834
vt 0.612 0.834
vt 0.491 0.834
vt 0.53 0.86
vt 0.76 0.834
vt 0.757 0.859
vt 0.914 0.883
vt 0.675 0.883
vt 0.949 0.883
vt 0.696 0.86
vt 0.879 0.847
vt 0.779 0.916
vt 0.426 0.916
vt 0.374 0.946
vt 0.892 0.838
vt 0.758 0.855
vt 1.01 0.869
vt 0.567 0.76
vt 0.367 0.833
vt 0.796 0.838
vt 1.361 0.838
vt 1.017 0.755
vt 0.848 0.76
vt 1.116 0.76
vt 0.54 0.79
vt 0.609 0.806
vt 0.665 0.777
vt 0.676 0.806
vt 0.75 0.816
vt 0.883 0.778
vt 0.754 0.806
vt 0.893 0.806
vt 0.398 0.53
vt 0.862 0.531
vt 0.866 0.53
vt 1.398 0.53
vt 0.937 0.559
vt 0.759 0.958
vt 0.957 0.941
vt 1.334 0.941
vt 1.075 0.941
vt 1.309 0.543
vt 0.895 0.53
vt 0.323 0.888
vt 0.652 0.888
vt 0.336 0.869
vt 0.85 0.89
vt 0.652 0.901
vt 1.017 0.918
vt 0.663 0.876
vt 0.847 0.888
vt 0.97 0.888
vt 1.157 0.894
vt 1.324 0.888
vt 0.618 0.852
vt 0.623 0.849
vt 0.388 0.852
vt 1.181 0.845
vt 0.976 0.852
vt 1.388 0.852
vt 0.591 0.852
vt 0.396 0.852
vt 0.176 0.852
vt 0.647 0.677
vt 0.554 0.751
vt 0.23 0.677
vt 0.606 0.677
vt 0.441 0.625
vt 1.002 0.687
vt 1.23 0.677
vt 1.241 0.631
vt 1 0.677
vt 0.592 0.744
vt 0.562 0.743
vt 0.506 0.745
vt 0.463 0.726
vt 0.769 0.761
vt 0.783 0.777
vt 0.884 0.777
vt 0.982 0.777
vt 1.015 0.766
vt 0.701 0.774
vt 0.616 0.799
vt 0.767 0.799
vt 0.593 0.727
vt 0.631 0.689
vt 0.486 0.706
vt 0.612 0.764
vt 0.865 0.799
vt 0.701 0.799
vt 0.765 0.826
vt 0.747 0.727
vt 0.63 0.727
vt 0.698 0.764
vt 0.863 0.785
vt 0.741 0.764
vt 0.617 0.812
vt 0.792 0.834
vt 0.955 0.799
vt 0.859 0.841
vt 1.131 0.852
vt 0.949 0.864
vt 1.176 0.852
vt 0.623 0.813
vt 0.588 0.813
vt 0.881 0.81
vt 0.609 0.767
vt 0.611 0.749
vt 0.424 0.753
vt 0.592 0.817
vt 0.834 0.813
vt 0.585 0.813
vt 0.686 0.781
vt 0.754 0.767
vt 0.586 0.767
vt 0.399 0.819
vt 0.272 0.786
vt 0.333 0.813
vt 0.444 0.813
vt 0.789 0.813
vt 1.136 0.813
vt 0.136 0.813
vt 1.184 0.813
vt 1.077 0.82
vt 0.979 0.767
vt 1.124 0.78
vt 0.661 0.717
vt 0.466 0.717
vt 0.735 0.667
vt 0.66 0.704
vt 0.798 0.717
vt 0.825 0.676
vt 0.312 0.767
vt 0.307 0.717
vt 0.225 0.767
vt 0.124 0.78
vt 0.625 0.717
vt 0.922 0.735
vt 0.801 0.737
vt 0.996 0.767
vt 0.965 0.717
vt 1.201 0.717
vt 1.108 0.704
vt 0.813 0.717
vt 1.101 0.717
vt 0.976 0.717
vt 0.577 0.662
vt 0.678 0.667
vt 0.732 0.664
vt 0.215 0.668
vt 0.201 0.717
vt 0.308 0.715
vt 0.394 0.631
vt 0.212 0.667
vt 0.322 0.667
vt 0.226 0.628
vt 0.108 0.704
vt 0.43 0.677
vt 0.636 0.591
vt 0.622 0.628
vt 0.81 0.64
vt 0.547 0.591
vt 0.784 0.696
vt 0.694 0.677
vt 0.663 0.696
vt 0.925 0.742
vt 0.854 0.722
vt 0.773 0.75
vt 0.534 0.619
vt 0.324 0.616
vt 0.322 0.6
vt 0.536 0.616
vt 0.445 0.583
vt 0.63 0.685
vt 0.757 0.659
vt 0.73 0.651
vt 0.511 0.651
vt 0.623 0.651
vt 0.511 0.63
vt 0.606 0.61
vt 0.533 0.618
vt 0.424 0.617
vt 0.844 0.607
vt 0.704 0.607
vt 0.783 0.607
vt 0.864 0.651
vt 0.877 0.668
vt 0.983 0.651
vt 0.983 0.665
vt 0.809 0.607
vt 0.703 0.609
vt 0.844 0.608
vt 0.981 0.622
vt 0.886 0.651
vt 0.77 0.689
vt 0.747 0.723
vt 0.986 0.727
vt 0.888 0.727
vt 0.864 0.764
vt 0.859 0.927
vt 0.754 0.928
vt 1.048 0.956
vt 1.205 0.927
vt 1.058 0.873
vt 0.858 0.892
vt 1.046 0.927
vt 0.731 0.842
vt 0.79 0.866
vt 0.859 0.866
vt 0.965 0.663
vt 0.821 0.667
vt 0.951 0.667
vt 0.205 0.901
vt 0.421 0.866
vt 0.263 0.866
vt 0.194 0.866
vt 0.263 0.845
vt 0.25 0.805
vt 0.892 0.769
vt 0.733 0.805
vt 0.868 0.805
vt 0.055 0.866
vt 0.207 0.805
vt 0.754 0.927
vt 0.737 0.866
vt 0.594 0.866
vt 0.255 0.805
vt 0.413 0.805
vt 0.249 0.79
vt 1.13 0.692
vt 0.991 0.748
vt 1.038 0.748
vt 0.21 0.748
vt 0.129 0.748
vt 0.048 0.805
vt 0.07 0.667
vt 0.084 0.636
vt 0.877 0.623
vt 1.001 0.616
vt 1.084 0.636
vt 0.59 0.672
vt 0.498 0.652
vt 0.529 0.672
vt 0.607 0.696
vt 0.593 0.672
vt 0.493 0.672
vt 0.677 0.696
vt 0.792 0.708
vt 0.803 0.696
vt 0.603 0.656
vt 0.691 0.672
vt 0.242 0.616
vt 0.001 0.616
vt 0.876 0.616
vt 0.775 0.565
vt 0.701 0.602
vt 0.908 0.565
vt 1.012 0.593
vt 0.012 0.593
vt 0.242 0.589
vt 0.214 0.565
vt 1.038 0.565
vt 0.991 0.66
vt 0.973 0.672
vt 1.108 0.672
vt 0.336 0.895
vt 0.198 0.917
vt 0.287 0.922
vt 0.633 0.888
vt 0.763 0.895
vt 0.797 0.895
vt 1.11 0.895
vt 1.124 0.895
vt 1.015 0.895
vt 0.806 0.9
vt 1.138 0.896
vt 0.607 0.954
vt 0.949 0.941
vt 1.312 0.941
vt 0.469 0.93
vt 0.097 0.941
vt 0.124 0.941
vt 1.014 0.922
vt 0.827 0.937
vt 1.223 0.922
vt 1.097 0.941
vt 0.681 0.862
vt 0.758 0.875
vt 0.837 0.862
vt 0.461 0.879
vt 0.11 0.895
vt 0.124 0.895
vt 0.332 0.887
vt 0.137 0.87
vt 0.834 0.895
vt 0.761 0.862
vt 0.968 0.862
vt 0.81 0.852
vt 1.074 0.841
vt 1.112 0.862
vt 0.432 0.862
vt 0.651 0.862
vt 0.447 0.846
vt 0.457 0.862
vt 0.269 0.827
vt 0.239 0.851
vt 0.401 0.827
vt 0.804 0.829
vt 0.641 0.837
vt 0.744 0.832
vt 0.794 0.885
vt 0.672 0.834
vt 0.338 0.834
vt 0.035 0.827
vt 0.165 0.827
vt 0.162 0.817
vt 1.004 0.754
vt 0.988 0.673
vt 0.805 0.673
vt 0.909 0.834
vt 1.192 0.834
vt 0.914 0.842
vt 0.242 0.862
vt 0.112 0.862
vt 0.273 0.862
vt 1.019 0.837
vt 0.884 0.915
vt 1.113 0.87
vt 0.565 0.853
vt 0.113 0.87
vt 0.403 0.836
vt 0.887 0.836
vt 0.593 0.761
vt 0.654 0.793
vt 0.704 0.793
vt 0.487 0.757
vt 0.613 0.757
vt 0.495 0.733
vt 0.201 0.53
vt 0.543 0.589
vt 0.663 0.53
vt 0.434 0.783
vt 0.69 0.757
vt 0.334 0.757
vt 1.104 0.699
vt 0.811 0.757
vt 0.976 0.757
vt 0.404 0.757
vt 0.407 0.735
vt 0.676 0.748
vt 0.743 0.748
vt 0.919 0.748
vt 0.995 0.781
vt 0.42 0.846
vt 0.314 0.805
vt 0.13 0.692
vt 0.209 0.72
vt 0.215 0.692
vt 0.811 0.691
vt 0.772 0.662
vt 0.726 0.676
vt 1.018 0.692
vt 0.32 0.692
vt 0.93 0.641
vt 0.788 0.641
vt 0.848 0.641
vt 0.557 0.536
vt 0.526 0.536
vt 0.516 0.536
vt 0.586 0.544
vt 0.557 0.544
vt 0.53 0.539
vt 0.556 0.544
vt 0.529 0.544
vt 0.525 0.544
vt 0.869 0.626
vt 0.987 0.642
vt 0.991 0.624
vt 0.653 0.552
vt 0.587 0.553
vt 0.59 0.553
vt 0.497 0.59
vt 0.596 0.588
vt 0.507 0.588
vt 0.501 0.621
vt 0.603 0.622
vt 0.497 0.615
vt 0.6 0.555
vt 0.601 0.553
vt 0.503 0.551
vt 0.503 0.593
vt 0.607 0.613
vt 0.503 0.591
vt 0.513 0.615
vt 0.601 0.615
vt 0.501 0.615
vt 0.497 0.622
vt 0.677 0.547
vt 0.588 0.649
vt 0.705 0.619
vt 0.691 0.624
vt 0.807 0.649
vt 0.787 0.624
vt 0.7 0.624
vt 0.844 0.624
vt 0.994 0.672
vt 0.891 0.672
vt 0.969 0.689
vt 0.679 0.649
vt 0.718 0.652
vt 0.809 0.652
vt 0.983 0.649
vt 0.895 0.656
vt 0.822 0.649
vt 0.959 0.633
vt 0.891 0.649
vt 0.884 0.672
vt 0.895 0.793
vt 0.725 0.827
vt 0.976 0.804
vt 0.879 0.787
vt 0.713 0.757
vt 0.405 0.58
vt 1.001 0.757
vt 0.962 0.793
vt 1.135 0.762
vt 0.71 0.675
vt 0.53 0.675
vt 0.615 0.734
vt 0.814 0.648
vt 0.853 0.675
vt 1.074 0.675
vt 0.846 0.675
vt 0.594 0.686
vt 0.662 0.691
vt 0.723 0.691
vt 0.262 0.741
vt 0.347 0.757
vt 0.257 0.757
vt 0.372 0.77
vt 0.399 0.757
vt 0.162 0.757
vt 0.164 0.723
vt 0.634 0.723
vt 0.611 0.723
vt 0.771 0.724
vt 0.721 0.723
vt 0.811 0.723
vt 0.656 0.718
vt 0.001 0.757
vt 0.135 0.762
vt 0.176 0.757
vt 0.739 0.753
vt 0.895 0.753
vt 1.023 0.755
vt 1.002 0.723
vt 0.911 0.723
vt 0.873 0.723
vt 1.044 0.723
vt 0.475 0.803
vt 0.683 0.803
vt 0.572 0.772
vt 0.485 0.761
vt 0.572 0.761
vt 0.445 0.754
vt 0.607 0.66
vt 0.68 0.66
vt 0.716 0.63
vt 0.848 0.66
vt 0.841 0.654
vt 0.173 0.605
vt 0.074 0.675
vt 0.334 0.59
vt 0.571 0.66
vt 0.492 0.637
vt 0.472 0.66
vt 0.568 0.67
vt 0.607 0.661
vt 0.499 0.66
vt 0.66 0.683
vt 0.701 0.673
vt 0.792 0.691
vt 0.87 0.68
vt 0.838 0.691
vt 0.672 0.691
vt 0.707 0.697
vt 0.849 0.666
vt 0.679 0.663
vt 0.38 0.66
vt 0.419 0.691
vt 0.461 0.687
vt 0.331 0.723
vt 0.249 0.691
vt 0.326 0.687
vt 0.218 0.687
vt 0.668 0.692
vt 0.739 0.744
vt 0.79 0.692
vt 0.892 0.642
vt 0.779 0.683
vt 0.901 0.661
vt 0.694 0.657
vt 0.655 0.681
vt 0.964 0.683
vt 1.028 0.683
vt 0.927 0.629
vt 0.845 0.683
vt 1.1 0.683
vt 0.974 0.723
vt 0.875 0.724
vt 1.038 0.724
vt 0.577 0.761
vt 0.702 0.761
vt 0.81 0.803
vt 0.712 0.861
vt 0.942 0.803
vt 0.701 0.553
vt 0.718 0.553
vt 0.701 0.554
vt 0.796 0.553
vt 0.505 0.592
vt 0.582 0.578
vt 0.487 0.59
vt 0.715 0.556
vt 0.567 0.57
vt 0.688 0.592
vt 0.609 0.628
vt 0.702 0.628
vt 0.279 0.605
vt 0.266 0.628
vt 0.379 0.628
vt 0.154 0.628
vt 0.195 0.606
vt 0.379 0.654
vt 0.273 0.646
vt 0.333 0.66
vt 0.702 0.564
vt 0.601 0.564
vt 0.707 0.601
vt 0.714 0.596
vt 0.701 0.588
vt 0.609 0.601
vt 0.804 0.628
vt 0.79 0.615
vt 0.706 0.615
vt 0.798 0.555
vt 0.715 0.555
vt 0.841 0.569
vt 0.914 0.624
vt 0.845 0.624
vt 0.956 0.624
vt 0.592 0.707
vt 0.627 0.697
vt 0.579 0.701
vt 0.496 0.708
vt 0.505 0.628
vt 0.331 0.628
vt 0.657 0.706
vt 0.281 0.628
vt 0.691 0.717
vt 0.654 0.711
vt 0.591 0.711
vt 0.685 0.711
vt 0.683 0.711
vt 0.191 0.628
vt 0.737 0.711
vt 0.63 0.777
vt 0.716 0.772
vt 0.581 0.77
vt 0.601 0.58
vt 0.685 0.56
vt 0.504 0.56
vt 0.644 0.802
vt 0.581 0.803
vt 0.682 0.808
vt 0.816 0.78
vt 0.719 0.786
vt 0.789 0.833
vt 0.72 0.833
vt 0.718 0.847
vt 0.814 0.802
vt 0.687 0.802
vt 0.85 0.802
vt 0.78 0.818
vt 0.874 0.818
vt 0.968 0.802
vt 0.966 0.811
vt 0.776 0.823
vt 0.753 0.833
vt 0.863 0.83
vt 0.865 0.833
vt 0.93 0.847
vt 0.643 0.861
vt 0.697 0.852
vt 0.594 0.861
vt 0.701 0.887
vt 0.793 0.887
vt 0.612 0.883
vt 0.893 0.874
vt 0.669 0.874
vt 0.602 0.916
vt 0.373 0.922
vt 0.646 0.945
vt 1.468 0.958
vt 0.985 0.952
vt 1.461 0.966
vt 1.304 0.958
vt 0.984 0.958
vt 1.077 0.934
vt 0.971 0.941
vt 1.28 0.941
vt 0.938 0.941
vt 1.065 0.941
vt 1.1 0.557
vt 0.503 0.53
vt 0.628 0.53
vt 0.355 0.903
vt 0.46 0.903
vt 0.188 0.901
vt 0.695 0.903
vt 0.459 0.904
vt 0.531 0.883
vt 0.351 0.903
vt 0.185 0.903
vt 0.106 0.868
vt 0.016 0.883
vt 0.164 0.883
vt 1.01 0.757
vt 0.538 0.757
vt 1.342 0.742
vt 0.342 0.86
vt 0.386 0.841
vt 0.237 0.834
vt 1.199 0.689
vt 0.946 0.757
vt 1.109 0.757
vt 1.006 0.86
vt 0.945 0.875
vt 1.106 0.868
vt 0.359 0.832
vt 0.383 0.834
vt 0.492 0.826
vt 0.314 0.83
vt 0.992 0.675
vt 0.977 0.683
vt 0.342 0.742
vt 0.279 0.675
vt 0.199 0.689
vt 0.315 0.675
vt 0.495 0.59
vt 0.319 0.59
vt 0.426 0.808
vt 0.543 0.806
vt 0.328 0.806
vt 0.426 0.806
vt 0.292 0.777
vt 0.328 0.809
vt 0.283 0.806
vt 0.23 0.814
vt 0.408 0.777
vt 0.092 0.834
vt 0.092 0.823
vt 0 0.646
vt 0.202 0.675
vt 0.151 0.59
vt 0.196 0.59
vt 0.321 0.59
vt 0.153 0.581
vt 1.079 0.806
vt 0.997 0.823
vt 1.092 0.823
vt 0.755 0.944
vt 0.524 0.944
vt 0.978 0.944
vt 0.979 0.943
vt 0.523 0.936
vt 0.582 0.944
vt 0.231 0.935
vt 0.426 0.777
vt 0.409 0.776
vt 0.293 0.777
vt 0.396 0.75
vt 0.079 0.806
vt 1.106 0.754
vt 0.589 0.583
vt 0.532 0.547
vt 0.42 0.583
vt 0.3 0.682
vt 0.441 0.675
vt 0.35 0.651
vt 0.375 0.764
vt 0.433 0.727
vt 0.263 0.727
vt 0.588 0.622
vt 0.721 0.583
vt 0.53 0.583
vt 0.376 0.783
vt 0.271 0.764
vt 0.224 0.795
vt 0.718 0.659
vt 0.331 0.867
vt 0.479 0.847
vt 0.378 0.834
vt 1.072 0.798
vt 0.095 0.799
vt 0.072 0.798
vt 0.51 0.896
vt 0.757 0.906
vt 0.488 0.868
vt 0.513 0.906
vt 0.333 0.906
vt 0.621 0.834
vt 0.765 0.868
vt 0.791 0.868
vt 0.527 0.868
vt 0.934 0.909
vt 0.792 0.906
vt 1.169 0.877
vt 1.008 0.879
vt 0.933 0.906
vt 0.224 0.906
vt 0.331 0.868
vt 0.169 0.877
vt 0.938 0.868
vt 0.791 0.873
vt 0.95 0.834
vt 1.002 0.868
vt 1.092 0.842
vt 1.231 0.935
vt 0.467 0.9
vt 0.668 0.875
vt 0.483 0.875
vt 1.05 0.875
vt 0.898 0.875
vt 0.781 0.909
vt 0.461 0.875
vt 0.49 0.837
vt 0.315 0.841
vt 0.703 0.677
vt 0.518 0.667
vt 0.51 0.73
vt 0.616 0.738
vt 0.713 0.533
vt 0.874 0.53
vt 0.523 0.53
vt 0.821 0.678
vt 0.956 0.728
vt 0.731 0.659
vt 0.511 0.53
vt 0.445 0.558
vt 0.916 0.634
vt 0.838 0.659
vt 0.986 0.659
vt 1.147 0.711
vt 1.09 0.666
vt 0.806 0.741
vt 0.723 0.738
vt 0.596 0.741
vt 0.793 0.915
vt 0.754 0.843
vt 0.444 0.866
vt 1.104 0.832
vt 0.784 0.836
vt 1.087 0.836
vt 0.316 0.805
vt 0.294 0.738
vt 0.187 0.776
vt 0.551 0.738
vt 0.551 0.796
vt 0.486 0.738
vt 0.728 0.822
vt 0.539 0.822
vt 0.671 0.846
vt 0.369 0.845
vt 0.297 0.822
vt 0.885 0.822
vt 0.884 0.799
vt 0.694 0.822
vt 0.903 0.822
vt 0.723 0.788
vt 1.007 0.769
vt 1.074 0.822
vt 0.074 0.822
vt 0.828 0.738
vt 1.037 0.738
vt 0.883 0.683
vt 0.881 0.757
vt 0.823 0.78
vt 0.813 0.757
vt 0.51 0.797
vt 0.66 0.902
vt 0.851 0.87
vt 1.064 0.828
vt 1.212 0.874
vt 0.855 0.909
vt 0.659 0.909
vt 1.127 0.941
vt 1.037 0.927
vt 0.822 0.927
vt 1.022 0.951
vt 0.582 0.927
vt 0.913 0.866
vt 0.821 0.873
vt 1.037 0.908
vt 0.397 0.744
vt 0.015 0.766
vt 0.106 0.754
vt 0.047 0.75
vt 0.194 0.777
vt 0.162 0.75
vt 0.318 0.722
vt 0.257 0.705
vt 0.168 0.72
vt 0.048 0.748
vt 0.105 0.75
vt 0.107 0.731
vt 0.291 0.607
vt 0.423 0.607
vt 0.311 0.594
vt 0.256 0.75
vt 0.352 0.65
vt 0.258 0.588
vt 0.088 0.583
vt 0.135 0.588
vt 1.056 0.607
vt 1.09 0.635
vt 0.264 0.689
vt 0.885 0.566
vt 0.722 0.583
vt 0.92 0.583
vt 0.165 0.677
vt 0.148 0.689
vt 0.984 0.689
vt 0.986 0.725
vt 1.161 0.689
vt 1.165 0.677
vt 0.989 0.689
vt 1.148 0.689
vt 0.038 0.605
vt 0.623 0.796
vt 0.582 0.756
vt 0.362 0.789
vt 0.792 0.796
vt 0.623 0.799
vt 0.871 0.804
vt 0.374 0.756
vt 0.583 0.75
vt 0.382 0.754
vt 0.799 0.759
vt 0.869 0.796
vt 0.953 0.772
vt 1.17 0.796
vt 0.949 0.796
vt 0.995 0.816
vt 0.168 0.756
vt 0.195 0.804
vt 0.364 0.796
vt 0.17 0.796
vt 0.87 0.837
vt 0.67 0.866
vt 0.996 0.837
vt 0.666 0.837
vt 0.896 0.837
vt 0.198 0.837
vt 0.047 0.861
vt 0.037 0.927
vt 0.022 0.951
vt 0.233 0.927
vt 1.233 0.927
vt 0.728 0.757
vt 0.577 0.773
vt 0.387 0.796
vt 1.033 0.777
vt 0.995 0.757
vt 0.207 0.757
vt 0.153 0.757
vt 0.225 0.675
vt 0.293 0.65
vt 0.055 0.675
vt 0.28 0.657
vt 0.421 0.636
vt 0.505 0.593
vt 0.444 0.59
vt 0.381 0.623
vt 1.038 0.605
vt 1.099 0.659
vt 0.259 0.583
vt 0.136 0.583
vt 0.04 0.583
vt 0.329 0.836
vt 0.079 0.836
vt 0.105 0.675
vt 0.236 0.603
vt 0.084 0.675
vt 0.505 0.675
vt 0.349 0.675
vt 0.542 0.757
vt 0.853 0.836
vt 0.291 0.757
vt 0.164 0.751
vt 1.148 0.757
vt 0.314 0.768
vt 0.148 0.757
vt 0.315 0.836
vt 0.658 0.904
vt 0.815 0.846
vt 0.456 0.868
vt 1.083 0.836
vt 1.028 0.815
vt 0.911 0.812
vt 1.036 0.866
vt 0.708 0.748
vt 0.668 0.691
vt 0.662 0.748
vt 0.918 0.748
vt 0.805 0.701
vt 0.769 0.748
vt 0.029 0.748
vt 0.203 0.747
vt 0.104 0.691
vt 0.808 0.748
vt 0.706 0.762
vt 0.759 0.805
vt 0.989 0.748
vt 1.028 0.805
vt 1.1 0.748
vt 0.915 0.748
vt 0.913 0.805
vt 0.398 0.672
vt 0.396 0.682
vt 0.371 0.674
vt 0.372 0.671
vt 0.397 0.649
vt 0.398 0.624
vt 0.504 0.624
vt 0.297 0.668
vt 0.297 0.649
vt 0.387 0.649
vt 0.39 0.633
vt 0.316 0.649
vt 0.462 0.675
vt 0.489 0.593
vt 0.407 0.701
vt 0.546 0.703
vt 0.397 0.696
vt 0.043 0.716
vt 0.257 0.675
vt 0.263 0.696
vt 0.3 0.691
vt 0.184 0.672
vt 0.303 0.678
vt 0.298 0.672
vt 0.102 0.562
vt 0.06 0.565
vt 0.181 0.607
vt 0.179 0.562
vt 0.298 0.562
vt 0.102 0.545
vt 0.213 0.696
vt 0.32 0.695
vt 0.521 0.682
vt 0.339 0.682
vt 0.74 0.682
vt 0.682 0.699
vt 0.878 0.682
vt 0.47 0.719
vt 0.68 0.719
vt 0.798 0.756
vt 0.324 0.719
vt 0.524 0.719
vt 0.584 0.719
vt 0.172 0.719
vt 0.078 0.719
vt 0.869 0.719
vt 0.878 0.665
vt 0.975 0.682
vt 1.023 0.679
vt 0.615 0.756
vt 0.982 0.756
vt 0.19 0.748
vt 0.398 0.738
vt 0.293 0.748
vt 0.231 0.866
vt 0.288 0.805
vt 0.196 0.805
vt 0.726 0.691
vt 0.293 0.758
vt 0.397 0.748
vt 0.301 0.748
vt 0.673 0.748
vt 0.613 0.748
vt 0.605 0.805
vt 0.183 0.691
vt 1.104 0.691
vt 1.008 0.691
vt 0.99 0.719
vt 0.277 0.691
vt 0.315 0.671
vt 0.193 0.691
vt 0.392 0.536
vt 0.452 0.536
vt 0.424 0.536
vt 0.498 0.544
vt 0.488 0.544
vt 0.452 0.544
vt 0.401 0.536
vt 0.497 0.536
vt 0.397 0.588
vt 0.32 0.564
vt 0.395 0.564
vt 0.303 0.555
vt 0.405 0.615
vt 0.501 0.628
vt 0.415 0.628
vt 0.395 0.63
vt 0.396 0.646
vt 0.525 0.654
vt 0.517 0.641
vt 0.397 0.615
vt 0.387 0.539
vt 0.366 0.555
vt 0.496 0.628
vt 0.448 0.624
vt 0.478 0.654
vt 0.392 0.654
vt 0.334 0.624
vt 0.288 0.636
vt 0.204 0.624
vt 1.079 0.649
vt 0.627 0.541
vt 0.525 0.566
vt 0.57 0.566
vt 0.429 0.603
vt 0.603 0.603
vt 0.534 0.582
vt 0.684 0.56
vt 0.612 0.547
vt 0.535 0.56
vt 0.612 0.56
vt 0.457 0.56
vt 0.371 0.56
vt 0.595 0.632
vt 0.72 0.646
vt 0.728 0.643
vt 0.516 0.668
vt 0.688 0.682
vt 0.602 0.646
vt 0.189 0.688
vt 0.187 0.682
vt 0.342 0.652
vt 0.143 0.646
vt 0.737 0.603
vt 0.683 0.58
vt 0.341 0.646
vt 0.428 0.612
vt 0.293 0.603
vt 0.338 0.603
vt 0.295 0.591
vt 0.171 0.592
vt 0.066 0.646
vt 0.93 0.646
vt 1.066 0.646
vt 0.468 0.847
vt 0.437 0.845
vt 0.343 0.847
vt 0.337 0.833
vt 0.466 0.861
vt 0.583 0.867
vt 0.461 0.861
vt 0.476 0.625
vt 0.642 0.62
vt 0.539 0.613
vt 0.666 0.916
vt 0.515 0.916
vt 0.537 0.93
vt 0.472 0.916
vt 0.515 0.911
vt 0.33 0.905
vt 0.864 0.708
vt 0.82 0.755
vt 1.012 0.755
vt 0.399 0.536
vt 0.371 0.536
vt 0.365 0.537
vt 0.399 0.531
vt 0.365 0.536
vt 0.931 0.662
vt 1.021 0.662
vt 0.764 0.755
vt 0.793 0.804
vt 0.855 0.755
vt 0.513 0.664
vt 0.564 0.619
vt 0.468 0.638
vt 0.501 0.667
vt 0.678 0.678
vt 0.524 0.664
vt 0.915 0.926
vt 0.769 0.864
vt 0.631 0.864
vt 0.51 0.703
vt 0.596 0.703
vt 0.374 0.732
vt 0.305 0.703
vt 0.273 0.705
vt 0.864 0.659
vt 0.7 0.664
vt 0.836 0.664
vt 0.345 0.664
vt 0.218 0.678
vt 0.284 0.703
vt 0.718 0.703
vt 0.844 0.738
vt 0.765 0.703
vt 0.68 0.741
vt 0.611 0.777
vt 0.68 0.746
vt 0.518 0.741
vt 0.294 0.757
vt 0.282 0.741
vt 0.109 0.741
vt 1.142 0.775
vt 1.109 0.741
vt 0.974 0.755
vt 0.82 0.777
vt 0.844 0.741
vt 1.475 0.865
vt 1.096 0.914
vt 0.812 0.856
vt 0.096 0.914
vt 0.475 0.865
vt 0.208 0.839
vt 0.322 0.777
vt 0.142 0.775
vt 0.503 0.805
vt 0.607 0.79
vt 0.39 0.795
vt 0.973 0.802
vt 0.841 0.787
vt 0.727 0.799
vt 0.18 0.815
vt 0.282 0.806
vt 0.158 0.81
vt 0.916 0.777
vt 1.158 0.81
vt 1.148 0.777
vt 0.754 0.815
vt 0.715 0.815
vt 0.932 0.835
vt 0.755 0.829
vt 0.708 0.852
vt 0.285 0.815
vt 0.19 0.836
vt 0.367 0.852
vt 0.978 0.852
vt 0.93 0.852
vt 1.005 0.865
vt 1.166 0.852
vt 1.18 0.815
vt 0.91 0.815
vt 0.499 0.886
vt 0.536 0.852
vt 0.366 0.859
vt 0.2 0.866
vt 0.218 0.886
vt 1.242 0.898
vt 1.138 0.886
vt 0.953 0.886
vt 0.19 0.852
vt 0.009 0.852
vt 0.522 0.917
vt 0.483 0.886
vt 0.242 0.898
vt 0.971 0.927
vt 0.783 0.919
vt 0.515 0.919
vt 0.739 0.892
vt 0.978 0.919
vt 1.182 0.919
vt 1.264 0.924
vt 0.771 0.949
vt 0.248 0.949
vt 0.692 0.958
vt 0.645 0.949
vt 0.968 0.949
vt 0.44 0.544
vt 0.309 0.544
vt 0.382 0.544
vt 0.66 0.754
vt 0.557 0.708
vt 0.464 0.708
vt 0.324 0.641
vt 0.399 0.641
vt 0.401 0.641
vt 0.397 0.641
vt 0.317 0.628
vt 0.552 0.703
vt 0.484 0.701
vt 0.495 0.696
vt 0.424 0.69
vt 0.402 0.696
vt 0.501 0.711
vt 0.506 0.725
vt 0.496 0.711
vt 0.451 0.725
vt 0.449 0.711
vt 0.401 0.701
vt 0.391 0.711
vt 0.385 0.696
vt 0.298 0.711
vt 0.389 0.726
vt 0.299 0.725
vt 0.312 0.737
vt 0.454 0.566
vt 0.499 0.53
vt 0.427 0.532
vt 0.738 0.566
vt 0.774 0.545
vt 0.35 0.535
vt 0.315 0.563
vt 0.737 0.566
vt 0.627 0.566
vt 0.734 0.616
vt 0.587 0.757
vt 0.485 0.763
vt 0.512 0.77
vt 0.804 0.594
vt 0.884 0.597
vt 0.858 0.595
vt 0.273 0.77
vt 0.333 0.777
vt 0.327 0.773
vt 0.442 0.802
vt 0.507 0.786
vt 0.409 0.786
vt 0.371 0.802
vt 0.258 0.786
vt 0.358 0.786
vt 0.22 0.786
vt 0.43 0.56
vt 0.371 0.548
vt 0.262 0.539
vt 1.083 0.794
vt 0.974 0.802
vt 1.068 0.802
vt 0.257 0.818
vt 0.173 0.818
vt 0.144 0.833
vt 0.933 0.833
vt 0.999 0.833
vt 1.064 0.82
vt 1.144 0.833
vt 0.179 0.804
vt 0.065 0.818
vt 0.136 0.818
vt 0.575 0.874
vt 0.47 0.874
vt 0.344 0.881
vt 0.346 0.848
vt 0.15 0.861
vt 0.314 0.861
vt 0.351 0.53
vt 0.186 0.558
vt 0.371 0.558
vt 0.172 0.539
vt 0.013 0.558
vt 0.768 0.597
vt 0.863 0.558
vt 0.672 0.584
vt 0.315 0.629
vt 0.545 0.632
vt 0.481 0.611
vt 0.371 0.581
vt 0.186 0.593
vt 0.316 0.597
vt 0.48 0.887
vt 0.511 0.901
vt 0.641 0.901
vt 0.479 0.893
vt 0.482 0.874
vt 0.358 0.874
vt 0.528 0.549
vt 0.471 0.53
vt 0.301 0.53
vt 0.664 0.91
vt 0.767 0.901
vt 0.579 0.901
vt 0.767 0.53
vt 0.722 0.541
vt 0.897 0.564
vt 0.8 0.901
vt 0.954 0.901
vt 1.158 0.901
vt 1.08 0.908
vt 0.56 0.615
vt 0.423 0.93
vt 0.323 0.916
vt 0.18 0.916
vt 0.817 0.916
vt 1.003 0.916
vt 0.958 0.916
vt 1 0.93
vt 1.079 0.916
vt 1.129 0.547
vt 1.066 0.53
vt 0.986 0.564
vt 0.747 0.66
vt 0.99 0.662
vt 0.838 0.662
vt 0.169 0.804
vt 0.131 0.755
vt 0.02 0.755
vt 0.2 0.708
vt 0.15 0.708
vt 0.172 0.755
vt 0.284 0.662
vt 0.535 0.632
vt 0.431 0.662
vt 0.4 0.587
vt 0.396 0.576
vt 0.291 0.576
vt 0.32 0.544
vt 0.302 0.544
vt 0.339 0.544
vt 0.138 0.613
vt 0.22 0.613
vt 0.297 0.593
vt 0.196 0.564
vt 0.194 0.576
vt 0.176 0.576
vt 0.321 0.576
vt 0.302 0.564
vt 0.214 0.576
vt 0.228 0.601
vt 0.212 0.604
vt 0.319 0.615
vt 0.275 0.668
vt 0.304 0.654
vt 0.234 0.664
vt 0.392 0.626
vt 0.401 0.601
vt 0.304 0.607
vt 0.305 0.601
vt 0.412 0.569
vt 0.301 0.559
vt 0.489 0.601
vt 0.514 0.586
vt 0.595 0.675
vt 0.589 0.642
vt 0.507 0.646
vt 0.504 0.642
vt 0.508 0.601
vt 0.704 0.617
vt 0.571 0.642
vt 0.697 0.642
vt 0.301 0.616
vt 0.314 0.566
vt 0.219 0.606
vt 0.224 0.551
vt 0.218 0.566
vt 0.072 0.566
vt 0.998 0.609
vt 0.943 0.592
vt 1.071 0.569
vt 1.159 0.85
vt 1.007 0.804
vt 0.961 0.864
vt 1.074 0.804
vt 0.645 0.755
vt 1.334 0.804
vt 0.957 0.864
vt 1.34 0.864
vt 0.348 0.804
vt 0.334 0.804
vt 0.275 0.642
vt 0.35 0.642
vt 0.495 0.679
vt 0.591 0.678
vt 0.489 0.678
vt 0.36 0.678
vt 0.397 0.678
vt 0.497 0.678
vt 0.364 0.676
vt 0.248 0.664
vt 0.12 0.674
vt 0.105 0.703
vt 0.111 0.734
vt 0.194 0.703
vt 1.12 0.674
vt 1.095 0.664
vt 0.965 0.678
vt 0.992 0.664
vt 1.105 0.626
vt 0.994 0.616
vt 0.871 0.703
vt 0.476 0.763
vt 0.701 0.748
vt 0.542 0.728
vt 0.665 0.795
vt 0.58 0.768
vt 0.448 0.763
vt 0.41 0.817
vt 0.629 0.804
vt 0.417 0.795
vt 0.758 0.776
vt 0.733 0.763
vt 0.783 0.795
vt 0.615 0.795
vt 1.053 0.673
vt 0.809 0.618
vt 0.813 0.673
vt 0.662 0.593
vt 0.815 0.673
vt 0.447 0.713
vt 0.409 0.709
vt 0.525 0.673
vt 0.517 0.596
vt 0.216 0.673
vt 0.259 0.755
vt 0.504 0.673
vt 0.257 0.673
vt 0.048 0.73
vt 0.085 0.673
vt 0.023 0.703
vt 0.119 0.703
vt 0.989 0.741
vt 0.315 0.807
vt 0.2 0.795
vt 0.566 0.833
vt 0.643 0.827
vt 0.442 0.827
vt 0.074 0.755
vt 0.501 0.755
vt 0.987 0.835
vt 1.208 0.839
vt 0.505 0.943
vt 0.694 0.946
vt 0.781 0.912
vt 0.497 0.912
vt 0.006 0.912
vt 0.715 0.697
vt 0.618 0.711
vt 0.968 0.711
vt 0.966 0.711
vt 0.72 0.711
vt 0.969 0.723
vt 0.397 0.613
vt 0.477 0.613
vt 0.3 0.564
vt 0.501 0.948
vt 0.434 0.948
vt 0.095 0.949
vt 1.031 0.782
vt 0.749 0.809
vt 0.964 0.809
vt 0.351 0.761
vt 0.381 0.713
vt 0.005 0.761
vt 0.408 0.809
vt 0.439 0.791
vt 0.031 0.782
vt 0.97 0.761
vt 0.629 0.761
vt 0.617 0.581
vt 1.457 0.53
vt 1.02 0.53
vt 0.986 0.608
vt 0.722 0.564
vt 0.964 0.613
vt 1.092 0.945
vt 1.146 0.93
vt 0.787 0.823
vt 0.623 0.823
vt 0.463 0.81
vt 1.104 0.855
vt 0.685 0.855
vt 1.38 0.855
vt 0.287 0.887
vt 0.584 0.886
vt 0.341 0.884
vt 0.744 0.823
vt 0.469 0.823
vt 0.64 0.83
vt 0.316 0.786
vt 0.316 0.823
vt 0.325 0.782
vt 0.484 0.786
vt 0.473 0.776
vt 0.184 0.823
vt 0.218 0.833
vt 0.352 0.828
vt 0.228 0.823
vt 0.38 0.855
vt 0.892 0.691
vt 0.981 0.691
vt 0.598 0.715
vt 0.638 0.715
vt 0.511 0.7
vt 0.411 0.715
vt 0.52 0.861
vt 0.34 0.861
vt 0.169 0.825
vt 0.836 0.628
vt 0.902 0.628
vt 0.817 0.604
vt 1.057 0.605
vt 0.997 0.59
vt 0.864 0.59
vt 0.058 0.59
vt 0.257 0.583
vt 0.125 0.575
vt 1.019 0.675
vt 0.955 0.691
vt 0.973 0.707
vt 0.712 0.616
vt 0.676 0.59
vt 0.528 0.61
vt 0.938 0.674
vt 0.982 0.682
vt 0.962 0.66
vt 0.976 0.669
vt 1.094 0.68
vt 0.185 0.675
vt 0.338 0.64
vt 0.256 0.59
vt 0.767 0.685
vt 0.67 0.675
vt 0.532 0.703
vt 0.537 0.675
vt 0.044 0.723
vt 0.2 0.72
vt 0.074 0.691
vt 0.527 0.679
vt 0.425 0.679
vt 0.639 0.679
vt 0.648 0.647
vt 0.529 0.679
vt 0.735 0.679
vt 0.301 0.679
vt 0.453 0.679
vt 0.415 0.645
vt 0.558 0.683
vt 0.43 0.683
vt 0.181 0.683
vt 0.572 0.629
vt 0.716 0.629
vt 0.689 0.629
vt 0.822 0.536
vt 0.805 0.536
vt 0.79 0.536
vt 0.651 0.612
vt 0.735 0.612
vt 0.724 0.595
vt 0.805 0.53
vt 0.864 0.53
vt 0.831 0.53
vt 0.714 0.592
vt 0.815 0.592
vt 0.965 0.592
vt 0.886 0.592
vt 0.993 0.628
vt 0.971 0.571
vt 0.981 0.592
vt 1.095 0.592
vt 0.993 0.66
vt 0.168 0.65
vt 0.088 0.628
vt 0.088 0.66
vt 0.712 0.602
vt 0.799 0.574
vt 0.659 0.602
vt 0.462 0.58
vt 0.311 0.57
vt 0.427 0.602
vt 0.528 0.643
vt 0.533 0.661
vt 0.709 0.614
vt 0.848 0.617
vt 0.779 0.602
vt 0.808 0.643
vt 0.681 0.643
vt 0.777 0.662
vt 0.946 0.761
vt 1.134 0.724
vt 0.925 0.724
vt 0.389 0.629
vt 0.149 0.629
vt 0.435 0.629
vt 0.809 0.576
vt 0.797 0.585
vt 0.899 0.58
vt 0.908 0.536
vt 0.856 0.536
vt 0.903 0.536
vt 0.897 0.595
vt 0.904 0.601
vt 1.003 0.601
vt 0.894 0.641
vt 0.927 0.647
vt 1.004 0.641
vt 0.791 0.659
vt 0.777 0.666
vt 0.807 0.628
vt 0.783 0.641
vt 0.832 0.641
vt 0.888 0.53
vt 0.8 0.53
vt 0.884 0.555
vt 0.815 0.556
vt 0.894 0.552
vt 0.793 0.541
vt 0.95 0.548
vt 0.76 0.576
vt 0.883 0.556
vt 0.757 0.557
vt 0.894 0.556
vt 1.024 0.57
vt 0.838 0.588
vt 0.722 0.588
vt 0.805 0.711
vt 0.739 0.713
vt 1.063 0.592
vt 1.096 0.599
vt 0.066 0.579
vt 0.095 0.592
vt 0.13 0.592
vt 0.802 0.725
vt 0.938 0.725
vt 0.938 0.711
vt 0.936 0.711
vt 0.804 0.711
vt 0.657 0.606
vt 0.602 0.62
vt 0.715 0.603
vt 0.971 0.721
vt 0.937 0.713
vt 0.749 0.737
vt 0.8 0.725
vt 0.692 0.738
vt 0.753 0.62
vt 0.886 0.606
vt 0.71 0.59
vt 0.804 0.775
vt 0.532 0.621
vt 0.595 0.602
vt 0.465 0.602
vt 0.946 0.78
vt 0.312 0.602
vt 0.212 0.602
vt 0.32 0.602
vt 0.161 0.602
vt 0.197 0.626
vt 0.867 0.917
vt 0.717 0.913
vt 0.491 0.919
vt 0.702 0.932
vt 0.653 0.932
vt 0.555 0.935
vt 0.645 0.935
vt 0.176 0.935
vt 0.202 0.53
vt 0.113 0.55
vt 0.606 0.53
vt 1.114 0.911
vt 0.86 0.913
vt 1.266 0.913
vt 0.913 0.542
vt 1.334 0.53
vt 1.489 0.592
vt 1.009 0.862
vt 0.999 0.855
vt 0.72 0.856
vt 1.037 0.83
vt 0.836 0.829
vt 0.987 0.855
vt 0.799 0.886
vt 1.016 0.891
vt 1.068 0.884
vt 0.261 0.884
vt 0.245 0.858
vt 0.009 0.862
vt 0.016 0.891
vt 0.068 0.884
vt 0.497 0.913
vt 0.415 0.902
vt 0.286 0.884
vt 0.566 0.884
vt 1.027 0.913
vt 1.11 0.913
vt 0.42 0.913
vt 0.11 0.913
vt 0.114 0.911
vt 0.266 0.913
vt 0.569 0.756
vt 0.679 0.786
vt 0.697 0.75
vt 0.862 0.78
vt 0.987 0.823
vt 0.941 0.803
vt 0.844 0.786
vt 0.826 0.823
vt 1.107 0.753
vt 0.944 0.786
vt 1.025 0.786
vt 0.978 0.786
vt 1.107 0.786
vt 0.952 0.758
vt 0.709 0.72
vt 0.997 0.758
vt 0.932 0.758
vt 1.19 0.777
vt 0.622 0.758
vt 0.771 0.758
vt 0.701 0.802
vt 0.628 0.758
vt 0.503 0.758
vt 0.84 0.746
vt 0.85 0.715
vt 0.717 0.715
vt 0.628 0.719
vt 0.591 0.75
vt 0.727 0.744
vt 0.399 0.75
vt 0.209 0.75
vt 0.215 0.786
vt 1 0.75
vt 0.993 0.78
vt 0.939 0.718
vt 1.027 0.741
vt 0.99 0.75
vt 1.132 0.75
vt 0.88 0.686
vt 0.825 0.715
vt 0.948 0.715
vt 0.585 0.572
vt 0.132 0.75
vt 0.307 0.75
vt 0.225 0.745
vt 0.019 0.675
vt 0.298 0.675
vt 0.376 0.758
vt 0.253 0.716
vt 0.772 0.643
vt 0.847 0.643
vt 0.997 0.643
vt 0.885 0.679
vt 1.002 0.675
vt 0.963 0.715
vt 0.16 0.715
vt 0.257 0.715
vt 0.198 0.681
vt 0.704 0.804
vt 0.686 0.754
vt 0.595 0.754
vt 0.81 0.82
vt 0.752 0.804
vt 0.702 0.829
vt 0.544 0.864
vt 0.586 0.804
vt 0.415 0.804
vt 0.249 0.804
vt 0.381 0.864
vt 0.922 0.643
vt 0.304 0.643
vt 0.211 0.679
vt 1.119 0.668
vt 0.923 0.754
vt 1.087 0.804
vt 1.129 0.754
vt 0.968 0.53
vt 0.941 0.53
vt 0.965 0.532
vt 0.732 0.64
vt 0.799 0.64
vt 0.792 0.64
vt 0.656 0.596
vt 0.527 0.596
vt 0.519 0.596
vt 0.128 0.66
vt 0.389 0.706
vt 0.311 0.706
vt 0.949 0.536
vt 0.957 0.536
vt 0.909 0.536
vt 0.268 0.754
vt 0.32 0.706
vt 0.22 0.706
vt 0.622 0.691
vt 0.688 0.656
vt 0.539 0.683
vt 0.62 0.66
vt 0.52 0.66
vt 0.49 0.693
vt 0.424 0.674
vt 0.965 0.536
vt 0.931 0.538
vt 0.908 0.544
vt 0.908 0.553
vt 0.994 0.558
vt 1.008 0.553
vt 0.925 0.619
vt 0.919 0.591
vt 0.832 0.604
vt 0.931 0.62
vt 0.866 0.648
vt 0.929 0.631
vt 0.842 0.62
vt 0.6 0.61
vt 0.854 0.59
vt 0.572 0.599
vt 0.553 0.648
vt 0.684 0.655
vt 0.606 0.648
vt 0.753 0.671
vt 0.754 0.648
vt 0.814 0.62
vt 0.649 0.648
vt 0.689 0.648
vt 0.552 0.641
vt 0.037 0.56
vt 0.009 0.566
vt 0.14 0.572
vt 0.894 0.624
vt 0.756 0.624
vt 0.805 0.645
vt 0.162 0.574
vt 0.109 0.602
vt 0.73 0.655
vt 0.703 0.645
vt 0.623 0.646
vt 0.691 0.71
vt 0.633 0.686
vt 0.584 0.706
vt 0.902 0.843
vt 0.709 0.892
vt 0.928 0.894
vt 1.264 0.758
vt 1.271 0.837
vt 1.216 0.839
vt 0.548 0.837
vt 0.352 0.761
vt 0.55 0.847
vt 0.64 0.837
vt 0.19 0.777
vt 0.23 0.837
vt 0.568 0.864
vt 0.74 0.864
vt 0.254 0.798
vt 0.087 0.804
vt 0.318 0.804
vt 0.376 0.866
vt 0.252 0.864
vt 0.27 0.895
vt 1.04 0.59
vt 0.823 0.63
vt 1.072 0.675
vt 0.741 0.686
vt 0.784 0.675
vt 0.517 0.675
vt 0.915 0.675
vt 0.938 0.658
vt 0.862 0.657
vt 0.771 0.675
vt 0.63 0.675
vt 0.649 0.703
vt 0.752 0.703
vt 0.655 0.702
vt 0.752 0.702
vt 0.87 0.675
vt 0.756 0.675
vt 0.541 0.623
vt 0.677 0.623
vt 0.6 0.568
vt 0.776 0.746
vt 0.815 0.716
vt 0.691 0.716
vt 0.675 0.775
vt 0.763 0.776
vt 0.698 0.746
vt 0.776 0.716
vt 0.906 0.716
vt 0.816 0.686
vt 0.682 0.746
vt 0.569 0.746
vt 0.805 0.623
vt 0.754 0.594
vt 0.534 0.675
vt 0.676 0.644
vt 0.529 0.63
vt 0.514 0.675
vt 0.359 0.676
vt 0.505 0.689
vt 0.37 0.63
vt 0.385 0.675
vt 0.885 0.578
vt 0.905 0.623
vt 1.032 0.599
vt 1.09 0.623
vt 0.283 0.655
vt 0.521 0.661
vt 0.299 0.675
vt 0.178 0.685
vt 0.287 0.735
vt 0.056 0.703
vt 1.056 0.703
vt 0.933 0.708
vt 1.019 0.758
vt 0.755 0.756
vt 0.538 0.727
vt 0.77 0.723
vt 0.907 0.707
vt 0.753 0.568
vt 0.885 0.568
vt 0.747 0.551
vt 0.825 0.739
vt 0.743 0.742
vt 0.715 0.75
vt 0.21 0.601
vt 0.169 0.623
vt 0.385 0.623
vt 0.032 0.599
vt 0.13 0.6
vt 0.654 0.744
vt 0.578 0.732
vt 0.594 0.805
vt 0.676 0.776
vt 0.566 0.782
vt 0.598 0.82
vt 0.768 0.805
vt 0.686 0.805
vt 0.741 0.564
vt 1.046 0.53
vt 0.959 0.53
vt 0.858 0.805
vt 0.756 0.789
vt 0.669 0.835
vt 0.809 0.835
vt 0.424 0.53
vt 0.421 0.541
vt 0.82 0.543
vt 0.625 0.614
vt 0.976 0.59
vt 1.42 0.59
vt 1.258 0.531
vt 0.974 0.572
vt 1.204 0.583
vt 0.792 0.884
vt 0.706 0.868
vt 0.649 0.874
vt 0.541 0.928
vt 0.948 0.914
vt 1.398 0.889
vt 0.188 0.861
vt 0.093 0.868
vt 0.371 0.868
vt 1.082 0.892
vt 0.382 0.918
vt 0.398 0.889
vt 0.082 0.892
vt 0.681 0.807
vt 0.734 0.775
vt 0.573 0.769
vt 0.868 0.79
vt 0.889 0.856
vt 0.881 0.829
vt 0.5 0.825
vt 0.703 0.866
vt 0.482 0.864
vt 0.261 0.828
vt 0.905 0.811
vt 0.694 0.811
vt 1.142 0.811
vt 1.136 0.779
vt 1.234 0.811
vt 1.075 0.827
vt 1.188 0.861
vt 1.331 0.53
vt 0.885 0.538
vt 0.331 0.53
vt 0.811 0.72
vt 0.59 0.72
vt 0.864 0.72
vt 0.48 0.674
vt 0.661 0.661
vt 0.47 0.647
vt 0.506 0.756
vt 0.791 0.756
vt 0.643 0.674
vt 0.859 0.756
vt 0.765 0.756
vt 1.082 0.818
vt 0.771 0.765
vt 0.4 0.765
vt 0.567 0.765
vt 0.261 0.765
vt 0.607 0.717
vt 0.755 0.72
vt 0.887 0.713
vt 0.734 0.765
vt 0.881 0.765
vt 0.757 0.737
vt 1.041 0.765
vt 1.023 0.725
vt 1.079 0.63
vt 0.925 0.671
vt 1.142 0.66
vt 1.052 0.556
vt 0.825 0.589
vt 0.977 0.589
vt 0.24 0.674
vt 0.45 0.589
vt 0.25 0.589
vt 0.451 0.554
vt 0.233 0.589
vt 1.252 0.674
vt 0.965 0.674
vt 1.216 0.693
vt 0.255 0.719
vt 0.197 0.69
vt 0.023 0.725
vt 0.24 0.72
vt 0.452 0.805
vt 0.52 0.758
vt 0.334 0.758
vt 0.659 0.816
vt 0.745 0.758
vt 0.484 0.758
vt 0.014 0.758
vt 0 0.82
vt 0.189 0.781
vt 0.625 0.837
vt 0.464 0.837
vt 0.454 0.871
vt 0.849 0.756
vt 0.978 0.756
vt 0.574 0.756
vt 0.584 0.783
vt 0.573 0.756
vt 0.527 0.763
vt 0.661 0.783
vt 0.849 0.783
vt 0.714 0.756
vt 1.379 0.928
vt 0.954 0.928
vt 0.561 0.94
vt 0.999 0.837
vt 1.139 0.854
vt 1.464 0.837
vt 1 0.82
vt 0.66 0.837
vt 1.187 0.837
vt 0.187 0.837
vt 0.478 0.837
vt 0.856 0.871
vt 1.209 0.896
vt 0.139 0.854
vt 0.209 0.896
vt 1.321 0.915
vt 1.454 0.871
vt 0.898 0.878
vt 0.928 0.861
vt 0.719 0.861
vt 0.617 0.861
vt 0.719 0.836
vt 0.557 0.836
vt 0.803 0.891
vt 0.898 0.885
vt 0.621 0.885
vt 0.596 0.907
vt 0.819 0.932
vt 0.991 0.926
vt 0.578 0.926
vt 0.958 0.569
vt 0.811 0.569
vt 0.952 0.569
vt 0.952 0.625
vt 0.812 0.625
vt 0.479 0.625
vt 0.111 0.553
vt 0.102 0.549
vt 0.009 0.553
vt 0.099 0.601
vt 0.001 0.601
vt 0.004 0.61
vt 0.195 0.58
vt 0.104 0.585
vt 0.145 0.588
vt 0.103 0.589
vt 0.094 0.601
vt 0.182 0.601
vt 0.166 0.641
vt 0.198 0.628
vt 0.092 0.641
vt 0.09 0.646
vt 0.211 0.641
vt 0.11 0.641
vt 1.002 0.628
vt 0.907 0.628
vt 1.029 0.628
vt 0.186 0.543
vt 0.103 0.53
vt 0.088 0.559
vt 0.207 0.576
vt 0.104 0.554
vt 0.121 0.588
vt 1.008 0.552
vt 0.884 0.554
vt 1.01 0.554
vt 0.008 0.552
vt 0.01 0.554
vt 0.793 0.601
vt 0.86 0.601
vt 0.9 0.593
vt 0.219 0.74
vt 0.103 0.74
vt 0.276 0.753
vt 0.018 0.568
vt 0.047 0.584
vt 0.044 0.558
vt 0.281 0.755
vt 0.226 0.765
vt 0.119 0.755
vt 0.366 0.628
vt 0.154 0.624
vt 0.23 0.655
vt 0.179 0.802
vt 0.201 0.788
vt 0.083 0.794
vt 0.1 0.789
vt 0.678 0.592
vt 0.507 0.592
vt 0.576 0.604
vt 0.677 0.608
vt 0.921 0.767
vt 0.939 0.77
vt 0.977 0.77
vt 0.975 0.77
vt 1.07 0.782
vt 0.866 0.562
vt 0.765 0.585
vt 0.957 0.568
vt 0.955 0.562
vt 0.76 0.562
vt 0.921 0.562
vt 0.471 0.648
vt 0.517 0.638
vt 0.413 0.637
vt 0.921 0.608
vt 0.757 0.608
vt 0.978 0.613
vt 0.959 0.597
vt 1.013 0.562
vt 0.198 0.637
vt 0.208 0.675
vt 0.318 0.637
vt 0.775 0.637
vt 0.961 0.629
vt 0.769 0.621
vt 0.44 0.637
vt 0.639 0.637
vt 0.433 0.664
vt 0.648 0.675
vt 0.546 0.637
vt 0.792 0.677
vt 0.91 0.69
vt 0.957 0.675
vt 0.098 0.658
vt 0.079 0.675
vt 0.468 0.675
vt 1.104 0.701
vt 0.979 0.678
vt 1.046 0.705
vt 0.269 0.548
vt 0.267 0.544
vt 0.195 0.55
vt 0.392 0.662
vt 0.325 0.662
vt 0.224 0.536
vt 0.173 0.536
vt 0.195 0.536
vt 0.253 0.72
vt 0.324 0.759
vt 0.4 0.72
vt 0.162 0.72
vt 0.131 0.759
vt 0.275 0.759
vt 1.07 0.803
vt 0.81 0.845
vt 1.131 0.836
vt 0.31 0.625
vt 0.356 0.625
vt 0.428 0.625
vt 0.257 0.54
vt 0.301 0.555
vt 0.195 0.559
vt 0.192 0.617
vt 0.186 0.601
vt 0.096 0.625
vt 1.094 0.601
vt 0.987 0.601
vt 1.096 0.625
vt 0.858 0.601
vt 0.79 0.61
vt 0.759 0.615
vt 0.833 0.642
vt 0.985 0.588
vt 0.973 0.601
vt 0.875 0.642
vt 0.834 0.642
vt 0.945 0.651
vt 1.018 0.642
vt 1.016 0.666
vt 1.033 0.642
vt 0.695 0.642
vt 0.364 0.608
vt 0.283 0.629
vt 0.416 0.614
vt 0.59 0.608
vt 0.522 0.608
vt 0.279 0.608
vt 0.188 0.608
vt 0.12 0.651
vt 1.117 0.608
vt 1.188 0.608
vt 0.509 0.608
vt 0.404 0.608
vt 0.726 0.69
vt 0.69 0.653
vt 0.561 0.653
vt 0.777 0.652
vt 0.273 0.652
vt 0.885 0.652
vt 0.742 0.651
vt 0.902 0.69
vt 0.944 0.661
vt 0.925 0.69
vt 0.917 0.69
vt 1.072 0.699
vt 0.951 0.652
vt 1.161 0.652
vt 0.266 0.678
vt 0.216 0.699
vt 0.165 0.642
vt 0.145 0.683
vt 0.198 0.642
vt 0.105 0.642
vt 0.15 0.678
vt 0.698 0.645
vt 0.705 0.677
vt 0.793 0.713
vt 0.844 0.678
vt 0.702 0.678
vt 0.927 0.713
vt 0.016 0.666
vt 0.955 0.678
vt 1.022 0.713
vt 0.714 0.707
vt 0.617 0.713
vt 0.273 0.69
vt 0.346 0.676
vt 0.199 0.681
vt 1.12 0.651
vt 1.273 0.652
vt 1.228 0.69
vt 0.532 0.684
vt 0.433 0.69
vt 0.252 0.763
vt 0.132 0.763
vt 0.249 0.78
vt 0.767 0.705
vt 0.964 0.728
vt 0.954 0.763
vt 1.019 0.763
vt 1.195 0.75
vt 1.05 0.728
vt 0.953 0.732
vt 0.058 0.69
vt 0.871 0.791
vt 1.032 0.795
vt 0.032 0.795
vt 0.862 0.795
vt 0.81 0.827
vt 0.308 0.727
vt 0.312 0.713
vt 0.18 0.713
vt 0.296 0.746
vt 0.205 0.746
vt 0.13 0.746
vt 0.194 0.743
vt 0.046 0.678
vt 0.022 0.713
vt 0.045 0.713
vt 0.574 0.748
vt 0.596 0.746
vt 0.427 0.746
vt 0.788 0.713
vt 0.677 0.746
vt 0.825 0.746
vt 0.777 0.746
vt 0.751 0.776
vt 0.954 0.827
vt 0.984 0.838
vt 1.173 0.831
vt 0.499 0.87
vt 0.698 0.865
vt 0.555 0.859
vt 0.369 0.827
vt 0.173 0.831
vt 0.196 0.865
vt 0.806 0.827
vt 0.847 0.84
vt 0.818 0.899
vt 0.778 0.859
vt 0.681 0.859
vt 1.201 0.859
vt 0.173 0.933
vt 0.553 0.899
vt 0.212 0.899
vt 1.497 0.937
vt 0.833 0.903
vt 1.173 0.933
vt 0.908 0.929
vt 1.212 0.899
vt 0.207 0.746
vt 0.367 0.743
vt 0.366 0.776
vt 0.428 0.776
vt 0.256 0.776
vt 0.788 0.746
vt 0.727 0.743
vt 0.642 0.746
vt 0.065 0.776
vt 0.08 0.778
vt 0.229 0.778
vt 0.596 0.776
vt 0.038 0.536
vt 0.113 0.532
vt 0.047 0.536
vt 0.091 0.53
vt 0.082 0.53
vt 0.28 0.65
vt 0.26 0.68
vt 0.333 0.689
vt 0.89 0.588
vt 1.009 0.588
vt 0.01 0.579
vt 0.099 0.588
vt 0.987 0.62
vt 0.122 0.59
vt 0.114 0.62
vt 0.18 0.62
vt 1.007 0.62
vt 0.986 0.626
vt 1.123 0.637
vt 0.04 0.579
vt 0.15 0.59
vt 0.287 0.569
vt 0.904 0.574
vt 0.855 0.589
vt 1.04 0.579
vt 0.005 0.634
vt 0.017 0.648
vt 0.123 0.637
vt 0.947 0.556
vt 0.894 0.561
vt 1.018 0.568
vt 0.484 0.648
vt 0.455 0.642
vt 0.476 0.648
vt 0.423 0.636
vt 0.309 0.636
vt 0.385 0.648
vt 0.322 0.615
vt 0.296 0.62
vt 0.204 0.65
vt 0.117 0.648
vt 0.134 0.654
vt 1.047 0.584
vt 0.89 0.59
vt 0.999 0.59
vt 0.181 0.585
vt 0.095 0.59
vt 0.498 0.702
vt 0.18 0.59
vt 0.108 0.624
vt 0.198 0.624
vt 0.039 0.624
vt 0.001 0.636
vt 0.116 0.638
vt 0.919 0.624
vt 1 0.624
vt 0.075 0.655
vt 0.491 0.655
vt 0.392 0.706
vt 0.492 0.687
vt 0.47 0.686
vt 0.365 0.655
vt 0.234 0.662
vt 0.297 0.686
vt 0.389 0.686
vt 0.001 0.686
vt 0.001 0.694
vt 0.093 0.707
vt 0.468 0.741
vt 0.494 0.716
vt 0.392 0.716
vt 0.543 0.714
vt 0.648 0.685
vt 0.465 0.714
vt 0.175 0.714
vt 0.218 0.74
vt 0.464 0.714
vt 0.788 0.714
vt 1.218 0.74
vt 0.95 0.747
vt 1.174 0.751
vt 1.234 0.784
vt 0.954 0.751
vt 0.99 0.784
vt 0.43 0.72
vt 0.584 0.704
vt 0.459 0.703
vt 0.493 0.759
vt 0.419 0.759
vt 0.495 0.803
vt 0.725 0.759
vt 0.672 0.739
vt 0.461 0.759
vt 0.489 0.944
vt 0.554 0.925
vt 0.254 0.925
vt 0.467 0.862
vt 0.534 0.862
vt 0.828 0.776
vt 0.714 0.78
vt 0.892 0.78
vt 0.959 0.752
vt 0.923 0.776
vt 0.989 0.776
vt 0.171 0.806
vt 0.036 0.806
vt 0.198 0.834
vt 0.039 0.591
vt 0.031 0.645
vt 0.222 0.677
vt 0.576 0.624
vt 0.78 0.591
vt 0.607 0.591
vt 0.709 0.738
vt 0.574 0.677
vt 0.424 0.677
vt 0.67 0.677
vt 0.737 0.677
vt 0.885 0.591
vt 0.441 0.753
vt 0.704 0.826
vt 0.692 0.806
vt 0.596 0.811
vt 0.87 0.806
vt 0.437 0.837
vt 0.509 0.834
vt 0.282 0.834
vt 0.058 0.808
vt 0.312 0.664
vt 0.416 0.666
vt 0.803 0.806
vt 0.92 0.806
vt 0.849 0.796
vt 1.058 0.808
vt 0.952 0.807
vt 1.078 0.834
vt 0.342 0.677
vt 0.998 0.834
vt 0.96 0.834
vt 1.15 0.835
vt 0.522 0.833
vt 0.405 0.807
vt 0.361 0.834
vt 0.49 0.861
vt 0.605 0.837
vt 0.593 0.834
vt 0.623 0.806
vt 0.886 0.833
vt 0.797 0.858
vt 0.977 0.86
vt 0.524 0.863
vt 0.5 0.862
vt 0.261 0.87
vt 0.774 0.882
vt 0.62 0.862
vt 0.347 0.892
vt 0.628 0.892
vt 0.127 0.878
vt 0.249 0.862
vt 0.15 0.835
vt 0.903 0.892
vt 0.817 0.862
vt 0.432 0.892
vt 0.772 0.892
vt 0.638 0.898
vt 0.912 0.894
vt 0.797 0.918
vt 1.127 0.878
vt 1.036 0.892
vt 1.049 0.914
vt 0.719 0.938
vt 0.637 0.918
vt 0.408 0.919
vt 0.426 0.943
vt 0.723 0.94
vt 0.468 0.94
vt 0.803 0.919
vt 0.972 0.938
vt 0.458 0.918
vt 0.403 0.918
vt 0.197 0.918
vt 1.054 0.918
vt 1.2 0.921
vt 1.426 0.943
vt 1.262 0.94
vt 0.978 0.94
vt 0.2 0.921
vt 0.379 0.918
vt 0.054 0.918
vt 0.669 0.94
vt 0.541 0.748
vt 0.441 0.748
vt 0.399 0.805
vt 0.265 0.691
vt 0.192 0.691
vt 0.49 0.748
vt 0.653 0.748
vt 0.542 0.691
vt 0.509 0.748
vt 0.758 0.866
vt 0.758 0.885
vt 0.981 0.874
vt 0.356 0.59
vt 0.38 0.59
vt 0.149 0.591
vt 0.04 0.59
vt 0.191 0.675
vt 0.354 0.614
vt 1.072 0.59
vt 0.862 0.611
vt 1.133 0.602
vt 0.203 0.648
vt 0.17 0.648
vt 0.319 0.696
vt 0.274 0.675
vt 0.18 0.675
vt 0.511 0.608
vt 1.011 0.671
vt 1.063 0.66
vt 0.011 0.671
vt 0.097 0.675
vt 0.063 0.66
vt 0.509 0.646
vt 0.428 0.613
vt 0.581 0.627
vt 0.839 0.675
vt 0.755 0.676
vt 1.002 0.699
vt 0.396 0.675
vt 0.391 0.702
vt 0.493 0.69
vt 0.314 0.702
vt 0.152 0.702
vt 0.217 0.719
vt 0.599 0.702
vt 0.651 0.702
vt 0.444 0.735
vt 0.508 0.729
vt 1.001 0.694
vt 1.001 0.716
vt 0.564 0.776
vt 0.59 0.746
vt 0.468 0.746
vt 0.301 0.716
vt 0.215 0.727
vt 0.27 0.776
vt 0.387 0.746
vt 0.092 0.716
vt 0.105 0.746
vt 0.178 0.746
vt 1.003 0.739
vt 0.907 0.722
vt 0.922 0.746
vt 0.088 0.746
vt 0.004 0.746
vt 0.113 0.776
vt 1.015 0.776
vt 0.913 0.784
vt 1.112 0.787
vt 1.151 0.787
vt 1.275 0.668
vt 0.994 0.675
vt 1.231 0.675
vt 0.745 0.675
vt 0.447 0.675
vt 1.158 0.76
vt 0.885 0.784
vt 1.24 0.794
vt 0.839 0.76
vt 0.58 0.76
vt 0.28 0.76
vt 0.854 0.839
vt 0.771 0.852
vt 1.066 0.865
vt 0.528 0.839
vt 0.744 0.839
vt 0.075 0.839
vt 0.24 0.794
vt 1.198 0.748
vt 0.977 0.805
vt 1.486 0.805
vt 0.465 0.927
vt 0.655 0.866
vt 0.513 0.866
vt 0.754 0.866
vt 0.659 0.806
vt 0.48 0.866
vt 0.1 0.68
vt 0.04 0.702
vt 0.11 0.702
vt 0.195 0.702
vt 0.289 0.729
vt 0.263 0.754
vt 0.383 0.729
vt 0.209 0.729
vt 1.044 0.729
vt 0.914 0.729
vt 0.998 0.733
vt 0.263 0.756
vt 0.391 0.776
vt 0.381 0.756
vt 0.526 0.756
vt 0.393 0.704
vt 0.358 0.729
vt 0.442 0.729
vt 0.389 0.756
vt 1.113 0.776
vt 0.918 0.776
vt 1.068 0.776
vt 0.4 0.797
vt 0.309 0.805
vt 0.181 0.757
vt 0.311 0.585
vt 0.359 0.53
vt 0.249 0.53
vt 0.12 0.53
vt 0.041 0.53
vt 0.121 0.578
vt 0.313 0.59
vt 0.253 0.585
vt 0.123 0.585
vt 1.051 0.805
vt 1.041 0.53
vt 0.861 0.552
vt 1.121 0.578
vt 1.009 0.54
vt 0.865 0.56
vt 0.923 0.59
vt 0.862 0.585
vt 0.881 0.598
vt 1.01 0.596
vt 0.471 0.805
vt 0.337 0.835
vt 0.505 0.835
vt 0.317 0.821
vt 0.461 0.574
vt 0.597 0.604
vt 0.674 0.586
vt 0.462 0.585
vt 0.469 0.585
vt 0.594 0.585
vt 0.436 0.865
vt 0.507 0.838
vt 0.342 0.841
vt 0.436 0.875
vt 0.661 0.875
vt 0.505 0.865
vt 0.218 0.839
vt 0.169 0.841
vt 0.864 0.758
vt 0.697 0.732
vt 1.035 0.758
vt 0.892 0.761
vt 1.216 0.758
vt 0.216 0.758
vt 0.06 0.831
vt 0.297 0.811
vt 1.06 0.831
vt 0.674 0.822
vt 0.16 0.837
vt 0.56 0.837
vt 0.474 0.643
vt 0.293 0.664
vt 0.147 0.591
vt 0.169 0.677
vt 0.331 0.604
vt 1.147 0.591
vt 0.983 0.632
vt 1.169 0.677
vt 0.391 0.783
vt 0.275 0.783
vt 0.313 0.795
vt 0.488 0.81
vt 0.388 0.81
vt 0.414 0.836
vt 0.028 0.845
vt 0.023 0.865
vt 0.803 0.843
vt 0.882 0.865
vt 1.023 0.865
vt 0.123 0.865
vt 0.544 0.899
vt 0.653 0.893
vt 0.443 0.893
vt 0.699 0.893
vt 0.542 0.893
vt 0.724 0.917
vt 0.88 0.893
vt 1.056 0.923
vt 0.357 0.916
vt 1.351 0.837
vt 1.097 0.875
vt 0.821 0.899
vt 1.074 0.837
vt 1.214 0.534
vt 1.139 0.59
vt 0.921 0.676
vt 0.785 0.687
vt 1.168 0.676
vt 1.134 0.653
vt 0.76 0.676
vt 1.231 0.676
vt 0.576 0.676
vt 0.453 0.657
vt 0.358 0.762
vt 0.668 0.759
vt 0.375 0.759
vt 0.65 0.751
vt 0.949 0.759
vt 0.082 0.662
vt 0.464 0.743
vt 0.651 0.691
vt 0.476 0.664
vt 0.953 0.59
vt 0.734 0.549
vt 0.762 0.59
vt 0.779 0.53
vt 0.699 0.552
vt 0.596 0.536
vt 0.568 0.59
vt 0.723 0.664
vt 0.832 0.707
vt 1.009 0.664
vt 0.474 0.575
vt 0.419 0.571
vt 0.304 0.667
vt 0.097 0.679
vt 0.221 0.707
vt 0.497 0.748
vt 0.283 0.743
vt 0.303 0.755
vt 0.148 0.565
vt 0.552 0.53
vt 0.06 0.54
vt 0.571 0.625
vt 0.403 0.648
vt 0.418 0.59
vt 0.143 0.62
vt 0.448 0.641
vt 0.701 0.756
vt 0.611 0.743
vt 0.651 0.743
vt 1.375 0.759
vt 0.983 0.759
vt 1.358 0.762
vt 1.042 0.652
vt 0.653 0.676
vt 0.855 0.676
vt 0.394 0.821
vt 0.796 0.794
vt 1.187 0.758
vt 0.879 0.758
vt 0.163 0.795
vt 0.845 0.743
vt 0.916 0.772
vt 1.033 0.735
vt 0.895 0.743
vt 1.216 0.743
vt 0.861 0.813
vt 1.163 0.795
vt 1.207 0.826
vt 0.877 0.826
vt 1.197 0.87
vt 0.62 0.818
vt 0.905 0.826
vt 0.688 0.758
vt 1.063 0.758
vt 1.256 0.726
vt 0.91 0.758
vt 0.52 0.815
vt 0.345 0.824
vt 0.102 0.837
vt 0.77 0.915
vt 0.874 0.837
vt 1.307 0.877
vt 0.307 0.877
vt 0.301 0.837
vt 0.355 0.937
vt 0.635 0.91
vt 0.207 0.91
vt 0.612 0.637
vt 0.763 0.644
vt 0.842 0.61
vt 0.542 0.658
vt 0.546 0.642
vt 0.348 0.677
vt 0.775 0.723
vt 0.744 0.677
vt 0.541 0.677
vt 0.807 0.677
vt 0.984 0.677
vt 0.522 0.742
vt 0.997 0.677
vt 0.151 0.783
vt 0.067 0.794
vt 0.212 0.81
vt 0.111 0.81
vt 0.558 0.834
vt 0.317 0.836
vt 0.22 0.861
vt 0.557 0.951
vt 0.722 0.923
vt 0.477 0.943
vt 1.053 0.932
vt 1.308 0.835
vt 0.973 0.836
vt 1.05 0.891
vt 0.989 0.837
vt 0.623 0.837
vt 1.355 0.937
vt 0.921 0.91
vt 1.207 0.91
vt 1.158 0.697
vt 0.999 0.73
vt 0.976 0.76
vt 0.404 0.76
vt 0.235 0.788
vt 0.524 0.76
vt 1.276 0.76
vt 0.989 0.785
vt 1.235 0.788
vt 0.76 0.802
vt 0.716 0.76
vt 0.486 0.839
vt 0.811 0.839
vt 0.309 0.839
vt 0.196 0.873
vt 0.485 0.854
vt 0.974 0.836
vt 0.926 0.85
vt 1.1 0.836
vt 0.374 0.874
vt 0.538 0.865
vt 0.41 0.861
vt 0.22 0.862
vt 0.768 0.916
vt 1.485 0.854
vt 1.196 0.873
vt 0.855 0.859
vt 0.226 0.885
vt 0.059 0.885
vt 0.246 0.907
vt 0.374 0.885
vt 1.012 0.937
vt 1.296 0.926
vt 0.243 0.909
vt 0.013 0.926
vt 0.319 0.926
vt 0.5 0.934
vt 0.262 0.936
vt 0.296 0.926
vt 0.963 0.53
vt 0.969 0.53
vt 1.447 0.589
vt 0.871 0.944
vt 0.549 0.944
vt 1.39 0.94
vt 0.234 0.784
vt 0.151 0.787
vt 0.508 0.787
vt 0.699 0.823
vt 0.868 0.793
vt 0.508 0.797
vt 0.389 0.839
vt 0.545 0.823
vt 0.165 0.823
vt 0.69 0.83
vt 1.165 0.823
vt 0.862 0.823
vt 0.954 0.846
vt 1.106 0.859
vt 0.106 0.859
vt 0.749 0.859
vt 0.578 0.858
vt 0.574 0.899
vt 0.977 0.892
vt 0.58 0.859
vt 1.389 0.839
vt 1.115 0.861
vt 1.356 0.899
vt 0.613 0.922
vt 0.636 0.941
vt 0.803 0.922
vt 0.009 0.916
vt 1.359 0.916
vt 1.367 0.833
vt 1.073 0.838
vt 0.434 0.893
vt 0.361 0.838
vt 0.01 0.869
vt 0.829 0.771
vt 0.116 0.76
vt 0.29 0.742
vt 0.017 0.755
vt 0.886 0.834
vt 0.995 0.806
vt 0.211 0.918
vt 0.361 0.918
vt 0.017 0.918
vt 0.149 0.888
vt 0.675 0.888
vt 0.324 0.888
vt 0.002 0.687
vt 0.902 0.677
vt 0.829 0.677
vt 0.223 0.677
vt 0.664 0.775
vt 0.613 0.777
vt 0.56 0.75
vt 0.953 0.753
vt 0.434 0.651
vt 0.652 0.651
vt 0.438 0.689
vt 0.475 0.764
vt 0.497 0.772
vt 0.951 0.83
vt 0.812 0.852
vt 0.689 0.767
vt 0.849 0.767
vt 0.302 0.813
vt 0.46 0.667
vt 0.45 0.682
vt 0.448 0.717
vt 0.2 0.724
vt 1.225 0.767
vt 0.701 0.616
vt 0.595 0.616
vt 0.583 0.667
vt 0.419 0.667
vt 0.401 0.616
vt 0.227 0.616
vt 0.984 0.675
vt 0.696 0.724
vt 0.598 0.726
vt 0.595 0.722
vt 0.694 0.722
vt 0.61 0.7
vt 0.564 0.717
vt 0.512 0.716
vt 0.462 0.722
vt 0.593 0.75
vt 0.703 0.75
vt 0.673 0.75
vt 0.888 0.75
vt 0.953 0.75
vt 0.741 0.722
vt 0.854 0.721
vt 0.925 0.75
vt 0.721 0.607
vt 0.786 0.722
vt 0.807 0.593
vt 0.714 0.575
vt 0.983 0.704
vt 0.963 0.667
vt 0.883 0.689
vt 0.994 0.764
vt 0.982 0.769
vt 1.42 0.846
vt 1.194 0.866
vt 0.058 0.873
vt 0.046 0.927
vt 0.846 0.805
vt 0.581 0.79
vt 0.246 0.866
vt 1 0.866
vt 0.896 0.805
vt 0.997 0.805
vt 0.733 0.616
vt 0.978 0.883
vt 1.081 0.862
vt 0.861 0.667
vt 0.717 0.649
vt 0.668 0.649
vt 0.797 0.672
vt 0.807 0.69
vt 0.887 0.688
vt 0.888 0.607
vt 0.586 0.565
vt 0.702 0.565
vt 0.775 0.554
vt 0.038 0.565
vt 1.046 0.696
vt 1.091 0.695
vt 0.885 0.587
vt 0.722 0.922
vt 1.203 0.922
vt 1.469 0.93
vt 0.978 0.922
vt 0.659 0.921
vt 1.287 0.922
vt 0.061 0.922
vt 1.124 0.941
vt 0.672 0.895
vt 1.137 0.87
vt 0.533 0.53
vt 0.557 0.53
vt 0.608 0.53
vt 0.997 0.791
vt 1.198 0.782
vt 0.968 0.754
vt 0.4 0.827
vt 0.382 0.819
vt 0.629 0.827
vt 0.632 0.826
vt 0.467 0.793
vt 0.176 0.827
vt 1.338 0.834
vt 0.662 0.827
vt 1.011 0.673
vt 0.831 0.589
vt 0.675 0.673
vt 0.52 0.754
vt 0.464 0.754
vt 0.242 0.754
vt 0.899 0.827
vt 1.035 0.827
vt 0.005 0.827
vt 0.074 0.841
vt 0.081 0.862
vt 0.662 0.801
vt 0.625 0.793
vt 0.356 0.793
vt 0.453 0.793
vt 0.278 0.793
vt 0.377 0.793
vt 0.293 0.794
vt 0.341 0.757
vt 0.019 0.837
vt 1.341 0.757
vt 1.31 0.744
vt 0.89 0.748
vt 0.585 0.805
vt 0.798 0.748
vt 0.913 0.692
vt 0.319 0.748
vt 0.734 0.691
vt 0.589 0.624
vt 0.516 0.534
vt 0.53 0.536
vt 0.009 0.66
vt 0.124 0.671
vt 0.011 0.642
vt 0.5 0.558
vt 0.588 0.556
vt 0.528 0.553
vt 0.488 0.536
vt 0.595 0.576
vt 0.5 0.576
vt 0.595 0.588
vt 1.009 0.66
vt 0.651 0.588
vt 0.499 0.588
vt 0.59 0.537
vt 0.661 0.591
vt 0.501 0.599
vt 0.241 0.675
vt 0.986 0.638
vt 0.814 0.603
vt 0.57 0.818
vt 0.577 0.833
vt 0.686 0.818
vt 0.527 0.844
vt 0.695 0.847
vt 1.242 0.754
vt 1.094 0.673
vt 1.005 0.827
vt 0.33 0.589
vt 0.234 0.53
vt 0.084 0.576
vt 0.778 0.827
vt 0.869 0.757
vt 0.574 0.691
vt 0.539 0.723
vt 0.566 0.691
vt 0.431 0.723
vt 0.073 0.723
vt 0.585 0.945
vt 0.713 0.925
vt 0.455 0.925
vt 0.507 0.803
vt 0.947 0.773
vt 1.176 0.803
vt 1.014 0.903
vt 0.936 0.903
vt 1.188 0.901
vt 0.839 0.66
vt 0.717 0.66
vt 0.31 0.744
vt 0.32 0.675
vt 0.104 0.699
vt 0.96 0.63
vt 1.173 0.605
vt 0.981 0.675
vt 0.094 0.68
vt 0.581 0.748
vt 0.666 0.692
vt 0.686 0.536
vt 0.682 0.536
vt 0.651 0.536
vt 0.719 0.544
vt 0.694 0.536
vt 0.652 0.544
vt 0.833 0.724
vt 0.195 0.629
vt 0.091 0.629
vt 0.444 0.761
vt 0.719 0.546
vt 0.712 0.576
vt 0.696 0.584
vt 0.702 0.576
vt 0.739 0.576
vt 0.804 0.576
vt 0.687 0.593
vt 0.584 0.592
vt 0.619 0.628
vt 0.712 0.628
vt 0.715 0.592
vt 0.217 0.66
vt 0.274 0.66
vt 0.166 0.66
vt 0.666 0.536
vt 0.608 0.536
vt 0.885 0.597
vt 0.514 0.597
vt 1.363 0.597
vt 0.513 0.557
vt 0.441 0.556
vt 0.36 0.557
vt 0.71 0.601
vt 0.603 0.601
vt 0.593 0.628
vt 0.66 0.628
vt 0.708 0.641
vt 0.596 0.641
vt 0.67 0.641
vt 0.665 0.628
vt 0.711 0.635
vt 0.677 0.555
vt 0.693 0.591
vt 0.695 0.591
vt 0.807 0.604
vt 0.717 0.654
vt 0.794 0.654
vt 0.696 0.668
vt 0.471 0.585
vt 0.395 0.587
vt 0.328 0.592
vt 0.579 0.711
vt 0.593 0.729
vt 0.506 0.726
vt 0.527 0.739
vt 0.587 0.753
vt 0.692 0.74
vt 0.59 0.74
vt 0.581 0.74
vt 0.72 0.75
vt 0.688 0.725
vt 0.51 0.773
vt 0.464 0.555
vt 0.602 0.56
vt 0.504 0.53
vt 0.571 0.818
vt 0.698 0.786
vt 0.737 0.802
vt 0.89 0.847
vt 0.908 0.861
vt 0.92 0.851
vt 0.716 0.861
vt 0.595 0.874
vt 0.729 0.874
vt 0.472 0.922
vt 0.373 0.929
vt 0.634 0.942
vt 0.307 0.95
vt 0.468 0.958
vt 0.102 0.589
vt 0.505 0.589
vt 0.152 0.922
vt 0.077 0.934
vt 0.836 0.836
vt 1.119 0.757
vt 0.818 0.757
vt 0.361 0.883
vt 1.096 0.883
vt 1.008 0.836
vt 1.195 0.828
vt 0.813 0.848
vt 0.527 0.836
vt 1.294 0.897
vt 0.78 0.702
vt 0.803 0.675
vt 0.782 0.625
vt 0.563 0.675
vt 0.213 0.86
vt 0.367 0.878
vt 0.304 0.757
vt 0.119 0.757
vt 0.195 0.828
vt 0.957 0.86
vt 0.997 0.834
vt 0.311 0.834
vt 1.092 0.834
vt 0.785 0.675
vt 0.699 0.675
vt 0.778 0.624
vt 0.294 0.897
vt 0.227 0.836
vt 0.175 0.836
vt 0.709 0.59
vt 0.48 0.675
vt 1.313 0.909
vt 1.119 0.909
vt 0.518 0.777
vt 0.407 0.75
vt 0.484 0.727
vt 0.474 0.799
vt 0.323 0.799
vt 0.332 0.834
vt 0.224 0.799
vt 0.155 0.834
vt 0.09 0.834
vt 1.065 0.834
vt 0.986 0.799
vt 1.072 0.799
vt 0.639 0.868
vt 1.224 0.906
vt 0.081 0.868
vt 0.008 0.879
vt 0.308 0.709
vt 0.577 0.659
vt 0.403 0.659
vt 0.27 0.659
vt 0.278 0.679
vt 0.942 0.738
vt 1.444 0.866
vt 1.202 0.884
vt 0.202 0.884
vt 0.321 0.728
vt 0.263 0.738
vt 0.781 0.59
vt 0.836 0.59
vt 0.147 0.711
vt 0.121 0.738
vt 0.973 0.592
vt 0.835 0.6
vt 1.121 0.738
vt 1.187 0.776
vt 0.812 0.675
vt 1.054 0.611
vt 0.889 0.675
vt 0.801 0.738
vt 0.007 0.769
vt 0.364 0.822
vt 0.212 0.874
vt 0.207 0.909
vt 0.311 0.91
vt 0.064 0.828
vt 1.311 0.91
vt 0.4 0.722
vt 0.41 0.722
vt 0.267 0.722
vt 1.047 0.75
vt 0.129 0.777
vt 0.227 0.806
vt 0.17 0.722
vt 0.299 0.571
vt 0.383 0.583
vt 0.297 0.627
vt 0.259 0.53
vt 0.387 0.53
vt 0.985 0.651
vt 1.144 0.644
vt 0.09 0.635
vt 0.144 0.644
vt 0.184 0.619
vt 0.868 0.53
vt 1.04 0.583
vt 1.089 0.54
vt 0.089 0.54
vt 1.058 0.53
vt 1.036 0.53
vt 0.056 0.607
vt 0.785 0.583
vt 0.149 0.727
vt 0.231 0.764
vt 0.164 0.764
vt 0.317 0.875
vt 0.05 0.875
vt 0.495 0.796
vt 0.196 0.796
vt 1.195 0.804
vt 0.992 0.796
vt 0.447 0.68
vt 0.32 0.757
vt 0.725 0.706
vt 0.619 0.837
vt 1.049 0.837
vt 1.047 0.861
vt 1.198 0.837
vt 0.777 0.757
vt 0.25 0.724
vt 0.057 0.757
vt 0.763 0.756
vt 0.83 0.675
vt 0.816 0.623
vt 0.861 0.675
vt 1.055 0.675
vt 0.184 0.59
vt 0.642 0.675
vt 0.035 0.659
vt 0.09 0.666
vt 0.995 0.836
vt 1.079 0.836
vt 0.033 0.777
vt 0.104 0.832
vt 0.054 0.611
vt 1.187 0.55
vt 0.974 0.59
vt 1.054 0.59
vt 1.04 0.675
vt 1.089 0.69
vt 0.983 0.675
vt 0.189 0.675
vt 1.043 0.757
vt 0.516 0.836
vt 0.972 0.836
vt 1.315 0.836
vt 0.581 0.891
vt 0.76 0.866
vt 0.036 0.866
vt 0.095 0.805
vt 0.028 0.815
vt 0.834 0.805
vt 1.029 0.748
vt 0.629 0.6
vt 0.803 0.611
vt 0.358 0.696
vt 0.357 0.693
vt 0.768 0.675
vt 1.018 0.618
vt 0.381 0.741
vt 0.282 0.606
vt 0.018 0.618
vt 0.309 0.672
vt 0.306 0.672
vt 0.177 0.661
vt 0.492 0.59
vt 0.329 0.587
vt 0.283 0.59
vt 0.19 0.649
vt 0.092 0.696
vt 0.475 0.682
vt 0.318 0.682
vt 0.192 0.719
vt 0.078 0.744
vt 1.078 0.744
vt 1.192 0.719
vt 1.187 0.682
vt 0.949 0.756
vt 1.168 0.756
vt 1.079 0.756
vt 0.38 0.866
vt 0.234 0.888
vt 0.187 0.866
vt 0.037 0.908
vt 0.939 0.691
vt 0.915 0.67
vt 0.913 0.691
vt 0.599 0.641
vt 1.39 0.691
vt 0.949 0.691
vt 0.307 0.691
vt 0.303 0.641
vt 0.391 0.634
vt 0.308 0.641
vt 0.499 0.553
vt 0.402 0.553
vt 0.396 0.553
vt 0.453 0.553
vt 0.392 0.544
vt 0.392 0.553
vt 0.339 0.554
vt 0.402 0.557
vt 0.498 0.601
vt 0.392 0.601
vt 0.403 0.605
vt 0.324 0.601
vt 0.436 0.591
vt 0.374 0.591
vt 0.499 0.591
vt 0.503 0.59
vt 0.436 0.586
vt 0.409 0.591
vt 0.313 0.591
vt 0.303 0.624
vt 0.195 0.612
vt 0.16 0.624
vt 1.102 0.672
vt 0.091 0.695
vt 0.102 0.672
vt 0.176 0.649
vt 0.079 0.649
vt 0.433 0.646
vt 0.879 0.646
vt 1.009 0.646
vt 1.071 0.635
vt 0.538 0.603
vt 0.689 0.603
vt 0.932 0.632
vt 0.814 0.607
vt 0.999 0.635
vt 0.461 0.847
vt 0.023 0.679
vt 0.404 0.663
vt 0.284 0.613
vt 0.224 0.663
vt 0.888 0.701
vt 1.056 0.708
vt 0.982 0.706
vt 0.57 0.616
vt 0.524 0.574
vt 0.453 0.567
vt 0.432 0.616
vt 0.466 0.616
vt 0.351 0.616
vt 0.723 0.633
vt 0.73 0.664
vt 0.854 0.664
vt 0.775 0.817
vt 0.634 0.804
vt 1.072 0.864
vt 0.944 0.755
vt 0.985 0.804
vt 1.02 0.755
vt 1.328 0.926
vt 0.912 0.935
vt 1.078 0.952
vt 0.363 0.703
vt 0.427 0.664
vt 0.775 0.701
vt 0.575 0.777
vt 0.603 0.741
vt 0.69 0.777
vt 0.811 0.777
vt 0.718 0.835
vt 0.419 0.777
vt 0.514 0.815
vt 0.541 0.848
vt 0.519 0.852
vt 0.729 0.815
vt 0.625 0.815
vt 0.961 0.815
vt 0.148 0.777
vt 0.968 0.884
vt 0.305 0.704
vt 0.268 0.886
vt 0.775 0.886
vt 1.2 0.866
vt 0.783 0.886
vt 0.774 0.886
vt 0.182 0.919
vt 0.264 0.924
vt 0.771 0.919
vt 1.252 0.919
vt 0.607 0.597
vt 0.433 0.586
vt 0.175 0.597
vt 0.701 0.708
vt 0.534 0.557
vt 0.339 0.564
vt 0.402 0.564
vt 0.391 0.601
vt 0.402 0.601
vt 0.33 0.588
vt 0.307 0.601
vt 0.397 0.668
vt 0.23 0.668
vt 0.288 0.675
vt 0.382 0.682
vt 0.399 0.668
vt 0.359 0.668
vt 0.315 0.682
vt 0.268 0.803
vt 0.338 0.818
vt 0.484 0.696
vt 0.403 0.711
vt 0.498 0.566
vt 0.425 0.566
vt 0.586 0.725
vt 0.58 0.802
vt 0.632 0.786
vt 0.418 0.77
vt 0.801 0.585
vt 0.415 0.774
vt 0.376 0.775
vt 0.58 0.786
vt 0.43 0.786
vt 0.327 0.786
vt 0.215 0.802
vt 0.546 0.589
vt 0.316 0.563
vt 0.224 0.792
vt 0.261 0.56
vt 0.969 0.818
vt 1.007 0.818
vt 1.065 0.818
vt 0.068 0.802
vt 0.672 0.597
vt 0.863 0.547
vt 1.013 0.558
vt 0.986 0.532
vt 1.172 0.539
vt 0.158 0.847
vt 0.082 0.861
vt 0.371 0.597
vt 1.074 0.755
vt 0.733 0.755
vt 0.599 0.887
vt 0.368 0.887
vt 0.337 0.901
vt 0.393 0.901
vt 0.183 0.912
vt 0.267 0.887
vt 0.22 0.901
vt 0.158 0.901
vt 0.08 0.908
vt 0.108 0.887
vt 0.996 0.882
vt 0.891 0.887
vt 1.082 0.88
vt 0.844 0.662
vt 0.881 0.708
vt 0.956 0.711
vt 1.034 0.71
vt 0.776 0.662
vt 1.03 0.662
vt 0.9 0.669
vt 1.059 0.703
vt 1.199 0.662
vt 0.499 0.662
vt 0.336 0.708
vt 0.244 0.708
vt 0.362 0.755
vt 0.267 0.755
vt 0.269 0.536
vt 0.302 0.536
vt 0.32 0.536
vt 0.303 0.553
vt 0.191 0.553
vt 0.287 0.615
vt 0.215 0.654
vt 0.608 0.605
vt 0.685 0.616
vt 0.699 0.642
vt 0.291 0.616
vt 0.297 0.619
vt 0.365 0.659
vt 0.211 0.616
vt 0.105 0.626
vt 0.135 0.664
vt 0.071 0.569
vt 0.11 0.616
vt 1.11 0.616
vt 0.885 0.616
vt 0.806 0.616
vt 0.888 0.616
vt 1.013 0.616
vt 0.174 0.708
vt 0.311 0.708
vt 0.228 0.688
vt 0.241 0.804
vt 0.159 0.85
vt 0.333 0.811
vt 0.224 0.664
vt 1.023 0.703
vt 0.884 0.703
vt 0.373 0.741
vt 0.554 0.728
vt 0.67 0.673
vt 0.816 0.673
vt 1.048 0.73
vt 1.085 0.673
vt 0.591 0.717
vt 0.578 0.713
vt 0.426 0.717
vt 0.397 0.795
vt 0.302 0.795
vt 0.818 0.755
vt 0.682 0.77
vt 0.389 0.761
vt 0.286 0.741
vt 0.199 0.761
vt 0.289 0.619
vt 0.053 0.673
vt 0.504 0.946
vt 1.005 0.946
vt 0.695 0.951
vt 1.003 0.92
vt 0.466 0.912
vt 0.201 0.912
vt 0.003 0.92
vt 1.201 0.912
vt 0.775 0.875
vt 1.2 0.875
vt 0.335 0.809
vt 0.409 0.809
vt 0.647 0.819
vt 1.122 0.761
vt 1.439 0.791
vt 0.576 0.865
vt 0.326 0.853
vt 0.521 0.699
vt 0.702 0.663
vt 0.523 0.663
vt 0.634 0.663
vt 0.482 0.663
vt 0.968 0.675
vt 1.216 0.682
vt 0.644 0.613
vt 0.73 0.613
vt 0.968 0.686
vt 0.738 0.613
vt 0.966 0.663
vt 0.434 0.945
vt 0.146 0.93
vt 0.092 0.945
vt 0.766 0.96
vt 0.879 0.968
vt 1.093 0.96
vt 0.598 0.753
vt 0.91 0.761
vt 1.005 0.761
vt 0.381 0.711
vt 1.381 0.711
vt 0.993 0.711
vt 0.888 0.96
vt 0.763 0.953
vt 1.095 0.949
vt 0.908 0.865
vt 0.996 0.809
vt 1.326 0.853
vt 0.988 0.865
vt 0.891 0.87
vt 0.558 0.868
vt 1.366 0.91
vt 1.002 0.945
vt 1.194 0.855
vt 1.462 0.859
vt 0.194 0.855
vt 0.462 0.859
vt 0.892 0.884
vt 0.673 0.796
vt 0.553 0.786
vt 0.464 0.786
vt 0.202 0.786
vt 0.87 0.723
vt 0.912 0.723
vt 0.513 0.75
vt 0.393 0.726
vt 0.34 0.925
vt 0.338 0.869
vt 0.455 0.921
vt 0.449 0.861
vt 0.822 0.628
vt 0.999 0.575
vt 1.058 0.59
vt 1.125 0.575
vt 0.057 0.605
vt 0.065 0.675
vt 0.01 0.698
vt 0.172 0.682
vt 1.01 0.698
vt 0.711 0.59
vt 0.866 0.589
vt 0.677 0.588
vt 0.552 0.59
vt 0.456 0.59
vt 0.457 0.587
vt 0.343 0.59
vt 1.053 0.691
vt 1.074 0.691
vt 0.629 0.679
vt 0.737 0.698
vt 0.754 0.679
vt 0.67 0.642
vt 0.555 0.724
vt 0.68 0.724
vt 0.712 0.724
vt 0.822 0.53
vt 0.79 0.531
vt 0.827 0.536
vt 0.574 0.629
vt 0.806 0.754
vt 0.855 0.706
vt 0.781 0.706
vt 0.613 0.706
vt 0.716 0.67
vt 0.582 0.724
vt 0.434 0.724
vt 0.797 0.544
vt 0.7 0.544
vt 0.798 0.544
vt 0.89 0.592
vt 0.91 0.645
vt 0.963 0.657
vt 1.001 0.638
vt 1.055 0.628
vt 0.845 0.602
vt 0.879 0.56
vt 0.97 0.602
vt 0.43 0.643
vt 0.66 0.643
vt 0.487 0.643
vt 0.295 0.62
vt 0.365 0.643
vt 0.977 0.656
vt 1.141 0.626
vt 0.953 0.612
vt 0.967 0.564
vt 1.155 0.564
vt 1.063 0.553
vt 0.797 0.536
vt 0.901 0.588
vt 0.798 0.588
vt 0.9 0.588
vt 1.001 0.588
vt 0.903 0.544
vt 0.996 0.544
vt 1.003 0.584
vt 0.992 0.576
vt 0.892 0.615
vt 0.9 0.628
vt 0.854 0.628
vt 0.897 0.615
vt 1.004 0.615
vt 1.004 0.61
vt 1.066 0.579
vt 0.096 0.599
vt 0.131 0.597
vt 0.854 0.711
vt 0.724 0.53
vt 0.686 0.541
vt 0.802 0.53
vt 0.742 0.725
vt 0.9 0.59
vt 0.406 0.56
vt 0.465 0.56
vt 0.798 0.56
vt 0.882 0.53
vt 1.009 0.566
vt 1.037 0.56
vt 0.233 0.56
vt 0.968 0.56
vt 1.009 0.56
vt 1.194 0.643
vt 0.404 0.569
vt 0.866 0.773
vt 0.865 0.77
vt 1.49 0.62
vt 1.273 0.643
vt 0.957 0.679
vt 0.915 0.592
vt 0.521 0.935
vt 0.49 0.62
vt 0.793 0.884
vt 0.099 0.855
vt 0.83 0.75
vt 0.037 0.83
vt 0.025 0.786
vt 0.107 0.753
vt 0.188 0.855
vt 0.264 0.758
vt 0.807 0.775
vt 0.31 0.758
vt 0.718 0.715
vt 0.99 0.679
vt 0.109 0.679
vt 0.032 0.715
vt 1.109 0.679
vt 1.032 0.715
vt 0.286 0.684
vt 0.698 0.754
vt 0.698 0.706
vt 0.602 0.729
vt 0.603 0.706
vt 0.479 0.706
vt 0.904 0.804
vt 0.548 0.804
vt 0.474 0.754
vt 0.466 0.706
vt 1.012 0.64
vt 1.102 0.605
vt 0.966 0.607
vt 0.263 0.643
vt 0.194 0.643
vt 0.119 0.668
vt 0.484 0.559
vt 0.543 0.568
vt 0.336 0.669
vt 0.331 0.696
vt 0.803 0.652
vt 0.83 0.684
vt 0.908 0.64
vt 0.254 0.66
vt 0.362 0.66
vt 0.307 0.66
vt 0.445 0.66
vt 0.397 0.66
vt 0.753 0.67
vt 0.908 0.549
vt 1.006 0.544
vt 0.966 0.544
vt 0.722 0.62
vt 0.86 0.648
vt 0.989 0.602
vt 0.906 0.655
vt 0.903 0.837
vt 1.26 0.915
vt 0.26 0.915
vt 0.799 0.864
vt 0.693 0.864
vt 0.75 0.911
vt 0.748 0.926
vt 0.606 0.949
vt 1.068 0.926
vt 0.072 0.864
vt 0.282 0.864
vt 0.813 0.804
vt 0.705 0.804
vt 0.471 0.804
vt 0.725 0.691
vt 0.765 0.789
vt 0.746 0.748
vt 0.659 0.805
vt 0.819 0.59
vt 0.6 0.59
vt 0.931 0.65
vt 0.698 0.675
vt 0.628 0.677
vt 0.908 0.702
vt 0.745 0.568
vt 0.848 0.691
vt 0.893 0.675
vt 0.626 0.675
vt 0.908 0.686
vt 0.585 0.716
vt 0.932 0.776
vt 0.921 0.915
vt 0.693 0.915
vt 1.209 0.933
vt 0.377 0.732
vt 0.815 0.65
vt 0.847 0.623
vt 0.728 0.623
vt 0.611 0.675
vt 0.854 0.675
vt 0.397 0.675
vt 0.492 0.72
vt 0.733 0.675
vt 0.917 0.675
vt 0.019 0.758
vt 1.057 0.568
vt 0.925 0.54
vt 1.056 0.582
vt 1.018 0.623
vt 0.975 0.729
vt 0.831 0.729
vt 0.483 0.568
vt 0.298 0.58
vt 0.079 0.63
vt 0.21 0.623
vt 0.018 0.623
vt 0.09 0.623
vt 0.131 0.675
vt 0.958 0.671
vt 1.204 0.59
vt 0.42 0.59
vt 0.204 0.59
vt 0.959 0.59
vt 0.204 0.583
vt 0.258 0.531
vt 0.802 0.868
vt 1.093 0.868
vt 1.382 0.918
vt 0.398 0.811
vt 0.421 0.788
vt 0.469 0.811
vt 0.234 0.811
vt 0.271 0.779
vt 1.261 0.828
vt 0.136 0.779
vt 0.075 0.827
vt 0.782 0.674
vt 0.825 0.605
vt 0.624 0.636
vt 0.977 0.674
vt 0.735 0.674
vt 0.082 0.818
vt 0.45 0.756
vt 1.263 0.756
vt 0.364 0.765
vt 0.133 0.765
vt 0.052 0.556
vt 0.2 0.53
vt 1.233 0.589
vt 1.04 0.72
vt 0.966 0.703
vt 1.197 0.69
vt 0.285 0.758
vt 1.014 0.758
vt 1.003 0.777
vt 0.976 0.762
vt 0.658 0.865
vt 1.099 0.835
vt 0.678 0.835
vt 0.896 0.883
vt 0.408 0.756
vt 0.994 0.783
vt 0.713 0.81
vt 0.591 0.793
vt 0.549 0.81
vt 0.586 0.81
vt 0.927 0.836
vt 0.993 0.81
vt 0.85 0.81
vt 0.72 0.834
vt 0.972 0.821
vt 0.321 0.915
vt 0.621 0.884
vt 0.553 0.861
vt 0.901 0.861
vt 0.996 0.91
vt 0.786 0.907
vt 0.599 0.91
vt 0.959 0.612
vt 0.875 0.569
vt 0.966 0.553
vt 1.145 0.553
vt 0.5 0.553
vt 0.859 0.759
vt 0.746 0.759
vt 0.777 0.803
vt 0.183 0.576
vt 0.104 0.564
vt 0.101 0.576
vt 0.003 0.601
vt 0.004 0.615
vt 0.104 0.615
vt 0.01 0.53
vt 0.031 0.538
vt 0.122 0.53
vt 0.029 0.628
vt 0.118 0.628
vt 0.098 0.628
vt 0.202 0.588
vt 0.233 0.603
vt 0.27 0.604
vt 0.243 0.862
vt 0.366 0.803
vt 0.221 0.803
vt 0.188 0.711
vt 0.111 0.703
vt 0.068 0.711
vt 0.219 0.537
vt 0.069 0.549
vt 0.18 0.555
vt 0.069 0.555
vt 0.417 0.62
vt 0.291 0.74
vt 0.184 0.715
vt 0.302 0.725
vt 0.296 0.717
vt 0.016 0.562
vt 0.077 0.569
vt 0.216 0.562
vt 1.016 0.562
vt 1.077 0.569
vt 0.083 0.755
vt 0.25 0.755
vt 0.584 0.633
vt 0.949 0.786
vt 1.1 0.789
vt 1.099 0.786
vt 0.681 0.608
vt 1.075 0.562
vt 0.924 0.577
vt 0.961 0.608
vt 0.983 0.786
vt 1.083 0.786
vt 1.099 0.637
vt 1.012 0.597
vt 0.013 0.562
vt 0.097 0.597
vt 0.187 0.597
vt 0.099 0.637
vt 0.223 0.637
vt 0.792 0.675
vt 0.764 0.637
vt 0.96 0.637
vt 0.909 0.675
vt 1.098 0.658
vt 1.079 0.675
vt 0.089 0.678
vt 0.034 0.678
vt 0.13 0.678
vt 0.267 0.541
vt 0.224 0.538
vt 0.195 0.544
vt 0.263 0.533
vt 0.235 0.53
vt 0.332 0.659
vt 0.253 0.662
vt 0.227 0.678
vt 0.033 0.759
vt 0.121 0.803
vt 0.095 0.759
vt 0.147 0.544
vt 0.254 0.628
vt 0.224 0.641
vt 0.194 0.615
vt 0.178 0.601
vt 0.159 0.654
vt 0.217 0.653
vt 0.186 0.559
vt 0.088 0.56
vt 0.103 0.601
vt 0.292 0.601
vt 1.088 0.56
vt 0.979 0.581
vt 0.291 0.608
vt 0.172 0.608
vt 1.149 0.608
vt 1.172 0.608
vt 0.655 0.65
vt 0.527 0.647
vt 0.486 0.652
vt 0.573 0.69
vt 0.547 0.69
vt 0.373 0.652
vt 0.788 0.608
vt 0.539 0.69
vt 0.737 0.69
vt 0.605 0.678
vt 1.017 0.678
vt 0.785 0.728
vt 0.382 0.69
vt 0.234 0.717
vt 0.368 0.728
vt 0.177 0.728
vt 0.843 0.763
vt 0.901 0.728
vt 0.05 0.728
vt 0.195 0.75
vt 0.21 0.728
vt 1.049 0.759
vt 0.96 0.763
vt 0.049 0.759
vt 0.047 0.763
vt 0.336 0.713
vt 0.394 0.732
vt 0.108 0.713
vt 0.019 0.746
vt 0.942 0.746
vt 0.921 0.548
vt 0.813 0.589
vt 1.107 0.589
vt 0.486 0.746
vt 0.092 0.795
vt 0.945 0.827
vt 1.019 0.797
vt 0.671 0.827
vt 0.568 0.827
vt 0.682 0.859
vt 0.168 0.827
vt 0.418 0.827
vt 0.681 0.899
vt 0.497 0.937
vt 1.196 0.865
vt 0.781 0.899
vt 0.303 0.746
vt 0.4 0.746
vt 0.399 0.778
vt 0.376 0.776
vt 0.583 0.776
vt 0.562 0.779
vt 0.114 0.746
vt 0.706 0.776
vt 0.931 0.776
vt 0.96 0.781
vt 1.08 0.778
vt 0.308 0.806
vt 0.562 0.806
vt 0.837 0.678
vt 0.695 0.708
vt 0.716 0.715
vt 0.956 0.53
vt 1.028 0.53
vt 1.126 0.53
vt 0.435 0.671
vt 0.529 0.64
vt 0.464 0.625
vt 0.434 0.64
vt 0.827 0.748
vt 0.893 0.748
vt 0.006 0.536
vt 0.013 0.536
vt 0.103 0.536
vt 0.461 0.557
vt 0.526 0.557
vt 0.363 0.557
vt 0.114 0.544
vt 0.038 0.544
vt 0.494 0.678
vt 0.994 0.553
vt 1.009 0.553
vt 0.538 0.64
vt 0.47 0.64
vt 0.22 0.62
vt 0.318 0.62
vt 0.107 0.62
vt 0.92 0.588
vt 0.987 0.588
vt 1.01 0.579
vt 0.477 0.675
vt 0.999 0.655
vt 1.001 0.636
vt 0.091 0.686
vt 0.206 0.686
vt 0.11 0.655
vt 0.106 0.686
vt 0.214 0.716
vt 0.23 0.686
vt 0.301 0.704
vt 0.39 0.751
vt 0.196 0.751
vt 0.537 0.761
vt 0.077 0.714
vt 0.969 0.714
vt 1.081 0.706
vt 1.077 0.714
vt 0.784 0.751
vt 1.467 0.862
vt 1.243 0.862
vt 0.538 0.787
vt 0.226 0.787
vt 0.44 0.803
vt 0.691 0.678
vt 0.673 0.678
vt 0.617 0.678
vt 0.561 0.678
vt 0.687 0.759
vt 0.612 0.759
vt 0.649 0.72
vt 0.636 0.72
vt 0.253 0.803
vt 0.342 0.766
vt 0.679 0.758
vt 0.884 0.589
vt 1.031 0.591
vt 1.037 0.563
vt 0.869 0.677
vt 1.042 0.677
vt 0.654 0.776
vt 0.284 0.834
vt 0.446 0.677
vt 0.458 0.76
vt 0.318 0.76
vt 0.556 0.806
vt 0.372 0.805
vt 0.471 0.806
vt 0.625 0.834
vt 0.748 0.834
vt 0.651 0.834
vt 0.28 0.53
vt 0.084 0.589
vt 0.476 0.53
vt 1.476 0.53
vt 1.084 0.589
vt 0.608 0.589
vt 0.143 0.589
vt 0.279 0.589
vt 0.537 0.892
vt 0.353 0.894
vt 0.036 0.892
vt 1.427 0.94
vt 0.939 0.918
vt 1.197 0.918
vt 0.427 0.94
vt 0.339 0.748
vt 0.335 0.692
vt 0.513 0.853
vt 0.54 0.805
vt 0.398 0.836
vt 0.486 0.805
vt 0.82 0.805
vt 0.764 0.805
vt 0.98 0.866
vt 1.118 0.748
vt 0.738 0.805
vt 0.072 0.675
vt 0.06 0.648
vt 0.132 0.59
vt 0.427 0.59
vt 0.222 0.58
vt 0.379 0.602
vt 1.017 0.652
vt 0.133 0.602
vt 1.049 0.714
vt 1.003 0.702
vt 0.011 0.675
vt 0.3 0.568
vt 0.524 0.53
vt 0.436 0.702
vt 0.905 0.66
vt 0.91 0.686
vt 1 0.686
vt 0.999 0.716
vt 1.092 0.716
vt 0.211 0.746
vt 0.453 0.776
vt 0.387 0.776
vt 0.179 0.675
vt 0.002 0.699
vt 0.289 0.675
vt 0.449 0.713
vt 0.516 0.675
vt 0.171 0.746
vt 1.288 0.839
vt 0.788 0.91
vt 0.757 0.927
vt 1.464 0.956
vt 0.981 0.927
vt 0.049 0.714
vt 0.093 0.729
vt 0.139 0.728
vt 0.237 0.729
vt 0.931 0.805
vt 1.044 0.82
vt 1.066 0.805
vt 1.123 0.585
vt 0.049 0.629
vt 0.879 0.585
vt 0.753 0.585
vt 0.742 0.598
vt 0.047 0.835
vt 0.755 0.588
vt 1.115 0.762
vt 1.002 0.756
vt 0.555 0.758
vt 1.428 0.758
vt 1.171 0.746
vt 0.369 0.893
vt 0.107 0.904
vt 0.115 0.762
vt 0.146 0.756
vt 0.145 0.571
vt 0.332 0.591
vt 0.259 0.537
vt 0.91 0.591
vt 0.84 0.591
vt 0.983 0.591
vt 0.91 0.569
vt 0.48 0.783
vt 0.489 0.807
vt 0.518 0.783
vt 0.41 0.81
vt 0.926 0.612
vt 0.865 0.59
vt 0.698 0.59
vt 1.033 0.835
vt 0.8 0.865
vt 1.022 0.878
vt 1.03 0.865
vt 1.022 0.893
vt 1.107 0.904
vt 0.345 0.865
vt 0.374 0.893
vt 0.233 0.826
vt 0.168 0.676
vt 0.225 0.697
vt 0.469 0.676
vt 0.57 0.676
vt 0.231 0.676
vt 1.225 0.697
vt 0.242 0.721
vt 0.446 0.59
vt 0.134 0.653
vt 1.097 0.679
vt 1.074 0.743
vt 0.211 0.676
vt 0.434 0.676
vt 0.607 0.722
vt 0.804 0.676
vt 0.952 0.623
vt 0.758 0.617
vt 1.035 0.676
vt 0.042 0.652
vt 1.143 0.62
vt 0.074 0.743
vt 0.035 0.676
vt 0.256 0.726
vt 1.211 0.676
vt 0.033 0.735
vt 0.216 0.743
vt 0.282 0.743
vt 0.918 0.883
vt 0.64 0.883
vt 0.938 0.758
vt 0.525 0.837
vt 0.187 0.758
vt 1.345 0.824
vt 0.972 0.837
vt 1.071 0.81
vt 0.158 0.697
vt 0.338 0.699
vt 0.362 0.677
vt 0.511 0.677
vt 0.735 0.677
vt 0.301 0.76
vt 1.007 0.76
vt 0.314 0.81
vt 0.211 0.814
vt 0.225 0.836
vt 0.214 0.836
vt 0.1 0.836
vt 0.475 0.923
vt 0.113 0.923
vt 0.053 0.932
vt 0.358 0.923
vt 0.056 0.923
vt 1.054 0.951
vt 0.585 0.962
vt 1.477 0.951
vt 0.331 0.759
vt 0.431 0.759
vt 0.513 0.759
vt 1.33 0.837
vt 0.508 0.837
vt 1.059 0.885
vt 1.311 0.839
vt 0.52 0.839
vt 0.531 0.836
vt 0.104 0.861
vt 0.996 0.907
vt 0.44 0.9
vt 1.07 0.907
vt 1.243 0.909
vt 0.501 0.926
vt 0.443 0.907
vt 0.5 0.907
vt 0.849 0.53
vt 1.013 0.926
vt 0.791 0.926
vt 0.88 0.949
vt 1.014 0.944
vt 0.501 0.944
vt 0.376 0.67
vt 0.845 0.589
vt 0.446 0.594
vt 0.39 0.94
vt 0.932 0.823
vt 0.929 0.859
vt 0.724 0.859
vt 0.896 0.859
vt 0.564 0.903
vt 0.651 0.899
vt 0.355 0.907
vt 0.805 0.941
vt 0.965 0.899
vt 1.355 0.907
vt 0.454 0.616
vt 1.061 0.667
vt 0.495 0.649
vt 0.94 0.926
vt 1.152 0.922
vt 1.202 0.675
vt 0.987 0.675
vt 0.096 0.883
vt 0.716 0.59
vt 1.185 0.738
vt 1.089 0.727
vt 1.148 0.692
vt 0.2 0.875
vt 0.65 0.757
vt 0.235 0.59
vt 0.379 0.59
vt 0.712 0.777
vt 0.428 0.815
vt 0.319 0.688
vt 0.307 0.696
vt 0.318 0.833
vt 0.345 0.827
vt 0.963 0.755
vt 0.562 0.683
vt 0.102 0.605
vt 0.012 0.64
vt 0.224 0.715
vt 0.67 0.714
vt 0.755 0.738
vt 0.925 0.714
vt 0.174 0.751
vt 0.537 0.751
vt 1.253 0.803
vt 1.121 0.803
vt 1.093 0.729
vt 0.996 0.729
vt 0.173 0.865
vt 0.112 0.893
vt 0.197 0.87
vt 0.975 0.81
vt 1.111 0.81
vt 1.067 0.794
vt 0.654 0.76
vt 1.104 0.861
vt 0.437 0.885
vt 0.1 0.137
vt 0.041 0.163
vt 0.1 0.18
vt 0.03 0.199
vt 0.1 0.238
vt 0.17 0.199
vt 0.158 0.163
vt 0.1 0.012
vt 0.041 0.038
vt 0.1 0.055
vt 0.03 0.074
vt 0.1 0.113
vt 0.17 0.074
vt 0.158 0.038
vt 0.1 0.262
vt 0.041 0.288
vt 0.1 0.305
vt 0.03 0.324
vt 0.1 0.363
vt 0.17 0.324
vt 0.158 0.288
vt 0.1 0.387
vt 0.041 0.413
vt 0.1 0.43
vt 0.03 0.449
vt 0.1 0.488
vt 0.17 0.449
vt 0.158 0.413
vt 0.1 0.312
vt 0.3 0.262
vt 0.241 0.288
vt 0.3 0.305
vt 0.229 0.324
vt 0.3 0.363
vt 0.371 0.324
vt 0.359 0.288
vt 0.3 0.137
vt 0.241 0.163
vt 0.3 0.18
vt 0.229 0.199
vt 0.3 0.238
vt 0.371 0.199
vt 0.359 0.163
vt 0.3 0.012
vt 0.241 0.038
vt 0.3 0.055
vt 0.229 0.074
vt 0.3 0.113
vt 0.371 0.074
vt 0.359 0.038
vt 0.3 0.387
vt 0.241 0.413
vt 0.3 0.43
vt 0.229 0.449
vt 0.3 0.488
vt 0.371 0.449
vt 0.359 0.413
vt 0.3 0.312
vt 0.5 0.137
vt 0.442 0.163
vt 0.5 0.18
vt 0.43 0.199
vt 0.5 0.238
vt 0.57 0.199
vt 0.558 0.163
vt 0.5 0.012
vt 0.442 0.038
vt 0.5 0.055
vt 0.43 0.074
vt 0.5 0.113
vt 0.57 0.074
vt 0.558 0.038
vt 0.5 0.262
vt 0.442 0.288
vt 0.5 0.305
vt 0.43 0.324
vt 0.5 0.363
vt 0.57 0.324
vt 0.558 0.288
vt 0.5 0.387
vt 0.442 0.413
vt 0.5 0.43
vt 0.43 0.449
vt 0.5 0.488
vt 0.57 0.449
vt 0.558 0.413
vt 0.5 0.312
vt 0.7 0.262
vt 0.641 0.288
vt 0.7 0.305
vt 0.629 0.324
vt 0.7 0.363
vt 0.771 0.324
vt 0.759 0.288
vt 0.7 0.012
vt 0.641 0.038
vt 0.7 0.055
vt 0.629 0.074
vt 0.7 0.113
vt 0.771 0.074
vt 0.759 0.038
vt 0.7 0.137
vt 0.641 0.163
vt 0.7 0.18
vt 0.629 0.199
vt 0.7 0.238
vt 0.771 0.199
vt 0.759 0.163
vt 0.7 0.387
vt 0.641 0.413
vt 0.7 0.43
vt 0.629 0.449
vt 0.7 0.488
vt 0.771 0.449
vt 0.759 0.413
vt 0.7 0.312
vt 0.9 0.137
vt 0.842 0.163
vt 0.9 0.18
vt 0.83 0.199
vt 0.9 0.238
vt 0.97 0.199
vt 0.959 0.163
vt 0.9 0.012
vt 0.842 0.038
vt 0.9 0.055
vt 0.83 0.074
vt 0.9 0.113
vt 0.97 0.074
vt 0.959 0.038
vt 0.9 0.387
vt 0.842 0.413
vt 0.9 0.43
vt 0.83 0.449
vt 0.9 0.488
vt 0.97 0.449
vt 0.959 0.413
vt 0.9 0.262
vt 0.842 0.288
vt 0.9 0.305
vt 0.83 0.324
vt 0.9 0.363
vt 0.97 0.324
vt 0.959 0.288
vt 0.9 0.312
f 1/1 2/2 3/3
f 4/4 2/5 1/6
f 5/7 2/8 4/9
f 6/10 7/11 8/12
f 6/13 9/14 7/15
f 10/16 6/13 8/17
f 11/18 12/19 5/7
f 11/18 5/7 13/20
f 8/17 12/21 11/22
f 14/23 15/24 16/25
f 17/26 14/27 18/28
f 19/29 20/30 14/31
f 20/32 17/26 18/28
f 21/33 17/34 20/35
f 22/36 6/37 23/38
f 23/39 6/10 10/40
f 24/41 10/42 11/43
f 25/44 26/45 27/46
f 26/45 25/47 28/48
f 29/49 27/50 26/51
f 29/49 26/51 30/52
f 31/53 30/54 28/48
f 28/55 25/56 32/57
f 33/58 25/59 30/60
f 34/61 25/56 33/62
f 35/63 33/58 31/64
f 31/64 32/65 35/63
f 34/66 36/67 32/68
f 37/69 35/70 32/71
f 32/57 36/72 38/73
f 37/74 32/57 38/73
f 39/75 19/76 17/34
f 40/77 19/78 41/79
f 42/80 17/34 21/33
f 40/81 43/82 42/83
f 44/84 42/85 45/86
f 42/85 43/87 45/86
f 46/88 10/89 24/90
f 24/90 47/91 48/92
f 49/93 50/94 51/95
f 50/96 52/97 53/98
f 50/94 49/93 52/99
f 54/100 49/101 51/102
f 55/103 52/104 49/105
f 54/106 55/107 49/93
f 51/102 50/108 56/109
f 54/106 51/95 57/110
f 58/111 34/66 35/70
f 59/112 35/113 37/114
f 60/115 36/116 61/117
f 60/118 62/119 63/120
f 60/121 61/122 64/123
f 64/124 65/125 62/126
f 36/67 60/121 38/127
f 66/128 37/129 38/130
f 61/117 58/131 59/132
f 66/128 59/133 37/129
f 67/134 61/122 59/135
f 68/136 61/117 67/137
f 69/138 70/139 62/119
f 71/140 69/141 65/142
f 72/143 71/140 65/142
f 66/144 63/120 73/145
f 63/120 70/139 73/145
f 74/146 67/147 66/128
f 62/148 65/142 69/141
f 75/149 65/150 68/151
f 68/152 74/153 76/154
f 75/149 72/155 65/150
f 76/156 75/149 68/151
f 77/157 75/149 76/156
f 78/158 69/159 71/160
f 79/161 74/162 73/163
f 80/164 79/165 73/166
f 81/167 79/165 80/164
f 76/168 74/162 79/161
f 19/76 39/75 41/169
f 82/170 39/171 83/172
f 39/171 84/173 41/79
f 85/174 86/175 87/176
f 88/177 89/178 46/179
f 80/164 90/180 91/181
f 91/182 90/183 89/184
f 52/185 92/186 93/187
f 94/188 52/185 88/189
f 94/190 88/191 95/192
f 95/192 96/193 94/190
f 97/194 93/195 92/196
f 97/197 92/186 98/198
f 99/199 98/198 100/200
f 91/201 93/202 97/203
f 99/204 97/203 98/205
f 92/206 52/97 55/207
f 101/208 98/209 54/210
f 102/211 103/212 104/213
f 104/213 103/212 105/214
f 106/215 102/216 104/217
f 107/218 103/219 102/220
f 108/221 72/222 77/223
f 105/224 109/225 110/226
f 105/227 110/228 111/229
f 112/230 107/231 102/232
f 106/233 111/229 113/234
f 103/235 107/236 114/237
f 110/238 109/239 111/240
f 115/241 116/242 106/243
f 113/244 115/245 106/246
f 76/247 79/165 117/248
f 79/165 81/167 117/248
f 118/249 72/222 108/221
f 119/250 118/249 117/251
f 82/252 120/253 84/254
f 82/255 121/256 120/257
f 86/258 85/259 122/260
f 121/261 82/252 86/262
f 117/248 123/263 119/264
f 118/265 122/266 124/267
f 125/268 118/265 119/269
f 119/270 123/271 126/272
f 127/273 125/268 119/269
f 128/274 127/275 129/276
f 130/277 131/278 132/279
f 133/280 134/281 135/282
f 136/283 135/282 131/284
f 137/285 135/286 136/287
f 138/288 139/289 132/290
f 132/291 140/292 138/293
f 135/294 139/295 131/296
f 131/296 139/295 140/297
f 141/298 142/299 143/300
f 134/281 133/280 144/301
f 136/302 131/303 130/304
f 136/302 130/304 145/305
f 142/306 135/286 137/285
f 142/307 137/308 143/309
f 146/310 137/308 145/311
f 144/312 133/313 147/314
f 133/280 141/298 147/315
f 148/316 149/317 150/318
f 143/309 151/319 141/320
f 152/321 141/320 151/319
f 153/322 154/323 155/324
f 146/325 149/326 156/327
f 154/328 157/329 158/330
f 159/331 153/322 152/332
f 160/333 151/319 143/309
f 130/304 147/315 149/334
f 149/317 145/335 130/336
f 161/337 162/338 163/339
f 164/340 162/338 161/337
f 163/341 164/340 165/342
f 166/343 164/340 161/337
f 167/344 157/345 168/346
f 158/347 167/348 169/349
f 170/350 156/351 148/352
f 165/353 171/354 172/355
f 173/356 166/357 161/358
f 174/359 169/349 175/360
f 176/361 107/231 177/362
f 178/363 112/230 116/364
f 109/365 179/366 111/229
f 115/367 113/368 180/369
f 181/370 180/371 182/372
f 183/373 116/242 115/241
f 113/368 179/374 180/369
f 184/375 180/376 181/377
f 179/378 185/379 182/380
f 186/381 115/382 180/383
f 179/384 187/385 185/386
f 188/387 183/388 186/389
f 188/390 186/391 189/392
f 190/393 189/394 191/395
f 192/396 193/397 190/398
f 194/399 195/400 196/401
f 197/402 194/403 196/404
f 196/405 193/406 192/407
f 198/408 194/403 197/402
f 194/399 199/409 195/400
f 86/262 194/410 121/261
f 200/411 194/403 201/412
f 202/413 203/414 200/415
f 204/416 203/414 202/413
f 128/417 205/418 127/419
f 200/420 201/421 202/422
f 206/423 205/424 128/274
f 204/425 202/422 205/424
f 207/426 204/416 205/427
f 205/424 125/428 127/275
f 208/429 159/430 209/431
f 168/346 208/432 210/433
f 168/346 210/433 167/344
f 170/350 209/434 156/351
f 211/435 209/436 170/437
f 211/435 208/432 209/436
f 212/438 213/439 171/440
f 214/441 166/442 173/443
f 214/444 171/440 166/357
f 212/438 171/440 214/444
f 215/445 216/446 217/447
f 218/448 148/449 174/359
f 218/450 174/451 175/452
f 170/453 218/448 219/454
f 217/455 216/456 220/457
f 210/458 220/459 216/460
f 211/461 170/462 219/463
f 210/464 221/465 220/457
f 221/465 211/466 222/467
f 223/468 221/469 222/470
f 224/471 225/472 226/473
f 224/474 226/475 227/476
f 228/477 213/478 229/479
f 230/480 231/481 213/478
f 232/482 173/483 228/484
f 232/485 233/486 234/487
f 232/488 228/489 233/490
f 214/491 217/447 212/492
f 220/493 235/494 217/447
f 235/495 212/496 217/497
f 212/492 230/498 213/499
f 236/500 218/501 234/502
f 237/503 219/454 218/448
f 219/504 237/505 238/506
f 176/507 177/508 239/509
f 188/510 239/511 178/512
f 240/513 176/514 239/511
f 241/515 240/516 188/517
f 240/516 225/518 242/519
f 241/520 225/521 240/522
f 243/523 226/473 241/524
f 242/525 225/526 244/527
f 245/528 188/390 189/392
f 243/529 245/530 246/531
f 233/532 247/533 248/534
f 249/535 203/536 250/537
f 228/477 247/538 233/486
f 250/539 228/477 229/479
f 251/540 252/541 236/542
f 253/543 252/541 254/544
f 234/502 233/490 236/500
f 236/545 252/546 237/547
f 255/548 245/530 189/549
f 256/550 257/551 255/552
f 256/550 255/552 193/553
f 258/554 259/555 257/556
f 258/557 256/558 260/559
f 261/560 204/561 207/562
f 262/563 261/564 207/565
f 262/563 207/565 263/566
f 248/567 264/568 236/545
f 264/569 261/564 262/563
f 251/570 236/545 264/568
f 265/571 264/572 262/573
f 265/574 251/575 264/569
f 252/546 251/570 254/576
f 265/574 254/577 251/575
f 266/578 267/579 268/580
f 269/581 270/582 268/583
f 266/584 271/585 272/586
f 273/587 267/579 274/588
f 275/589 272/590 276/591
f 275/592 274/588 272/593
f 273/594 275/595 277/596
f 278/597 273/594 277/596
f 278/597 277/596 279/598
f 275/599 276/600 277/601
f 277/602 276/591 280/603
f 281/604 276/605 282/606
f 283/607 284/608 281/609
f 280/610 276/611 284/608
f 2/8 285/612 286/613
f 3/614 287/615 1/616
f 287/617 288/618 1/619
f 289/620 1/621 288/622
f 4/623 1/616 289/624
f 288/625 286/626 289/627
f 286/628 290/629 291/630
f 285/612 12/631 290/632
f 290/629 12/19 7/633
f 290/632 292/634 291/635
f 293/636 294/637 291/638
f 295/639 296/640 297/641
f 292/642 298/643 299/644
f 300/645 301/646 302/647
f 47/648 13/649 293/650
f 303/651 298/652 9/653
f 303/651 304/654 298/652
f 304/655 303/656 300/645
f 297/657 305/658 300/659
f 297/660 306/661 305/662
f 306/663 6/10 22/664
f 305/665 306/666 307/667
f 305/668 307/669 308/670
f 306/666 22/36 309/671
f 293/672 299/644 310/673
f 304/674 300/675 308/676
f 300/677 305/678 308/679
f 311/680 47/681 310/682
f 312/683 313/684 314/685
f 314/686 313/687 315/688
f 315/688 313/687 316/689
f 306/690 309/691 307/692
f 309/691 317/693 307/692
f 310/673 299/644 311/694
f 48/92 47/91 311/695
f 299/644 308/670 311/694
f 318/696 319/697 320/698
f 321/699 322/700 319/701
f 323/702 322/703 324/704
f 318/705 321/706 319/707
f 323/708 324/709 325/710
f 326/711 321/706 318/705
f 327/712 328/713 323/714
f 54/106 57/110 329/715
f 330/716 325/710 329/717
f 331/718 312/719 328/720
f 316/689 331/721 327/722
f 50/723 312/724 56/725
f 331/726 328/713 327/712
f 332/727 56/728 312/235
f 333/729 334/730 332/731
f 316/732 327/733 333/734
f 57/735 56/736 334/730
f 57/737 334/738 330/739
f 313/687 331/721 316/689
f 332/727 312/235 314/686
f 316/740 332/727 314/686
f 335/741 336/742 337/743
f 338/744 339/745 340/746
f 335/747 337/748 341/749
f 326/750 342/751 343/752
f 344/753 326/750 343/752
f 342/754 326/755 318/756
f 345/757 326/750 346/758
f 321/759 326/750 345/757
f 320/760 347/761 342/754
f 348/762 345/763 346/764
f 349/765 350/766 346/758
f 351/767 326/768 344/769
f 352/770 353/771 354/772
f 355/773 353/774 356/775
f 357/776 358/777 359/778
f 360/779 344/753 343/752
f 357/776 360/780 343/781
f 361/782 360/783 362/784
f 363/785 360/783 357/786
f 361/782 362/784 364/787
f 364/788 362/789 365/790
f 351/767 361/791 364/788
f 366/792 364/788 367/793
f 357/776 359/778 367/794
f 346/758 351/795 366/796
f 368/797 369/258 370/798
f 370/799 369/800 371/801
f 362/784 372/802 365/803
f 367/804 365/803 373/805
f 364/788 365/790 367/793
f 365/806 372/807 374/808
f 375/809 376/810 377/811
f 378/812 377/811 376/810
f 379/813 376/814 375/815
f 45/86 43/87 317/816
f 48/817 311/818 96/819
f 308/820 380/821 311/818
f 307/822 381/823 380/824
f 96/825 311/826 382/827
f 383/828 96/829 382/830
f 307/692 317/693 381/831
f 319/832 94/190 96/193
f 384/833 385/834 386/835
f 126/836 99/204 387/837
f 322/700 321/699 324/838
f 388/839 321/840 348/841
f 324/838 388/842 389/843
f 100/844 101/845 388/846
f 388/847 101/848 389/849
f 385/834 390/850 386/835
f 391/851 392/852 393/853
f 394/854 391/855 395/856
f 393/857 392/858 396/859
f 394/860 395/861 397/862
f 398/863 397/864 399/865
f 393/857 396/859 398/866
f 400/867 393/868 398/869
f 395/870 336/871 399/872
f 399/865 336/873 339/874
f 341/749 400/875 338/876
f 375/877 377/878 401/879
f 377/811 378/812 401/880
f 402/881 403/882 353/774
f 353/774 403/882 404/883
f 405/884 402/881 353/774
f 406/885 402/881 405/884
f 404/883 407/886 408/887
f 408/888 409/889 406/890
f 347/891 320/892 384/833
f 410/893 347/894 411/895
f 390/896 348/762 350/897
f 384/898 386/899 390/900
f 354/772 404/901 355/902
f 412/903 413/904 414/905
f 410/906 411/907 371/908
f 415/909 370/799 371/801
f 416/910 411/907 412/911
f 415/909 412/912 370/799
f 416/913 412/914 417/915
f 418/916 415/917 417/918
f 418/916 412/919 415/917
f 419/920 379/921 375/922
f 420/923 185/924 378/925
f 379/926 181/927 421/928
f 375/929 422/930 423/931
f 181/932 420/933 421/934
f 424/935 419/936 423/937
f 184/938 379/939 424/935
f 425/940 84/254 120/253
f 425/941 120/257 426/942
f 426/943 120/253 427/944
f 427/945 120/946 198/408
f 428/947 427/944 429/948
f 426/949 427/950 428/951
f 407/952 426/953 409/889
f 430/954 84/955 425/956
f 406/957 409/958 431/888
f 381/959 432/960 433/961
f 431/962 428/963 433/961
f 129/964 126/965 434/966
f 434/967 380/968 129/969
f 380/824 381/823 433/970
f 435/971 436/972 437/973
f 438/974 439/975 440/976
f 396/859 392/858 441/977
f 439/978 392/858 394/979
f 396/859 435/980 398/866
f 392/858 436/981 441/977
f 392/982 439/975 436/972
f 398/983 435/971 442/984
f 440/985 439/978 394/979
f 440/985 394/979 443/845
f 440/986 443/987 444/988
f 392/858 391/989 394/979
f 443/990 394/860 397/862
f 401/991 445/992 446/993
f 401/994 446/995 422/996
f 182/997 185/924 420/923
f 446/998 445/999 447/1000
f 185/1001 187/1002 378/1003
f 422/930 448/1004 423/931
f 423/1005 449/1006 424/1007
f 446/1008 447/1009 422/1010
f 448/1011 449/1012 423/1013
f 191/1014 184/1015 449/1016
f 449/1012 450/1017 191/1018
f 190/393 191/395 451/1019
f 452/1020 451/1021 453/1022
f 192/396 190/398 454/1023
f 192/1024 454/1025 455/1026
f 456/1027 197/1028 196/1029
f 455/1030 196/405 192/407
f 196/401 455/1031 456/1032
f 427/950 198/1033 457/1034
f 457/1035 456/1027 458/1036
f 427/950 458/1037 429/1038
f 429/1038 458/1037 459/1039
f 206/423 128/274 460/1040
f 461/1041 462/1042 463/1043
f 464/1044 465/1045 466/1046
f 467/1047 271/1048 466/1049
f 466/1046 271/1050 468/1051
f 464/1044 468/1051 469/1052
f 466/1046 468/1051 464/1044
f 465/1053 439/1054 438/1055
f 436/1056 439/1057 465/1058
f 435/971 437/973 470/1059
f 470/1060 437/1061 471/1062
f 465/1045 438/1063 467/1064
f 437/1065 464/1066 472/1067
f 437/1068 472/1069 471/1070
f 473/1071 470/1060 471/1062
f 474/1072 440/986 473/1073
f 475/1074 473/1075 476/1076
f 471/1077 476/1076 473/1075
f 477/1078 282/1079 475/1080
f 478/1081 479/1082 480/1083
f 481/1084 480/1085 479/1086
f 478/1087 480/1088 482/1089
f 483/1090 484/1091 485/1092
f 447/1093 486/1094 483/1095
f 448/1011 447/1096 483/1097
f 448/1098 483/1098 487/1099
f 486/1100 484/1101 483/1102
f 488/1103 463/1104 489/1105
f 488/1106 490/1107 463/1108
f 491/1109 484/1110 492/1111
f 493/1112 494/1113 488/1106
f 490/1107 488/1106 494/1113
f 495/1114 496/1115 497/1116
f 498/1117 490/1118 499/1119
f 496/1120 500/1121 497/1122
f 501/1123 490/1107 494/1113
f 502/1124 499/1125 501/1126
f 503/1127 501/1128 493/1129
f 504/1130 497/1131 505/1132
f 506/1133 505/1134 507/1135
f 508/1136 502/1137 501/1128
f 509/1138 510/1139 511/1140
f 510/1141 509/1142 512/1143
f 513/1144 504/1130 506/1145
f 514/1146 503/1147 515/1148
f 516/1149 508/1150 517/1151
f 518/1152 513/1153 519/1154
f 507/1135 516/1155 506/1133
f 519/1156 506/1157 516/1149
f 520/1158 503/1147 521/1159
f 522/1160 520/1161 521/1162
f 513/1163 518/1164 523/1165
f 524/1166 522/1160 521/1162
f 522/1167 525/1168 518/1169
f 518/1170 519/1156 522/1171
f 526/1172 527/1173 523/1174
f 523/1174 528/1175 529/1176
f 529/1177 528/1178 524/1179
f 528/1180 518/1164 525/1181
f 530/1182 526/1183 529/1184
f 531/1185 532/1186 530/1187
f 524/1179 532/1188 531/1189
f 529/1190 531/1185 533/1191
f 533/1191 531/1185 534/1192
f 533/1193 534/1194 535/1195
f 531/1196 535/1195 534/1194
f 445/1197 536/1198 537/1199
f 492/1200 536/1201 538/1202
f 539/1203 456/1027 455/1204
f 458/1205 456/1206 539/1207
f 263/566 207/565 206/1208
f 206/1208 460/1209 263/566
f 263/1210 540/1211 541/1212
f 542/1213 262/563 263/566
f 542/1214 263/1215 543/1216
f 543/1217 541/1218 544/1219
f 541/1218 459/1220 545/1221
f 544/1219 541/1218 545/1221
f 544/1222 545/1223 546/1224
f 547/1225 542/1226 543/1227
f 548/1228 268/1229 461/1041
f 543/1227 544/1230 549/1231
f 548/1232 461/1233 550/1234
f 268/1235 548/1236 551/1237
f 552/1238 553/1239 554/1240
f 555/1241 554/1242 553/1243
f 468/1244 551/1245 556/1246
f 468/1244 556/1246 469/1247
f 557/1248 469/1249 554/1242
f 554/1242 555/1241 558/1250
f 464/1251 469/1252 557/1253
f 559/1254 279/1255 560/1256
f 557/1257 561/1258 562/1259
f 277/601 563/1260 564/1261
f 560/1262 564/1261 562/1263
f 561/1264 560/1265 562/1266
f 282/1267 477/1268 565/1269
f 476/1270 566/1271 565/1272
f 476/1273 567/1274 566/1275
f 562/1276 568/1277 567/1274
f 569/1278 563/1279 280/1280
f 570/1281 571/1282 572/1283
f 566/1284 567/1285 570/1286
f 573/1287 281/609 282/1267
f 480/1288 481/1289 573/1290
f 573/1291 282/1079 565/1292
f 480/1293 573/1294 482/1295
f 481/1296 283/1297 281/1298
f 283/1299 481/1300 574/1301
f 284/1302 283/1297 575/1303
f 572/1304 575/1303 576/1305
f 572/1283 571/1282 577/1306
f 578/1307 482/1308 579/1309
f 575/1303 574/1310 580/1311
f 575/1312 580/1313 576/1314
f 579/1315 576/1316 580/1317
f 537/1318 484/1319 486/1320
f 581/1321 582/1322 583/1323
f 584/1324 582/1325 581/1326
f 585/1327 538/1328 586/1329
f 451/1330 450/1331 453/1332
f 583/1333 453/1334 587/1335
f 453/1336 582/1337 588/1338
f 588/1339 589/1340 590/1341
f 452/1342 453/1343 539/1344
f 453/1345 590/1346 539/1347
f 591/1348 539/1349 592/1350
f 593/1351 591/1352 594/1353
f 594/1354 591/1355 592/1356
f 595/1357 596/553 597/1358
f 598/1359 596/1360 595/1361
f 595/1362 597/1363 593/1351
f 599/1364 598/1365 600/1366
f 601/1367 549/1368 602/1369
f 549/1231 546/1370 602/1371
f 602/1371 546/1370 603/1372
f 604/1373 555/1374 553/1239
f 603/1375 555/1374 604/1373
f 581/1376 583/1377 485/1378
f 605/1379 492/1380 606/1381
f 491/1382 606/1383 581/1376
f 585/1384 581/1321 606/1385
f 593/1351 594/1353 607/1386
f 608/1387 593/1351 607/1386
f 609/1388 598/1389 595/1390
f 609/1388 595/1390 608/1391
f 610/1392 609/1393 608/1394
f 601/1395 611/1396 500/1121
f 611/1397 505/1398 500/1399
f 611/1400 612/1401 613/1402
f 613/1403 612/1404 604/1405
f 502/1124 498/1406 499/1125
f 614/1407 615/1408 616/1409
f 617/1410 618/1411 614/1412
f 619/1413 617/1414 614/1415
f 620/1416 615/1417 618/1411
f 620/1418 618/1419 617/1414
f 621/1420 622/1421 623/1422
f 622/1421 610/1423 623/1422
f 610/1423 624/1424 623/1422
f 610/1392 598/1359 609/1393
f 622/1425 598/1389 610/1426
f 625/1427 626/1428 627/1429
f 627/1430 626/1431 628/1432
f 621/1433 628/1432 629/1434
f 611/1396 630/1435 505/1436
f 630/1437 507/1135 505/1134
f 631/1438 614/1415 632/1439
f 633/1440 617/1441 619/1442
f 512/1443 625/1444 627/1430
f 621/1445 511/1140 512/1446
f 634/1447 635/1448 340/1449
f 340/746 335/741 634/1450
f 634/1450 335/741 636/1451
f 339/745 336/742 340/746
f 637/1452 638/1453 639/1454
f 640/1455 637/1456 639/1457
f 641/1458 478/1459 482/1460
f 640/1461 578/1462 642/1463
f 643/1464 644/1465 645/1466
f 646/1467 641/1468 643/1469
f 647/1470 646/1471 643/1472
f 639/1473 638/1474 643/1464
f 647/1475 643/1476 648/1477
f 580/1311 574/1310 481/1296
f 580/1478 481/1479 649/1480
f 642/1481 579/1482 580/1313
f 650/1483 651/1484 652/1485
f 653/1486 650/1487 654/1488
f 655/1489 653/1490 654/1491
f 656/1492 652/1493 651/1494
f 657/1495 658/1496 652/1485
f 657/1497 652/1498 659/1499
f 660/1500 661/1501 658/1502
f 654/1503 652/1485 658/1496
f 658/1502 661/1501 654/1504
f 223/1505 662/1506 235/494
f 663/1507 664/1508 665/1509
f 663/1507 665/1509 666/1510
f 667/1511 668/1512 669/1513
f 231/1514 670/1515 671/1516
f 672/1517 231/1518 230/1519
f 672/1520 673/1521 670/1522
f 672/1517 230/1519 674/1523
f 212/492 235/494 230/498
f 675/1524 235/495 662/1525
f 676/1526 235/1527 677/1528
f 677/1529 235/494 675/1530
f 673/1531 678/1532 679/1533
f 680/1534 681/1535 673/1536
f 682/1537 676/1538 683/1539
f 683/1540 676/1526 677/1528
f 222/1541 219/1542 679/1543
f 665/1509 684/1544 685/1545
f 664/1546 686/1547 665/1548
f 687/1549 686/1547 664/1546
f 688/1550 666/1551 685/1552
f 666/1510 665/1509 685/1545
f 669/1553 689/1554 244/1555
f 690/1556 227/1557 246/1558
f 691/1559 689/1560 690/1561
f 692/1562 693/1563 246/1564
f 689/1565 694/1566 695/1567
f 229/1568 671/1569 249/535
f 696/1570 697/1571 670/1515
f 696/1570 670/1515 698/1572
f 696/1573 698/1574 699/1575
f 698/1576 673/1531 679/1533
f 253/1577 699/1578 679/1579
f 270/582 700/1580 701/1581
f 686/1582 700/1580 269/581
f 702/1583 703/1584 688/1585
f 704/1586 684/1587 686/1547
f 700/1588 705/1589 701/1590
f 705/1591 700/1592 706/1593
f 684/1587 704/1586 685/1552
f 244/1594 695/1595 707/1596
f 695/1597 244/1598 689/1599
f 246/1600 259/1601 708/1602
f 709/1603 692/1604 708/1605
f 710/1606 711/1607 712/1608
f 711/1609 713/1610 714/1611
f 715/763 260/1612 249/1613
f 258/1614 260/1615 715/1616
f 711/1617 258/1618 715/1619
f 671/1620 697/1621 715/1622
f 711/1617 715/1619 713/1623
f 697/1624 713/1625 715/1626
f 697/1627 696/1573 716/1628
f 717/1629 697/1624 716/1630
f 718/1631 254/1632 265/571
f 719/1633 696/1570 699/1634
f 719/1635 699/1636 718/1637
f 718/1631 720/1638 721/1639
f 721/1640 722/1641 718/1642
f 719/1643 722/1644 716/1645
f 723/1646 722/1647 721/1639
f 724/1648 718/1649 725/1650
f 726/1651 727/1652 720/1653
f 700/1580 270/582 269/581
f 728/1654 267/579 273/587
f 704/1655 269/1656 702/1657
f 278/1658 728/1654 273/587
f 729/1659 703/1584 730/1660
f 703/1661 731/1662 730/1663
f 732/1664 733/1665 734/1666
f 735/1667 732/1664 734/1666
f 736/1668 735/1667 734/1666
f 732/1669 735/1670 737/1671
f 734/1672 737/1673 738/1674
f 739/1675 732/1676 737/1677
f 738/1678 737/1679 735/1680
f 740/1681 741/1682 650/1683
f 742/1684 741/1685 740/1686
f 733/1687 743/1688 740/1689
f 655/1690 744/1691 740/1692
f 743/1693 655/1489 740/1694
f 734/1695 653/1490 745/1696
f 745/1697 653/1698 655/1690
f 743/1688 733/1687 732/1676
f 743/1699 732/1664 739/1700
f 745/1701 739/1702 734/1666
f 739/1703 737/1704 734/1695
f 655/1489 739/1703 745/1696
f 663/1705 656/1706 746/1707
f 746/1707 656/1706 747/1708
f 748/1709 741/1685 742/1684
f 748/1710 747/1711 741/1712
f 749/1713 748/1714 742/1715
f 750/1716 748/1710 749/1717
f 751/1718 682/1537 752/1719
f 674/1720 751/1721 753/1722
f 754/1723 755/1724 752/1719
f 754/1725 752/1726 683/1727
f 756/1728 757/1729 687/1730
f 664/1731 663/1732 746/1733
f 666/1734 758/1735 657/1497
f 758/1735 660/1736 657/1497
f 759/1737 747/1708 750/1738
f 760/1739 756/1728 759/1740
f 759/1740 750/1741 749/1742
f 757/1743 756/1744 760/1745
f 85/1746 89/184 124/267
f 749/1747 660/1748 758/1749
f 680/1534 674/1750 761/1751
f 762/1752 683/1539 761/1753
f 706/1754 757/1755 705/1589
f 763/1756 757/1757 764/1758
f 764/1759 760/1739 759/1740
f 749/1760 758/1761 765/1762
f 766/1763 693/1764 767/1765
f 694/1766 691/1767 766/1768
f 768/1769 766/1768 767/1770
f 769/1771 770/1772 771/1773
f 772/1774 757/1757 763/1756
f 729/1775 765/1776 688/1550
f 763/1756 764/1758 773/1777
f 695/1778 774/1779 775/1780
f 776/1781 777/1782 778/1783
f 776/1784 779/1785 780/1786
f 778/1787 781/1788 782/1789
f 775/1790 774/1791 770/1792
f 780/1793 775/1794 770/1795
f 770/1796 777/1797 780/1798
f 783/1799 778/1800 782/1801
f 692/1802 709/1803 784/1804
f 784/1804 709/1803 769/1805
f 778/1806 769/1807 709/1808
f 709/1809 785/1810 781/1811
f 786/1812 787/1813 717/1814
f 788/1815 786/1812 717/1814
f 789/1816 788/1817 717/1818
f 790/1819 788/1820 789/1821
f 723/1822 791/1823 722/1824
f 792/1825 716/1826 791/1823
f 717/1814 716/1645 792/1827
f 793/1828 791/1829 723/1830
f 726/1831 794/1832 795/1833
f 727/1834 726/1835 796/1836
f 731/1837 797/1838 730/1660
f 798/1839 796/1836 795/1840
f 798/1839 795/1840 799/1841
f 798/1842 799/1843 800/1844
f 801/1845 802/1846 803/1847
f 751/1718 755/1724 753/1848
f 753/1849 801/1845 804/1850
f 805/1851 754/1725 762/1852
f 805/1853 801/1845 754/1854
f 762/1852 753/1855 804/1856
f 802/1846 801/1845 805/1853
f 804/1850 803/1847 805/1853
f 806/1857 807/1858 766/1768
f 806/1857 766/1768 768/1769
f 770/1859 774/1860 808/1861
f 771/1862 770/1863 808/1864
f 806/1857 768/1769 771/1773
f 809/1865 810/1866 811/1867
f 812/1868 810/1869 813/1870
f 814/1871 815/1872 789/1873
f 816/1874 792/1825 793/1875
f 817/1876 816/1877 793/1878
f 816/1879 789/1880 792/1881
f 818/1882 819/1883 817/1884
f 820/1885 796/1886 798/1887
f 821/1888 820/1889 798/1890
f 820/1891 822/1892 796/1893
f 821/1894 798/1887 823/1895
f 824/1896 825/1897 819/1883
f 826/1898 819/1899 818/1900
f 818/1901 827/1902 826/1903
f 828/1904 827/1905 818/1900
f 829/1906 824/1896 830/1907
f 831/1908 830/1907 832/1909
f 833/1910 834/439 813/1911
f 833/1912 835/1913 836/1914
f 835/1913 811/1915 836/1914
f 811/1916 837/1917 838/1918
f 839/1919 812/1868 834/1920
f 829/1921 814/1922 816/1877
f 825/1923 829/1924 816/1925
f 840/1926 831/1927 841/1928
f 842/1929 843/1930 828/1931
f 831/1932 842/1929 841/1933
f 841/1928 842/1934 844/1935
f 845/1936 821/1937 823/1938
f 845/1939 820/1940 821/1941
f 846/1942 847/1943 820/1944
f 846/1945 820/1946 845/1936
f 848/1947 846/1948 845/1939
f 849/1949 850/1950 851/1951
f 852/1952 853/1953 850/1954
f 854/1955 853/1956 855/1957
f 851/1958 850/1959 853/1960
f 856/1961 857/1962 858/1963
f 859/1964 860/1965 858/1966
f 857/1962 860/1967 851/1958
f 861/1968 858/1969 860/1970
f 862/1971 863/1972 864/1973
f 865/1974 863/1972 862/1971
f 849/1975 866/1976 867/1977
f 850/1978 849/1975 867/1977
f 854/1979 867/1977 868/1980
f 865/1981 862/1982 866/1976
f 865/1981 866/1976 869/1983
f 869/1984 866/1981 868/1985
f 870/1986 849/1975 859/1987
f 859/1988 858/1989 854/1955
f 849/1949 851/1951 859/1990
f 871/1991 872/1992 873/1993
f 874/1994 875/1995 876/1996
f 877/1997 878/1998 875/1999
f 879/2000 878/2001 874/2002
f 863/1972 880/2003 864/1973
f 881/2004 864/2005 882/2006
f 872/2007 880/2008 873/2009
f 863/2010 865/2011 880/2012
f 883/2013 865/1974 869/1984
f 865/2011 883/2014 873/1993
f 832/2015 830/2016 843/2017
f 830/2018 871/2019 879/2020
f 884/2021 876/1996 885/2022
f 884/2023 885/2024 886/2025
f 886/2026 879/2027 884/2028
f 887/2029 827/1902 885/2030
f 885/368 883/2031 887/2032
f 888/2033 834/2034 836/2035
f 888/2033 889/2036 839/2037
f 888/2038 839/1919 834/1920
f 838/2039 890/2040 891/2041
f 891/2041 890/2040 888/2033
f 889/2042 888/2043 892/2044
f 840/1926 841/1928 893/2045
f 893/2045 894/2046 840/1926
f 895/2047 841/1928 844/1935
f 895/2048 844/2049 896/2050
f 897/2051 893/2052 841/2053
f 861/2054 857/2055 856/2056
f 890/2057 898/2058 888/2059
f 890/2060 899/2061 898/2062
f 888/2033 898/2063 892/2064
f 898/2058 899/2065 900/2066
f 898/2067 900/2068 892/2044
f 901/2069 899/2065 892/2070
f 900/2066 899/2065 901/2069
f 902/2071 903/2072 897/2073
f 904/2074 897/2075 905/2076
f 906/2077 902/2078 904/2079
f 907/2080 906/2077 904/2079
f 908/2081 909/2082 907/2083
f 536/2084 910/2085 538/2086
f 538/2087 910/2088 911/2089
f 912/2090 913/2091 914/2092
f 912/2093 914/2094 712/2095
f 589/2096 912/2097 915/2098
f 912/2099 916/2100 915/2101
f 917/2102 915/2103 918/2104
f 918/2105 915/2106 916/2107
f 714/2108 713/2109 919/2110
f 917/2111 918/2112 920/2113
f 920/2114 918/2115 921/2116
f 919/2117 713/2118 922/2119
f 919/2120 922/2121 918/2115
f 923/2122 924/2123 925/2124
f 923/2125 926/2126 603/2127
f 927/2128 928/2129 929/2130
f 555/1241 603/2131 930/2132
f 930/2132 603/2131 926/2133
f 931/2134 926/2135 932/2136
f 561/2137 933/2138 559/2139
f 559/2139 933/2138 934/2140
f 934/2141 933/2142 935/2143
f 936/2144 934/2141 935/2143
f 937/2145 278/2146 938/2147
f 938/2148 278/1658 939/2149
f 938/2150 939/2151 940/2152
f 940/2153 939/2154 941/2155
f 942/2156 938/2157 940/2158
f 941/2159 939/2160 943/2161
f 942/2156 799/1841 938/2157
f 563/1279 944/2162 568/2163
f 567/2164 945/2165 570/2166
f 946/2167 944/2168 569/2169
f 571/1282 570/1281 947/2170
f 948/2171 569/2169 571/1282
f 947/2172 948/2173 571/2174
f 570/2166 945/2165 947/2172
f 946/2175 949/2176 944/2177
f 950/2178 951/2179 945/2165
f 947/2172 945/2165 952/2180
f 586/2181 538/2182 953/2183
f 582/2184 584/2185 588/2186
f 586/1329 954/2187 955/2188
f 956/2189 957/2190 588/2191
f 956/2192 958/2193 957/2194
f 954/2195 959/2196 960/2197
f 538/2198 911/2199 959/2200
f 588/2201 957/2202 961/2203
f 962/2204 917/2111 592/2205
f 592/2205 917/2111 963/2206
f 594/1353 963/2207 607/1386
f 963/2207 917/2208 964/2209
f 920/2210 965/2211 964/2212
f 924/2213 923/2214 966/2215
f 924/2213 966/2215 967/2216
f 965/2217 924/2123 968/2218
f 924/2219 967/2220 968/2221
f 965/2222 968/2221 969/2223
f 964/2212 965/2211 969/2224
f 970/2225 967/2216 600/1366
f 555/2226 971/2227 972/2228
f 935/2229 933/2230 972/2228
f 971/2227 930/2231 973/2232
f 973/2232 974/2233 971/2227
f 975/2234 943/2161 973/2235
f 976/2236 935/2143 972/2237
f 977/2238 978/2239 976/2240
f 936/2241 978/2239 977/2238
f 979/2242 971/2227 974/2233
f 980/2243 939/2160 936/2244
f 981/2245 980/2246 936/2241
f 980/2247 981/2248 982/2249
f 943/2250 980/2246 974/2251
f 608/1391 607/2252 983/2253
f 963/2207 984/2254 607/1386
f 607/2252 984/2255 983/2253
f 963/2256 964/2257 984/2258
f 600/2259 598/1359 970/2260
f 985/2261 967/2262 970/2263
f 986/2264 967/2262 985/2261
f 964/2257 969/2265 984/2258
f 968/2266 986/2264 987/2267
f 988/2268 970/2263 989/2269
f 990/2270 991/2271 979/2272
f 974/2273 980/2243 979/2274
f 980/2247 982/2249 979/2275
f 992/2276 991/2271 993/2277
f 993/2278 994/2279 632/2280
f 981/2248 977/2281 995/2282
f 995/2283 620/1416 996/2284
f 994/2285 982/2286 995/2287
f 981/2248 995/2282 982/2249
f 990/2270 979/2272 982/2288
f 996/2284 997/2289 998/2290
f 632/2280 994/2279 998/2291
f 997/2292 617/1414 999/2293
f 628/2294 626/2295 983/2296
f 1000/2297 628/2298 1001/2299
f 628/2294 983/2296 1001/2300
f 984/2258 969/2265 987/2301
f 984/2255 987/2302 1002/2303
f 1003/2304 989/2305 1004/2306
f 988/2268 989/2269 1005/2307
f 1005/2308 989/2305 1003/2304
f 985/2261 988/2268 1005/2307
f 986/2309 985/2310 1006/2311
f 985/2310 1005/2308 1006/2311
f 998/2312 1007/2313 1008/2314
f 1009/2315 1010/2316 619/2317
f 631/2318 1008/2319 619/1442
f 619/2317 1011/2320 1009/2315
f 997/2321 999/2322 1007/2313
f 1012/2323 999/2324 1010/2316
f 1007/2313 1012/2325 1011/2326
f 1013/2327 1009/2328 1011/2329
f 1014/2330 1012/2331 1013/2332
f 1012/2323 1010/2316 1009/2315
f 1012/2331 1015/2333 1011/2334
f 1016/2335 1000/2336 1001/2300
f 1017/2337 1018/2338 1016/2339
f 1019/2340 1005/2341 1003/2342
f 1001/2343 1020/2344 1016/2345
f 1017/2337 1019/2346 1018/2338
f 1021/2347 1022/2348 1023/2349
f 1024/2350 1025/2351 1022/2348
f 1022/2352 1025/2353 1026/2354
f 713/2355 787/1813 922/2356
f 918/2115 922/2357 921/2116
f 921/2116 922/2357 1027/2358
f 787/1813 786/1812 809/2359
f 921/2360 1027/2361 1028/2362
f 922/2363 809/2364 1027/2365
f 809/2366 1029/2367 1027/2368
f 786/2369 788/2370 809/2371
f 1029/2372 1030/2373 1027/2374
f 723/2375 721/2376 927/2377
f 927/2378 929/2379 1031/2380
f 1032/2381 1033/2382 1034/2383
f 925/2384 1028/2362 1033/2385
f 1028/2386 1027/2387 1035/2388
f 927/2377 721/2376 928/2389
f 721/2376 727/2390 1036/2391
f 926/2392 928/2129 1037/2393
f 817/1876 793/1878 1038/2394
f 926/2395 1037/2396 932/2397
f 928/2398 1036/2399 1037/2400
f 727/1652 1039/2401 1036/2402
f 1037/2400 1036/2399 1040/2403
f 1041/2404 799/1841 942/2156
f 1042/2405 1041/2406 942/2407
f 800/1844 799/1843 1041/2406
f 931/2134 932/2136 1042/2408
f 932/2409 1043/2410 1042/2411
f 1036/2412 1044/2413 1040/2414
f 1045/2415 1041/2416 1042/2417
f 1046/2418 948/2419 952/2420
f 945/2421 1047/2422 952/2423
f 1048/2424 948/2419 1046/2418
f 1047/2425 1049/2426 1050/2427
f 1050/2428 1049/2429 1051/2430
f 1052/2431 1022/2432 961/2433
f 961/2434 957/2435 1052/2436
f 911/2437 1053/2438 1052/2439
f 1054/2440 1052/2441 960/2442
f 1054/2443 911/2199 1052/2444
f 986/2445 1006/2446 1055/2447
f 1002/2448 1055/2449 1056/2450
f 1020/2451 1057/2452 1058/2453
f 1020/2454 1059/2455 1057/2456
f 1060/2457 1055/2458 1006/2459
f 1061/2460 1060/2461 1062/2462
f 1061/2463 1063/2464 1056/2465
f 1064/2466 1061/2460 1062/2462
f 1065/2467 1006/2468 1066/2469
f 1060/2470 1006/2468 1065/2467
f 1067/2471 1017/2472 1058/2473
f 1057/2452 1068/2474 1058/2453
f 1068/2475 1057/2456 1062/2476
f 1069/2477 1062/2478 1060/2479
f 1068/2480 1062/2481 1070/2482
f 1057/2456 1059/2455 1071/2483
f 1062/2484 1069/2485 1070/2486
f 1072/2487 1017/2488 1067/2489
f 1073/2490 1072/2491 1067/2471
f 1074/2492 1065/2467 1072/2487
f 1060/2479 1065/2493 1069/2477
f 1069/2494 1065/2467 1074/2492
f 1069/2485 1074/2495 1075/2496
f 1073/2497 1067/2498 1076/2499
f 1077/2500 1072/2501 1073/2497
f 1078/2502 1073/2497 1076/2499
f 1079/2503 1077/2500 1073/2497
f 1078/2502 1076/2499 1080/2504
f 1076/2505 1058/2473 1070/2506
f 1081/2507 1074/2508 1077/2500
f 1082/2509 1079/2503 1078/2502
f 1077/2510 1079/2511 1081/2512
f 1081/2512 1079/2511 1083/2513
f 1080/2514 1081/2507 1084/2515
f 1081/2512 1083/2513 1084/2516
f 1085/2517 1079/2518 1082/2519
f 1086/2520 1085/2521 1082/2522
f 1083/2523 1085/2517 1087/2524
f 1086/2525 1082/2526 1088/2527
f 1084/2528 1083/2523 1088/2529
f 1086/2530 1088/2531 1087/2532
f 1088/2533 1078/2534 1084/2535
f 1087/2524 1085/2517 1089/2536
f 782/2537 1023/2538 1090/2539
f 1025/2540 1024/2541 1091/2542
f 783/2543 782/2544 1092/2545
f 1093/2546 1094/2547 1095/2548
f 1029/2367 1096/2549 1030/2550
f 1029/2551 809/2552 835/2553
f 813/1911 790/1819 1096/2554
f 1029/2551 835/2553 833/1910
f 1029/2551 833/1910 1096/2554
f 1027/2555 1097/2556 1035/2557
f 1028/2558 1098/2559 1033/2382
f 1099/2560 1033/2561 1098/2562
f 790/1819 815/2563 1096/2554
f 815/1872 1100/2564 1097/2565
f 1100/2566 1101/2567 1097/2568
f 1102/1348 1103/2569 1098/2570
f 1098/2570 1103/2569 1101/2571
f 815/1872 814/1871 1100/2564
f 1097/2572 1104/2573 1105/2574
f 1033/2561 1099/2560 1034/2575
f 1034/2575 1099/2560 1106/2576
f 1106/2576 1038/2577 1034/2575
f 1099/2578 1098/2579 1107/2580
f 1108/2581 817/2582 1038/2577
f 1109/2583 844/1935 1038/2584
f 1044/2585 822/1892 1110/2586
f 823/2587 800/2588 1045/2589
f 1043/2590 1111/2591 1042/2417
f 1112/2592 1045/2589 1042/2593
f 1040/2594 1113/2595 1114/2596
f 1110/2597 822/2598 847/2599
f 1040/2600 1110/2601 1113/2602
f 1110/2603 847/2604 1113/2605
f 1050/2428 1051/2430 1115/2606
f 1102/2607 1105/2608 1116/2609
f 1104/2610 1103/2569 1117/2611
f 1059/2612 1063/2613 1071/2614
f 1063/2615 1061/2460 1118/2616
f 1071/2617 1118/2616 1064/2466
f 1063/2618 1118/2619 1119/2620
f 1120/2621 1118/2622 1071/2614
f 1119/2623 1120/2621 1071/2624
f 1024/2625 1095/2626 1091/2627
f 1091/2628 783/2629 1092/2630
f 1094/2631 783/2632 1091/2633
f 1101/2634 1121/2635 1122/2636
f 1101/2634 1122/2636 1107/2637
f 1099/2638 1123/2639 1106/2640
f 1123/2639 1099/2638 1107/2641
f 1121/2642 814/2643 1124/2644
f 1123/2645 1125/2646 1106/2647
f 896/2648 844/1935 1109/2583
f 1106/2649 1125/2650 1109/2651
f 896/2648 1109/2583 1125/2652
f 1113/2653 847/2654 1126/2655
f 823/1938 1127/2656 1128/2657
f 1114/2658 1113/2602 1112/2592
f 1129/2659 1127/2660 1112/2661
f 1113/2662 1126/2663 1130/2664
f 1129/2665 1112/2666 1130/2667
f 847/2604 846/1945 1131/2668
f 1126/2669 1131/2670 1130/2671
f 1130/2672 1132/2673 1133/2674
f 1131/2675 1134/2676 1132/2677
f 1135/2678 845/1936 823/1938
f 1135/2678 823/1938 1128/2657
f 1136/2679 1135/2680 1128/2681
f 1128/2682 1127/2660 1129/2659
f 1137/2683 1136/2684 1128/2685
f 1138/2686 1137/2687 1128/2682
f 848/1947 845/1939 1135/2680
f 1139/2688 1135/2689 1136/2690
f 1139/2691 848/2692 1135/2693
f 1140/2694 1141/2695 1136/2690
f 1142/2696 1104/2573 1143/2697
f 1105/2698 1142/2699 1116/2700
f 1116/2701 1144/2702 1145/2703
f 1144/2704 1142/2699 1146/2705
f 1144/2702 1147/2706 1145/2703
f 1148/2707 1146/2705 1145/2703
f 1138/2708 1129/2665 1149/2709
f 814/2643 894/2046 1124/2644
f 1150/2710 1151/2711 1152/2712
f 1150/2713 1153/2714 1151/2715
f 1125/2716 1123/2717 1154/2718
f 1155/2719 1125/2720 1156/2721
f 1157/2722 1158/2723 1141/2695
f 846/2724 1159/2725 1158/2726
f 1141/2695 1158/2723 1160/2727
f 1161/2728 848/2729 1139/2730
f 1162/2731 848/2692 1161/2732
f 1162/2733 1159/2734 848/2729
f 1159/2734 1162/2733 1163/2735
f 1162/2733 1161/2728 1164/2736
f 1145/2737 1147/2738 1148/2739
f 1148/2707 1144/2704 1146/2705
f 1144/2740 1148/2739 1147/2738
f 1129/2741 1133/2674 1165/2742
f 1133/2743 1166/2744 1165/2745
f 1165/2746 1166/2747 1167/2748
f 1168/2749 1166/2747 1169/2750
f 1170/2751 1168/2752 1167/2753
f 1166/2744 1168/2754 1171/2755
f 1149/2709 1129/2665 1165/2756
f 1172/2757 1173/2758 1138/2759
f 1174/2760 1149/2761 1175/2762
f 1138/2763 1149/2761 1174/2760
f 1134/2764 1140/2765 1176/2766
f 1140/2767 1177/2768 1176/2769
f 1149/2761 1165/2770 1178/2771
f 1149/2772 1178/2773 1175/2774
f 1172/2775 1174/2776 1179/2777
f 1177/2778 1140/2779 1173/2780
f 1169/2750 1176/2781 1178/2782
f 1178/2783 1180/2784 1181/2785
f 1182/2786 1173/2787 1172/2775
f 1177/2768 1173/2758 1182/2788
f 1167/2789 1171/2790 1170/2791
f 1183/2792 1184/2793 1185/2794
f 1186/2795 1172/2775 1179/2777
f 1187/2796 1188/2797 1185/2798
f 1186/2795 1179/2777 1189/2799
f 1177/2800 1182/2786 1190/2801
f 1180/2802 1190/2803 1189/2804
f 1190/2801 1191/2805 1189/2806
f 1189/2807 1191/2808 1192/2809
f 1190/2801 1182/2786 1191/2805
f 1191/2805 1193/2810 1194/2811
f 1187/2796 1185/2798 1184/2812
f 1195/2813 1188/2814 1187/2815
f 1196/2816 1195/2817 1197/2818
f 1198/2819 1187/2820 1197/2821
f 1197/2822 1195/2823 1198/2819
f 1199/2824 1200/2825 1192/2826
f 1201/2827 1202/2828 1203/2829
f 1204/2830 1202/2828 1205/2831
f 1206/2832 1204/2830 1152/2712
f 1207/2833 1202/2834 1204/2835
f 1203/2836 1207/2833 1153/2837
f 1208/2838 1207/2833 1204/2835
f 1153/2714 1209/2839 1151/2715
f 1152/2840 1205/2841 1210/2842
f 1152/2840 1210/2842 1154/2718
f 1205/2841 1211/2843 1210/2842
f 905/2844 1155/2719 1156/2721
f 1154/2845 1212/2846 1156/2721
f 1213/2847 1162/2848 1214/2849
f 1162/2848 1213/2847 1163/2850
f 1215/2851 1170/2791 1216/2852
f 1217/2853 1216/2854 1168/2855
f 1199/2856 1194/2857 1200/2825
f 1192/2858 1194/2857 1199/2856
f 1151/2859 1209/2860 1218/2861
f 1206/2862 1219/2863 1208/2864
f 1151/2865 1218/2866 1219/2867
f 1220/2868 1207/2869 1208/2864
f 1208/2864 1219/2863 1221/2870
f 1218/2866 1222/2871 1219/2867
f 1219/2872 1223/2873 1221/2874
f 1224/2875 903/2876 1211/2877
f 1225/2878 1226/2879 1156/2880
f 1156/2880 1212/2881 1225/2878
f 1227/2882 1221/2883 1223/2884
f 1222/2885 1227/2882 1223/2884
f 1212/2886 1228/2887 1229/2888
f 1212/2886 1229/2888 1225/2889
f 909/2082 1230/2890 1229/2891
f 1229/2892 1230/2893 1231/2894
f 908/2081 907/2083 1232/2895
f 1231/2896 1232/2895 1229/2897
f 1231/2898 1230/2899 1233/2900
f 1230/2890 1234/2901 1233/2902
f 1015/2333 1235/2903 1013/2332
f 1050/2904 1115/2905 1236/2906
f 1237/2907 1238/2908 1236/2909
f 1239/2910 1236/2911 1115/2912
f 1237/2913 1236/2911 1239/2910
f 1115/2914 1238/2915 1240/2916
f 1115/2914 1240/2916 1241/2917
f 1115/2912 1241/2918 1239/2910
f 1242/2919 1243/2920 1239/2910
f 1244/2921 1245/2922 1243/2923
f 1239/2924 1241/2917 1242/2919
f 1241/2925 1245/2922 1242/2926
f 285/2927 2/2928 5/2929
f 12/631 285/612 5/7
f 16/25 15/24 18/2930
f 7/15 12/21 8/17
f 14/27 16/2931 18/28
f 14/31 20/2932 15/2933
f 15/2934 20/2935 18/2936
f 19/29 14/31 17/2937
f 20/2938 40/2939 21/2940
f 10/40 8/12 11/2941
f 24/41 11/43 47/2942
f 25/44 27/46 30/54
f 27/50 29/49 30/52
f 26/2943 28/2944 30/2945
f 28/55 32/57 31/2946
f 33/58 30/60 31/64
f 25/59 34/2947 32/2948
f 34/2947 33/58 35/63
f 19/76 40/2939 20/2938
f 42/2949 21/2940 40/2939
f 39/171 17/2950 83/172
f 83/2951 17/34 42/80
f 41/169 43/2952 40/2939
f 23/2953 10/89 46/88
f 23/38 44/2954 22/36
f 44/84 45/86 22/2955
f 95/2956 24/90 48/92
f 94/190 322/2957 52/2958
f 52/97 322/2959 53/98
f 50/94 53/2960 1246/2961
f 51/102 56/109 57/2962
f 36/67 34/66 58/111
f 58/2963 35/113 59/112
f 61/122 36/67 58/111
f 60/115 64/124 62/126
f 65/150 64/2964 61/2965
f 65/150 61/2965 68/151
f 38/127 60/121 66/2966
f 60/118 63/120 66/144
f 59/133 66/128 67/147
f 70/2967 69/159 78/158
f 62/148 70/2968 63/2969
f 74/2970 66/144 73/145
f 67/137 74/2971 68/136
f 72/155 75/149 77/157
f 78/158 71/160 124/2972
f 124/267 90/183 78/2973
f 80/164 73/166 70/2967
f 78/158 90/180 80/164
f 70/2968 78/2974 80/2975
f 80/2976 91/182 81/2977
f 83/172 42/83 44/2978
f 44/84 87/2979 83/2980
f 83/2981 87/2982 82/2983
f 82/2983 84/955 39/2984
f 84/955 430/954 41/2985
f 41/2985 430/954 43/2986
f 82/255 87/176 86/175
f 44/2987 23/2953 87/2988
f 87/2979 23/2989 46/179
f 46/179 24/2990 95/2991
f 87/2982 46/2992 89/2993
f 46/88 95/2956 88/2994
f 89/2995 88/191 93/202
f 87/2979 89/178 85/2996
f 91/2997 89/2998 93/195
f 77/2999 76/154 108/3000
f 88/191 52/2958 93/202
f 92/206 55/207 98/3001
f 98/3001 101/845 100/844
f 55/103 54/210 98/209
f 101/3002 54/106 1247/3003
f 103/219 109/3004 105/3005
f 106/3006 104/3007 105/224
f 103/3008 114/3009 109/239
f 105/224 111/3010 106/3006
f 102/216 106/215 116/3011
f 112/3012 102/220 116/3013
f 118/265 124/267 71/3014
f 137/3015 146/3016 143/300
f 71/140 72/143 118/3017
f 108/221 117/251 118/249
f 202/413 201/3018 86/3019
f 202/3020 86/175 122/3021
f 122/3021 125/3022 202/3020
f 123/3023 99/204 126/836
f 85/3024 124/3025 122/3026
f 122/266 118/265 125/268
f 127/3027 119/270 126/272
f 127/419 126/3028 129/3029
f 91/2997 97/194 123/3030
f 123/3023 97/203 99/204
f 123/271 81/2977 91/182
f 81/167 123/263 117/248
f 134/3031 130/3032 132/3033
f 139/295 135/294 134/3031
f 139/3034 134/3035 132/3036
f 132/279 131/278 140/3037
f 140/297 139/295 138/3038
f 133/313 142/307 141/320
f 134/281 144/301 130/304
f 144/312 147/314 130/336
f 133/3039 135/286 142/306
f 137/3015 136/283 145/3040
f 187/3041 179/3042 114/3043
f 154/3044 159/3045 157/3046
f 147/3047 150/3048 149/326
f 141/3049 155/3050 147/3047
f 147/3047 155/3050 150/3048
f 155/3050 158/3051 150/3048
f 149/317 148/316 156/3052
f 152/332 153/322 155/3053
f 141/320 152/321 155/3054
f 154/3055 158/3056 155/3057
f 154/323 153/322 159/331
f 152/3058 151/3059 159/3060
f 160/3061 146/3062 209/431
f 209/3063 146/3064 156/3052
f 146/3065 145/305 149/334
f 162/338 164/340 163/339
f 158/3051 157/3066 167/3067
f 158/347 169/349 174/359
f 150/3068 158/3069 148/3070
f 158/3051 174/3071 148/3072
f 164/340 166/343 165/342
f 166/357 171/440 165/3073
f 163/341 165/342 161/3074
f 165/3075 172/3076 161/358
f 172/3076 173/356 161/358
f 107/362 112/3077 177/508
f 107/218 176/1941 114/3078
f 177/362 112/230 239/3079
f 239/509 112/3077 178/3080
f 116/242 183/373 178/3080
f 111/240 179/3081 113/244
f 420/3082 181/370 182/372
f 194/403 198/408 121/3083
f 179/3042 182/3084 180/3085
f 183/3086 115/3087 186/3088
f 191/3089 186/3090 180/3091
f 191/1018 180/3085 184/3092
f 186/3093 191/3094 189/3095
f 178/512 183/3096 188/510
f 193/3097 189/3095 190/3098
f 195/400 193/3099 196/401
f 199/3100 194/403 200/411
f 171/1875 213/3101 172/3102
f 86/262 201/421 194/410
f 202/3020 125/3022 205/418
f 207/426 205/427 206/3103
f 467/1064 438/1063 1248/3104
f 467/3105 1248/3106 272/3107
f 276/591 272/590 1248/3106
f 1248/3106 474/3108 276/591
f 276/591 474/3108 282/3109
f 159/3110 168/3111 157/329
f 151/319 160/333 209/3112
f 159/3113 208/3114 168/3115
f 151/3116 209/431 159/430
f 210/464 208/3117 221/465
f 208/3117 211/466 221/465
f 216/460 215/3118 169/3119
f 167/348 216/456 169/349
f 169/3120 215/445 234/502
f 169/349 234/3121 175/360
f 175/360 234/3121 218/448
f 167/348 210/464 216/456
f 211/3122 219/1542 222/1541
f 220/459 221/469 223/468
f 148/449 218/448 170/453
f 667/3123 225/3124 224/3125
f 225/472 667/3126 244/3127
f 244/3127 667/3126 669/3128
f 294/3129 4/3130 291/3131
f 231/3132 229/3133 213/499
f 172/3134 228/3135 173/3136
f 215/3137 173/443 232/3138
f 215/445 232/488 234/502
f 214/444 173/356 215/3139
f 217/447 214/491 215/445
f 218/501 236/500 237/505
f 679/3140 219/504 238/506
f 114/3141 176/507 242/3142
f 240/513 239/511 188/510
f 240/3143 242/3144 176/3145
f 243/3146 241/3147 188/3148
f 226/3149 225/521 241/520
f 244/1598 707/3150 242/3151
f 226/473 243/523 227/3152
f 243/3153 188/390 245/528
f 245/3154 255/3155 259/1601
f 255/3156 257/3157 259/3158
f 250/3159 247/3160 228/3161
f 250/537 203/536 247/533
f 250/3159 229/3162 249/3163
f 252/546 238/3164 237/547
f 238/506 252/3165 253/3166
f 242/3144 707/3167 114/3168
f 114/3169 707/3170 187/3171
f 707/3172 1249/3173 187/3174
f 255/3175 189/3176 193/406
f 193/397 195/3177 199/3178
f 256/3179 193/3180 199/3181
f 257/3182 256/3183 258/1614
f 199/3184 200/3185 256/558
f 256/3186 200/411 203/3187
f 256/3179 203/3188 260/3189
f 260/1612 203/3190 249/1613
f 248/534 247/533 204/3191
f 203/536 204/3191 247/533
f 248/534 204/3191 261/3192
f 233/486 248/567 236/545
f 261/3192 264/3193 248/534
f 262/563 1250/3194 265/574
f 1250/3195 542/3196 461/3197
f 268/3198 725/3199 1250/3200
f 1250/3195 461/3197 268/3201
f 270/3202 725/3199 268/3198
f 265/3203 1250/3195 725/1650
f 268/580 551/3204 266/578
f 267/3205 269/3206 268/3207
f 271/585 467/3208 272/586
f 274/588 266/578 272/3209
f 274/588 267/579 266/578
f 274/3210 275/595 273/594
f 277/3211 280/3212 563/3213
f 276/3214 281/3215 284/3216
f 285/2927 290/3217 286/3218
f 3/614 2/3219 288/3220
f 287/3221 3/614 288/3220
f 288/3222 2/5 286/3223
f 286/3218 291/3224 289/3225
f 5/7 4/3130 294/3129
f 301/3226 300/3227 1251/3228
f 13/20 5/7 294/3129
f 290/629 7/633 292/3229
f 13/20 294/3129 293/3230
f 301/3226 295/3231 302/3232
f 301/3233 296/3234 295/3235
f 296/640 301/646 1251/3236
f 1251/3237 9/3238 296/3239
f 7/15 298/643 292/642
f 299/3240 293/636 292/3241
f 297/3242 300/3243 302/3244
f 7/11 9/653 298/652
f 11/22 13/3245 47/3246
f 298/643 304/3247 299/644
f 293/3248 310/682 47/681
f 1251/3236 303/656 9/3249
f 369/3250 1252/3251 410/893
f 295/3252 297/3253 302/3254
f 9/3238 6/3255 306/661
f 9/3249 306/3256 296/640
f 296/3239 306/661 297/660
f 308/670 299/644 304/654
f 312/235 331/721 313/687
f 315/688 316/740 314/686
f 372/802 1253/3257 374/3258
f 22/36 45/3259 309/671
f 45/86 317/816 309/3260
f 322/2957 94/190 319/832
f 53/3261 322/703 323/702
f 1246/2961 53/2960 323/708
f 50/94 1246/2961 328/3262
f 328/3262 1246/2961 323/708
f 323/708 325/710 327/3263
f 327/3264 325/3265 333/3266
f 330/3267 333/3266 325/3265
f 330/739 329/3268 57/737
f 1247/3269 54/100 329/3270
f 328/720 312/719 50/3271
f 316/3272 333/729 332/731
f 56/736 332/731 334/730
f 333/734 330/3273 334/3274
f 342/751 1254/3275 343/752
f 342/751 318/3276 320/3277
f 347/3278 410/3279 342/751
f 348/762 321/706 345/763
f 348/762 346/764 350/897
f 346/3280 326/768 351/767
f 352/770 354/3281 356/3282
f 353/771 352/770 356/3282
f 355/902 356/3283 354/772
f 353/771 404/901 354/772
f 358/3284 357/3285 343/752
f 343/752 1254/3275 358/3284
f 342/754 1252/3286 1254/3287
f 349/3288 358/3284 1254/3275
f 349/3289 359/778 358/777
f 349/3290 1254/3291 1252/3251
f 349/3292 346/3280 359/3293
f 1252/3294 369/258 368/797
f 349/3290 1252/3251 1255/3295
f 1255/3295 1252/3251 368/3296
f 361/791 344/769 360/780
f 351/795 344/753 361/3297
f 366/3298 367/794 359/778
f 1247/3003 329/715 101/3002
f 351/767 364/788 366/792
f 362/789 360/780 363/3299
f 362/784 363/785 373/3300
f 372/802 362/784 373/3300
f 372/807 373/3301 1253/3302
f 357/776 367/794 363/3299
f 363/785 367/3303 373/3300
f 365/803 1253/3257 373/805
f 365/806 374/808 1253/3304
f 317/3305 43/2986 430/954
f 430/3306 381/3307 317/816
f 95/2956 48/92 96/3308
f 307/667 380/3309 308/3310
f 382/827 311/826 380/3311
f 380/3312 434/966 382/830
f 319/707 383/3313 320/892
f 319/832 96/193 383/3314
f 383/3313 384/833 320/892
f 383/828 382/830 434/966
f 434/3315 384/898 383/3316
f 387/837 100/3317 385/3318
f 387/3319 385/3320 434/3321
f 100/3322 390/3323 385/3324
f 434/3315 385/3325 384/898
f 387/3326 99/3327 100/3322
f 434/3321 126/3328 387/3319
f 324/3329 321/840 388/839
f 390/3323 388/839 348/841
f 100/3322 388/839 390/3323
f 324/704 389/3330 325/3331
f 325/710 389/3332 329/717
f 341/3333 338/3334 335/741
f 337/3335 391/851 393/853
f 337/3335 393/853 400/3336
f 398/863 399/865 400/3337
f 395/861 399/3338 397/862
f 407/3339 404/3340 1256/3341
f 336/871 391/3342 337/748
f 339/874 338/3343 399/865
f 337/748 400/875 341/749
f 391/3342 336/871 395/870
f 399/872 338/3344 400/3345
f 402/881 1256/3346 403/882
f 404/3340 408/3347 405/3348
f 1256/3341 402/3349 1257/3350
f 1257/3351 402/3352 406/3353
f 406/957 405/3348 408/3347
f 350/3354 413/904 347/894
f 409/889 408/888 407/952
f 1256/3341 425/3355 407/3339
f 390/3356 350/3357 347/3278
f 384/833 390/850 347/891
f 405/3358 353/771 355/3359
f 404/883 405/3360 355/3361
f 350/3354 1255/3362 413/904
f 350/3363 349/3364 1255/3365
f 413/904 1255/3362 414/905
f 1255/3366 368/797 414/3367
f 410/893 371/3368 369/3250
f 411/907 413/3369 412/911
f 414/3367 368/797 370/798
f 411/907 416/910 371/908
f 412/912 414/3370 370/799
f 416/913 417/915 371/801
f 371/3371 417/918 415/917
f 412/912 418/3372 417/3373
f 378/3374 376/814 421/3375
f 421/934 420/933 378/1003
f 375/3376 423/3377 419/3378
f 421/934 376/3379 379/939
f 424/1007 379/926 419/3380
f 425/3381 1257/3351 430/3382
f 430/954 1257/3383 381/823
f 381/959 1257/3384 432/960
f 1257/3351 425/3381 1256/3385
f 1257/3351 406/3353 432/3386
f 495/3387 504/1130 493/1129
f 431/3388 409/889 426/953
f 432/3389 406/890 431/3388
f 432/3390 431/3391 433/3392
f 426/3393 428/3394 431/3395
f 428/951 429/1038 433/3396
f 380/824 433/970 129/3397
f 396/859 441/977 435/980
f 441/3398 436/1056 435/3399
f 435/980 470/3400 442/3401
f 443/845 442/3402 470/3403
f 444/988 443/987 470/3404
f 397/3405 398/3406 442/3402
f 443/990 397/862 442/3407
f 378/3374 445/3408 401/3409
f 401/3409 422/3410 375/3411
f 181/370 379/3412 184/3413
f 184/3414 424/1007 449/1006
f 187/3415 445/3416 378/3417
f 422/930 447/3418 448/1004
f 445/3419 537/3420 447/3421
f 191/3422 450/3423 451/3424
f 450/3423 449/3425 448/3426
f 448/3427 587/3428 450/3429
f 190/3430 451/3431 454/3432
f 451/3431 452/3433 454/3432
f 457/3434 197/402 456/3435
f 198/3436 197/3437 457/3438
f 427/3439 457/3438 458/3440
f 429/3441 459/3442 540/3443
f 128/417 129/3029 460/3444
f 129/3445 433/961 460/3446
f 429/948 540/3447 433/3392
f 460/3448 433/3392 540/3447
f 465/1058 464/3449 436/1056
f 436/1056 464/3449 437/1061
f 440/3450 444/3451 473/3452
f 466/3453 465/1053 467/3454
f 438/1055 440/3450 474/3455
f 1248/3456 438/1055 474/3455
f 474/3455 473/3452 475/3457
f 282/3109 474/3108 475/1074
f 475/1074 476/1076 477/3458
f 444/3459 470/1060 473/1071
f 641/3460 482/3461 578/3462
f 483/3463 485/3464 487/3465
f 550/1234 461/1233 463/3466
f 463/3466 462/3467 547/3468
f 463/1104 547/3469 489/1105
f 489/3470 547/3468 496/3471
f 550/3472 463/1104 490/1118
f 550/3473 490/1107 498/3474
f 484/3475 491/1382 485/1378
f 491/1382 492/3476 605/3477
f 487/3478 485/3479 583/3480
f 581/1376 485/1378 491/1382
f 606/3481 491/3482 605/3483
f 493/1112 488/1106 495/3484
f 488/1106 489/3485 496/1120
f 488/1106 496/1120 495/3484
f 499/3486 490/1107 501/1123
f 500/1121 505/1436 497/1122
f 503/1147 493/3487 515/1148
f 501/1128 494/3488 493/1129
f 501/3489 503/1147 508/1150
f 497/1131 504/1130 495/3387
f 502/1137 516/1155 507/1135
f 505/1132 506/1145 504/1130
f 515/1148 513/1153 514/1146
f 516/1149 502/3490 508/1150
f 511/1140 624/3491 509/1142
f 511/1140 510/1139 512/1446
f 504/1130 513/1144 515/3492
f 521/1162 514/3493 527/3494
f 527/3494 514/3493 523/1165
f 503/1147 514/1146 521/1159
f 527/3494 526/3495 521/1162
f 517/3496 503/3497 520/1161
f 517/3496 520/1161 516/3498
f 516/1149 522/1171 519/1156
f 506/3499 519/1154 513/1153
f 525/1168 522/1167 524/3500
f 516/1149 520/1158 522/1171
f 545/1221 459/1220 596/3501
f 526/1183 523/3502 529/1184
f 518/1164 528/1180 523/1165
f 521/3503 532/1188 524/1179
f 525/1168 524/3500 528/3504
f 526/1172 530/3505 532/3506
f 529/3507 533/3508 530/1187
f 535/3509 530/1182 533/3510
f 531/1189 530/1182 535/3509
f 529/1177 524/1179 531/1189
f 187/3511 536/3512 445/3513
f 537/3514 536/1201 492/1200
f 187/3511 1249/3515 536/3512
f 587/3516 453/1343 450/3517
f 455/3518 454/3519 452/3520
f 455/3518 452/3520 539/3521
f 458/3522 539/3523 591/3524
f 540/1211 459/3525 541/1212
f 458/3526 591/1348 459/3527
f 459/3525 591/3524 597/3528
f 557/3529 562/1266 471/3530
f 540/1211 263/1210 460/3531
f 263/1215 541/3532 543/1216
f 542/1226 462/1042 461/1041
f 542/3533 547/3468 462/3467
f 547/3468 543/3534 549/1368
f 1250/3195 262/3535 542/3196
f 544/1230 546/1370 549/1231
f 548/1232 550/1234 552/1238
f 271/3536 266/3537 551/1245
f 551/1237 548/1236 556/3538
f 556/3539 548/1232 552/1238
f 554/1242 556/3540 552/3541
f 271/3542 551/3204 468/3543
f 469/1247 556/1246 554/3544
f 554/1242 558/1250 557/1248
f 558/3545 561/1264 557/3529
f 558/3546 555/3547 933/2142
f 558/3548 933/2138 561/2137
f 464/1044 557/3549 472/1069
f 472/1069 557/3549 471/1070
f 277/601 564/1261 279/3550
f 279/598 564/3551 560/3552
f 561/2137 559/2139 560/3553
f 280/3554 577/1306 569/2169
f 563/3555 568/3556 564/3557
f 568/3556 562/3558 564/3557
f 565/1272 477/1078 476/1270
f 562/3559 567/3560 476/1270
f 566/3561 570/1281 572/1283
f 625/1444 512/3562 624/3563
f 481/1289 281/3564 573/1290
f 565/3565 482/3566 573/1290
f 482/1089 565/3567 579/3568
f 566/3569 579/3570 565/3565
f 283/1299 574/1301 575/2899
f 579/3568 572/3571 576/3572
f 572/3573 579/3570 566/3569
f 280/610 284/608 577/3574
f 577/3574 284/608 575/3575
f 577/3574 575/3575 572/3576
f 447/3577 537/1318 486/1320
f 448/3578 487/3579 583/3580
f 484/1319 537/1318 492/3581
f 587/3582 448/3583 583/3584
f 492/3581 538/1328 606/3585
f 538/3586 585/3587 606/3588
f 586/3589 955/3590 585/1384
f 582/3591 453/3592 583/3593
f 453/3594 588/2186 590/3595
f 590/1346 962/3596 539/1347
f 539/1349 962/3597 592/1350
f 591/1352 593/1351 597/1363
f 596/3598 599/1364 545/3599
f 599/3600 596/1360 598/1359
f 547/3468 549/1368 496/3471
f 549/3601 601/3602 496/3603
f 602/3604 612/3605 611/3606
f 603/3607 612/3608 602/1369
f 603/1375 604/1373 612/3609
f 553/3610 552/3611 550/3472
f 553/1239 550/1234 498/3612
f 553/1239 613/3613 604/1373
f 553/3610 498/1117 613/1403
f 933/2142 555/3547 972/2237
f 581/3614 955/3615 584/3616
f 955/3617 581/3618 585/3619
f 593/1351 608/1387 595/1362
f 601/3602 500/3620 496/3603
f 602/3604 611/3606 601/3602
f 611/1400 613/1402 630/3621
f 613/1402 498/3474 502/3622
f 613/1402 502/3622 630/3621
f 616/1409 993/3623 614/1407
f 616/1409 992/3624 993/3623
f 614/1412 993/2278 632/2280
f 615/1417 614/1412 618/1411
f 624/3563 610/3625 626/1431
f 624/1424 626/1428 625/1427
f 622/3626 621/3627 629/3628
f 989/3629 598/3630 622/3631
f 630/1437 502/1137 507/1135
f 619/3632 614/1412 631/3633
f 623/3634 624/3635 621/1092
f 627/1430 621/1433 512/1443
f 668/3636 690/3637 669/3638
f 627/1429 628/3639 621/3640
f 634/3641 636/3642 635/3643
f 340/1449 635/1448 636/3644
f 340/746 336/742 335/741
f 335/3645 1258/3646 636/3647
f 340/1449 636/3644 1258/3648
f 338/3344 340/3649 1258/3650
f 644/1465 638/1474 646/1471
f 646/3651 647/3652 644/3653
f 638/1474 641/3654 646/3655
f 645/3656 644/3653 648/3657
f 644/3653 647/3652 648/3657
f 1259/3658 638/1453 637/1452
f 637/3659 478/1081 1259/3660
f 1259/3660 478/1081 641/3460
f 637/1452 479/3661 478/3662
f 640/3663 639/1454 578/3664
f 479/3665 637/3666 481/1479
f 637/1452 640/3663 649/3667
f 481/3668 637/3659 649/3669
f 578/3670 579/3671 642/3672
f 649/3673 1260/3674 642/3675
f 638/3676 644/3677 643/3678
f 638/1453 1259/3658 641/3679
f 641/3680 578/3664 643/3681
f 578/3664 639/1454 643/3681
f 1260/3682 649/3683 640/1461
f 640/1461 642/3684 1260/3682
f 645/3656 1261/3685 643/3686
f 648/3687 1262/3688 645/3656
f 643/3686 1261/3685 648/3687
f 1261/3685 1262/3688 648/3687
f 1261/3689 645/3690 1262/3691
f 649/3683 642/3684 580/3692
f 651/1494 650/1487 741/1685
f 650/1683 652/3693 654/3694
f 661/3695 744/1691 654/3696
f 650/3697 653/1490 733/1687
f 744/1691 655/1690 654/3696
f 656/3698 663/3699 659/3700
f 652/1498 656/1706 659/1499
f 651/1494 741/1685 656/1492
f 657/1495 660/3701 658/1496
f 220/459 223/468 235/495
f 223/3702 222/467 662/3703
f 659/3704 663/1732 666/3705
f 659/1499 666/1734 657/1497
f 667/3123 224/3125 668/3706
f 668/3707 224/3708 227/3709
f 231/481 671/3710 229/479
f 231/3711 672/3712 670/3713
f 672/3714 680/1534 673/1536
f 672/3715 674/3716 680/3717
f 230/3237 682/1537 674/3718
f 238/3164 253/1577 679/1579
f 678/1532 675/1530 679/1533
f 676/3719 230/3720 235/3721
f 677/1528 675/3722 678/3723
f 678/3724 673/1521 681/3725
f 677/1528 678/3723 681/1535
f 682/3385 230/1519 676/1526
f 662/1506 222/3726 679/1533
f 675/1524 662/1525 679/3727
f 684/1544 665/1509 686/3728
f 686/3728 687/3729 706/3730
f 700/1592 686/1547 706/1593
f 795/1840 731/3731 799/1841
f 690/3732 668/3733 227/3734
f 691/3735 690/3736 693/3737
f 690/1556 246/1558 693/3738
f 694/3739 689/3740 691/3741
f 767/3742 693/3743 692/1802
f 227/476 243/3744 246/3745
f 246/3746 245/3747 259/3748
f 670/3749 697/1627 671/1569
f 253/1577 254/576 699/1578
f 670/3750 673/3751 698/3752
f 698/1572 679/3753 699/1634
f 705/3754 720/3755 701/1581
f 772/3756 720/3755 705/3754
f 685/3757 704/1655 702/1657
f 686/3758 269/1656 704/1655
f 685/1552 702/3759 688/1550
f 729/3760 688/3761 703/1661
f 695/3762 775/3763 707/3764
f 707/3765 775/3766 1249/3767
f 692/1604 246/3768 708/1605
f 708/3769 259/3770 710/1606
f 710/3771 712/3772 708/1602
f 708/3773 785/3774 709/1808
f 708/1602 914/3775 785/3776
f 914/3775 708/1602 712/3772
f 259/555 258/554 710/3777
f 711/3778 710/3779 258/1614
f 711/3780 714/3781 712/3782
f 671/1620 715/1622 249/558
f 717/1629 713/1625 697/1624
f 787/1813 713/2355 717/1814
f 696/1573 719/3783 716/1628
f 699/3784 254/544 718/3785
f 719/3786 718/1631 722/1647
f 725/3787 270/3788 724/3789
f 265/3203 725/1650 718/1649
f 718/1631 724/3790 720/1638
f 721/3791 720/1653 727/1652
f 269/3206 267/3205 728/3792
f 702/3793 269/3206 728/3792
f 701/3794 724/3789 270/3788
f 720/3795 724/3789 701/3794
f 720/3755 794/3796 726/3797
f 703/1584 937/3798 731/1837
f 720/3795 772/3799 794/3800
f 773/1777 730/3801 763/1756
f 703/1584 702/1583 728/3802
f 728/1654 278/1658 703/3803
f 703/3804 278/2146 937/2145
f 735/3805 736/3806 1263/3807
f 733/1687 653/1490 734/1695
f 738/3808 1263/3807 736/3806
f 736/1668 734/1666 738/3809
f 735/3810 1263/3807 738/3808
f 733/3811 740/1681 650/1683
f 742/3812 740/1692 744/1691
f 743/1693 739/1703 655/1489
f 756/1728 746/1733 747/3813
f 747/1711 656/3698 741/1712
f 661/1501 660/1500 742/3814
f 742/3815 660/1736 749/3816
f 747/1711 748/1710 750/1716
f 742/3814 744/3817 661/1501
f 682/1537 751/1718 674/3718
f 674/3716 753/3818 761/1753
f 751/1721 752/1726 755/3819
f 753/1855 762/1852 761/3820
f 682/1537 683/1539 752/1719
f 754/1725 683/1727 762/1852
f 664/1508 746/3821 687/3729
f 756/1728 687/1730 746/1733
f 756/1728 747/3813 759/1740
f 683/1540 677/1528 681/1535
f 761/1751 683/1540 681/1535
f 680/1534 761/1751 681/1535
f 757/1757 706/1593 687/1549
f 757/1743 760/1745 764/3822
f 773/3823 759/3824 765/1762
f 773/3825 764/3822 759/3826
f 688/3827 758/1761 666/1510
f 758/1761 688/3827 765/1762
f 759/3824 749/1760 765/1762
f 766/3828 691/3741 693/3829
f 767/3830 692/3831 784/3832
f 694/1766 774/3477 695/3833
f 768/3834 767/1765 784/3835
f 784/1804 769/1805 771/3836
f 757/1757 772/1774 705/1591
f 763/3837 797/3838 772/3839
f 765/3840 729/3760 730/1663
f 730/3841 773/3842 765/1776
f 817/400 1108/3843 818/3844
f 769/1805 778/3845 777/3846
f 780/3847 779/3848 775/3849
f 780/3850 777/3851 776/3852
f 769/3853 777/3851 770/3854
f 776/3855 778/1800 783/1799
f 709/3856 781/3857 778/3858
f 791/3859 716/1645 722/1644
f 789/1873 717/3860 792/1825
f 772/3839 797/3838 794/3861
f 794/1832 797/1838 731/1837
f 794/1832 731/1837 795/1833
f 796/1836 726/1835 795/1840
f 1039/3862 727/1834 796/1836
f 801/3863 755/3819 754/1725
f 755/3819 801/3863 753/1722
f 801/1845 803/1847 804/1850
f 805/1851 762/1852 804/1856
f 803/1847 1264/3864 805/1853
f 802/1846 805/1853 1264/3865
f 694/3866 766/3867 807/3868
f 807/3869 806/3870 774/3871
f 774/3872 806/1857 808/3873
f 694/3874 807/3875 774/1779
f 771/1773 768/1769 784/3876
f 808/3873 806/1857 771/1773
f 779/3848 776/3855 1093/3877
f 1093/3878 776/3879 783/3880
f 810/3881 788/2370 790/3882
f 810/3881 809/2371 788/2370
f 810/1866 790/1819 813/1911
f 789/1873 815/1872 790/3883
f 792/1881 791/3884 793/3885
f 789/1880 816/1879 814/3886
f 816/3887 817/1884 825/1897
f 819/1883 825/1897 817/1884
f 871/3888 830/3889 819/3890
f 822/1892 1039/3891 796/1893
f 798/1887 800/3892 823/1895
f 847/2604 822/3893 820/1946
f 803/3894 802/3895 1264/3896
f 864/2005 872/1992 1265/3897
f 824/3898 829/3899 825/3900
f 872/3901 819/1899 826/1898
f 871/3902 819/1899 872/3901
f 885/2030 827/1902 828/3903
f 1265/3897 826/3904 887/2032
f 872/1992 826/3904 1265/3897
f 599/1364 966/2215 545/3599
f 837/1917 810/1869 812/1868
f 812/3905 813/1911 834/439
f 810/1866 837/3906 811/1867
f 834/1920 833/1912 836/1914
f 837/1917 812/1868 839/1919
f 837/1917 839/1919 838/1918
f 811/1915 838/3907 836/1914
f 840/3908 814/3909 829/1924
f 831/1908 840/3910 829/1906
f 830/2016 831/3911 829/3899
f 894/3912 814/1922 840/3913
f 828/1931 1108/3914 844/3915
f 828/1931 844/3915 842/1929
f 832/3916 842/3917 831/3918
f 832/3919 843/1930 842/1929
f 828/3903 843/3920 885/2030
f 1266/3921 852/1952 855/3922
f 852/1952 850/3923 855/3924
f 853/1956 1266/3925 855/1957
f 852/1952 1266/3921 853/1953
f 855/3926 850/1950 854/3927
f 858/1989 853/1956 854/1955
f 851/1958 853/1960 858/1969
f 857/1962 851/1958 858/1963
f 856/1961 858/1969 861/1968
f 851/3928 860/3929 859/1987
f 857/1962 861/3930 860/1967
f 862/1982 881/3931 867/1977
f 862/1971 864/1973 881/3932
f 867/3933 881/3932 868/3934
f 850/1978 867/1977 854/1979
f 862/1971 867/3933 866/1981
f 881/3932 882/3935 868/3934
f 859/1964 854/1979 868/1980
f 866/1976 870/1986 868/3936
f 882/3935 869/3937 868/3934
f 866/1976 849/1975 870/1986
f 868/1980 870/3938 859/1964
f 879/2027 871/3939 875/1999
f 875/1995 871/3940 873/3941
f 875/1995 873/3941 876/1996
f 879/3942 875/1995 878/3943
f 884/2645 874/3944 876/3945
f 879/2000 874/2002 884/3946
f 872/1992 864/2005 880/2012
f 1265/3947 882/3935 864/1973
f 865/2011 873/1993 880/2012
f 1265/3897 887/2032 869/3948
f 882/3935 1265/3947 869/3937
f 887/2032 883/2031 869/3948
f 830/3949 886/2025 843/3950
f 830/2018 879/2020 886/3951
f 886/2025 885/2024 843/3950
f 873/2009 883/3952 876/3953
f 876/3953 883/3952 885/3954
f 838/2039 891/2041 836/2035
f 891/3955 888/2038 836/1914
f 890/2060 839/2037 889/2036
f 839/2037 890/2060 838/3956
f 889/2042 899/2065 890/2057
f 893/2052 1203/3957 894/3958
f 1159/2725 846/2724 848/3959
f 874/3960 878/3961 877/3962
f 877/1997 875/1999 874/3963
f 899/2065 889/2042 892/2044
f 893/2052 1201/3964 1203/3957
f 841/2053 895/2048 897/2051
f 897/3965 895/3966 905/3967
f 905/2844 895/3968 1155/2719
f 903/3969 1201/3970 893/3971
f 893/3971 897/3972 903/3969
f 903/3969 1224/3973 1201/3970
f 892/2044 900/2068 901/3974
f 904/3975 905/3976 1226/2879
f 902/3977 897/2075 904/2074
f 909/3978 906/3979 907/3980
f 536/3981 1249/3982 910/2088
f 775/3983 910/3984 1249/3985
f 910/3986 1267/3987 911/3988
f 589/2096 588/3989 912/2097
f 588/1339 913/3990 912/3991
f 912/2099 712/3992 916/2100
f 714/3993 916/3994 712/2095
f 714/3995 919/3996 916/3997
f 919/3998 918/3999 916/4000
f 920/4001 921/2360 1268/4002
f 965/2217 925/2124 924/2123
f 965/4003 1268/4002 925/2384
f 960/4004 958/4005 954/4006
f 923/4007 925/4008 1032/4009
f 923/4010 1032/4011 926/4012
f 929/2130 926/2392 1032/4013
f 1033/2385 1032/4014 925/2384
f 546/1224 545/1223 603/4015
f 923/4016 603/4017 545/4018
f 929/2130 928/2129 926/2392
f 931/4019 975/4020 930/4021
f 931/4022 940/2152 975/4023
f 926/2126 931/4024 930/4025
f 937/4026 938/2157 799/1841
f 931/2134 942/2156 940/2158
f 278/4027 559/1254 934/4028
f 278/1658 934/4029 939/2149
f 939/2160 934/4030 936/2244
f 940/2153 941/2155 975/4031
f 941/4032 943/4033 975/4023
f 278/1658 279/4034 559/4035
f 944/2162 563/1279 569/1278
f 944/2168 950/4036 568/4037
f 568/4038 950/4039 567/1285
f 567/4040 950/4041 945/4042
f 946/4043 569/4044 948/2173
f 948/2173 947/2172 952/2180
f 944/4045 949/4046 950/4047
f 949/4046 951/4048 950/4047
f 586/4049 953/4050 954/4051
f 584/4052 956/4053 588/4054
f 955/4055 954/4056 956/2189
f 955/2188 956/4057 584/4058
f 954/4051 953/4050 959/4059
f 600/2259 967/2220 599/3600
f 538/4060 959/4061 953/4062
f 913/2091 588/2186 961/4063
f 590/4064 915/2103 962/4065
f 915/4066 590/1346 589/4067
f 917/4068 962/4069 915/2106
f 917/4070 920/4071 964/4072
f 592/4073 963/2207 594/1353
f 920/4074 1268/4075 965/2217
f 946/4043 948/2173 949/4046
f 555/3547 930/4021 971/4076
f 975/4020 973/4077 930/4021
f 943/4033 974/4078 973/4079
f 978/4080 935/2229 976/4081
f 976/2240 972/4082 991/2271
f 977/2281 976/4083 992/4084
f 976/2240 991/2271 992/2276
f 935/2229 978/4080 936/2244
f 972/2228 971/2227 991/4085
f 971/2227 979/2242 991/4085
f 943/4033 939/2151 980/4086
f 977/2238 992/2276 616/4087
f 936/4088 977/2281 981/2248
f 598/1359 989/4089 970/2260
f 970/2263 988/2268 985/2261
f 967/2262 986/2264 968/2266
f 968/2266 987/2267 969/4090
f 977/4091 616/1409 615/1408
f 991/4092 990/4093 993/4094
f 993/4094 990/4093 994/4095
f 620/4096 977/4091 615/1408
f 995/2282 977/2281 620/4097
f 982/4098 994/4099 990/4100
f 995/2287 996/4101 994/2285
f 620/4096 997/4102 996/4101
f 996/4103 998/4104 994/4099
f 620/1418 617/1414 997/2292
f 610/1426 608/1391 626/4105
f 983/2253 626/4105 608/1391
f 628/2294 1000/2336 629/4106
f 984/4107 1001/2300 983/2296
f 1001/2300 984/4107 1002/4108
f 986/2309 1002/2448 987/4109
f 989/4110 622/4111 629/4112
f 989/3629 629/4106 1004/4113
f 998/2291 1008/4114 632/2280
f 632/2280 1008/4114 631/3633
f 997/2292 1007/4115 998/4116
f 1010/4117 633/4118 619/1413
f 617/1441 633/1440 999/2322
f 999/2322 633/1440 1010/4119
f 619/1413 1008/4120 1011/4121
f 999/2322 1012/2325 1007/2313
f 1008/2314 1007/2313 1011/2326
f 1012/2323 1009/2315 1013/4122
f 1012/2331 1014/4123 1015/2333
f 1013/4122 1011/4124 1015/4125
f 1004/2306 629/4126 1000/2297
f 1003/2342 1004/4113 1018/4127
f 1000/2336 1016/2335 1004/4113
f 1018/4128 1004/4129 1016/2345
f 1003/4130 1018/4128 1019/4131
f 1001/2300 1002/4108 1020/4132
f 1006/2446 1005/4133 1019/4131
f 1002/4134 1056/4135 1020/4136
f 1020/2451 1058/2453 1016/4137
f 1066/2469 1019/4138 1017/2488
f 910/4139 1024/4140 1267/4141
f 775/4142 1095/4143 910/4144
f 1022/2352 1026/2354 1023/4145
f 782/4146 1021/4147 1023/4148
f 779/4149 1095/2626 775/4150
f 781/4151 914/4152 913/4153
f 1021/4154 781/4155 913/4156
f 1022/4157 1021/4158 913/2091
f 1022/2432 913/4159 961/2433
f 785/4160 914/4161 781/3857
f 781/4162 1021/4163 782/1801
f 1268/4164 1028/2558 925/4165
f 1268/4164 921/4166 1028/2558
f 787/4167 809/4168 922/4169
f 723/1830 927/2378 1031/2380
f 1031/2380 929/2379 1032/2381
f 1032/2381 1034/2383 1031/2380
f 721/2376 1036/2391 928/2389
f 793/1828 723/1830 1031/2380
f 793/3885 1031/4170 1038/2577
f 1038/2577 1031/4170 1034/2575
f 1039/3862 1044/4171 1036/4172
f 1042/2408 942/2156 931/2134
f 1040/4173 1111/4174 1037/4175
f 1037/4176 1111/4177 932/4178
f 1043/4179 932/4178 1111/4177
f 800/3892 1041/2416 1045/2415
f 952/4180 1047/4181 1046/4182
f 951/4183 1047/2422 945/2421
f 1049/4184 949/2176 1048/2424
f 949/2176 1049/4184 951/4185
f 1049/2426 1047/2425 951/4186
f 1048/4187 1046/4182 1049/2429
f 1054/4188 960/4189 911/2199
f 1049/2429 1238/432 1051/2430
f 1236/2909 1046/4190 1050/4191
f 1238/2908 1046/4190 1236/2909
f 957/4192 958/4005 1052/2444
f 1267/4193 1024/4194 1053/4195
f 1024/4194 1022/4196 1053/4195
f 1053/4197 1022/4198 1052/2436
f 1267/4141 1053/4199 911/4200
f 960/4201 1052/2436 958/4202
f 1117/2038 1145/2703 1143/4203
f 986/2309 1055/2449 1002/2448
f 1056/4204 1059/4205 1020/4206
f 1056/4135 1055/2447 1060/2479
f 1056/4207 1063/2615 1059/4208
f 1061/2460 1056/4207 1060/2461
f 1006/2311 1019/2346 1066/4209
f 1017/2488 1016/4137 1058/2453
f 1058/2473 1068/4210 1070/2506
f 1057/2456 1064/4211 1062/2476
f 1071/2624 1064/4212 1057/4213
f 1066/4214 1017/4215 1072/4216
f 1067/2471 1058/2473 1076/2505
f 1066/4217 1072/2491 1065/4218
f 1069/2494 1075/4219 1070/2482
f 1072/2501 1077/2500 1074/2508
f 1075/4220 1080/4221 1070/4222
f 1070/4223 1080/4224 1076/4225
f 1074/2508 1081/2507 1080/2514
f 1074/4226 1080/1434 1075/4227
f 1079/2511 1073/4228 1078/4229
f 1078/2502 1080/2504 1084/4230
f 1079/2518 1085/2517 1083/2523
f 1078/2534 1088/2533 1082/2519
f 1087/2524 1089/2536 1086/4231
f 1083/2513 1087/4232 1088/4233
f 1085/2517 1086/4234 1089/2536
f 1023/2538 1026/4235 1090/2539
f 1025/2540 1091/2542 1026/4236
f 1092/4237 782/4238 1090/4239
f 1091/4240 1090/2539 1026/4235
f 779/4241 1093/4242 1095/4243
f 910/4244 1095/2626 1024/2625
f 1094/4245 1093/3878 783/3880
f 809/2552 811/4246 835/2553
f 833/1910 813/1911 1096/2554
f 1027/2374 1030/2373 1097/4247
f 1035/4248 1098/4249 1028/4250
f 1096/2554 815/2563 1030/4251
f 1030/4252 815/1872 1097/2565
f 1035/4253 1102/1348 1098/2570
f 1097/2556 1105/2608 1035/2557
f 1104/2610 1097/2556 1101/2571
f 1101/2571 1103/2569 1104/2610
f 1101/2634 1107/2637 1098/2562
f 814/1922 1121/4254 1100/4255
f 1100/4256 1121/2635 1101/2634
f 844/4257 1108/3843 1038/4258
f 1109/4259 1038/2577 1106/2576
f 1039/4260 822/4261 1044/4262
f 1044/4263 1110/2597 1040/4264
f 1111/4265 1112/2592 1042/2593
f 1040/2594 1114/2596 1111/2591
f 1114/2658 1112/2592 1111/4265
f 823/1938 1045/4266 1127/2656
f 1112/2592 1127/4267 1045/2589
f 1051/2430 1238/432 1115/2606
f 1035/4268 1105/4269 1102/4270
f 1102/4270 1117/4271 1103/4272
f 1116/4273 1117/4271 1102/4270
f 1063/2618 1119/2620 1071/4274
f 1118/2616 1061/2460 1064/2466
f 1118/2619 1120/4275 1119/2620
f 1094/4276 1091/4277 1095/4278
f 1091/2633 1092/4237 1090/4239
f 1121/4279 1150/4280 1122/4281
f 1107/2580 1122/4281 1123/4282
f 1113/2662 1130/2664 1112/2661
f 847/4283 1131/4284 1126/4285
f 1131/2675 1132/2677 1130/4286
f 1129/2665 1130/2667 1133/4287
f 1134/4288 1131/2670 1141/4289
f 1128/2682 1129/2659 1138/2686
f 1140/4290 1136/2684 1137/2683
f 1131/4291 1157/2722 1141/2695
f 1141/4292 1140/4290 1134/2676
f 1143/2697 1104/2573 1117/4271
f 1104/2573 1142/2696 1105/2574
f 1117/2038 1116/2701 1145/2703
f 894/3958 1150/4293 1124/4294
f 1143/2697 1146/4295 1142/2696
f 1142/2696 1144/4296 1116/4297
f 1164/2736 1136/4298 1160/4299
f 1150/4300 1123/2645 1122/4301
f 1150/4302 1152/4303 1123/4304
f 894/4305 1153/2714 1150/2713
f 1203/4306 1153/4307 894/4308
f 1123/2717 1152/2840 1154/2718
f 895/2048 896/2050 1155/4309
f 1155/4310 896/4311 1125/2716
f 1154/2718 1156/4312 1125/2716
f 1133/4313 1132/4314 1134/4315
f 846/1948 1157/4316 1131/4284
f 846/4317 1158/4318 1157/4319
f 1158/4320 1159/2734 1160/4321
f 1139/2691 1136/4322 1164/4323
f 1186/2795 1192/4324 1193/2810
f 1161/2732 1139/2691 1164/4323
f 1133/2674 1134/2764 1176/2766
f 1165/4325 1167/4326 1169/4327
f 1166/2747 1133/4313 1176/2781
f 1166/2744 1176/4328 1169/4327
f 1168/2749 1169/2750 1167/4329
f 1166/2744 1171/2755 1167/4330
f 1137/2683 1138/2708 1140/4290
f 1140/2767 1138/2759 1173/2758
f 1138/2759 1174/4331 1172/2757
f 1178/2771 1181/4332 1175/2762
f 1165/4333 1169/2750 1178/2782
f 1176/2769 1177/2768 1178/4334
f 1177/2768 1180/2802 1178/4334
f 1177/2800 1190/2801 1180/4335
f 1181/2785 1188/4336 1184/2793
f 1181/4337 1184/4338 1175/4339
f 1174/4340 1175/4341 1183/2792
f 1175/4339 1184/4338 1183/4342
f 1181/2785 1180/2784 1183/4343
f 1183/2792 1180/4344 1174/4340
f 1174/2776 1180/4345 1179/2777
f 1181/4337 1183/4346 1188/4347
f 1188/4348 1183/2792 1185/2794
f 1180/4349 1189/4350 1179/4351
f 1189/2799 1192/4324 1186/2795
f 1193/2810 1172/2775 1186/2795
f 1182/2786 1172/2775 1193/2810
f 1191/2805 1182/2786 1193/2810
f 1191/2808 1194/4352 1192/2809
f 1194/4352 1193/3050 1200/4353
f 1188/2797 1196/2816 1184/2812
f 1187/2815 1184/4338 1196/4354
f 1187/2820 1196/4355 1197/2821
f 1188/4356 1195/2817 1196/2816
f 1195/4357 1187/2796 1198/4358
f 1201/3970 1224/3973 1205/4359
f 1202/2828 1201/2827 1205/2831
f 1205/2831 1152/2712 1204/2830
f 1151/4360 1206/4361 1152/4362
f 1203/2836 1202/2834 1207/2833
f 1208/4363 1204/2830 1206/2832
f 1207/4364 1209/2839 1153/2714
f 1151/4360 1219/4365 1206/4361
f 1209/4366 1207/2869 1218/2866
f 1154/4367 1210/4368 1212/4369
f 1210/4370 1211/4371 1212/2846
f 1159/2734 1163/2735 1160/4321
f 1162/2733 1164/2736 1214/4372
f 1160/4373 1163/4374 1164/4375
f 1163/4376 1214/4372 1164/2736
f 1163/4377 1213/4378 1214/4379
f 1171/2790 1216/2852 1170/2791
f 1168/2754 1170/4380 1215/4381
f 1171/2755 1168/2754 1216/4382
f 1217/2853 1168/2855 1215/4383
f 1216/2852 1217/4384 1215/2851
f 902/2071 1228/4385 903/2072
f 1220/2868 1222/2871 1218/2866
f 1222/2871 1220/2868 1208/2864
f 1222/2871 1223/4386 1219/2867
f 1222/2885 1208/4387 1221/2874
f 1226/4388 905/2844 1156/2721
f 1226/2879 1225/2878 904/3975
f 1211/4389 1228/2887 1212/2881
f 1227/2882 1222/2885 1221/2874
f 906/2077 1228/4385 902/2078
f 906/2077 909/4390 1228/4385
f 904/2079 1269/4391 907/2080
f 1228/4392 909/3978 1229/4393
f 1269/4391 1225/2889 1229/2888
f 1232/4394 907/3980 1269/4395
f 1232/4396 1269/4391 1229/2888
f 908/2081 1230/2890 909/2082
f 1233/2900 1232/4397 1231/2898
f 1230/4398 908/4399 1232/4394
f 1234/4400 1230/4401 1232/4402
f 1234/4403 1232/4404 1233/4405
f 1014/2330 1235/2903 1015/2333
f 1014/4123 1013/2327 1235/4406
f 1240/4407 1238/2908 1237/2907
f 1237/2913 1239/2910 1243/2920
f 1240/4408 1237/4409 1243/2923
f 1240/2916 1245/4410 1241/2917
f 1245/4410 1240/2916 1243/2920
f 1244/4411 1243/4412 1242/4413
f 1270/4414 1245/4415 1244/4411
f 1245/4415 1270/4414 1242/4416
f 1244/4411 1242/4413 1270/4414
f 89/4417 90/180 124/2972
f 76/154 117/4418 108/3000
f 146/310 160/333 143/309
f 179/366 109/365 114/3078
f 198/4419 120/253 121/261
f 213/3101 228/484 172/3102
f 4/4420 289/620 291/4421
f 300/4422 303/4423 1251/3237
f 293/4424 291/630 292/3229
f 1252/3251 342/4425 410/893
f 346/758 366/796 359/4426
f 329/4427 389/4428 101/845
f 338/876 1258/4429 335/747
f 404/3340 403/4430 1256/3341
f 413/4431 411/4432 347/761
f 425/3381 426/953 407/952
f 504/1130 515/3492 493/1129
f 503/1127 517/4433 508/1136
f 513/1153 523/4434 514/1146
f 526/1183 532/1188 521/3503
f 459/3525 597/4435 596/4436
f 562/1259 476/4437 471/4438
f 577/1306 571/1282 569/2169
f 512/1446 509/1138 624/3491
f 624/3563 511/4439 621/3627
f 690/4440 689/1554 669/1553
f 731/3731 937/4026 799/1841
f 730/1663 797/4441 763/4442
f 1108/3914 828/1931 818/1882
f 830/2016 824/3898 819/1899
f 826/1903 827/1902 887/2029
f 966/4443 923/4016 545/4018
f 958/2193 956/2192 954/2195
f 967/2216 966/2215 599/1364
f 948/4444 1048/4445 949/4446
f 1047/2422 1050/4447 1046/4448
f 1046/4448 1238/2429 1049/2426
f 960/4449 959/4450 911/3988
f 1145/2703 1146/2705 1143/4203
f 1150/4451 1121/4254 1124/4452
f 1136/4322 1141/4453 1160/4454
f 1192/4455 1200/4353 1193/3050
f 1224/4456 1211/4457 1205/4458
f 1207/2833 1220/4459 1218/2861
f 1228/4385 1211/4460 903/2072
f 1225/2878 1269/4461 904/3975
f 1271/4462 1272/4463 1273/4464
f 1272/4463 1274/4465 1273/4464
f 1274/4465 1275/4466 1273/4464
f 1275/4466 1276/4467 1273/4464
f 1276/4467 1277/4468 1273/4464
f 1277/4468 1271/4462 1273/4464
f 1277/4468 1276/4467 1271/4462
f 1276/4467 1275/4466 1271/4462
f 1275/4466 1274/4465 1271/4462
f 1274/4465 1272/4463 1271/4462
f 1278/4462 1279/4463 1280/4464
f 1279/4463 1281/4465 1280/4464
f 1281/4465 1282/4466 1280/4464
f 1282/4466 1283/4467 1280/4464
f 1283/4467 1284/4468 1280/4464
f 1284/4468 1278/4462 1280/4464
f 1284/4468 1283/4467 1278/4462
f 1283/4467 1282/4466 1278/4462
f 1282/4466 1281/4465 1278/4462
f 1281/4465 1279/4463 1278/4462
f 1285/4469 1286/4470 1287/4471
f 1286/4470 1288/4472 1287/4471
f 1288/4472 1289/4473 1287/4471
f 1289/4473 1290/4474 1287/4471
f 1290/4474 1291/4475 1287/4471
f 1291/4475 1285/4469 1287/4471
f 1291/4475 1290/4474 1285/4469
f 1290/4474 1289/4473 1285/4469
f 1289/4473 1288/4472 1285/4469
f 1288/4472 1286/4470 1285/4469
f 1292/4476 1293/4477 1294/4478
f 1293/4477 1295/4479 1294/4478
f 1295/4479 1296/4480 1294/4478
f 1296/4480 1297/4481 1294/4478
f 1297/4481 1298/4482 1294/4478
f 1298/4482 1292/4476 1294/4478
f 1298/4482 1297/4481 1292/4476
f 1297/4481 1296/4480 1292/4476
f 1296/4480 1295/4479 1292/4476
f 1295/4479 1293/4477 1292/4476
f 1299/4476 1300/4477 1301/4478
f 1300/4477 1302/4479 1301/4478
f 1302/4479 1303/4480 1301/4478
f 1303/4480 1304/4481 1301/4478
f 1304/4481 1305/4482 1301/4478
f 1305/4482 1299/4476 1301/4478
f 1305/4482 1304/4481 1299/4476
f 1304/4481 1303/4480 1299/4476
f 1303/4480 1302/4479 1299/4476
f 1302/4479 1300/4477 1299/4476
f 1306/4483 1307/4484 1308/4485
f 1307/4484 1309/4486 1308/4485
f 1309/4486 1310/4487 1308/4485
f 1310/4487 1311/4488 1308/4485
f 1311/4488 1312/4489 1308/4485
f 1312/4489 1306/4483 1308/4485
f 1312/4489 1311/4488 1306/4483
f 1311/4488 1310/4487 1306/4483
f 1310/4487 1309/4486 1306/4483
f 1309/4486 1307/4484 1306/4483
f 1313/4469 1314/4470 1315/4471
f 1314/4470 1316/4472 1315/4471
f 1316/4472 1317/4473 1315/4471
f 1317/4473 1318/4474 1315/4471
f 1318/4474 1319/4475 1315/4471
f 1319/4475 1313/4469 1315/4471
f 1319/4475 1318/4474 1313/4469
f 1318/4474 1317/4473 1313/4469
f 1317/4473 1316/4472 1313/4469
f 1316/4472 1314/4470 1313/4469
f 1320/4462 1321/4463 1322/4464
f 1321/4463 1323/4465 1322/4464
f 1323/4465 1324/4466 1322/4464
f 1324/4466 1325/4467 1322/4464
f 1325/4467 1326/4468 1322/4464
f 1326/4468 1320/4462 1322/4464
f 1326/4468 1325/4467 1320/4462
f 1325/4467 1324/4466 1320/4462
f 1324/4466 1323/4465 1320/4462
f 1323/4465 1321/4463 1320/4462
f 1327/4462 1328/4463 1329/4464
f 1328/4463 1330/4465 1329/4464
f 1330/4465 1331/4466 1329/4464
f 1331/4466 1332/4467 1329/4464
f 1332/4467 1333/4468 1329/4464
f 1333/4468 1327/4462 1329/4464
f 1333/4468 1332/4467 1327/4462
f 1332/4467 1331/4466 1327/4462
f 1331/4466 1330/4465 1327/4462
f 1330/4465 1328/4463 1327/4462
f 1334/4469 1335/4470 1336/4471
f 1335/4470 1337/4472 1336/4471
f 1337/4472 1338/4473 1336/4471
f 1338/4473 1339/4474 1336/4471
f 1339/4474 1340/4475 1336/4471
f 1340/4475 1334/4469 1336/4471
f 1340/4475 1339/4474 1334/4469
f 1339/4474 1338/4473 1334/4469
f 1338/4473 1337/4472 1334/4469
f 1337/4472 1335/4470 1334/4469
f 1341/4476 1342/4477 1343/4478
f 1342/4477 1344/4479 1343/4478
f 1344/4479 1345/4480 1343/4478
f 1345/4480 1346/4481 1343/4478
f 1346/4481 1347/4482 1343/4478
f 1347/4482 1341/4476 1343/4478
f 1347/4482 1346/4481 1341/4476
f 1346/4481 1345/4480 1341/4476
f 1345/4480 1344/4479 1341/4476
f 1344/4479 1342/4477 1341/4476
f 1348/4462 1349/4463 1350/4464
f 1349/4463 1351/4465 1350/4464
f 1351/4465 1352/4466 1350/4464
f 1352/4466 1353/4467 1350/4464
f 1353/4467 1354/4468 1350/4464
f 1354/4468 1348/4462 1350/4464
f 1354/4468 1353/4467 1348/4462
f 1353/4467 1352/4466 1348/4462
f 1352/4466 1351/4465 1348/4462
f 1351/4465 1349/4463 1348/4462
f 1355/4462 1356/4463 1357/4464
f 1356/4463 1358/4465 1357/4464
f 1358/4465 1359/4466 1357/4464
f 1359/4466 1360/4467 1357/4464
f 1360/4467 1361/4468 1357/4464
f 1361/4468 1355/4462 1357/4464
f 1361/4468 1360/4467 1355/4462
f 1360/4467 1359/4466 1355/4462
f 1359/4466 1358/4465 1355/4462
f 1358/4465 1356/4463 1355/4462
f 1362/4476 1363/4477 1364/4478
f 1363/4477 1365/4479 1364/4478
f 1365/4479 1366/4480 1364/4478
f 1366/4480 1367/4481 1364/4478
f 1367/4481 1368/4482 1364/4478
f 1368/4482 1362/4476 1364/4478
f 1368/4482 1367/4481 1362/4476
f 1367/4481 1366/4480 1362/4476
f 1366/4480 1365/4479 1362/4476
f 1365/4479 1363/4477 1362/4476
f 1369/4462 1370/4463 1371/4464
f 1370/4463 1372/4465 1371/4464
f 1372/4465 1373/4466 1371/4464
f 1373/4466 1374/4467 1371/4464
f 1374/4467 1375/4468 1371/4464
f 1375/4468 1369/4462 1371/4464
f 1375/4468 1374/4467 1369/4462
f 1374/4467 1373/4466 1369/4462
f 1373/4466 1372/4465 1369/4462
f 1372/4465 1370/4463 1369/4462
f 1376/4469 1377/4470 1378/4471
f 1377/4470 1379/4472 1378/4471
f 1379/4472 1380/4473 1378/4471
f 1380/4473 1381/4474 1378/4471
f 1381/4474 1382/4475 1378/4471
f 1382/4475 1376/4469 1378/4471
f 1382/4475 1381/4474 1376/4469
f 1381/4474 1380/4473 1376/4469
f 1380/4473 1379/4472 1376/4469
f 1379/4472 1377/4470 1376/4469
f 1383/4462 1384/4463 1385/4464
f 1384/4463 1386/4465 1385/4464
f 1386/4465 1387/4466 1385/4464
f 1387/4466 1388/4467 1385/4464
f 1388/4467 1389/4468 1385/4464
f 1389/4468 1383/4462 1385/4464
f 1389/4468 1388/4467 1383/4462
f 1388/4467 1387/4466 1383/4462
f 1387/4466 1386/4465 1383/4462
f 1386/4465 1384/4463 1383/4462
f 1390/4476 1391/4477 1392/4478
f 1391/4477 1393/4479 1392/4478
f 1393/4479 1394/4480 1392/4478
f 1394/4480 1395/4481 1392/4478
f 1395/4481 1396/4482 1392/4478
f 1396/4482 1390/4476 1392/4478
f 1396/4482 1395/4481 1390/4476
f 1395/4481 1394/4480 1390/4476
f 1394/4480 1393/4479 1390/4476
f 1393/4479 1391/4477 1390/4476
f 1397/4476 1398/4477 1399/4478
f 1398/4477 1400/4479 1399/4478
f 1400/4479 1401/4480 1399/4478
f 1401/4480 1402/4481 1399/4478
f 1402/4481 1403/4482 1399/4478
f 1403/4482 1397/4476 1399/4478
f 1403/4482 1402/4481 1397/4476
f 1402/4481 1401/4480 1397/4476
f 1401/4480 1400/4479 1397/4476
f 1400/4479 1398/4477 1397/4476
f 1404/4476 1405/4477 1406/4478
f 1405/4477 1407/4479 1406/4478
f 1407/4479 1408/4480 1406/4478
f 1408/4480 1409/4481 1406/4478
f 1409/4481 1410/4482 1406/4478
f 1410/4482 1404/4476 1406/4478
f 1410/4482 1409/4481 1404/4476
f 1409/4481 1408/4480 1404/4476
f 1408/4480 1407/4479 1404/4476
f 1407/4479 1405/4477 1404/4476
f 1411/4476 1412/4477 1413/4478
f 1412/4477 1414/4479 1413/4478
f 1414/4479 1415/4480 1413/4478
f 1415/4480 1416/4481 1413/4478
f 1416/4481 1417/4482 1413/4478
f 1417/4482 1411/4476 1413/4478
f 1417/4482 1416/4481 1411/4476
f 1416/4481 1415/4480 1411/4476
f 1415/4480 1414/4479 1411/4476
f 1414/4479 1412/4477 1411/4476
f 1418/4462 1419/4463 1420/4464
f 1419/4463 1421/4465 1420/4464
f 1421/4465 1422/4466 1420/4464
f 1422/4466 1423/4467 1420/4464
f 1423/4467 1424/4468 1420/4464
f 1424/4468 1418/4462 1420/4464
f 1424/4468 1423/4467 1418/4462
f 1423/4467 1422/4466 1418/4462
f 1422/4466 1421/4465 1418/4462
f 1421/4465 1419/4463 1418/4462
f 1425/4469 1426/4470 1427/4471
f 1426/4470 1428/4472 1427/4471
f 1428/4472 1429/4473 1427/4471
f 1429/4473 1430/4474 1427/4471
f 1430/4474 1431/4475 1427/4471
f 1431/4475 1425/4469 1427/4471
f 1431/4475 1430/4474 1425/4469
f 1430/4474 1429/4473 1425/4469
f 1429/4473 1428/4472 1425/4469
f 1428/4472 1426/4470 1425/4469
f 1432/4462 1433/4463 1434/4464
f 1433/4463 1435/4465 1434/4464
f 1435/4465 1436/4466 1434/4464
f 1436/4466 1437/4467 1434/4464
f 1437/4467 1438/4468 1434/4464
f 1438/4468 1432/4462 1434/4464
f 1438/4468 1437/4467 1432/4462
f 1437/4467 1436/4466 1432/4462
f 1436/4466 1435/4465 1432/4462
f 1435/4465 1433/4463 1432/4462
f 1439/4462 1440/4463 1441/4464
f 1440/4463 1442/4465 1441/4464
f 1442/4465 1443/4466 1441/4464
f 1443/4466 1444/4467 1441/4464
f 1444/4467 1445/4468 1441/4464
f 1445/4468 1439/4462 1441/4464
f 1445/4468 1444/4467 1439/4462
f 1444/4467 1443/4466 1439/4462
f 1443/4466 1442/4465 1439/4462
f 1442/4465 1440/4463 1439/4462
f 1446/4462 1447/4463 1448/4464
f 1447/4463 1449/4465 1448/4464
f 1449/4465 1450/4466 1448/4464
f 1450/4466 1451/4467 1448/4464
f 1451/4467 1452/4468 1448/4464
f 1452/4468 1446/4462 1448/4464
f 1452/4468 1451/4467 1446/4462
f 1451/4467 1450/4466 1446/4462
f 1450/4466 1449/4465 1446/4462
f 1449/4465 1447/4463 1446/4462
f 1453/4490 1454/4490 1455/4490
f 1456/4490 1455/4490 1454/4490
f 1457/4490 1453/4490 1455/4490
f 1458/4490 1457/4490 1455/4490
f 1456/4490 1458/4490 1455/4490
f 1459/4490 1456/4490 1454/4490
f 1460/4490 1454/4490 1453/4490
f 1461/4490 1453/4490 1457/4490
f 1462/4490 1457/4490 1458/4490
f 1463/4490 1458/4490 1456/4490
f 1460/4490 1459/4490 1454/4490
f 1461/4490 1460/4490 1453/4490
f 1462/4490 1461/4490 1457/4490
f 1463/4490 1462/4490 1458/4490
f 1459/4490 1463/4490 1456/4490
f 1464/4490 1459/4490 1460/4490
f 1464/4490 1460/4490 1461/4490
f 1464/4490 1461/4490 1462/4490
f 1464/4490 1462/4490 1463/4490
f 1464/4490 1463/4490 1459/4490
f 1465/4476 1466/4477 1467/4478
f 1466/4477 1468/4479 1467/4478
f 1468/4479 1469/4480 1467/4478
f 1469/4480 1470/4481 1467/4478
f 1470/4481 1471/4482 1467/4478
f 1471/4482 1465/4476 1467/4478
f 1471/4482 1470/4481 1465/4476
f 1470/4481 1469/4480 1465/4476
f 1469/4480 1468/4479 1465/4476
f 1468/4479 1466/4477 1465/4476
f 1472/4462 1473/4463 1474/4464
f 1473/4463 1475/4465 1474/4464
f 1475/4465 1476/4466 1474/4464
f 1476/4466 1477/4467 1474/4464
f 1477/4467 1478/4468 1474/4464
f 1478/4468 1472/4462 1474/4464
f 1478/4468 1477/4467 1472/4462
f 1477/4467 1476/4466 1472/4462
f 1476/4466 1475/4465 1472/4462
f 1475/4465 1473/4463 1472/4462
f 1479/4483 1480/4484 1481/4485
f 1480/4484 1482/4486 1481/4485
f 1482/4486 1483/4487 1481/4485
f 1483/4487 1484/4488 1481/4485
f 1484/4488 1485/4489 1481/4485
f 1485/4489 1479/4483 1481/4485
f 1485/4489 1484/4488 1479/4483
f 1484/4488 1483/4487 1479/4483
f 1483/4487 1482/4486 1479/4483
f 1482/4486 1480/4484 1479/4483
f 1486/4469 1487/4470 1488/4471
f 1487/4470 1489/4472 1488/4471
f 1489/4472 1490/4473 1488/4471
f 1490/4473 1491/4474 1488/4471
f 1491/4474 1492/4475 1488/4471
f 1492/4475 1486/4469 1488/4471
f 1492/4475 1491/4474 1486/4469
f 1491/4474 1490/4473 1486/4469
f 1490/4473 1489/4472 1486/4469
f 1489/4472 1487/4470 1486/4469
f 1493/4476 1494/4477 1495/4478
f 1494/4477 1496/4479 1495/4478
f 1496/4479 1497/4480 1495/4478
f 1497/4480 1498/4481 1495/4478
f 1498/4481 1499/4482 1495/4478
f 1499/4482 1493/4476 1495/4478
f 1499/4482 1498/4481 1493/4476
f 1498/4481 1497/4480 1493/4476
f 1497/4480 1496/4479 1493/4476
f 1496/4479 1494/4477 1493/4476
f 1500/4469 1501/4470 1502/4471
f 1501/4470 1503/4472 1502/4471
f 1503/4472 1504/4473 1502/4471
f 1504/4473 1505/4474 1502/4471
f 1505/4474 1506/4475 1502/4471
f 1506/4475 1500/4469 1502/4471
f 1506/4475 1505/4474 1500/4469
f 1505/4474 1504/4473 1500/4469
f 1504/4473 1503/4472 1500/4469
f 1503/4472 1501/4470 1500/4469
f 1507/4469 1508/4470 1509/4471
f 1508/4470 1510/4472 1509/4471
f 1510/4472 1511/4473 1509/4471
f 1511/4473 1512/4474 1509/4471
f 1512/4474 1513/4475 1509/4471
f 1513/4475 1507/4469 1509/4471
f 1513/4475 1512/4474 1507/4469
f 1512/4474 1511/4473 1507/4469
f 1511/4473 1510/4472 1507/4469
f 1510/4472 1508/4470 1507/4469
f 1514/4462 1515/4463 1516/4464
f 1515/4463 1517/4465 1516/4464
f 1517/4465 1518/4466 1516/4464
f 1518/4466 1519/4467 1516/4464
f 1519/4467 1520/4468 1516/4464
f 1520/4468 1514/4462 1516/4464
f 1520/4468 1519/4467 1514/4462
f 1519/4467 1518/4466 1514/4462
f 1518/4466 1517/4465 1514/4462
f 1517/4465 1515/4463 1514/4462
f 1521/4462 1522/4463 1523/4464
f 1522/4463 1524/4465 1523/4464
f 1524/4465 1525/4466 1523/4464
f 1525/4466 1526/4467 1523/4464
f 1526/4467 1527/4468 1523/4464
f 1527/4468 1521/4462 1523/4464
f 1527/4468 1526/4467 1521/4462
f 1526/4467 1525/4466 1521/4462
f 1525/4466 1524/4465 1521/4462
f 1524/4465 1522/4463 1521/4462
f 1528/4462 1529/4463 1530/4464
f 1529/4463 1531/4465 1530/4464
f 1531/4465 1532/4466 1530/4464
f 1532/4466 1533/4467 1530/4464
f 1533/4467 1534/4468 1530/4464
f 1534/4468 1528/4462 1530/4464
f 1534/4468 1533/4467 1528/4462
f 1533/4467 1532/4466 1528/4462
f 1532/4466 1531/4465 1528/4462
f 1531/4465 1529/4463 1528/4462
f 1535/4469 1536/4470 1537/4471
f 1536/4470 1538/4472 1537/4471
f 1538/4472 1539/4473 1537/4471
f 1539/4473 1540/4474 1537/4471
f 1540/4474 1541/4475 1537/4471
f 1541/4475 1535/4469 1537/4471
f 1541/4475 1540/4474 1535/4469
f 1540/4474 1539/4473 1535/4469
f 1539/4473 1538/4472 1535/4469
f 1538/4472 1536/4470 1535/4469
f 1542/4469 1543/4470 1544/4471
f 1543/4470 1545/4472 1544/4471
f 1545/4472 1546/4473 1544/4471
f 1546/4473 1547/4474 1544/4471
f 1547/4474 1548/4475 1544/4471
f 1548/4475 1542/4469 1544/4471
f 1548/4475 1547/4474 1542/4469
f 1547/4474 1546/4473 1542/4469
f 1546/4473 1545/4472 1542/4469
f 1545/4472 1543/4470 1542/4469
f 1549/4469 1550/4470 1551/4471
f 1550/4470 1552/4472 1551/4471
f 1552/4472 1553/4473 1551/4471
f 1553/4473 1554/4474 1551/4471
f 1554/4474 1555/4475 1551/4471
f 1555/4475 1549/4469 1551/4471
f 1555/4475 1554/4474 1549/4469
f 1554/4474 1553/4473 1549/4469
f 1553/4473 1552/4472 1549/4469
f 1552/4472 1550/4470 1549/4469
f 1556/4462 1557/4463 1558/4464
f 1557/4463 1559/4465 1558/4464
f 1559/4465 1560/4466 1558/4464
f 1560/4466 1561/4467 1558/4464
f 1561/4467 1562/4468 1558/4464
f 1562/4468 1556/4462 1558/4464
f 1562/4468 1561/4467 1556/4462
f 1561/4467 1560/4466 1556/4462
f 1560/4466 1559/4465 1556/4462
f 1559/4465 1557/4463 1556/4462
f 1563/4462 1564/4463 1565/4464
f 1564/4463 1566/4465 1565/4464
f 1566/4465 1567/4466 1565/4464
f 1567/4466 1568/4467 1565/4464
f 1568/4467 1569/4468 1565/4464
f 1569/4468 1563/4462 1565/4464
f 1569/4468 1568/4467 1563/4462
f 1568/4467 1567/4466 1563/4462
f 1567/4466 1566/4465 1563/4462
f 1566/4465 1564/4463 1563/4462
f 1570/4462 1571/4463 1572/4464
f 1571/4463 1573/4465 1572/4464
f 1573/4465 1574/4466 1572/4464
f 1574/4466 1575/4467 1572/4464
f 1575/4467 1576/4468 1572/4464
f 1576/4468 1570/4462 1572/4464
f 1576/4468 1575/4467 1570/4462
f 1575/4467 1574/4466 1570/4462
f 1574/4466 1573/4465 1570/4462
f 1573/4465 1571/4463 1570/4462
f 1577/4476 1578/4477 1579/4478
f 1578/4477 1580/4479 1579/4478
f 1580/4479 1581/4480 1579/4478
f 1581/4480 1582/4481 1579/4478
f 1582/4481 1583/4482 1579/4478
f 1583/4482 1577/4476 1579/4478
f 1583/4482 1582/4481 1577/4476
f 1582/4481 1581/4480 1577/4476
f 1581/4480 1580/4479 1577/4476
f 1580/4479 1578/4477 1577/4476
f 1584/4476 1585/4477 1586/4478
f 1585/4477 1587/4479 1586/4478
f 1587/4479 1588/4480 1586/4478
f 1588/4480 1589/4481 1586/4478
f 1589/4481 1590/4482 1586/4478
f 1590/4482 1584/4476 1586/4478
f 1590/4482 1589/4481 1584/4476
f 1589/4481 1588/4480 1584/4476
f 1588/4480 1587/4479 1584/4476
f 1587/4479 1585/4477 1584/4476
f 1591/4462 1592/4463 1593/4464
f 1592/4463 1594/4465 1593/4464
f 1594/4465 1595/4466 1593/4464
f 1595/4466 1596/4467 1593/4464
f 1596/4467 1597/4468 1593/4464
f 1597/4468 1591/4462 1593/4464
f 1597/4468 1596/4467 1591/4462
f 1596/4467 1595/4466 1591/4462
f 1595/4466 1594/4465 1591/4462
f 1594/4465 1592/4463 1591/4462
f 1598/4483 1599/4484 1600/4485
f 1599/4484 1601/4486 1600/4485
f 1601/4486 1602/4487 1600/4485
f 1602/4487 1603/4488 1600/4485
f 1603/4488 1604/4489 1600/4485
f 1604/4489 1598/4483 1600/4485
f 1604/4489 1603/4488 1598/4483
f 1603/4488 1602/4487 1598/4483
f 1602/4487 1601/4486 1598/4483
f 1601/4486 1599/4484 1598/4483
f 1605/4462 1606/4463 1607/4464
f 1606/4463 1608/4465 1607/4464
f 1608/4465 1609/4466 1607/4464
f 1609/4466 1610/4467 1607/4464
f 1610/4467 1611/4468 1607/4464
f 1611/4468 1605/4462 1607/4464
f 1611/4468 1610/4467 1605/4462
f 1610/4467 1609/4466 1605/4462
f 1609/4466 1608/4465 1605/4462
f 1608/4465 1606/4463 1605/4462
f 1612/4462 1613/4463 1614/4464
f 1613/4463 1615/4465 1614/4464
f 1615/4465 1616/4466 1614/4464
f 1616/4466 1617/4467 1614/4464
f 1617/4467 1618/4468 1614/4464
f 1618/4468 1612/4462 1614/4464
f 1618/4468 1617/4467 1612/4462
f 1617/4467 1616/4466 1612/4462
f 1616/4466 1615/4465 1612/4462
f 1615/4465 1613/4463 1612/4462
f 1619/4476 1620/4477 1621/4478
f 1620/4477 1622/4479 1621/4478
f 1622/4479 1623/4480 1621/4478
f 1623/4480 1624/4481 1621/4478
f 1624/4481 1625/4482 1621/4478
f 1625/4482 1619/4476 1621/4478
f 1625/4482 1624/4481 1619/4476
f 1624/4481 1623/4480 1619/4476
f 1623/4480 1622/4479 1619/4476
f 1622/4479 1620/4477 1619/4476
f 1626/4476 1627/4477 1628/4478
f 1627/4477 1629/4479 1628/4478
f 1629/4479 1630/4480 1628/4478
f 1630/4480 1631/4481 1628/4478
f 1631/4481 1632/4482 1628/4478
f 1632/4482 1626/4476 1628/4478
f 1632/4482 1631/4481 1626/4476
f 1631/4481 1630/4480 1626/4476
f 1630/4480 1629/4479 1626/4476
f 1629/4479 1627/4477 1626/4476
f 1633/4462 1634/4463 1635/4464
f 1634/4463 1636/4465 1635/4464
f 1636/4465 1637/4466 1635/4464
f 1637/4466 1638/4467 1635/4464
f 1638/4467 1639/4468 1635/4464
f 1639/4468 1633/4462 1635/4464
f 1639/4468 1638/4467 1633/4462
f 1638/4467 1637/4466 1633/4462
f 1637/4466 1636/4465 1633/4462
f 1636/4465 1634/4463 1633/4462
f 1640/4462 1641/4463 1642/4464
f 1641/4463 1643/4465 1642/4464
f 1643/4465 1644/4466 1642/4464
f 1644/4466 1645/4467 1642/4464
f 1645/4467 1646/4468 1642/4464
f 1646/4468 1640/4462 1642/4464
f 1646/4468 1645/4467 1640/4462
f 1645/4467 1644/4466 1640/4462
f 1644/4466 1643/4465 1640/4462
f 1643/4465 1641/4463 1640/4462
f 1647/4490 1648/4490 1649/4490
f 1650/4490 1649/4490 1648/4490
f 1651/4490 1647/4490 1649/4490
f 1652/4490 1651/4490 1649/4490
f 1650/4490 1652/4490 1649/4490
f 1653/4490 1650/4490 1648/4490
f 1654/4490 1648/4490 1647/4490
f 1655/4490 1647/4490 1651/4490
f 1656/4490 1651/4490 1652/4490
f 1657/4490 1652/4490 1650/4490
f 1654/4490 1653/4490 1648/4490
f 1655/4490 1654/4490 1647/4490
f 1656/4490 1655/4490 1651/4490
f 1657/4490 1656/4490 1652/4490
f 1653/4490 1657/4490 1650/4490
f 1658/4490 1653/4490 1654/4490
f 1658/4490 1654/4490 1655/4490
f 1658/4490 1655/4490 1656/4490
f 1658/4490 1656/4490 1657/4490
f 1658/4490 1657/4490 1653/4490
f 1659/4491 1660/4492 1661/4493
f 1660/4492 1662/4494 1661/4493
f 1662/4494 1663/4495 1661/4493
f 1663/4495 1664/4496 1661/4493
f 1664/4496 1665/4497 1661/4493
f 1665/4497 1659/4491 1661/4493
f 1665/4497 1664/4496 1659/4491
f 1664/4496 1663/4495 1659/4491
f 1663/4495 1662/4494 1659/4491
f 1662/4494 1660/4492 1659/4491
f 1666/4498 1667/4499 1668/4500
f 1667/4499 1669/4501 1668/4500
f 1669/4501 1670/4502 1668/4500
f 1670/4502 1671/4503 1668/4500
f 1671/4503 1672/4504 1668/4500
f 1672/4504 1666/4498 1668/4500
f 1672/4504 1671/4503 1666/4498
f 1671/4503 1670/4502 1666/4498
f 1670/4502 1669/4501 1666/4498
f 1669/4501 1667/4499 1666/4498
f 1673/4505 1674/4506 1675/4507
f 1674/4506 1676/4508 1675/4507
f 1676/4508 1677/4509 1675/4507
f 1677/4509 1678/4510 1675/4507
f 1678/4510 1679/4511 1675/4507
f 1679/4511 1673/4505 1675/4507
f 1679/4511 1678/4510 1673/4505
f 1678/4510 1677/4509 1673/4505
f 1677/4509 1676/4508 1673/4505
f 1676/4508 1674/4506 1673/4505
f 1680/4498 1681/4499 1682/4500
f 1681/4499 1683/4501 1682/4500
f 1683/4501 1684/4502 1682/4500
f 1684/4502 1685/4503 1682/4500
f 1685/4503 1686/4504 1682/4500
f 1686/4504 1680/4498 1682/4500
f 1686/4504 1685/4503 1680/4498
f 1685/4503 1684/4502 1680/4498
f 1684/4502 1683/4501 1680/4498
f 1683/4501 1681/4499 1680/4498
f 1687/4498 1688/4499 1689/4500
f 1688/4499 1690/4501 1689/4500
f 1690/4501 1691/4502 1689/4500
f 1691/4502 1692/4503 1689/4500
f 1692/4503 1693/4504 1689/4500
f 1693/4504 1687/4498 1689/4500
f 1693/4504 1692/4503 1687/4498
f 1692/4503 1691/4502 1687/4498
f 1691/4502 1690/4501 1687/4498
f 1690/4501 1688/4499 1687/4498
f 1694/4505 1695/4506 1696/4507
f 1695/4506 1697/4508 1696/4507
f 1697/4508 1698/4509 1696/4507
f 1698/4509 1699/4510 1696/4507
f 1699/4510 1700/4511 1696/4507
f 1700/4511 1694/4505 1696/4507
f 1700/4511 1699/4510 1694/4505
f 1699/4510 1698/4509 1694/4505
f 1698/4509 1697/4508 1694/4505
f 1697/4508 1695/4506 1694/4505
f 1701/4498 1702/4499 1703/4500
f 1702/4499 1704/4501 1703/4500
f 1704/4501 1705/4502 1703/4500
f 1705/4502 1706/4503 1703/4500
f 1706/4503 1707/4504 1703/4500
f 1707/4504 1701/4498 1703/4500
f 1707/4504 1706/4503 1701/4498
f 1706/4503 1705/4502 1701/4498
f 1705/4502 1704/4501 1701/4498
f 1704/4501 1702/4499 1701/4498
f 1708/4505 1709/4506 1710/4507
f 1709/4506 1711/4508 1710/4507
f 1711/4508 1712/4509 1710/4507
f 1712/4509 1713/4510 1710/4507
f 1713/4510 1714/4511 1710/4507
f 1714/4511 1708/4505 1710/4507
f 1714/4511 1713/4510 1708/4505
f 1713/4510 1712/4509 1708/4505
f 1712/4509 1711/4508 1708/4505
f 1711/4508 1709/4506 1708/4505
f 1715/4498 1716/4499 1717/4500
f 1716/4499 1718/4501 1717/4500
f 1718/4501 1719/4502 1717/4500
f 1719/4502 1720/4503 1717/4500
f 1720/4503 1721/4504 1717/4500
f 1721/4504 1715/4498 1717/4500
f 1721/4504 1720/4503 1715/4498
f 1720/4503 1719/4502 1715/4498
f 1719/4502 1718/4501 1715/4498
f 1718/4501 1716/4499 1715/4498
f 1722/4498 1723/4499 1724/4500
f 1723/4499 1725/4501 1724/4500
f 1725/4501 1726/4502 1724/4500
f 1726/4502 1727/4503 1724/4500
f 1727/4503 1728/4504 1724/4500
f 1728/4504 1722/4498 1724/4500
f 1728/4504 1727/4503 1722/4498
f 1727/4503 1726/4502 1722/4498
f 1726/4502 1725/4501 1722/4498
f 1725/4501 1723/4499 1722/4498
f 1729/4498 1730/4499 1731/4500
f 1730/4499 1732/4501 1731/4500
f 1732/4501 1733/4502 1731/4500
f 1733/4502 1734/4503 1731/4500
f 1734/4503 1735/4504 1731/4500
f 1735/4504 1729/4498 1731/4500
f 1735/4504 1734/4503 1729/4498
f 1734/4503 1733/4502 1729/4498
f 1733/4502 1732/4501 1729/4498
f 1732/4501 1730/4499 1729/4498
f 1736/4505 1737/4506 1738/4507
f 1737/4506 1739/4508 1738/4507
f 1739/4508 1740/4509 1738/4507
f 1740/4509 1741/4510 1738/4507
f 1741/4510 1742/4511 1738/4507
f 1742/4511 1736/4505 1738/4507
f 1742/4511 1741/4510 1736/4505
f 1741/4510 1740/4509 1736/4505
f 1740/4509 1739/4508 1736/4505
f 1739/4508 1737/4506 1736/4505
f 1743/4498 1744/4499 1745/4500
f 1744/4499 1746/4501 1745/4500
f 1746/4501 1747/4502 1745/4500
f 1747/4502 1748/4503 1745/4500
f 1748/4503 1749/4504 1745/4500
f 1749/4504 1743/4498 1745/4500
f 1749/4504 1748/4503 1743/4498
f 1748/4503 1747/4502 1743/4498
f 1747/4502 1746/4501 1743/4498
f 1746/4501 1744/4499 1743/4498
f 1750/4491 1751/4492 1752/4493
f 1751/4492 1753/4494 1752/4493
f 1753/4494 1754/4495 1752/4493
f 1754/4495 1755/4496 1752/4493
f 1755/4496 1756/4497 1752/4493
f 1756/4497 1750/4491 1752/4493
f 1756/4497 1755/4496 1750/4491
f 1755/4496 1754/4495 1750/4491
f 1754/4495 1753/4494 1750/4491
f 1753/4494 1751/4492 1750/4491
f 1757/4498 1758/4499 1759/4500
f 1758/4499 1760/4501 1759/4500
f 1760/4501 1761/4502 1759/4500
f 1761/4502 1762/4503 1759/4500
f 1762/4503 1763/4504 1759/4500
f 1763/4504 1757/4498 1759/4500
f 1763/4504 1762/4503 1757/4498
f 1762/4503 1761/4502 1757/4498
f 1761/4502 1760/4501 1757/4498
f 1760/4501 1758/4499 1757/4498
f 1764/4491 1765/4492 1766/4493
f 1765/4492 1767/4494 1766/4493
f 1767/4494 1768/4495 1766/4493
f 1768/4495 1769/4496 1766/4493
f 1769/4496 1770/4497 1766/4493
f 1770/4497 1764/4491 1766/4493
f 1770/4497 1769/4496 1764/4491
f 1769/4496 1768/4495 1764/4491
f 1768/4495 1767/4494 1764/4491
f 1767/4494 1765/4492 1764/4491
f 1771/4498 1772/4499 1773/4500
f 1772/4499 1774/4501 1773/4500
f 1774/4501 1775/4502 1773/4500
f 1775/4502 1776/4503 1773/4500
f 1776/4503 1777/4504 1773/4500
f 1777/4504 1771/4498 1773/4500
f 1777/4504 1776/4503 1771/4498
f 1776/4503 1775/4502 1771/4498
f 1775/4502 1774/4501 1771/4498
f 1774/4501 1772/4499 1771/4498
f 1778/4498 1779/4499 1780/4500
f 1779/4499 1781/4501 1780/4500
f 1781/4501 1782/4502 1780/4500
f 1782/4502 1783/4503 1780/4500
f 1783/4503 1784/4504 1780/4500
f 1784/4504 1778/4498 1780/4500
f 1784/4504 1783/4503 1778/4498
f 1783/4503 1782/4502 1778/4498
f 1782/4502 1781/4501 1778/4498
f 1781/4501 1779/4499 1778/4498
f 1785/4498 1786/4499 1787/4500
f 1786/4499 1788/4501 1787/4500
f 1788/4501 1789/4502 1787/4500
f 1789/4502 1790/4503 1787/4500
f 1790/4503 1791/4504 1787/4500
f 1791/4504 1785/4498 1787/4500
f 1791/4504 1790/4503 1785/4498
f 1790/4503 1789/4502 1785/4498
f 1789/4502 1788/4501 1785/4498
f 1788/4501 1786/4499 1785/4498
f 1792/4512 1793/4513 1794/4514
f 1793/4513 1795/4515 1794/4514
f 1795/4515 1796/4516 1794/4514
f 1796/4516 1797/4517 1794/4514
f 1797/4517 1798/4518 1794/4514
f 1798/4518 1792/4512 1794/4514
f 1798/4518 1797/4517 1792/4512
f 1797/4517 1796/4516 1792/4512
f 1796/4516 1795/4515 1792/4512
f 1795/4515 1793/4513 1792/4512
f 1799/4491 1800/4492 1801/4493
f 1800/4492 1802/4494 1801/4493
f 1802/4494 1803/4495 1801/4493
f 1803/4495 1804/4496 1801/4493
f 1804/4496 1805/4497 1801/4493
f 1805/4497 1799/4491 1801/4493
f 1805/4497 1804/4496 1799/4491
f 1804/4496 1803/4495 1799/4491
f 1803/4495 1802/4494 1799/4491
f 1802/4494 1800/4492 1799/4491
f 1806/4498 1807/4499 1808/4500
f 1807/4499 1809/4501 1808/4500
f 1809/4501 1810/4502 1808/4500
f 1810/4502 1811/4503 1808/4500
f 1811/4503 1812/4504 1808/4500
f 1812/4504 1806/4498 1808/4500
f 1812/4504 1811/4503 1806/4498
f 1811/4503 1810/4502 1806/4498
f 1810/4502 1809/4501 1806/4498
f 1809/4501 1807/4499 1806/4498
f 1813/4491 1814/4492 1815/4493
f 1814/4492 1816/4494 1815/4493
f 1816/4494 1817/4495 1815/4493
f 1817/4495 1818/4496 1815/4493
f 1818/4496 1819/4497 1815/4493
f 1819/4497 1813/4491 1815/4493
f 1819/4497 1818/4496 1813/4491
f 1818/4496 1817/4495 1813/4491
f 1817/4495 1816/4494 1813/4491
f 1816/4494 1814/4492 1813/4491
f 1820/4491 1821/4492 1822/4493
f 1821/4492 1823/4494 1822/4493
f 1823/4494 1824/4495 1822/4493
f 1824/4495 1825/4496 1822/4493
f 1825/4496 1826/4497 1822/4493
f 1826/4497 1820/4491 1822/4493
f 1826/4497 1825/4496 1820/4491
f 1825/4496 1824/4495 1820/4491
f 1824/4495 1823/4494 1820/4491
f 1823/4494 1821/4492 1820/4491
f 1827/4498 1828/4499 1829/4500
f 1828/4499 1830/4501 1829/4500
f 1830/4501 1831/4502 1829/4500
f 1831/4502 1832/4503 1829/4500
f 1832/4503 1833/4504 1829/4500
f 1833/4504 1827/4498 1829/4500
f 1833/4504 1832/4503 1827/4498
f 1832/4503 1831/4502 1827/4498
f 1831/4502 1830/4501 1827/4498
f 1830/4501 1828/4499 1827/4498
f 1834/4498 1835/4499 1836/4500
f 1835/4499 1837/4501 1836/4500
f 1837/4501 1838/4502 1836/4500
f 1838/4502 1839/4503 1836/4500
f 1839/4503 1840/4504 1836/4500
f 1840/4504 1834/4498 1836/4500
f 1840/4504 1839/4503 1834/4498
f 1839/4503 1838/4502 1834/4498
f 1838/4502 1837/4501 1834/4498
f 1837/4501 1835/4499 1834/4498
f 1841/4519 1842/4519 1843/4519
f 1844/4519 1843/4519 1842/4519
f 1845/4519 1841/4519 1843/4519
f 1846/4519 1845/4519 1843/4519
f 1844/4519 1846/4519 1843/4519
f 1847/4519 1844/4519 1842/4519
f 1848/4519 1842/4519 1841/4519
f 1849/4519 1841/4519 1845/4519
f 1850/4519 1845/4519 1846/4519
f 1851/4519 1846/4519 1844/4519
f 1848/4519 1847/4519 1842/4519
f 1849/4519 1848/4519 1841/4519
f 1850/4519 1849/4519 1845/4519
f 1851/4519 1850/4519 1846/4519
f 1847/4519 1851/4519 1844/4519
f 1852/4519 1847/4519 1848/4519
f 1852/4519 1848/4519 1849/4519
f 1852/4519 1849/4519 1850/4519
f 1852/4519 1850/4519 1851/4519
f 1852/4519 1851/4519 1847/4519
f 1853/4520 1854/4521 1855/4522
f 1854/4521 1856/4523 1855/4522
f 1856/4523 1857/4524 1855/4522
f 1857/4524 1858/4525 1855/4522
f 1858/4525 1859/4526 1855/4522
f 1859/4526 1853/4520 1855/4522
f 1859/4526 1858/4525 1853/4520
f 1858/4525 1857/4524 1853/4520
f 1857/4524 1856/4523 1853/4520
f 1856/4523 1854/4521 1853/4520
f 1860/4520 1861/4521 1862/4522
f 1861/4521 1863/4523 1862/4522
f 1863/4523 1864/4524 1862/4522
f 1864/4524 1865/4525 1862/4522
f 1865/4525 1866/4526 1862/4522
f 1866/4526 1860/4520 1862/4522
f 1866/4526 1865/4525 1860/4520
f 1865/4525 1864/4524 1860/4520
f 1864/4524 1863/4523 1860/4520
f 1863/4523 1861/4521 1860/4520
f 1867/4520 1868/4521 1869/4522
f 1868/4521 1870/4523 1869/4522
f 1870/4523 1871/4524 1869/4522
f 1871/4524 1872/4525 1869/4522
f 1872/4525 1873/4526 1869/4522
f 1873/4526 1867/4520 1869/4522
f 1873/4526 1872/4525 1867/4520
f 1872/4525 1871/4524 1867/4520
f 1871/4524 1870/4523 1867/4520
f 1870/4523 1868/4521 1867/4520
f 1874/4520 1875/4521 1876/4522
f 1875/4521 1877/4523 1876/4522
f 1877/4523 1878/4524 1876/4522
f 1878/4524 1879/4525 1876/4522
f 1879/4525 1880/4526 1876/4522
f 1880/4526 1874/4520 1876/4522
f 1880/4526 1879/4525 1874/4520
f 1879/4525 1878/4524 1874/4520
f 1878/4524 1877/4523 1874/4520
f 1877/4523 1875/4521 1874/4520
f 1881/4520 1882/4521 1883/4522
f 1882/4521 1884/4523 1883/4522
f 1884/4523 1885/4524 1883/4522
f 1885/4524 1886/4525 1883/4522
f 1886/4525 1887/4526 1883/4522
f 1887/4526 1881/4520 1883/4522
f 1887/4526 1886/4525 1881/4520
f 1886/4525 1885/4524 1881/4520
f 1885/4524 1884/4523 1881/4520
f 1884/4523 1882/4521 1881/4520
f 1888/4527 1889/4528 1890/4529
f 1889/4528 1891/4530 1890/4529
f 1891/4530 1892/4531 1890/4529
f 1892/4531 1893/4532 1890/4529
f 1893/4532 1894/4533 1890/4529
f 1894/4533 1888/4527 1890/4529
f 1894/4533 1893/4532 1888/4527
f 1893/4532 1892/4531 1888/4527
f 1892/4531 1891/4530 1888/4527
f 1891/4530 1889/4528 1888/4527
f 1895/4534 1896/4535 1897/4536
f 1896/4535 1898/4537 1897/4536
f 1898/4537 1899/4538 1897/4536
f 1899/4538 1900/4539 1897/4536
f 1900/4539 1901/4540 1897/4536
f 1901/4540 1895/4534 1897/4536
f 1901/4540 1900/4539 1895/4534
f 1900/4539 1899/4538 1895/4534
f 1899/4538 1898/4537 1895/4534
f 1898/4537 1896/4535 1895/4534
f 1902/4520 1903/4521 1904/4522
f 1903/4521 1905/4523 1904/4522
f 1905/4523 1906/4524 1904/4522
f 1906/4524 1907/4525 1904/4522
f 1907/4525 1908/4526 1904/4522
f 1908/4526 1902/4520 1904/4522
f 1908/4526 1907/4525 1902/4520
f 1907/4525 1906/4524 1902/4520
f 1906/4524 1905/4523 1902/4520
f 1905/4523 1903/4521 1902/4520
f 1909/4520 1910/4521 1911/4522
f 1910/4521 1912/4523 1911/4522
f 1912/4523 1913/4524 1911/4522
f 1913/4524 1914/4525 1911/4522
f 1914/4525 1915/4526 1911/4522
f 1915/4526 1909/4520 1911/4522
f 1915/4526 1914/4525 1909/4520
f 1914/4525 1913/4524 1909/4520
f 1913/4524 1912/4523 1909/4520
f 1912/4523 1910/4521 1909/4520
f 1916/4520 1917/4521 1918/4522
f 1917/4521 1919/4523 1918/4522
f 1919/4523 1920/4524 1918/4522
f 1920/4524 1921/4525 1918/4522
f 1921/4525 1922/4526 1918/4522
f 1922/4526 1916/4520 1918/4522
f 1922/4526 1921/4525 1916/4520
f 1921/4525 1920/4524 1916/4520
f 1920/4524 1919/4523 1916/4520
f 1919/4523 1917/4521 1916/4520
f 1923/4541 1924/4542 1925/4543
f 1924/4542 1926/4544 1925/4543
f 1926/4544 1927/4545 1925/4543
f 1927/4545 1928/4546 1925/4543
f 1928/4546 1929/4547 1925/4543
f 1929/4547 1923/4541 1925/4543
f 1929/4547 1928/4546 1923/4541
f 1928/4546 1927/4545 1923/4541
f 1927/4545 1926/4544 1923/4541
f 1926/4544 1924/4542 1923/4541
f 1930/4534 1931/4535 1932/4536
f 1931/4535 1933/4537 1932/4536
f 1933/4537 1934/4538 1932/4536
f 1934/4538 1935/4539 1932/4536
f 1935/4539 1936/4540 1932/4536
f 1936/4540 1930/4534 1932/4536
f 1936/4540 1935/4539 1930/4534
f 1935/4539 1934/4538 1930/4534
f 1934/4538 1933/4537 1930/4534
f 1933/4537 1931/4535 1930/4534
f 1937/4527 1938/4528 1939/4529
f 1938/4528 1940/4530 1939/4529
f 1940/4530 1941/4531 1939/4529
f 1941/4531 1942/4532 1939/4529
f 1942/4532 1943/4533 1939/4529
f 1943/4533 1937/4527 1939/4529
f 1943/4533 1942/4532 1937/4527
f 1942/4532 1941/4531 1937/4527
f 1941/4531 1940/4530 1937/4527
f 1940/4530 1938/4528 1937/4527
f 1944/4520 1945/4521 1946/4522
f 1945/4521 1947/4523 1946/4522
f 1947/4523 1948/4524 1946/4522
f 1948/4524 1949/4525 1946/4522
f 1949/4525 1950/4526 1946/4522
f 1950/4526 1944/4520 1946/4522
f 1950/4526 1949/4525 1944/4520
f 1949/4525 1948/4524 1944/4520
f 1948/4524 1947/4523 1944/4520
f 1947/4523 1945/4521 1944/4520
f 1951/4520 1952/4521 1953/4522
f 1952/4521 1954/4523 1953/4522
f 1954/4523 1955/4524 1953/4522
f 1955/4524 1956/4525 1953/4522
f 1956/4525 1957/4526 1953/4522
f 1957/4526 1951/4520 1953/4522
f 1957/4526 1956/4525 1951/4520
f 1956/4525 1955/4524 1951/4520
f 1955/4524 1954/4523 1951/4520
f 1954/4523 1952/4521 1951/4520
f 1958/4520 1959/4521 1960/4522
f 1959/4521 1961/4523 1960/4522
f 1961/4523 1962/4524 1960/4522
f 1962/4524 1963/4525 1960/4522
f 1963/4525 1964/4526 1960/4522
f 1964/4526 1958/4520 1960/4522
f 1964/4526 1963/4525 1958/4520
f 1963/4525 1962/4524 1958/4520
f 1962/4524 1961/4523 1958/4520
f 1961/4523 1959/4521 1958/4520
f 1965/4520 1966/4521 1967/4522
f 1966/4521 1968/4523 1967/4522
f 1968/4523 1969/4524 1967/4522
f 1969/4524 1970/4525 1967/4522
f 1970/4525 1971/4526 1967/4522
f 1971/4526 1965/4520 1967/4522
f 1971/4526 1970/4525 1965/4520
f 1970/4525 1969/4524 1965/4520
f 1969/4524 1968/4523 1965/4520
f 1968/4523 1966/4521 1965/4520
f 1972/4520 1973/4521 1974/4522
f 1973/4521 1975/4523 1974/4522
f 1975/4523 1976/4524 1974/4522
f 1976/4524 1977/4525 1974/4522
f 1977/4525 1978/4526 1974/4522
f 1978/4526 1972/4520 1974/4522
f 1978/4526 1977/4525 1972/4520
f 1977/4525 1976/4524 1972/4520
f 1976/4524 1975/4523 1972/4520
f 1975/4523 1973/4521 1972/4520
f 1979/4520 1980/4521 1981/4522
f 1980/4521 1982/4523 1981/4522
f 1982/4523 1983/4524 1981/4522
f 1983/4524 1984/4525 1981/4522
f 1984/4525 1985/4526 1981/4522
f 1985/4526 1979/4520 1981/4522
f 1985/4526 1984/4525 1979/4520
f 1984/4525 1983/4524 1979/4520
f 1983/4524 1982/4523 1979/4520
f 1982/4523 1980/4521 1979/4520
f 1986/4520 1987/4521 1988/4522
f 1987/4521 1989/4523 1988/4522
f 1989/4523 1990/4524 1988/4522
f 1990/4524 1991/4525 1988/4522
f 1991/4525 1992/4526 1988/4522
f 1992/4526 1986/4520 1988/4522
f 1992/4526 1991/4525 1986/4520
f 1991/4525 1990/4524 1986/4520
f 1990/4524 1989/4523 1986/4520
f 1989/4523 1987/4521 1986/4520
f 1993/4520 1994/4521 1995/4522
f 1994/4521 1996/4523 1995/4522
f 1996/4523 1997/4524 1995/4522
f 1997/4524 1998/4525 1995/4522
f 1998/4525 1999/4526 1995/4522
f 1999/4526 1993/4520 1995/4522
f 1999/4526 1998/4525 1993/4520
f 1998/4525 1997/4524 1993/4520
f 1997/4524 1996/4523 1993/4520
f 1996/4523 1994/4521 1993/4520
f 2000/4520 2001/4521 2002/4522
f 2001/4521 2003/4523 2002/4522
f 2003/4523 2004/4524 2002/4522
f 2004/4524 2005/4525 2002/4522
f 2005/4525 2006/4526 2002/4522
f 2006/4526 2000/4520 2002/4522
f 2006/4526 2005/4525 2000/4520
f 2005/4525 2004/4524 2000/4520
f 2004/4524 2003/4523 2000/4520
f 2003/4523 2001/4521 2000/4520
f 2007/4534 2008/4535 2009/4536
f 2008/4535 2010/4537 2009/4536
f 2010/4537 2011/4538 2009/4536
f 2011/4538 2012/4539 2009/4536
f 2012/4539 2013/4540 2009/4536
f 2013/4540 2007/4534 2009/4536
f 2013/4540 2012/4539 2007/4534
f 2012/4539 2011/4538 2007/4534
f 2011/4538 2010/4537 2007/4534
f 2010/4537 2008/4535 2007/4534
f 2014/4520 2015/4521 2016/4522
f 2015/4521 2017/4523 2016/4522
f 2017/4523 2018/4524 2016/4522
f 2018/4524 2019/4525 2016/4522
f 2019/4525 2020/4526 2016/4522
f 2020/4526 2014/4520 2016/4522
f 2020/4526 2019/4525 2014/4520
f 2019/4525 2018/4524 2014/4520
f 2018/4524 2017/4523 2014/4520
f 2017/4523 2015/4521 2014/4520
f 2021/4520 2022/4521 2023/4522
f 2022/4521 2024/4523 2023/4522
f 2024/4523 2025/4524 2023/4522
f 2025/4524 2026/4525 2023/4522
f 2026/4525 2027/4526 2023/4522
f 2027/4526 2021/4520 2023/4522
f 2027/4526 2026/4525 2021/4520
f 2026/4525 2025/4524 2021/4520
f 2025/4524 2024/4523 2021/4520
f 2024/4523 2022/4521 2021/4520
f 2028/4520 2029/4521 2030/4522
f 2029/4521 2031/4523 2030/4522
f 2031/4523 2032/4524 2030/4522
f 2032/4524 2033/4525 2030/4522
f 2033/4525 2034/4526 2030/4522
f 2034/4526 2028/4520 2030/4522
f 2034/4526 2033/4525 2028/4520
f 2033/4525 2032/4524 2028/4520
f 2032/4524 2031/4523 2028/4520
f 2031/4523 2029/4521 2028/4520
f 2035/4548 2036/4548 2037/4548
f 2038/4548 2037/4548 2036/4548
f 2039/4548 2035/4548 2037/4548
f 2040/4548 2039/4548 2037/4548
f 2038/4548 2040/4548 2037/4548
f 2041/4548 2038/4548 2036/4548
f 2042/4548 2036/4548 2035/4548
f 2043/4548 2035/4548 2039/4548
f 2044/4548 2039/4548 2040/4548
f 2045/4548 2040/4548 2038/4548
f 2042/4548 2041/4548 2036/4548
f 2043/4548 2042/4548 2035/4548
f 2044/4548 2043/4548 2039/4548
f 2045/4548 2044/4548 2040/4548
f 2041/4548 2045/4548 2038/4548
f 2046/4548 2041/4548 2042/4548
f 2046/4548 2042/4548 2043/4548
f 2046/4548 2043/4548 2044/4548
f 2046/4548 2044/4548 2045/4548
f 2046/4548 2045/4548 2041/4548
f 2047/4549 2048/4550 2049/4551
f 2048/4550 2050/4552 2049/4551
f 2050/4552 2051/4553 2049/4551
f 2051/4553 2052/4554 2049/4551
f 2052/4554 2053/4555 2049/4551
f 2053/4555 2047/4549 2049/4551
f 2053/4555 2052/4554 2047/4549
f 2052/4554 2051/4553 2047/4549
f 2051/4553 2050/4552 2047/4549
f 2050/4552 2048/4550 2047/4549
f 2054/4556 2055/4557 2056/4558
f 2055/4557 2057/4559 2056/4558
f 2057/4559 2058/4560 2056/4558
f 2058/4560 2059/4561 2056/4558
f 2059/4561 2060/4562 2056/4558
f 2060/4562 2054/4556 2056/4558
f 2060/4562 2059/4561 2054/4556
f 2059/4561 2058/4560 2054/4556
f 2058/4560 2057/4559 2054/4556
f 2057/4559 2055/4557 2054/4556
f 2061/4556 2062/4557 2063/4558
f 2062/4557 2064/4559 2063/4558
f 2064/4559 2065/4560 2063/4558
f 2065/4560 2066/4561 2063/4558
f 2066/4561 2067/4562 2063/4558
f 2067/4562 2061/4556 2063/4558
f 2067/4562 2066/4561 2061/4556
f 2066/4561 2065/4560 2061/4556
f 2065/4560 2064/4559 2061/4556
f 2064/4559 2062/4557 2061/4556
f 2068/4549 2069/4550 2070/4551
f 2069/4550 2071/4552 2070/4551
f 2071/4552 2072/4553 2070/4551
f 2072/4553 2073/4554 2070/4551
f 2073/4554 2074/4555 2070/4551
f 2074/4555 2068/4549 2070/4551
f 2074/4555 2073/4554 2068/4549
f 2073/4554 2072/4553 2068/4549
f 2072/4553 2071/4552 2068/4549
f 2071/4552 2069/4550 2068/4549
f 2075/4563 2076/4564 2077/4565
f 2076/4564 2078/4566 2077/4565
f 2078/4566 2079/4567 2077/4565
f 2079/4567 2080/4568 2077/4565
f 2080/4568 2081/4569 2077/4565
f 2081/4569 2075/4563 2077/4565
f 2081/4569 2080/4568 2075/4563
f 2080/4568 2079/4567 2075/4563
f 2079/4567 2078/4566 2075/4563
f 2078/4566 2076/4564 2075/4563
f 2082/4549 2083/4550 2084/4551
f 2083/4550 2085/4552 2084/4551
f 2085/4552 2086/4553 2084/4551
f 2086/4553 2087/4554 2084/4551
f 2087/4554 2088/4555 2084/4551
f 2088/4555 2082/4549 2084/4551
f 2088/4555 2087/4554 2082/4549
f 2087/4554 2086/4553 2082/4549
f 2086/4553 2085/4552 2082/4549
f 2085/4552 2083/4550 2082/4549
f 2089/4549 2090/4550 2091/4551
f 2090/4550 2092/4552 2091/4551
f 2092/4552 2093/4553 2091/4551
f 2093/4553 2094/4554 2091/4551
f 2094/4554 2095/4555 2091/4551
f 2095/4555 2089/4549 2091/4551
f 2095/4555 2094/4554 2089/4549
f 2094/4554 2093/4553 2089/4549
f 2093/4553 2092/4552 2089/4549
f 2092/4552 2090/4550 2089/4549
f 2096/4556 2097/4557 2098/4558
f 2097/4557 2099/4559 2098/4558
f 2099/4559 2100/4560 2098/4558
f 2100/4560 2101/4561 2098/4558
f 2101/4561 2102/4562 2098/4558
f 2102/4562 2096/4556 2098/4558
f 2102/4562 2101/4561 2096/4556
f 2101/4561 2100/4560 2096/4556
f 2100/4560 2099/4559 2096/4556
f 2099/4559 2097/4557 2096/4556
f 2103/4570 2104/4571 2105/4572
f 2104/4571 2106/4573 2105/4572
f 2106/4573 2107/4574 2105/4572
f 2107/4574 2108/4575 2105/4572
f 2108/4575 2109/4576 2105/4572
f 2109/4576 2103/4570 2105/4572
f 2109/4576 2108/4575 2103/4570
f 2108/4575 2107/4574 2103/4570
f 2107/4574 2106/4573 2103/4570
f 2106/4573 2104/4571 2103/4570
f 2110/4563 2111/4564 2112/4565
f 2111/4564 2113/4566 2112/4565
f 2113/4566 2114/4567 2112/4565
f 2114/4567 2115/4568 2112/4565
f 2115/4568 2116/4569 2112/4565
f 2116/4569 2110/4563 2112/4565
f 2116/4569 2115/4568 2110/4563
f 2115/4568 2114/4567 2110/4563
f 2114/4567 2113/4566 2110/4563
f 2113/4566 2111/4564 2110/4563
f 2117/4549 2118/4550 2119/4551
f 2118/4550 2120/4552 2119/4551
f 2120/4552 2121/4553 2119/4551
f 2121/4553 2122/4554 2119/4551
f 2122/4554 2123/4555 2119/4551
f 2123/4555 2117/4549 2119/4551
f 2123/4555 2122/4554 2117/4549
f 2122/4554 2121/4553 2117/4549
f 2121/4553 2120/4552 2117/4549
f 2120/4552 2118/4550 2117/4549
f 2124/4549 2125/4550 2126/4551
f 2125/4550 2127/4552 2126/4551
f 2127/4552 2128/4553 2126/4551
f 2128/4553 2129/4554 2126/4551
f 2129/4554 2130/4555 2126/4551
f 2130/4555 2124/4549 2126/4551
f 2130/4555 2129/4554 2124/4549
f 2129/4554 2128/4553 2124/4549
f 2128/4553 2127/4552 2124/4549
f 2127/4552 2125/4550 2124/4549
f 2131/4549 2132/4550 2133/4551
f 2132/4550 2134/4552 2133/4551
f 2134/4552 2135/4553 2133/4551
f 2135/4553 2136/4554 2133/4551
f 2136/4554 2137/4555 2133/4551
f 2137/4555 2131/4549 2133/4551
f 2137/4555 2136/4554 2131/4549
f 2136/4554 2135/4553 2131/4549
f 2135/4553 2134/4552 2131/4549
f 2134/4552 2132/4550 2131/4549
f 2138/4556 2139/4557 2140/4558
f 2139/4557 2141/4559 2140/4558
f 2141/4559 2142/4560 2140/4558
f 2142/4560 2143/4561 2140/4558
f 2143/4561 2144/4562 2140/4558
f 2144/4562 2138/4556 2140/4558
f 2144/4562 2143/4561 2138/4556
f 2143/4561 2142/4560 2138/4556
f 2142/4560 2141/4559 2138/4556
f 2141/4559 2139/4557 2138/4556
f 2145/4549 2146/4550 2147/4551
f 2146/4550 2148/4552 2147/4551
f 2148/4552 2149/4553 2147/4551
f 2149/4553 2150/4554 2147/4551
f 2150/4554 2151/4555 2147/4551
f 2151/4555 2145/4549 2147/4551
f 2151/4555 2150/4554 2145/4549
f 2150/4554 2149/4553 2145/4549
f 2149/4553 2148/4552 2145/4549
f 2148/4552 2146/4550 2145/4549
f 2152/4549 2153/4550 2154/4551
f 2153/4550 2155/4552 2154/4551
f 2155/4552 2156/4553 2154/4551
f 2156/4553 2157/4554 2154/4551
f 2157/4554 2158/4555 2154/4551
f 2158/4555 2152/4549 2154/4551
f 2158/4555 2157/4554 2152/4549
f 2157/4554 2156/4553 2152/4549
f 2156/4553 2155/4552 2152/4549
f 2155/4552 2153/4550 2152/4549
f 2159/4556 2160/4557 2161/4558
f 2160/4557 2162/4559 2161/4558
f 2162/4559 2163/4560 2161/4558
f 2163/4560 2164/4561 2161/4558
f 2164/4561 2165/4562 2161/4558
f 2165/4562 2159/4556 2161/4558
f 2165/4562 2164/4561 2159/4556
f 2164/4561 2163/4560 2159/4556
f 2163/4560 2162/4559 2159/4556
f 2162/4559 2160/4557 2159/4556
f 2166/4563 2167/4564 2168/4565
f 2167/4564 2169/4566 2168/4565
f 2169/4566 2170/4567 2168/4565
f 2170/4567 2171/4568 2168/4565
f 2171/4568 2172/4569 2168/4565
f 2172/4569 2166/4563 2168/4565
f 2172/4569 2171/4568 2166/4563
f 2171/4568 2170/4567 2166/4563
f 2170/4567 2169/4566 2166/4563
f 2169/4566 2167/4564 2166/4563
f 2173/4563 2174/4564 2175/4565
f 2174/4564 2176/4566 2175/4565
f 2176/4566 2177/4567 2175/4565
f 2177/4567 2178/4568 2175/4565
f 2178/4568 2179/4569 2175/4565
f 2179/4569 2173/4563 2175/4565
f 2179/4569 2178/4568 2173/4563
f 2178/4568 2177/4567 2173/4563
f 2177/4567 2176/4566 2173/4563
f 2176/4566 2174/4564 2173/4563
f 2180/4563 2181/4564 2182/4565
f 2181/4564 2183/4566 2182/4565
f 2183/4566 2184/4567 2182/4565
f 2184/4567 2185/4568 2182/4565
f 2185/4568 2186/4569 2182/4565
f 2186/4569 2180/4563 2182/4565
f 2186/4569 2185/4568 2180/4563
f 2185/4568 2184/4567 2180/4563
f 2184/4567 2183/4566 2180/4563
f 2183/4566 2181/4564 2180/4563
f 2187/4549 2188/4550 2189/4551
f 2188/4550 2190/4552 2189/4551
f 2190/4552 2191/4553 2189/4551
f 2191/4553 2192/4554 2189/4551
f 2192/4554 2193/4555 2189/4551
f 2193/4555 2187/4549 2189/4551
f 2193/4555 2192/4554 2187/4549
f 2192/4554 2191/4553 2187/4549
f 2191/4553 2190/4552 2187/4549
f 2190/4552 2188/4550 2187/4549
f 2194/4563 2195/4564 2196/4565
f 2195/4564 2197/4566 2196/4565
f 2197/4566 2198/4567 2196/4565
f 2198/4567 2199/4568 2196/4565
f 2199/4568 2200/4569 2196/4565
f 2200/4569 2194/4563 2196/4565
f 2200/4569 2199/4568 2194/4563
f 2199/4568 2198/4567 2194/4563
f 2198/4567 2197/4566 2194/4563
f 2197/4566 2195/4564 2194/4563
f 2201/4556 2202/4557 2203/4558
f 2202/4557 2204/4559 2203/4558
f 2204/4559 2205/4560 2203/4558
f 2205/4560 2206/4561 2203/4558
f 2206/4561 2207/4562 2203/4558
f 2207/4562 2201/4556 2203/4558
f 2207/4562 2206/4561 2201/4556
f 2206/4561 2205/4560 2201/4556
f 2205/4560 2204/4559 2201/4556
f 2204/4559 2202/4557 2201/4556
f 2208/4549 2209/4550 2210/4551
f 2209/4550 2211/4552 2210/4551
f 2211/4552 2212/4553 2210/4551
f 2212/4553 2213/4554 2210/4551
f 2213/4554 2214/4555 2210/4551
f 2214/4555 2208/4549 2210/4551
f 2214/4555 2213/4554 2208/4549
f 2213/4554 2212/4553 2208/4549
f 2212/4553 2211/4552 2208/4549
f 2211/4552 2209/4550 2208/4549
f 2215/4563 2216/4564 2217/4565
f 2216/4564 2218/4566 2217/4565
f 2218/4566 2219/4567 2217/4565
f 2219/4567 2220/4568 2217/4565
f 2220/4568 2221/4569 2217/4565
f 2221/4569 2215/4563 2217/4565
f 2221/4569 2220/4568 2215/4563
f 2220/4568 2219/4567 2215/4563
f 2219/4567 2218/4566 2215/4563
f 2218/4566 2216/4564 2215/4563
f 2222/4549 2223/4550 2224/4551
f 2223/4550 2225/4552 2224/4551
f 2225/4552 2226/4553 2224/4551
f 2226/4553 2227/4554 2224/4551
f 2227/4554 2228/4555 2224/4551
f 2228/4555 2222/4549 2224/4551
f 2228/4555 2227/4554 2222/4549
f 2227/4554 2226/4553 2222/4549
f 2226/4553 2225/4552 2222/4549
f 2225/4552 2223/4550 2222/4549
f 2229/4577 2230/4577 2231/4577
f 2232/4577 2231/4577 2230/4577
f 2233/4577 2229/4577 2231/4577
f 2234/4577 2233/4577 2231/4577
f 2232/4577 2234/4577 2231/4577
f 2235/4577 2232/4577 2230/4577
f 2236/4577 2230/4577 2229/4577
f 2237/4577 2229/4577 2233/4577
f 2238/4577 2233/4577 2234/4577
f 2239/4577 2234/4577 2232/4577
f 2236/4577 2235/4577 2230/4577
f 2237/4577 2236/4577 2229/4577
f 2238/4577 2237/4577 2233/4577
f 2239/4577 2238/4577 2234/4577
f 2235/4577 2239/4577 2232/4577
f 2240/4577 2235/4577 2236/4577
f 2240/4577 2236/4577 2237/4577
f 2240/4577 2237/4577 2238/4577
f 2240/4577 2238/4577 2239/4577
f 2240/4577 2239/4577 2235/4577
f 2241/4578 2242/4579 2243/4580
f 2242/4579 2244/4581 2243/4580
f 2244/4581 2245/4582 2243/4580
f 2245/4582 2246/4583 2243/4580
f 2246/4583 2247/4584 2243/4580
f 2247/4584 2241/4578 2243/4580
f 2247/4584 2246/4583 2241/4578
f 2246/4583 2245/4582 2241/4578
f 2245/4582 2244/4581 2241/4578
f 2244/4581 2242/4579 2241/4578
f 2248/4585 2249/4586 2250/4587
f 2249/4586 2251/4588 2250/4587
f 2251/4588 2252/4589 2250/4587
f 2252/4589 2253/4590 2250/4587
f 2253/4590 2254/4591 2250/4587
f 2254/4591 2248/4585 2250/4587
f 2254/4591 2253/4590 2248/4585
f 2253/4590 2252/4589 2248/4585
f 2252/4589 2251/4588 2248/4585
f 2251/4588 2249/4586 2248/4585
f 2255/4592 2256/4593 2257/4594
f 2256/4593 2258/4595 2257/4594
f 2258/4595 2259/4596 2257/4594
f 2259/4596 2260/4597 2257/4594
f 2260/4597 2261/4598 2257/4594
f 2261/4598 2255/4592 2257/4594
f 2261/4598 2260/4597 2255/4592
f 2260/4597 2259/4596 2255/4592
f 2259/4596 2258/4595 2255/4592
f 2258/4595 2256/4593 2255/4592
f 2262/4578 2263/4579 2264/4580
f 2263/4579 2265/4581 2264/4580
f 2265/4581 2266/4582 2264/4580
f 2266/4582 2267/4583 2264/4580
f 2267/4583 2268/4584 2264/4580
f 2268/4584 2262/4578 2264/4580
f 2268/4584 2267/4583 2262/4578
f 2267/4583 2266/4582 2262/4578
f 2266/4582 2265/4581 2262/4578
f 2265/4581 2263/4579 2262/4578
f 2269/4578 2270/4579 2271/4580
f 2270/4579 2272/4581 2271/4580
f 2272/4581 2273/4582 2271/4580
f 2273/4582 2274/4583 2271/4580
f 2274/4583 2275/4584 2271/4580
f 2275/4584 2269/4578 2271/4580
f 2275/4584 2274/4583 2269/4578
f 2274/4583 2273/4582 2269/4578
f 2273/4582 2272/4581 2269/4578
f 2272/4581 2270/4579 2269/4578
f 2276/4585 2277/4586 2278/4587
f 2277/4586 2279/4588 2278/4587
f 2279/4588 2280/4589 2278/4587
f 2280/4589 2281/4590 2278/4587
f 2281/4590 2282/4591 2278/4587
f 2282/4591 2276/4585 2278/4587
f 2282/4591 2281/4590 2276/4585
f 2281/4590 2280/4589 2276/4585
f 2280/4589 2279/4588 2276/4585
f 2279/4588 2277/4586 2276/4585
f 2283/4578 2284/4579 2285/4580
f 2284/4579 2286/4581 2285/4580
f 2286/4581 2287/4582 2285/4580
f 2287/4582 2288/4583 2285/4580
f 2288/4583 2289/4584 2285/4580
f 2289/4584 2283/4578 2285/4580
f 2289/4584 2288/4583 2283/4578
f 2288/4583 2287/4582 2283/4578
f 2287/4582 2286/4581 2283/4578
f 2286/4581 2284/4579 2283/4578
f 2290/4578 2291/4579 2292/4580
f 2291/4579 2293/4581 2292/4580
f 2293/4581 2294/4582 2292/4580
f 2294/4582 2295/4583 2292/4580
f 2295/4583 2296/4584 2292/4580
f 2296/4584 2290/4578 2292/4580
f 2296/4584 2295/4583 2290/4578
f 2295/4583 2294/4582 2290/4578
f 2294/4582 2293/4581 2290/4578
f 2293/4581 2291/4579 2290/4578
f 2297/4578 2298/4579 2299/4580
f 2298/4579 2300/4581 2299/4580
f 2300/4581 2301/4582 2299/4580
f 2301/4582 2302/4583 2299/4580
f 2302/4583 2303/4584 2299/4580
f 2303/4584 2297/4578 2299/4580
f 2303/4584 2302/4583 2297/4578
f 2302/4583 2301/4582 2297/4578
f 2301/4582 2300/4581 2297/4578
f 2300/4581 2298/4579 2297/4578
f 2304/4599 2305/4600 2306/4601
f 2305/4600 2307/4602 2306/4601
f 2307/4602 2308/4603 2306/4601
f 2308/4603 2309/4604 2306/4601
f 2309/4604 2310/4605 2306/4601
f 2310/4605 2304/4599 2306/4601
f 2310/4605 2309/4604 2304/4599
f 2309/4604 2308/4603 2304/4599
f 2308/4603 2307/4602 2304/4599
f 2307/4602 2305/4600 2304/4599
f 2311/4585 2312/4586 2313/4587
f 2312/4586 2314/4588 2313/4587
f 2314/4588 2315/4589 2313/4587
f 2315/4589 2316/4590 2313/4587
f 2316/4590 2317/4591 2313/4587
f 2317/4591 2311/4585 2313/4587
f 2317/4591 2316/4590 2311/4585
f 2316/4590 2315/4589 2311/4585
f 2315/4589 2314/4588 2311/4585
f 2314/4588 2312/4586 2311/4585
f 2318/4585 2319/4586 2320/4587
f 2319/4586 2321/4588 2320/4587
f 2321/4588 2322/4589 2320/4587
f 2322/4589 2323/4590 2320/4587
f 2323/4590 2324/4591 2320/4587
f 2324/4591 2318/4585 2320/4587
f 2324/4591 2323/4590 2318/4585
f 2323/4590 2322/4589 2318/4585
f 2322/4589 2321/4588 2318/4585
f 2321/4588 2319/4586 2318/4585
f 2325/4578 2326/4579 2327/4580
f 2326/4579 2328/4581 2327/4580
f 2328/4581 2329/4582 2327/4580
f 2329/4582 2330/4583 2327/4580
f 2330/4583 2331/4584 2327/4580
f 2331/4584 2325/4578 2327/4580
f 2331/4584 2330/4583 2325/4578
f 2330/4583 2329/4582 2325/4578
f 2329/4582 2328/4581 2325/4578
f 2328/4581 2326/4579 2325/4578
f 2332/4592 2333/4593 2334/4594
f 2333/4593 2335/4595 2334/4594
f 2335/4595 2336/4596 2334/4594
f 2336/4596 2337/4597 2334/4594
f 2337/4597 2338/4598 2334/4594
f 2338/4598 2332/4592 2334/4594
f 2338/4598 2337/4597 2332/4592
f 2337/4597 2336/4596 2332/4592
f 2336/4596 2335/4595 2332/4592
f 2335/4595 2333/4593 2332/4592
f 2339/4599 2340/4600 2341/4601
f 2340/4600 2342/4602 2341/4601
f 2342/4602 2343/4603 2341/4601
f 2343/4603 2344/4604 2341/4601
f 2344/4604 2345/4605 2341/4601
f 2345/4605 2339/4599 2341/4601
f 2345/4605 2344/4604 2339/4599
f 2344/4604 2343/4603 2339/4599
f 2343/4603 2342/4602 2339/4599
f 2342/4602 2340/4600 2339/4599
f 2346/4599 2347/4600 2348/4601
f 2347/4600 2349/4602 2348/4601
f 2349/4602 2350/4603 2348/4601
f 2350/4603 2351/4604 2348/4601
f 2351/4604 2352/4605 2348/4601
f 2352/4605 2346/4599 2348/4601
f 2352/4605 2351/4604 2346/4599
f 2351/4604 2350/4603 2346/4599
f 2350/4603 2349/4602 2346/4599
f 2349/4602 2347/4600 2346/4599
f 2353/4585 2354/4586 2355/4587
f 2354/4586 2356/4588 2355/4587
f 2356/4588 2357/4589 2355/4587
f 2357/4589 2358/4590 2355/4587
f 2358/4590 2359/4591 2355/4587
f 2359/4591 2353/4585 2355/4587
f 2359/4591 2358/4590 2353/4585
f 2358/4590 2357/4589 2353/4585
f 2357/4589 2356/4588 2353/4585
f 2356/4588 2354/4586 2353/4585
f 2360/4578 2361/4579 2362/4580
f 2361/4579 2363/4581 2362/4580
f 2363/4581 2364/4582 2362/4580
f 2364/4582 2365/4583 2362/4580
f 2365/4583 2366/4584 2362/4580
f 2366/4584 2360/4578 2362/4580
f 2366/4584 2365/4583 2360/4578
f 2365/4583 2364/4582 2360/4578
f 2364/4582 2363/4581 2360/4578
f 2363/4581 2361/4579 2360/4578
f 2367/4578 2368/4579 2369/4580
f 2368/4579 2370/4581 2369/4580
f 2370/4581 2371/4582 2369/4580
f 2371/4582 2372/4583 2369/4580
f 2372/4583 2373/4584 2369/4580
f 2373/4584 2367/4578 2369/4580
f 2373/4584 2372/4583 2367/4578
f 2372/4583 2371/4582 2367/4578
f 2371/4582 2370/4581 2367/4578
f 2370/4581 2368/4579 2367/4578
f 2374/4599 2375/4600 2376/4601
f 2375/4600 2377/4602 2376/4601
f 2377/4602 2378/4603 2376/4601
f 2378/4603 2379/4604 2376/4601
f 2379/4604 2380/4605 2376/4601
f 2380/4605 2374/4599 2376/4601
f 2380/4605 2379/4604 2374/4599
f 2379/4604 2378/4603 2374/4599
f 2378/4603 2377/4602 2374/4599
f 2377/4602 2375/4600 2374/4599
f 2381/4599 2382/4600 2383/4601
f 2382/4600 2384/4602 2383/4601
f 2384/4602 2385/4603 2383/4601
f 2385/4603 2386/4604 2383/4601
f 2386/4604 2387/4605 2383/4601
f 2387/4605 2381/4599 2383/4601
f 2387/4605 2386/4604 2381/4599
f 2386/4604 2385/4603 2381/4599
f 2385/4603 2384/4602 2381/4599
f 2384/4602 2382/4600 2381/4599
f 2388/4599 2389/4600 2390/4601
f 2389/4600 2391/4602 2390/4601
f 2391/4602 2392/4603 2390/4601
f 2392/4603 2393/4604 2390/4601
f 2393/4604 2394/4605 2390/4601
f 2394/4605 2388/4599 2390/4601
f 2394/4605 2393/4604 2388/4599
f 2393/4604 2392/4603 2388/4599
f 2392/4603 2391/4602 2388/4599
f 2391/4602 2389/4600 2388/4599
f 2395/4599 2396/4600 2397/4601
f 2396/4600 2398/4602 2397/4601
f 2398/4602 2399/4603 2397/4601
f 2399/4603 2400/4604 2397/4601
f 2400/4604 2401/4605 2397/4601
f 2401/4605 2395/4599 2397/4601
f 2401/4605 2400/4604 2395/4599
f 2400/4604 2399/4603 2395/4599
f 2399/4603 2398/4602 2395/4599
f 2398/4602 2396/4600 2395/4599
f 2402/4578 2403/4579 2404/4580
f 2403/4579 2405/4581 2404/4580
f 2405/4581 2406/4582 2404/4580
f 2406/4582 2407/4583 2404/4580
f 2407/4583 2408/4584 2404/4580
f 2408/4584 2402/4578 2404/4580
f 2408/4584 2407/4583 2402/4578
f 2407/4583 2406/4582 2402/4578
f 2406/4582 2405/4581 2402/4578
f 2405/4581 2403/4579 2402/4578
f 2409/4578 2410/4579 2411/4580
f 2410/4579 2412/4581 2411/4580
f 2412/4581 2413/4582 2411/4580
f 2413/4582 2414/4583 2411/4580
f 2414/4583 2415/4584 2411/4580
f 2415/4584 2409/4578 2411/4580
f 2415/4584 2414/4583 2409/4578
f 2414/4583 2413/4582 2409/4578
f 2413/4582 2412/4581 2409/4578
f 2412/4581 2410/4579 2409/4578
f 2416/4585 2417/4586 2418/4587
f 2417/4586 2419/4588 2418/4587
f 2419/4588 2420/4589 2418/4587
f 2420/4589 2421/4590 2418/4587
f 2421/4590 2422/4591 2418/4587
f 2422/4591 2416/4585 2418/4587
f 2422/4591 2421/4590 2416/4585
f 2421/4590 2420/4589 2416/4585
f 2420/4589 2419/4588 2416/4585
f 2419/4588 2417/4586 2416/4585
f 2423/4606 2424/4606 2425/4606
f 2426/4606 2425/4606 2424/4606
f 2427/4606 2423/4606 2425/4606
f 2428/4606 2427/4606 2425/4606
f 2426/4606 2428/4606 2425/4606
f 2429/4606 2426/4606 2424/4606
f 2430/4606 2424/4606 2423/4606
f 2431/4606 2423/4606 2427/4606
f 2432/4606 2427/4606 2428/4606
f 2433/4606 2428/4606 2426/4606
f 2430/4606 2429/4606 2424/4606
f 2431/4606 2430/4606 2423/4606
f 2432/4606 2431/4606 2427/4606
f 2433/4606 2432/4606 2428/4606
f 2429/4606 2433/4606 2426/4606
f 2434/4606 2429/4606 2430/4606
f 2434/4606 2430/4606 2431/4606
f 2434/4606 2431/4606 2432/4606
f 2434/4606 2432/4606 2433/4606
f 2434/4606 2433/4606 2429/4606
f 2435/4556 2436/4557 2437/4558
f 2436/4557 2438/4559 2437/4558
f 2438/4559 2439/4560 2437/4558
f 2439/4560 2440/4561 2437/4558
f 2440/4561 2441/4562 2437/4558
f 2441/4562 2435/4556 2437/4558
f 2441/4562 2440/4561 2435/4556
f 2440/4561 2439/4560 2435/4556
f 2439/4560 2438/4559 2435/4556
f 2438/4559 2436/4557 2435/4556
f 2442/4563 2443/4564 2444/4565
f 2443/4564 2445/4566 2444/4565
f 2445/4566 2446/4567 2444/4565
f 2446/4567 2447/4568 2444/4565
f 2447/4568 2448/4569 2444/4565
f 2448/4569 2442/4563 2444/4565
f 2448/4569 2447/4568 2442/4563
f 2447/4568 2446/4567 2442/4563
f 2446/4567 2445/4566 2442/4563
f 2445/4566 2443/4564 2442/4563
f 2449/4563 2450/4564 2451/4565
f 2450/4564 2452/4566 2451/4565
f 2452/4566 2453/4567 2451/4565
f 2453/4567 2454/4568 2451/4565
f 2454/4568 2455/4569 2451/4565
f 2455/4569 2449/4563 2451/4565
f 2455/4569 2454/4568 2449/4563
f 2454/4568 2453/4567 2449/4563
f 2453/4567 2452/4566 2449/4563
f 2452/4566 2450/4564 2449/4563
f 2456/4549 2457/4550 2458/4551
f 2457/4550 2459/4552 2458/4551
f 2459/4552 2460/4553 2458/4551
f 2460/4553 2461/4554 2458/4551
f 2461/4554 2462/4555 2458/4551
f 2462/4555 2456/4549 2458/4551
f 2462/4555 2461/4554 2456/4549
f 2461/4554 2460/4553 2456/4549
f 2460/4553 2459/4552 2456/4549
f 2459/4552 2457/4550 2456/4549
f 2463/4556 2464/4557 2465/4558
f 2464/4557 2466/4559 2465/4558
f 2466/4559 2467/4560 2465/4558
f 2467/4560 2468/4561 2465/4558
f 2468/4561 2469/4562 2465/4558
f 2469/4562 2463/4556 2465/4558
f 2469/4562 2468/4561 2463/4556
f 2468/4561 2467/4560 2463/4556
f 2467/4560 2466/4559 2463/4556
f 2466/4559 2464/4557 2463/4556
f 2470/4563 2471/4564 2472/4565
f 2471/4564 2473/4566 2472/4565
f 2473/4566 2474/4567 2472/4565
f 2474/4567 2475/4568 2472/4565
f 2475/4568 2476/4569 2472/4565
f 2476/4569 2470/4563 2472/4565
f 2476/4569 2475/4568 2470/4563
f 2475/4568 2474/4567 2470/4563
f 2474/4567 2473/4566 2470/4563
f 2473/4566 2471/4564 2470/4563
f 2477/4563 2478/4564 2479/4565
f 2478/4564 2480/4566 2479/4565
f 2480/4566 2481/4567 2479/4565
f 2481/4567 2482/4568 2479/4565
f 2482/4568 2483/4569 2479/4565
f 2483/4569 2477/4563 2479/4565
f 2483/4569 2482/4568 2477/4563
f 2482/4568 2481/4567 2477/4563
f 2481/4567 2480/4566 2477/4563
f 2480/4566 2478/4564 2477/4563
f 2484/4556 2485/4557 2486/4558
f 2485/4557 2487/4559 2486/4558
f 2487/4559 2488/4560 2486/4558
f 2488/4560 2489/4561 2486/4558
f 2489/4561 2490/4562 2486/4558
f 2490/4562 2484/4556 2486/4558
f 2490/4562 2489/4561 2484/4556
f 2489/4561 2488/4560 2484/4556
f 2488/4560 2487/4559 2484/4556
f 2487/4559 2485/4557 2484/4556
f 2491/4563 2492/4564 2493/4565
f 2492/4564 2494/4566 2493/4565
f 2494/4566 2495/4567 2493/4565
f 2495/4567 2496/4568 2493/4565
f 2496/4568 2497/4569 2493/4565
f 2497/4569 2491/4563 2493/4565
f 2497/4569 2496/4568 2491/4563
f 2496/4568 2495/4567 2491/4563
f 2495/4567 2494/4566 2491/4563
f 2494/4566 2492/4564 2491/4563
f 2498/4563 2499/4564 2500/4565
f 2499/4564 2501/4566 2500/4565
f 2501/4566 2502/4567 2500/4565
f 2502/4567 2503/4568 2500/4565
f 2503/4568 2504/4569 2500/4565
f 2504/4569 2498/4563 2500/4565
f 2504/4569 2503/4568 2498/4563
f 2503/4568 2502/4567 2498/4563
f 2502/4567 2501/4566 2498/4563
f 2501/4566 2499/4564 2498/4563
f 2505/4556 2506/4557 2507/4558
f 2506/4557 2508/4559 2507/4558
f 2508/4559 2509/4560 2507/4558
f 2509/4560 2510/4561 2507/4558
f 2510/4561 2511/4562 2507/4558
f 2511/4562 2505/4556 2507/4558
f 2511/4562 2510/4561 2505/4556
f 2510/4561 2509/4560 2505/4556
f 2509/4560 2508/4559 2505/4556
f 2508/4559 2506/4557 2505/4556
f 2512/4556 2513/4557 2514/4558
f 2513/4557 2515/4559 2514/4558
f 2515/4559 2516/4560 2514/4558
f 2516/4560 2517/4561 2514/4558
f 2517/4561 2518/4562 2514/4558
f 2518/4562 2512/4556 2514/4558
f 2518/4562 2517/4561 2512/4556
f 2517/4561 2516/4560 2512/4556
f 2516/4560 2515/4559 2512/4556
f 2515/4559 2513/4557 2512/4556
f 2519/4549 2520/4550 2521/4551
f 2520/4550 2522/4552 2521/4551
f 2522/4552 2523/4553 2521/4551
f 2523/4553 2524/4554 2521/4551
f 2524/4554 2525/4555 2521/4551
f 2525/4555 2519/4549 2521/4551
f 2525/4555 2524/4554 2519/4549
f 2524/4554 2523/4553 2519/4549
f 2523/4553 2522/4552 2519/4549
f 2522/4552 2520/4550 2519/4549
f 2526/4563 2527/4564 2528/4565
f 2527/4564 2529/4566 2528/4565
f 2529/4566 2530/4567 2528/4565
f 2530/4567 2531/4568 2528/4565
f 2531/4568 2532/4569 2528/4565
f 2532/4569 2526/4563 2528/4565
f 2532/4569 2531/4568 2526/4563
f 2531/4568 2530/4567 2526/4563
f 2530/4567 2529/4566 2526/4563
f 2529/4566 2527/4564 2526/4563
f 2533/4549 2534/4550 2535/4551
f 2534/4550 2536/4552 2535/4551
f 2536/4552 2537/4553 2535/4551
f 2537/4553 2538/4554 2535/4551
f 2538/4554 2539/4555 2535/4551
f 2539/4555 2533/4549 2535/4551
f 2539/4555 2538/4554 2533/4549
f 2538/4554 2537/4553 2533/4549
f 2537/4553 2536/4552 2533/4549
f 2536/4552 2534/4550 2533/4549
f 2540/4563 2541/4564 2542/4565
f 2541/4564 2543/4566 2542/4565
f 2543/4566 2544/4567 2542/4565
f 2544/4567 2545/4568 2542/4565
f 2545/4568 2546/4569 2542/4565
f 2546/4569 2540/4563 2542/4565
f 2546/4569 2545/4568 2540/4563
f 2545/4568 2544/4567 2540/4563
f 2544/4567 2543/4566 2540/4563
f 2543/4566 2541/4564 2540/4563
f 2547/4556 2548/4557 2549/4558
f 2548/4557 2550/4559 2549/4558
f 2550/4559 2551/4560 2549/4558
f 2551/4560 2552/4561 2549/4558
f 2552/4561 2553/4562 2549/4558
f 2553/4562 2547/4556 2549/4558
f 2553/4562 2552/4561 2547/4556
f 2552/4561 2551/4560 2547/4556
f 2551/4560 2550/4559 2547/4556
f 2550/4559 2548/4557 2547/4556
f 2554/4549 2555/4550 2556/4551
f 2555/4550 2557/4552 2556/4551
f 2557/4552 2558/4553 2556/4551
f 2558/4553 2559/4554 2556/4551
f 2559/4554 2560/4555 2556/4551
f 2560/4555 2554/4549 2556/4551
f 2560/4555 2559/4554 2554/4549
f 2559/4554 2558/4553 2554/4549
f 2558/4553 2557/4552 2554/4549
f 2557/4552 2555/4550 2554/4549
f 2561/4549 2562/4550 2563/4551
f 2562/4550 2564/4552 2563/4551
f 2564/4552 2565/4553 2563/4551
f 2565/4553 2566/4554 2563/4551
f 2566/4554 2567/4555 2563/4551
f 2567/4555 2561/4549 2563/4551
f 2567/4555 2566/4554 2561/4549
f 2566/4554 2565/4553 2561/4549
f 2565/4553 2564/4552 2561/4549
f 2564/4552 2562/4550 2561/4549
f 2568/4556 2569/4557 2570/4558
f 2569/4557 2571/4559 2570/4558
f 2571/4559 2572/4560 2570/4558
f 2572/4560 2573/4561 2570/4558
f 2573/4561 2574/4562 2570/4558
f 2574/4562 2568/4556 2570/4558
f 2574/4562 2573/4561 2568/4556
f 2573/4561 2572/4560 2568/4556
f 2572/4560 2571/4559 2568/4556
f 2571/4559 2569/4557 2568/4556
f 2575/4549 2576/4550 2577/4551
f 2576/4550 2578/4552 2577/4551
f 2578/4552 2579/4553 2577/4551
f 2579/4553 2580/4554 2577/4551
f 2580/4554 2581/4555 2577/4551
f 2581/4555 2575/4549 2577/4551
f 2581/4555 2580/4554 2575/4549
f 2580/4554 2579/4553 2575/4549
f 2579/4553 2578/4552 2575/4549
f 2578/4552 2576/4550 2575/4549
f 2582/4549 2583/4550 2584/4551
f 2583/4550 2585/4552 2584/4551
f 2585/4552 2586/4553 2584/4551
f 2586/4553 2587/4554 2584/4551
f 2587/4554 2588/4555 2584/4551
f 2588/4555 2582/4549 2584/4551
f 2588/4555 2587/4554 2582/4549
f 2587/4554 2586/4553 2582/4549
f 2586/4553 2585/4552 2582/4549
f 2585/4552 2583/4550 2582/4549
f 2589/4549 2590/4550 2591/4551
f 2590/4550 2592/4552 2591/4551
f 2592/4552 2593/4553 2591/4551
f 2593/4553 2594/4554 2591/4551
f 2594/4554 2595/4555 2591/4551
f 2595/4555 2589/4549 2591/4551
f 2595/4555 2594/4554 2589/4549
f 2594/4554 2593/4553 2589/4549
f 2593/4553 2592/4552 2589/4549
f 2592/4552 2590/4550 2589/4549
f 2596/4570 2597/4571 2598/4572
f 2597/4571 2599/4573 2598/4572
f 2599/4573 2600/4574 2598/4572
f 2600/4574 2601/4575 2598/4572
f 2601/4575 2602/4576 2598/4572
f 2602/4576 2596/4570 2598/4572
f 2602/4576 2601/4575 2596/4570
f 2601/4575 2600/4574 2596/4570
f 2600/4574 2599/4573 2596/4570
f 2599/4573 2597/4571 2596/4570
f 2603/4563 2604/4564 2605/4565
f 2604/4564 2606/4566 2605/4565
f 2606/4566 2607/4567 2605/4565
f 2607/4567 2608/4568 2605/4565
f 2608/4568 2609/4569 2605/4565
f 2609/4569 2603/4563 2605/4565
f 2609/4569 2608/4568 2603/4563
f 2608/4568 2607/4567 2603/4563
f 2607/4567 2606/4566 2603/4563
f 2606/4566 2604/4564 2603/4563
f 2610/4563 2611/4564 2612/4565
f 2611/4564 2613/4566 2612/4565
f 2613/4566 2614/4567 2612/4565
f 2614/4567 2615/4568 2612/4565
f 2615/4568 2616/4569 2612/4565
f 2616/4569 2610/4563 2612/4565
f 2616/4569 2615/4568 2610/4563
f 2615/4568 2614/4567 2610/4563
f 2614/4567 2613/4566 2610/4563
f 2613/4566 2611/4564 2610/4563
f 2617/4577 2618/4577 2619/4577
f 2620/4577 2619/4577 2618/4577
f 2621/4577 2617/4577 2619/4577
f 2622/4577 2621/4577 2619/4577
f 2620/4577 2622/4577 2619/4577
f 2623/4577 2620/4577 2618/4577
f 2624/4577 2618/4577 2617/4577
f 2625/4577 2617/4577 2621/4577
f 2626/4577 2621/4577 2622/4577
f 2627/4577 2622/4577 2620/4577
f 2624/4577 2623/4577 2618/4577
f 2625/4577 2624/4577 2617/4577
f 2626/4577 2625/4577 2621/4577
f 2627/4577 2626/4577 2622/4577
f 2623/4577 2627/4577 2620/4577
f 2628/4577 2623/4577 2624/4577
f 2628/4577 2624/4577 2625/4577
f 2628/4577 2625/4577 2626/4577
f 2628/4577 2626/4577 2627/4577
f 2628/4577 2627/4577 2623/4577
f 2629/4476 2630/4477 2631/4478
f 2630/4477 2632/4479 2631/4478
f 2632/4479 2633/4480 2631/4478
f 2633/4480 2634/4481 2631/4478
f 2634/4481 2635/4482 2631/4478
f 2635/4482 2629/4476 2631/4478
f 2635/4482 2634/4481 2629/4476
f 2634/4481 2633/4480 2629/4476
f 2633/4480 2632/4479 2629/4476
f 2632/4479 2630/4477 2629/4476
f 2636/4469 2637/4470 2638/4471
f 2637/4470 2639/4472 2638/4471
f 2639/4472 2640/4473 2638/4471
f 2640/4473 2641/4474 2638/4471
f 2641/4474 2642/4475 2638/4471
f 2642/4475 2636/4469 2638/4471
f 2642/4475 2641/4474 2636/4469
f 2641/4474 2640/4473 2636/4469
f 2640/4473 2639/4472 2636/4469
f 2639/4472 2637/4470 2636/4469
f 2643/4476 2644/4477 2645/4478
f 2644/4477 2646/4479 2645/4478
f 2646/4479 2647/4480 2645/4478
f 2647/4480 2648/4481 2645/4478
f 2648/4481 2649/4482 2645/4478
f 2649/4482 2643/4476 2645/4478
f 2649/4482 2648/4481 2643/4476
f 2648/4481 2647/4480 2643/4476
f 2647/4480 2646/4479 2643/4476
f 2646/4479 2644/4477 2643/4476
f 2650/4462 2651/4463 2652/4464
f 2651/4463 2653/4465 2652/4464
f 2653/4465 2654/4466 2652/4464
f 2654/4466 2655/4467 2652/4464
f 2655/4467 2656/4468 2652/4464
f 2656/4468 2650/4462 2652/4464
f 2656/4468 2655/4467 2650/4462
f 2655/4467 2654/4466 2650/4462
f 2654/4466 2653/4465 2650/4462
f 2653/4465 2651/4463 2650/4462
f 2657/4476 2658/4477 2659/4478
f 2658/4477 2660/4479 2659/4478
f 2660/4479 2661/4480 2659/4478
f 2661/4480 2662/4481 2659/4478
f 2662/4481 2663/4482 2659/4478
f 2663/4482 2657/4476 2659/4478
f 2663/4482 2662/4481 2657/4476
f 2662/4481 2661/4480 2657/4476
f 2661/4480 2660/4479 2657/4476
f 2660/4479 2658/4477 2657/4476
f 2664/4462 2665/4463 2666/4464
f 2665/4463 2667/4465 2666/4464
f 2667/4465 2668/4466 2666/4464
f 2668/4466 2669/4467 2666/4464
f 2669/4467 2670/4468 2666/4464
f 2670/4468 2664/4462 2666/4464
f 2670/4468 2669/4467 2664/4462
f 2669/4467 2668/4466 2664/4462
f 2668/4466 2667/4465 2664/4462
f 2667/4465 2665/4463 2664/4462
f 2671/4476 2672/4477 2673/4478
f 2672/4477 2674/4479 2673/4478
f 2674/4479 2675/4480 2673/4478
f 2675/4480 2676/4481 2673/4478
f 2676/4481 2677/4482 2673/4478
f 2677/4482 2671/4476 2673/4478
f 2677/4482 2676/4481 2671/4476
f 2676/4481 2675/4480 2671/4476
f 2675/4480 2674/4479 2671/4476
f 2674/4479 2672/4477 2671/4476
f 2678/4469 2679/4470 2680/4471
f 2679/4470 2681/4472 2680/4471
f 2681/4472 2682/4473 2680/4471
f 2682/4473 2683/4474 2680/4471
f 2683/4474 2684/4475 2680/4471
f 2684/4475 2678/4469 2680/4471
f 2684/4475 2683/4474 2678/4469
f 2683/4474 2682/4473 2678/4469
f 2682/4473 2681/4472 2678/4469
f 2681/4472 2679/4470 2678/4469
f 2685/4476 2686/4477 2687/4478
f 2686/4477 2688/4479 2687/4478
f 2688/4479 2689/4480 2687/4478
f 2689/4480 2690/4481 2687/4478
f 2690/4481 2691/4482 2687/4478
f 2691/4482 2685/4476 2687/4478
f 2691/4482 2690/4481 2685/4476
f 2690/4481 2689/4480 2685/4476
f 2689/4480 2688/4479 2685/4476
f 2688/4479 2686/4477 2685/4476
f 2692/4462 2693/4463 2694/4464
f 2693/4463 2695/4465 2694/4464
f 2695/4465 2696/4466 2694/4464
f 2696/4466 2697/4467 2694/4464
f 2697/4467 2698/4468 2694/4464
f 2698/4468 2692/4462 2694/4464
f 2698/4468 2697/4467 2692/4462
f 2697/4467 2696/4466 2692/4462
f 2696/4466 2695/4465 2692/4462
f 2695/4465 2693/4463 2692/4462
f 2699/4476 2700/4477 2701/4478
f 2700/4477 2702/4479 2701/4478
f 2702/4479 2703/4480 2701/4478
f 2703/4480 2704/4481 2701/4478
f 2704/4481 2705/4482 2701/4478
f 2705/4482 2699/4476 2701/4478
f 2705/4482 2704/4481 2699/4476
f 2704/4481 2703/4480 2699/4476
f 2703/4480 2702/4479 2699/4476
f 2702/4479 2700/4477 2699/4476
f 2706/4483 2707/4484 2708/4485
f 2707/4484 2709/4486 2708/4485
f 2709/4486 2710/4487 2708/4485
f 2710/4487 2711/4488 2708/4485
f 2711/4488 2712/4489 2708/4485
f 2712/4489 2706/4483 2708/4485
f 2712/4489 2711/4488 2706/4483
f 2711/4488 2710/4487 2706/4483
f 2710/4487 2709/4486 2706/4483
f 2709/4486 2707/4484 2706/4483
f 2713/4483 2714/4484 2715/4485
f 2714/4484 2716/4486 2715/4485
f 2716/4486 2717/4487 2715/4485
f 2717/4487 2718/4488 2715/4485
f 2718/4488 2719/4489 2715/4485
f 2719/4489 2713/4483 2715/4485
f 2719/4489 2718/4488 2713/4483
f 2718/4488 2717/4487 2713/4483
f 2717/4487 2716/4486 2713/4483
f 2716/4486 2714/4484 2713/4483
f 2720/4469 2721/4470 2722/4471
f 2721/4470 2723/4472 2722/4471
f 2723/4472 2724/4473 2722/4471
f 2724/4473 2725/4474 2722/4471
f 2725/4474 2726/4475 2722/4471
f 2726/4475 2720/4469 2722/4471
f 2726/4475 2725/4474 2720/4469
f 2725/4474 2724/4473 2720/4469
f 2724/4473 2723/4472 2720/4469
f 2723/4472 2721/4470 2720/4469
f 2727/4469 2728/4470 2729/4471
f 2728/4470 2730/4472 2729/4471
f 2730/4472 2731/4473 2729/4471
f 2731/4473 2732/4474 2729/4471
f 2732/4474 2733/4475 2729/4471
f 2733/4475 2727/4469 2729/4471
f 2733/4475 2732/4474 2727/4469
f 2732/4474 2731/4473 2727/4469
f 2731/4473 2730/4472 2727/4469
f 2730/4472 2728/4470 2727/4469
f 2734/4469 2735/4470 2736/4471
f 2735/4470 2737/4472 2736/4471
f 2737/4472 2738/4473 2736/4471
f 2738/4473 2739/4474 2736/4471
f 2739/4474 2740/4475 2736/4471
f 2740/4475 2734/4469 2736/4471
f 2740/4475 2739/4474 2734/4469
f 2739/4474 2738/4473 2734/4469
f 2738/4473 2737/4472 2734/4469
f 2737/4472 2735/4470 2734/4469
f 2741/4476 2742/4477 2743/4478
f 2742/4477 2744/4479 2743/4478
f 2744/4479 2745/4480 2743/4478
f 2745/4480 2746/4481 2743/4478
f 2746/4481 2747/4482 2743/4478
f 2747/4482 2741/4476 2743/4478
f 2747/4482 2746/4481 2741/4476
f 2746/4481 2745/4480 2741/4476
f 2745/4480 2744/4479 2741/4476
f 2744/4479 2742/4477 2741/4476
f 2748/4469 2749/4470 2750/4471
f 2749/4470 2751/4472 2750/4471
f 2751/4472 2752/4473 2750/4471
f 2752/4473 2753/4474 2750/4471
f 2753/4474 2754/4475 2750/4471
f 2754/4475 2748/4469 2750/4471
f 2754/4475 2753/4474 2748/4469
f 2753/4474 2752/4473 2748/4469
f 2752/4473 2751/4472 2748/4469
f 2751/4472 2749/4470 2748/4469
f 2755/4476 2756/4477 2757/4478
f 2756/4477 2758/4479 2757/4478
f 2758/4479 2759/4480 2757/4478
f 2759/4480 2760/4481 2757/4478
f 2760/4481 2761/4482 2757/4478
f 2761/4482 2755/4476 2757/4478
f 2761/4482 2760/4481 2755/4476
f 2760/4481 2759/4480 2755/4476
f 2759/4480 2758/4479 2755/4476
f 2758/4479 2756/4477 2755/4476
f 2762/4476 2763/4477 2764/4478
f 2763/4477 2765/4479 2764/4478
f 2765/4479 2766/4480 2764/4478
f 2766/4480 2767/4481 2764/4478
f 2767/4481 2768/4482 2764/4478
f 2768/4482 2762/4476 2764/4478
f 2768/4482 2767/4481 2762/4476
f 2767/4481 2766/4480 2762/4476
f 2766/4480 2765/4479 2762/4476
f 2765/4479 2763/4477 2762/4476
f 2769/4483 2770/4484 2771/4485
f 2770/4484 2772/4486 2771/4485
f 2772/4486 2773/4487 2771/4485
f 2773/4487 2774/4488 2771/4485
f 2774/4488 2775/4489 2771/4485
f 2775/4489 2769/4483 2771/4485
f 2775/4489 2774/4488 2769/4483
f 2774/4488 2773/4487 2769/4483
f 2773/4487 2772/4486 2769/4483
f 2772/4486 2770/4484 2769/4483
f 2776/4462 2777/4463 2778/4464
f 2777/4463 2779/4465 2778/4464
f 2779/4465 2780/4466 2778/4464
f 2780/4466 2781/4467 2778/4464
f 2781/4467 2782/4468 2778/4464
f 2782/4468 2776/4462 2778/4464
f 2782/4468 2781/4467 2776/4462
f 2781/4467 2780/4466 2776/4462
f 2780/4466 2779/4465 2776/4462
f 2779/4465 2777/4463 2776/4462
f 2783/4476 2784/4477 2785/4478
f 2784/4477 2786/4479 2785/4478
f 2786/4479 2787/4480 2785/4478
f 2787/4480 2788/4481 2785/4478
f 2788/4481 2789/4482 2785/4478
f 2789/4482 2783/4476 2785/4478
f 2789/4482 2788/4481 2783/4476
f 2788/4481 2787/4480 2783/4476
f 2787/4480 2786/4479 2783/4476
f 2786/4479 2784/4477 2783/4476
f 2790/4469 2791/4470 2792/4471
f 2791/4470 2793/4472 2792/4471
f 2793/4472 2794/4473 2792/4471
f 2794/4473 2795/4474 2792/4471
f 2795/4474 2796/4475 2792/4471
f 2796/4475 2790/4469 2792/4471
f 2796/4475 2795/4474 2790/4469
f 2795/4474 2794/4473 2790/4469
f 2794/4473 2793/4472 2790/4469
f 2793/4472 2791/4470 2790/4469
f 2797/4462 2798/4463 2799/4464
f 2798/4463 2800/4465 2799/4464
f 2800/4465 2801/4466 2799/4464
f 2801/4466 2802/4467 2799/4464
f 2802/4467 2803/4468 2799/4464
f 2803/4468 2797/4462 2799/4464
f 2803/4468 2802/4467 2797/4462
f 2802/4467 2801/4466 2797/4462
f 2801/4466 2800/4465 2797/4462
f 2800/4465 2798/4463 2797/4462
f 2804/4476 2805/4477 2806/4478
f 2805/4477 2807/4479 2806/4478
f 2807/4479 2808/4480 2806/4478
f 2808/4480 2809/4481 2806/4478
f 2809/4481 2810/4482 2806/4478
f 2810/4482 2804/4476 2806/4478
f 2810/4482 2809/4481 2804/4476
f 2809/4481 2808/4480 2804/4476
f 2808/4480 2807/4479 2804/4476
f 2807/4479 2805/4477 2804/4476
f 2811/4490 2812/4490 2813/4490
f 2814/4490 2813/4490 2812/4490
f 2815/4490 2811/4490 2813/4490
f 2816/4490 2815/4490 2813/4490
f 2814/4490 2816/4490 2813/4490
f 2817/4490 2814/4490 2812/4490
f 2818/4490 2812/4490 2811/4490
f 2819/4490 2811/4490 2815/4490
f 2820/4490 2815/4490 2816/4490
f 2821/4490 2816/4490 2814/4490
f 2818/4490 2817/4490 2812/4490
f 2819/4490 2818/4490 2811/4490
f 2820/4490 2819/4490 2815/4490
f 2821/4490 2820/4490 2816/4490
f 2817/4490 2821/4490 2814/4490
f 2822/4490 2817/4490 2818/4490
f 2822/4490 2818/4490 2819/4490
f 2822/4490 2819/4490 2820/4490
f 2822/4490 2820/4490 2821/4490
f 2822/4490 2821/4490 2817/4490
f 2823/4556 2824/4557 2825/4558
f 2824/4557 2826/4559 2825/4558
f 2826/4559 2827/4560 2825/4558
f 2827/4560 2828/4561 2825/4558
f 2828/4561 2829/4562 2825/4558
f 2829/4562 2823/4556 2825/4558
f 2829/4562 2828/4561 2823/4556
f 2828/4561 2827/4560 2823/4556
f 2827/4560 2826/4559 2823/4556
f 2826/4559 2824/4557 2823/4556
f 2830/4563 2831/4564 2832/4565
f 2831/4564 2833/4566 2832/4565
f 2833/4566 2834/4567 2832/4565
f 2834/4567 2835/4568 2832/4565
f 2835/4568 2836/4569 2832/4565
f 2836/4569 2830/4563 2832/4565
f 2836/4569 2835/4568 2830/4563
f 2835/4568 2834/4567 2830/4563
f 2834/4567 2833/4566 2830/4563
f 2833/4566 2831/4564 2830/4563
f 2837/4556 2838/4557 2839/4558
f 2838/4557 2840/4559 2839/4558
f 2840/4559 2841/4560 2839/4558
f 2841/4560 2842/4561 2839/4558
f 2842/4561 2843/4562 2839/4558
f 2843/4562 2837/4556 2839/4558
f 2843/4562 2842/4561 2837/4556
f 2842/4561 2841/4560 2837/4556
f 2841/4560 2840/4559 2837/4556
f 2840/4559 2838/4557 2837/4556
f 2844/4549 2845/4550 2846/4551
f 2845/4550 2847/4552 2846/4551
f 2847/4552 2848/4553 2846/4551
f 2848/4553 2849/4554 2846/4551
f 2849/4554 2850/4555 2846/4551
f 2850/4555 2844/4549 2846/4551
f 2850/4555 2849/4554 2844/4549
f 2849/4554 2848/4553 2844/4549
f 2848/4553 2847/4552 2844/4549
f 2847/4552 2845/4550 2844/4549
f 2851/4556 2852/4557 2853/4558
f 2852/4557 2854/4559 2853/4558
f 2854/4559 2855/4560 2853/4558
f 2855/4560 2856/4561 2853/4558
f 2856/4561 2857/4562 2853/4558
f 2857/4562 2851/4556 2853/4558
f 2857/4562 2856/4561 2851/4556
f 2856/4561 2855/4560 2851/4556
f 2855/4560 2854/4559 2851/4556
f 2854/4559 2852/4557 2851/4556
f 2858/4549 2859/4550 2860/4551
f 2859/4550 2861/4552 2860/4551
f 2861/4552 2862/4553 2860/4551
f 2862/4553 2863/4554 2860/4551
f 2863/4554 2864/4555 2860/4551
f 2864/4555 2858/4549 2860/4551
f 2864/4555 2863/4554 2858/4549
f 2863/4554 2862/4553 2858/4549
f 2862/4553 2861/4552 2858/4549
f 2861/4552 2859/4550 2858/4549
f 2865/4556 2866/4557 2867/4558
f 2866/4557 2868/4559 2867/4558
f 2868/4559 2869/4560 2867/4558
f 2869/4560 2870/4561 2867/4558
f 2870/4561 2871/4562 2867/4558
f 2871/4562 2865/4556 2867/4558
f 2871/4562 2870/4561 2865/4556
f 2870/4561 2869/4560 2865/4556
f 2869/4560 2868/4559 2865/4556
f 2868/4559 2866/4557 2865/4556
f 2872/4556 2873/4557 2874/4558
f 2873/4557 2875/4559 2874/4558
f 2875/4559 2876/4560 2874/4558
f 2876/4560 2877/4561 2874/4558
f 2877/4561 2878/4562 2874/4558
f 2878/4562 2872/4556 2874/4558
f 2878/4562 2877/4561 2872/4556
f 2877/4561 2876/4560 2872/4556
f 2876/4560 2875/4559 2872/4556
f 2875/4559 2873/4557 2872/4556
f 2879/4556 2880/4557 2881/4558
f 2880/4557 2882/4559 2881/4558
f 2882/4559 2883/4560 2881/4558
f 2883/4560 2884/4561 2881/4558
f 2884/4561 2885/4562 2881/4558
f 2885/4562 2879/4556 2881/4558
f 2885/4562 2884/4561 2879/4556
f 2884/4561 2883/4560 2879/4556
f 2883/4560 2882/4559 2879/4556
f 2882/4559 2880/4557 2879/4556
f 2886/4556 2887/4557 2888/4558
f 2887/4557 2889/4559 2888/4558
f 2889/4559 2890/4560 2888/4558
f 2890/4560 2891/4561 2888/4558
f 2891/4561 2892/4562 2888/4558
f 2892/4562 2886/4556 2888/4558
f 2892/4562 2891/4561 2886/4556
f 2891/4561 2890/4560 2886/4556
f 2890/4560 2889/4559 2886/4556
f 2889/4559 2887/4557 2886/4556
f 2893/4556 2894/4557 2895/4558
f 2894/4557 2896/4559 2895/4558
f 2896/4559 2897/4560 2895/4558
f 2897/4560 2898/4561 2895/4558
f 2898/4561 2899/4562 2895/4558
f 2899/4562 2893/4556 2895/4558
f 2899/4562 2898/4561 2893/4556
f 2898/4561 2897/4560 2893/4556
f 2897/4560 2896/4559 2893/4556
f 2896/4559 2894/4557 2893/4556
f 2900/4549 2901/4550 2902/4551
f 2901/4550 2903/4552 2902/4551
f 2903/4552 2904/4553 2902/4551
f 2904/4553 2905/4554 2902/4551
f 2905/4554 2906/4555 2902/4551
f 2906/4555 2900/4549 2902/4551
f 2906/4555 2905/4554 2900/4549
f 2905/4554 2904/4553 2900/4549
f 2904/4553 2903/4552 2900/4549
f 2903/4552 2901/4550 2900/4549
f 2907/4563 2908/4564 2909/4565
f 2908/4564 2910/4566 2909/4565
f 2910/4566 2911/4567 2909/4565
f 2911/4567 2912/4568 2909/4565
f 2912/4568 2913/4569 2909/4565
f 2913/4569 2907/4563 2909/4565
f 2913/4569 2912/4568 2907/4563
f 2912/4568 2911/4567 2907/4563
f 2911/4567 2910/4566 2907/4563
f 2910/4566 2908/4564 2907/4563
f 2914/4549 2915/4550 2916/4551
f 2915/4550 2917/4552 2916/4551
f 2917/4552 2918/4553 2916/4551
f 2918/4553 2919/4554 2916/4551
f 2919/4554 2920/4555 2916/4551
f 2920/4555 2914/4549 2916/4551
f 2920/4555 2919/4554 2914/4549
f 2919/4554 2918/4553 2914/4549
f 2918/4553 2917/4552 2914/4549
f 2917/4552 2915/4550 2914/4549
f 2921/4549 2922/4550 2923/4551
f 2922/4550 2924/4552 2923/4551
f 2924/4552 2925/4553 2923/4551
f 2925/4553 2926/4554 2923/4551
f 2926/4554 2927/4555 2923/4551
f 2927/4555 2921/4549 2923/4551
f 2927/4555 2926/4554 2921/4549
f 2926/4554 2925/4553 2921/4549
f 2925/4553 2924/4552 2921/4549
f 2924/4552 2922/4550 2921/4549
f 2928/4570 2929/4571 2930/4572
f 2929/4571 2931/4573 2930/4572
f 2931/4573 2932/4574 2930/4572
f 2932/4574 2933/4575 2930/4572
f 2933/4575 2934/4576 2930/4572
f 2934/4576 2928/4570 2930/4572
f 2934/4576 2933/4575 2928/4570
f 2933/4575 2932/4574 2928/4570
f 2932/4574 2931/4573 2928/4570
f 2931/4573 2929/4571 2928/4570
f 2935/4563 2936/4564 2937/4565
f 2936/4564 2938/4566 2937/4565
f 2938/4566 2939/4567 2937/4565
f 2939/4567 2940/4568 2937/4565
f 2940/4568 2941/4569 2937/4565
f 2941/4569 2935/4563 2937/4565
f 2941/4569 2940/4568 2935/4563
f 2940/4568 2939/4567 2935/4563
f 2939/4567 2938/4566 2935/4563
f 2938/4566 2936/4564 2935/4563
f 2942/4563 2943/4564 2944/4565
f 2943/4564 2945/4566 2944/4565
f 2945/4566 2946/4567 2944/4565
f 2946/4567 2947/4568 2944/4565
f 2947/4568 2948/4569 2944/4565
f 2948/4569 2942/4563 2944/4565
f 2948/4569 2947/4568 2942/4563
f 2947/4568 2946/4567 2942/4563
f 2946/4567 2945/4566 2942/4563
f 2945/4566 2943/4564 2942/4563
f 2949/4563 2950/4564 2951/4565
f 2950/4564 2952/4566 2951/4565
f 2952/4566 2953/4567 2951/4565
f 2953/4567 2954/4568 2951/4565
f 2954/4568 2955/4569 2951/4565
f 2955/4569 2949/4563 2951/4565
f 2955/4569 2954/4568 2949/4563
f 2954/4568 2953/4567 2949/4563
f 2953/4567 2952/4566 2949/4563
f 2952/4566 2950/4564 2949/4563
f 2956/4563 2957/4564 2958/4565
f 2957/4564 2959/4566 2958/4565
f 2959/4566 2960/4567 2958/4565
f 2960/4567 2961/4568 2958/4565
f 2961/4568 2962/4569 2958/4565
f 2962/4569 2956/4563 2958/4565
f 2962/4569 2961/4568 2956/4563
f 2961/4568 2960/4567 2956/4563
f 2960/4567 2959/4566 2956/4563
f 2959/4566 2957/4564 2956/4563
f 2963/4549 2964/4550 2965/4551
f 2964/4550 2966/4552 2965/4551
f 2966/4552 2967/4553 2965/4551
f 2967/4553 2968/4554 2965/4551
f 2968/4554 2969/4555 2965/4551
f 2969/4555 2963/4549 2965/4551
f 2969/4555 2968/4554 2963/4549
f 2968/4554 2967/4553 2963/4549
f 2967/4553 2966/4552 2963/4549
f 2966/4552 2964/4550 2963/4549
f 2970/4570 2971/4571 2972/4572
f 2971/4571 2973/4573 2972/4572
f 2973/4573 2974/4574 2972/4572
f 2974/4574 2975/4575 2972/4572
f 2975/4575 2976/4576 2972/4572
f 2976/4576 2970/4570 2972/4572
f 2976/4576 2975/4575 2970/4570
f 2975/4575 2974/4574 2970/4570
f 2974/4574 2973/4573 2970/4570
f 2973/4573 2971/4571 2970/4570
f 2977/4563 2978/4564 2979/4565
f 2978/4564 2980/4566 2979/4565
f 2980/4566 2981/4567 2979/4565
f 2981/4567 2982/4568 2979/4565
f 2982/4568 2983/4569 2979/4565
f 2983/4569 2977/4563 2979/4565
f 2983/4569 2982/4568 2977/4563
f 2982/4568 2981/4567 2977/4563
f 2981/4567 2980/4566 2977/4563
f 2980/4566 2978/4564 2977/4563
f 2984/4549 2985/4550 2986/4551
f 2985/4550 2987/4552 2986/4551
f 2987/4552 2988/4553 2986/4551
f 2988/4553 2989/4554 2986/4551
f 2989/4554 2990/4555 2986/4551
f 2990/4555 2984/4549 2986/4551
f 2990/4555 2989/4554 2984/4549
f 2989/4554 2988/4553 2984/4549
f 2988/4553 2987/4552 2984/4549
f 2987/4552 2985/4550 2984/4549
f 2991/4563 2992/4564 2993/4565
f 2992/4564 2994/4566 2993/4565
f 2994/4566 2995/4567 2993/4565
f 2995/4567 2996/4568 2993/4565
f 2996/4568 2997/4569 2993/4565
f 2997/4569 2991/4563 2993/4565
f 2997/4569 2996/4568 2991/4563
f 2996/4568 2995/4567 2991/4563
f 2995/4567 2994/4566 2991/4563
f 2994/4566 2992/4564 2991/4563
f 2998/4563 2999/4564 3000/4565
f 2999/4564 3001/4566 3000/4565
f 3001/4566 3002/4567 3000/4565
f 3002/4567 3003/4568 3000/4565
f 3003/4568 3004/4569 3000/4565
f 3004/4569 2998/4563 3000/4565
f 3004/4569 3003/4568 2998/4563
f 3003/4568 3002/4567 2998/4563
f 3002/4567 3001/4566 2998/4563
f 3001/4566 2999/4564 2998/4563
f 3005/4577 3006/4577 3007/4577
f 3008/4577 3007/4577 3006/4577
f 3009/4577 3005/4577 3007/4577
f 3010/4577 3009/4577 3007/4577
f 3008/4577 3010/4577 3007/4577
f 3011/4577 3008/4577 3006/4577
f 3012/4577 3006/4577 3005/4577
f 3013/4577 3005/4577 3009/4577
f 3014/4577 3009/4577 3010/4577
f 3015/4577 3010/4577 3008/4577
f 3012/4577 3011/4577 3006/4577
f 3013/4577 3012/4577 3005/4577
f 3014/4577 3013/4577 3009/4577
f 3015/4577 3014/4577 3010/4577
f 3011/4577 3015/4577 3008/4577
f 3016/4577 3011/4577 3012/4577
f 3016/4577 3012/4577 3013/4577
f 3016/4577 3013/4577 3014/4577
f 3016/4577 3014/4577 3015/4577
f 3016/4577 3015/4577 3011/4577
f 3017/4491 3018/4492 3019/4493
f 3018/4492 3020/4494 3019/4493
f 3020/4494 3021/4495 3019/4493
f 3021/4495 3022/4496 3019/4493
f 3022/4496 3023/4497 3019/4493
f 3023/4497 3017/4491 3019/4493
f 3023/4497 3022/4496 3017/4491
f 3022/4496 3021/4495 3017/4491
f 3021/4495 3020/4494 3017/4491
f 3020/4494 3018/4492 3017/4491
f 3024/4498 3025/4499 3026/4500
f 3025/4499 3027/4501 3026/4500
f 3027/4501 3028/4502 3026/4500
f 3028/4502 3029/4503 3026/4500
f 3029/4503 3030/4504 3026/4500
f 3030/4504 3024/4498 3026/4500
f 3030/4504 3029/4503 3024/4498
f 3029/4503 3028/4502 3024/4498
f 3028/4502 3027/4501 3024/4498
f 3027/4501 3025/4499 3024/4498
f 3031/4505 3032/4506 3033/4507
f 3032/4506 3034/4508 3033/4507
f 3034/4508 3035/4509 3033/4507
f 3035/4509 3036/4510 3033/4507
f 3036/4510 3037/4511 3033/4507
f 3037/4511 3031/4505 3033/4507
f 3037/4511 3036/4510 3031/4505
f 3036/4510 3035/4509 3031/4505
f 3035/4509 3034/4508 3031/4505
f 3034/4508 3032/4506 3031/4505
f 3038/4512 3039/4513 3040/4514
f 3039/4513 3041/4515 3040/4514
f 3041/4515 3042/4516 3040/4514
f 3042/4516 3043/4517 3040/4514
f 3043/4517 3044/4518 3040/4514
f 3044/4518 3038/4512 3040/4514
f 3044/4518 3043/4517 3038/4512
f 3043/4517 3042/4516 3038/4512
f 3042/4516 3041/4515 3038/4512
f 3041/4515 3039/4513 3038/4512
f 3045/4498 3046/4499 3047/4500
f 3046/4499 3048/4501 3047/4500
f 3048/4501 3049/4502 3047/4500
f 3049/4502 3050/4503 3047/4500
f 3050/4503 3051/4504 3047/4500
f 3051/4504 3045/4498 3047/4500
f 3051/4504 3050/4503 3045/4498
f 3050/4503 3049/4502 3045/4498
f 3049/4502 3048/4501 3045/4498
f 3048/4501 3046/4499 3045/4498
f 3052/4505 3053/4506 3054/4507
f 3053/4506 3055/4508 3054/4507
f 3055/4508 3056/4509 3054/4507
f 3056/4509 3057/4510 3054/4507
f 3057/4510 3058/4511 3054/4507
f 3058/4511 3052/4505 3054/4507
f 3058/4511 3057/4510 3052/4505
f 3057/4510 3056/4509 3052/4505
f 3056/4509 3055/4508 3052/4505
f 3055/4508 3053/4506 3052/4505
f 3059/4498 3060/4499 3061/4500
f 3060/4499 3062/4501 3061/4500
f 3062/4501 3063/4502 3061/4500
f 3063/4502 3064/4503 3061/4500
f 3064/4503 3065/4504 3061/4500
f 3065/4504 3059/4498 3061/4500
f 3065/4504 3064/4503 3059/4498
f 3064/4503 3063/4502 3059/4498
f 3063/4502 3062/4501 3059/4498
f 3062/4501 3060/4499 3059/4498
f 3066/4491 3067/4492 3068/4493
f 3067/4492 3069/4494 3068/4493
f 3069/4494 3070/4495 3068/4493
f 3070/4495 3071/4496 3068/4493
f 3071/4496 3072/4497 3068/4493
f 3072/4497 3066/4491 3068/4493
f 3072/4497 3071/4496 3066/4491
f 3071/4496 3070/4495 3066/4491
f 3070/4495 3069/4494 3066/4491
f 3069/4494 3067/4492 3066/4491
f 3073/4505 3074/4506 3075/4507
f 3074/4506 3076/4508 3075/4507
f 3076/4508 3077/4509 3075/4507
f 3077/4509 3078/4510 3075/4507
f 3078/4510 3079/4511 3075/4507
f 3079/4511 3073/4505 3075/4507
f 3079/4511 3078/4510 3073/4505
f 3078/4510 3077/4509 3073/4505
f 3077/4509 3076/4508 3073/4505
f 3076/4508 3074/4506 3073/4505
f 3080/4498 3081/4499 3082/4500
f 3081/4499 3083/4501 3082/4500
f 3083/4501 3084/4502 3082/4500
f 3084/4502 3085/4503 3082/4500
f 3085/4503 3086/4504 3082/4500
f 3086/4504 3080/4498 3082/4500
f 3086/4504 3085/4503 3080/4498
f 3085/4503 3084/4502 3080/4498
f 3084/4502 3083/4501 3080/4498
f 3083/4501 3081/4499 3080/4498
f 3087/4505 3088/4506 3089/4507
f 3088/4506 3090/4508 3089/4507
f 3090/4508 3091/4509 3089/4507
f 3091/4509 3092/4510 3089/4507
f 3092/4510 3093/4511 3089/4507
f 3093/4511 3087/4505 3089/4507
f 3093/4511 3092/4510 3087/4505
f 3092/4510 3091/4509 3087/4505
f 3091/4509 3090/4508 3087/4505
f 3090/4508 3088/4506 3087/4505
f 3094/4498 3095/4499 3096/4500
f 3095/4499 3097/4501 3096/4500
f 3097/4501 3098/4502 3096/4500
f 3098/4502 3099/4503 3096/4500
f 3099/4503 3100/4504 3096/4500
f 3100/4504 3094/4498 3096/4500
f 3100/4504 3099/4503 3094/4498
f 3099/4503 3098/4502 3094/4498
f 3098/4502 3097/4501 3094/4498
f 3097/4501 3095/4499 3094/4498
f 3101/4491 3102/4492 3103/4493
f 3102/4492 3104/4494 3103/4493
f 3104/4494 3105/4495 3103/4493
f 3105/4495 3106/4496 3103/4493
f 3106/4496 3107/4497 3103/4493
f 3107/4497 3101/4491 3103/4493
f 3107/4497 3106/4496 3101/4491
f 3106/4496 3105/4495 3101/4491
f 3105/4495 3104/4494 3101/4491
f 3104/4494 3102/4492 3101/4491
f 3108/4498 3109/4499 3110/4500
f 3109/4499 3111/4501 3110/4500
f 3111/4501 3112/4502 3110/4500
f 3112/4502 3113/4503 3110/4500
f 3113/4503 3114/4504 3110/4500
f 3114/4504 3108/4498 3110/4500
f 3114/4504 3113/4503 3108/4498
f 3113/4503 3112/4502 3108/4498
f 3112/4502 3111/4501 3108/4498
f 3111/4501 3109/4499 3108/4498
f 3115/4491 3116/4492 3117/4493
f 3116/4492 3118/4494 3117/4493
f 3118/4494 3119/4495 3117/4493
f 3119/4495 3120/4496 3117/4493
f 3120/4496 3121/4497 3117/4493
f 3121/4497 3115/4491 3117/4493
f 3121/4497 3120/4496 3115/4491
f 3120/4496 3119/4495 3115/4491
f 3119/4495 3118/4494 3115/4491
f 3118/4494 3116/4492 3115/4491
f 3122/4498 3123/4499 3124/4500
f 3123/4499 3125/4501 3124/4500
f 3125/4501 3126/4502 3124/4500
f 3126/4502 3127/4503 3124/4500
f 3127/4503 3128/4504 3124/4500
f 3128/4504 3122/4498 3124/4500
f 3128/4504 3127/4503 3122/4498
f 3127/4503 3126/4502 3122/4498
f 3126/4502 3125/4501 3122/4498
f 3125/4501 3123/4499 3122/4498
f 3129/4491 3130/4492 3131/4493
f 3130/4492 3132/4494 3131/4493
f 3132/4494 3133/4495 3131/4493
f 3133/4495 3134/4496 3131/4493
f 3134/4496 3135/4497 3131/4493
f 3135/4497 3129/4491 3131/4493
f 3135/4497 3134/4496 3129/4491
f 3134/4496 3133/4495 3129/4491
f 3133/4495 3132/4494 3129/4491
f 3132/4494 3130/4492 3129/4491
f 3136/4505 3137/4506 3138/4507
f 3137/4506 3139/4508 3138/4507
f 3139/4508 3140/4509 3138/4507
f 3140/4509 3141/4510 3138/4507
f 3141/4510 3142/4511 3138/4507
f 3142/4511 3136/4505 3138/4507
f 3142/4511 3141/4510 3136/4505
f 3141/4510 3140/4509 3136/4505
f 3140/4509 3139/4508 3136/4505
f 3139/4508 3137/4506 3136/4505
f 3143/4491 3144/4492 3145/4493
f 3144/4492 3146/4494 3145/4493
f 3146/4494 3147/4495 3145/4493
f 3147/4495 3148/4496 3145/4493
f 3148/4496 3149/4497 3145/4493
f 3149/4497 3143/4491 3145/4493
f 3149/4497 3148/4496 3143/4491
f 3148/4496 3147/4495 3143/4491
f 3147/4495 3146/4494 3143/4491
f 3146/4494 3144/4492 3143/4491
f 3150/4498 3151/4499 3152/4500
f 3151/4499 3153/4501 3152/4500
f 3153/4501 3154/4502 3152/4500
f 3154/4502 3155/4503 3152/4500
f 3155/4503 3156/4504 3152/4500
f 3156/4504 3150/4498 3152/4500
f 3156/4504 3155/4503 3150/4498
f 3155/4503 3154/4502 3150/4498
f 3154/4502 3153/4501 3150/4498
f 3153/4501 3151/4499 3150/4498
f 3157/4498 3158/4499 3159/4500
f 3158/4499 3160/4501 3159/4500
f 3160/4501 3161/4502 3159/4500
f 3161/4502 3162/4503 3159/4500
f 3162/4503 3163/4504 3159/4500
f 3163/4504 3157/4498 3159/4500
f 3163/4504 3162/4503 3157/4498
f 3162/4503 3161/4502 3157/4498
f 3161/4502 3160/4501 3157/4498
f 3160/4501 3158/4499 3157/4498
f 3164/4491 3165/4492 3166/4493
f 3165/4492 3167/4494 3166/4493
f 3167/4494 3168/4495 3166/4493
f 3168/4495 3169/4496 3166/4493
f 3169/4496 3170/4497 3166/4493
f 3170/4497 3164/4491 3166/4493
f 3170/4497 3169/4496 3164/4491
f 3169/4496 3168/4495 3164/4491
f 3168/4495 3167/4494 3164/4491
f 3167/4494 3165/4492 3164/4491
f 3171/4505 3172/4506 3173/4507
f 3172/4506 3174/4508 3173/4507
f 3174/4508 3175/4509 3173/4507
f 3175/4509 3176/4510 3173/4507
f 3176/4510 3177/4511 3173/4507
f 3177/4511 3171/4505 3173/4507
f 3177/4511 3176/4510 3171/4505
f 3176/4510 3175/4509 3171/4505
f 3175/4509 3174/4508 3171/4505
f 3174/4508 3172/4506 3171/4505
f 3178/4498 3179/4499 3180/4500
f 3179/4499 3181/4501 3180/4500
f 3181/4501 3182/4502 3180/4500
f 3182/4502 3183/4503 3180/4500
f 3183/4503 3184/4504 3180/4500
f 3184/4504 3178/4498 3180/4500
f 3184/4504 3183/4503 3178/4498
f 3183/4503 3182/4502 3178/4498
f 3182/4502 3181/4501 3178/4498
f 3181/4501 3179/4499 3178/4498
f 3185/4512 3186/4513 3187/4514
f 3186/4513 3188/4515 3187/4514
f 3188/4515 3189/4516 3187/4514
f 3189/4516 3190/4517 3187/4514
f 3190/4517 3191/4518 3187/4514
f 3191/4518 3185/4512 3187/4514
f 3191/4518 3190/4517 3185/4512
f 3190/4517 3189/4516 3185/4512
f 3189/4516 3188/4515 3185/4512
f 3188/4515 3186/4513 3185/4512
f 3192/4498 3193/4499 3194/4500
f 3193/4499 3195/4501 3194/4500
f 3195/4501 3196/4502 3194/4500
f 3196/4502 3197/4503 3194/4500
f 3197/4503 3198/4504 3194/4500
f 3198/4504 3192/4498 3194/4500
f 3198/4504 3197/4503 3192/4498
f 3197/4503 3196/4502 3192/4498
f 3196/4502 3195/4501 3192/4498
f 3195/4501 3193/4499 3192/4498
f 3199/4519 3200/4519 3201/4519
f 3202/4519 3201/4519 3200/4519
f 3203/4519 3199/4519 3201/4519
f 3204/4519 3203/4519 3201/4519
f 3202/4519 3204/4519 3201/4519
f 3205/4519 3202/4519 3200/4519
f 3206/4519 3200/4519 3199/4519
f 3207/4519 3199/4519 3203/4519
f 3208/4519 3203/4519 3204/4519
f 3209/4519 3204/4519 3202/4519
f 3206/4519 3205/4519 3200/4519
f 3207/4519 3206/4519 3199/4519
f 3208/4519 3207/4519 3203/4519
f 3209/4519 3208/4519 3204/4519
f 3205/4519 3209/4519 3202/4519
f 3210/4519 3205/4519 3206/4519
f 3210/4519 3206/4519 3207/4519
f 3210/4519 3207/4519 3208/4519
f 3210/4519 3208/4519 3209/4519
f 3210/4519 3209/4519 3205/4519
f 3211/4520 3212/4521 3213/4522
f 3212/4521 3214/4523 3213/4522
f 3214/4523 3215/4524 3213/4522
f 3215/4524 3216/4525 3213/4522
f 3216/4525 3217/4526 3213/4522
f 3217/4526 3211/4520 3213/4522
f 3217/4526 3216/4525 3211/4520
f 3216/4525 3215/4524 3211/4520
f 3215/4524 3214/4523 3211/4520
f 3214/4523 3212/4521 3211/4520
f 3218/4520 3219/4521 3220/4522
f 3219/4521 3221/4523 3220/4522
f 3221/4523 3222/4524 3220/4522
f 3222/4524 3223/4525 3220/4522
f 3223/4525 3224/4526 3220/4522
f 3224/4526 3218/4520 3220/4522
f 3224/4526 3223/4525 3218/4520
f 3223/4525 3222/4524 3218/4520
f 3222/4524 3221/4523 3218/4520
f 3221/4523 3219/4521 3218/4520
f 3225/4520 3226/4521 3227/4522
f 3226/4521 3228/4523 3227/4522
f 3228/4523 3229/4524 3227/4522
f 3229/4524 3230/4525 3227/4522
f 3230/4525 3231/4526 3227/4522
f 3231/4526 3225/4520 3227/4522
f 3231/4526 3230/4525 3225/4520
f 3230/4525 3229/4524 3225/4520
f 3229/4524 3228/4523 3225/4520
f 3228/4523 3226/4521 3225/4520
f 3232/4527 3233/4528 3234/4529
f 3233/4528 3235/4530 3234/4529
f 3235/4530 3236/4531 3234/4529
f 3236/4531 3237/4532 3234/4529
f 3237/4532 3238/4533 3234/4529
f 3238/4533 3232/4527 3234/4529
f 3238/4533 3237/4532 3232/4527
f 3237/4532 3236/4531 3232/4527
f 3236/4531 3235/4530 3232/4527
f 3235/4530 3233/4528 3232/4527
f 3239/4520 3240/4521 3241/4522
f 3240/4521 3242/4523 3241/4522
f 3242/4523 3243/4524 3241/4522
f 3243/4524 3244/4525 3241/4522
f 3244/4525 3245/4526 3241/4522
f 3245/4526 3239/4520 3241/4522
f 3245/4526 3244/4525 3239/4520
f 3244/4525 3243/4524 3239/4520
f 3243/4524 3242/4523 3239/4520
f 3242/4523 3240/4521 3239/4520
f 3246/4527 3247/4528 3248/4529
f 3247/4528 3249/4530 3248/4529
f 3249/4530 3250/4531 3248/4529
f 3250/4531 3251/4532 3248/4529
f 3251/4532 3252/4533 3248/4529
f 3252/4533 3246/4527 3248/4529
f 3252/4533 3251/4532 3246/4527
f 3251/4532 3250/4531 3246/4527
f 3250/4531 3249/4530 3246/4527
f 3249/4530 3247/4528 3246/4527
f 3253/4520 3254/4521 3255/4522
f 3254/4521 3256/4523 3255/4522
f 3256/4523 3257/4524 3255/4522
f 3257/4524 3258/4525 3255/4522
f 3258/4525 3259/4526 3255/4522
f 3259/4526 3253/4520 3255/4522
f 3259/4526 3258/4525 3253/4520
f 3258/4525 3257/4524 3253/4520
f 3257/4524 3256/4523 3253/4520
f 3256/4523 3254/4521 3253/4520
f 3260/4527 3261/4528 3262/4529
f 3261/4528 3263/4530 3262/4529
f 3263/4530 3264/4531 3262/4529
f 3264/4531 3265/4532 3262/4529
f 3265/4532 3266/4533 3262/4529
f 3266/4533 3260/4527 3262/4529
f 3266/4533 3265/4532 3260/4527
f 3265/4532 3264/4531 3260/4527
f 3264/4531 3263/4530 3260/4527
f 3263/4530 3261/4528 3260/4527
f 3267/4520 3268/4521 3269/4522
f 3268/4521 3270/4523 3269/4522
f 3270/4523 3271/4524 3269/4522
f 3271/4524 3272/4525 3269/4522
f 3272/4525 3273/4526 3269/4522
f 3273/4526 3267/4520 3269/4522
f 3273/4526 3272/4525 3267/4520
f 3272/4525 3271/4524 3267/4520
f 3271/4524 3270/4523 3267/4520
f 3270/4523 3268/4521 3267/4520
f 3274/4534 3275/4535 3276/4536
f 3275/4535 3277/4537 3276/4536
f 3277/4537 3278/4538 3276/4536
f 3278/4538 3279/4539 3276/4536
f 3279/4539 3280/4540 3276/4536
f 3280/4540 3274/4534 3276/4536
f 3280/4540 3279/4539 3274/4534
f 3279/4539 3278/4538 3274/4534
f 3278/4538 3277/4537 3274/4534
f 3277/4537 3275/4535 3274/4534
f 3281/4541 3282/4542 3283/4543
f 3282/4542 3284/4544 3283/4543
f 3284/4544 3285/4545 3283/4543
f 3285/4545 3286/4546 3283/4543
f 3286/4546 3287/4547 3283/4543
f 3287/4547 3281/4541 3283/4543
f 3287/4547 3286/4546 3281/4541
f 3286/4546 3285/4545 3281/4541
f 3285/4545 3284/4544 3281/4541
f 3284/4544 3282/4542 3281/4541
f 3288/4520 3289/4521 3290/4522
f 3289/4521 3291/4523 3290/4522
f 3291/4523 3292/4524 3290/4522
f 3292/4524 3293/4525 3290/4522
f 3293/4525 3294/4526 3290/4522
f 3294/4526 3288/4520 3290/4522
f 3294/4526 3293/4525 3288/4520
f 3293/4525 3292/4524 3288/4520
f 3292/4524 3291/4523 3288/4520
f 3291/4523 3289/4521 3288/4520
f 3295/4527 3296/4528 3297/4529
f 3296/4528 3298/4530 3297/4529
f 3298/4530 3299/4531 3297/4529
f 3299/4531 3300/4532 3297/4529
f 3300/4532 3301/4533 3297/4529
f 3301/4533 3295/4527 3297/4529
f 3301/4533 3300/4532 3295/4527
f 3300/4532 3299/4531 3295/4527
f 3299/4531 3298/4530 3295/4527
f 3298/4530 3296/4528 3295/4527
f 3302/4520 3303/4521 3304/4522
f 3303/4521 3305/4523 3304/4522
f 3305/4523 3306/4524 3304/4522
f 3306/4524 3307/4525 3304/4522
f 3307/4525 3308/4526 3304/4522
f 3308/4526 3302/4520 3304/4522
f 3308/4526 3307/4525 3302/4520
f 3307/4525 3306/4524 3302/4520
f 3306/4524 3305/4523 3302/4520
f 3305/4523 3303/4521 3302/4520
f 3309/4520 3310/4521 3311/4522
f 3310/4521 3312/4523 3311/4522
f 3312/4523 3313/4524 3311/4522
f 3313/4524 3314/4525 3311/4522
f 3314/4525 3315/4526 3311/4522
f 3315/4526 3309/4520 3311/4522
f 3315/4526 3314/4525 3309/4520
f 3314/4525 3313/4524 3309/4520
f 3313/4524 3312/4523 3309/4520
f 3312/4523 3310/4521 3309/4520
f 3316/4527 3317/4528 3318/4529
f 3317/4528 3319/4530 3318/4529
f 3319/4530 3320/4531 3318/4529
f 3320/4531 3321/4532 3318/4529
f 3321/4532 3322/4533 3318/4529
f 3322/4533 3316/4527 3318/4529
f 3322/4533 3321/4532 3316/4527
f 3321/4532 3320/4531 3316/4527
f 3320/4531 3319/4530 3316/4527
f 3319/4530 3317/4528 3316/4527
f 3323/4534 3324/4535 3325/4536
f 3324/4535 3326/4537 3325/4536
f 3326/4537 3327/4538 3325/4536
f 3327/4538 3328/4539 3325/4536
f 3328/4539 3329/4540 3325/4536
f 3329/4540 3323/4534 3325/4536
f 3329/4540 3328/4539 3323/4534
f 3328/4539 3327/4538 3323/4534
f 3327/4538 3326/4537 3323/4534
f 3326/4537 3324/4535 3323/4534
f 3330/4534 3331/4535 3332/4536
f 3331/4535 3333/4537 3332/4536
f 3333/4537 3334/4538 3332/4536
f 3334/4538 3335/4539 3332/4536
f 3335/4539 3336/4540 3332/4536
f 3336/4540 3330/4534 3332/4536
f 3336/4540 3335/4539 3330/4534
f 3335/4539 3334/4538 3330/4534
f 3334/4538 3333/4537 3330/4534
f 3333/4537 3331/4535 3330/4534
f 3337/4527 3338/4528 3339/4529
f 3338/4528 3340/4530 3339/4529
f 3340/4530 3341/4531 3339/4529
f 3341/4531 3342/4532 3339/4529
f 3342/4532 3343/4533 3339/4529
f 3343/4533 3337/4527 3339/4529
f 3343/4533 3342/4532 3337/4527
f 3342/4532 3341/4531 3337/4527
f 3341/4531 3340/4530 3337/4527
f 3340/4530 3338/4528 3337/4527
f 3344/4527 3345/4528 3346/4529
f 3345/4528 3347/4530 3346/4529
f 3347/4530 3348/4531 3346/4529
f 3348/4531 3349/4532 3346/4529
f 3349/4532 3350/4533 3346/4529
f 3350/4533 3344/4527 3346/4529
f 3350/4533 3349/4532 3344/4527
f 3349/4532 3348/4531 3344/4527
f 3348/4531 3347/4530 3344/4527
f 3347/4530 3345/4528 3344/4527
f 3351/4527 3352/4528 3353/4529
f 3352/4528 3354/4530 3353/4529
f 3354/4530 3355/4531 3353/4529
f 3355/4531 3356/4532 3353/4529
f 3356/4532 3357/4533 3353/4529
f 3357/4533 3351/4527 3353/4529
f 3357/4533 3356/4532 3351/4527
f 3356/4532 3355/4531 3351/4527
f 3355/4531 3354/4530 3351/4527
f 3354/4530 3352/4528 3351/4527
f 3358/4541 3359/4542 3360/4543
f 3359/4542 3361/4544 3360/4543
f 3361/4544 3362/4545 3360/4543
f 3362/4545 3363/4546 3360/4543
f 3363/4546 3364/4547 3360/4543
f 3364/4547 3358/4541 3360/4543
f 3364/4547 3363/4546 3358/4541
f 3363/4546 3362/4545 3358/4541
f 3362/4545 3361/4544 3358/4541
f 3361/4544 3359/4542 3358/4541
f 3365/4541 3366/4542 3367/4543
f 3366/4542 3368/4544 3367/4543
f 3368/4544 3369/4545 3367/4543
f 3369/4545 3370/4546 3367/4543
f 3370/4546 3371/4547 3367/4543
f 3371/4547 3365/4541 3367/4543
f 3371/4547 3370/4546 3365/4541
f 3370/4546 3369/4545 3365/4541
f 3369/4545 3368/4544 3365/4541
f 3368/4544 3366/4542 3365/4541
f 3372/4534 3373/4535 3374/4536
f 3373/4535 3375/4537 3374/4536
f 3375/4537 3376/4538 3374/4536
f 3376/4538 3377/4539 3374/4536
f 3377/4539 3378/4540 3374/4536
f 3378/4540 3372/4534 3374/4536
f 3378/4540 3377/4539 3372/4534
f 3377/4539 3376/4538 3372/4534
f 3376/4538 3375/4537 3372/4534
f 3375/4537 3373/4535 3372/4534
f 3379/4541 3380/4542 3381/4543
f 3380/4542 3382/4544 3381/4543
f 3382/4544 3383/4545 3381/4543
f 3383/4545 3384/4546 3381/4543
f 3384/4546 3385/4547 3381/4543
f 3385/4547 3379/4541 3381/4543
f 3385/4547 3384/4546 3379/4541
f 3384/4546 3383/4545 3379/4541
f 3383/4545 3382/4544 3379/4541
f 3382/4544 3380/4542 3379/4541
f 3386/4520 3387/4521 3388/4522
f 3387/4521 3389/4523 3388/4522
f 3389/4523 3390/4524 3388/4522
f 3390/4524 3391/4525 3388/4522
f 3391/4525 3392/4526 3388/4522
f 3392/4526 3386/4520 3388/4522
f 3392/4526 3391/4525 3386/4520
f 3391/4525 3390/4524 3386/4520
f 3390/4524 3389/4523 3386/4520
f 3389/4523 3387/4521 3386/4520
f 3393/4548 3394/4548 3395/4548
f 3396/4548 3395/4548 3394/4548
f 3397/4548 3393/4548 3395/4548
f 3398/4548 3397/4548 3395/4548
f 3396/4548 3398/4548 3395/4548
f 3399/4548 3396/4548 3394/4548
f 3400/4548 3394/4548 3393/4548
f 3401/4548 3393/4548 3397/4548
f 3402/4548 3397/4548 3398/4548
f 3403/4548 3398/4548 3396/4548
f 3400/4548 3399/4548 3394/4548
f 3401/4548 3400/4548 3393/4548
f 3402/4548 3401/4548 3397/4548
f 3403/4548 3402/4548 3398/4548
f 3399/4548 3403/4548 3396/4548
f 3404/4548 3399/4548 3400/4548
f 3404/4548 3400/4548 3401/4548
f 3404/4548 3401/4548 3402/4548
f 3404/4548 3402/4548 3403/4548
f 3404/4548 3403/4548 3399/4548
f 3405/4476 3406/4477 3407/4478
f 3406/4477 3408/4479 3407/4478
f 3408/4479 3409/4480 3407/4478
f 3409/4480 3410/4481 3407/4478
f 3410/4481 3411/4482 3407/4478
f 3411/4482 3405/4476 3407/4478
f 3411/4482 3410/4481 3405/4476
f 3410/4481 3409/4480 3405/4476
f 3409/4480 3408/4479 3405/4476
f 3408/4479 3406/4477 3405/4476
f 3412/4483 3413/4484 3414/4485
f 3413/4484 3415/4486 3414/4485
f 3415/4486 3416/4487 3414/4485
f 3416/4487 3417/4488 3414/4485
f 3417/4488 3418/4489 3414/4485
f 3418/4489 3412/4483 3414/4485
f 3418/4489 3417/4488 3412/4483
f 3417/4488 3416/4487 3412/4483
f 3416/4487 3415/4486 3412/4483
f 3415/4486 3413/4484 3412/4483
f 3419/4469 3420/4470 3421/4471
f 3420/4470 3422/4472 3421/4471
f 3422/4472 3423/4473 3421/4471
f 3423/4473 3424/4474 3421/4471
f 3424/4474 3425/4475 3421/4471
f 3425/4475 3419/4469 3421/4471
f 3425/4475 3424/4474 3419/4469
f 3424/4474 3423/4473 3419/4469
f 3423/4473 3422/4472 3419/4469
f 3422/4472 3420/4470 3419/4469
f 3426/4476 3427/4477 3428/4478
f 3427/4477 3429/4479 3428/4478
f 3429/4479 3430/4480 3428/4478
f 3430/4480 3431/4481 3428/4478
f 3431/4481 3432/4482 3428/4478
f 3432/4482 3426/4476 3428/4478
f 3432/4482 3431/4481 3426/4476
f 3431/4481 3430/4480 3426/4476
f 3430/4480 3429/4479 3426/4476
f 3429/4479 3427/4477 3426/4476
f 3433/4476 3434/4477 3435/4478
f 3434/4477 3436/4479 3435/4478
f 3436/4479 3437/4480 3435/4478
f 3437/4480 3438/4481 3435/4478
f 3438/4481 3439/4482 3435/4478
f 3439/4482 3433/4476 3435/4478
f 3439/4482 3438/4481 3433/4476
f 3438/4481 3437/4480 3433/4476
f 3437/4480 3436/4479 3433/4476
f 3436/4479 3434/4477 3433/4476
f 3440/4476 3441/4477 3442/4478
f 3441/4477 3443/4479 3442/4478
f 3443/4479 3444/4480 3442/4478
f 3444/4480 3445/4481 3442/4478
f 3445/4481 3446/4482 3442/4478
f 3446/4482 3440/4476 3442/4478
f 3446/4482 3445/4481 3440/4476
f 3445/4481 3444/4480 3440/4476
f 3444/4480 3443/4479 3440/4476
f 3443/4479 3441/4477 3440/4476
f 3447/4462 3448/4463 3449/4464
f 3448/4463 3450/4465 3449/4464
f 3450/4465 3451/4466 3449/4464
f 3451/4466 3452/4467 3449/4464
f 3452/4467 3453/4468 3449/4464
f 3453/4468 3447/4462 3449/4464
f 3453/4468 3452/4467 3447/4462
f 3452/4467 3451/4466 3447/4462
f 3451/4466 3450/4465 3447/4462
f 3450/4465 3448/4463 3447/4462
f 3454/4462 3455/4463 3456/4464
f 3455/4463 3457/4465 3456/4464
f 3457/4465 3458/4466 3456/4464
f 3458/4466 3459/4467 3456/4464
f 3459/4467 3460/4468 3456/4464
f 3460/4468 3454/4462 3456/4464
f 3460/4468 3459/4467 3454/4462
f 3459/4467 3458/4466 3454/4462
f 3458/4466 3457/4465 3454/4462
f 3457/4465 3455/4463 3454/4462
f 3461/4483 3462/4484 3463/4485
f 3462/4484 3464/4486 3463/4485
f 3464/4486 3465/4487 3463/4485
f 3465/4487 3466/4488 3463/4485
f 3466/4488 3467/4489 3463/4485
f 3467/4489 3461/4483 3463/4485
f 3467/4489 3466/4488 3461/4483
f 3466/4488 3465/4487 3461/4483
f 3465/4487 3464/4486 3461/4483
f 3464/4486 3462/4484 3461/4483
f 3468/4483 3469/4484 3470/4485
f 3469/4484 3471/4486 3470/4485
f 3471/4486 3472/4487 3470/4485
f 3472/4487 3473/4488 3470/4485
f 3473/4488 3474/4489 3470/4485
f 3474/4489 3468/4483 3470/4485
f 3474/4489 3473/4488 3468/4483
f 3473/4488 3472/4487 3468/4483
f 3472/4487 3471/4486 3468/4483
f 3471/4486 3469/4484 3468/4483
f 3475/4476 3476/4477 3477/4478
f 3476/4477 3478/4479 3477/4478
f 3478/4479 3479/4480 3477/4478
f 3479/4480 3480/4481 3477/4478
f 3480/4481 3481/4482 3477/4478
f 3481/4482 3475/4476 3477/4478
f 3481/4482 3480/4481 3475/4476
f 3480/4481 3479/4480 3475/4476
f 3479/4480 3478/4479 3475/4476
f 3478/4479 3476/4477 3475/4476
f 3482/4469 3483/4470 3484/4471
f 3483/4470 3485/4472 3484/4471
f 3485/4472 3486/4473 3484/4471
f 3486/4473 3487/4474 3484/4471
f 3487/4474 3488/4475 3484/4471
f 3488/4475 3482/4469 3484/4471
f 3488/4475 3487/4474 3482/4469
f 3487/4474 3486/4473 3482/4469
f 3486/4473 3485/4472 3482/4469
f 3485/4472 3483/4470 3482/4469
f 3489/4469 3490/4470 3491/4471
f 3490/4470 3492/4472 3491/4471
f 3492/4472 3493/4473 3491/4471
f 3493/4473 3494/4474 3491/4471
f 3494/4474 3495/4475 3491/4471
f 3495/4475 3489/4469 3491/4471
f 3495/4475 3494/4474 3489/4469
f 3494/4474 3493/4473 3489/4469
f 3493/4473 3492/4472 3489/4469
f 3492/4472 3490/4470 3489/4469
f 3496/4476 3497/4477 3498/4478
f 3497/4477 3499/4479 3498/4478
f 3499/4479 3500/4480 3498/4478
f 3500/4480 3501/4481 3498/4478
f 3501/4481 3502/4482 3498/4478
f 3502/4482 3496/4476 3498/4478
f 3502/4482 3501/4481 3496/4476
f 3501/4481 3500/4480 3496/4476
f 3500/4480 3499/4479 3496/4476
f 3499/4479 3497/4477 3496/4476
f 3503/4476 3504/4477 3505/4478
f 3504/4477 3506/4479 3505/4478
f 3506/4479 3507/4480 3505/4478
f 3507/4480 3508/4481 3505/4478
f 3508/4481 3509/4482 3505/4478
f 3509/4482 3503/4476 3505/4478
f 3509/4482 3508/4481 3503/4476
f 3508/4481 3507/4480 3503/4476
f 3507/4480 3506/4479 3503/4476
f 3506/4479 3504/4477 3503/4476
f 3510/4476 3511/4477 3512/4478
f 3511/4477 3513/4479 3512/4478
f 3513/4479 3514/4480 3512/4478
f 3514/4480 3515/4481 3512/4478
f 3515/4481 3516/4482 3512/4478
f 3516/4482 3510/4476 3512/4478
f 3516/4482 3515/4481 3510/4476
f 3515/4481 3514/4480 3510/4476
f 3514/4480 3513/4479 3510/4476
f 3513/4479 3511/4477 3510/4476
f 3517/4483 3518/4484 3519/4485
f 3518/4484 3520/4486 3519/4485
f 3520/4486 3521/4487 3519/4485
f 3521/4487 3522/4488 3519/4485
f 3522/4488 3523/4489 3519/4485
f 3523/4489 3517/4483 3519/4485
f 3523/4489 3522/4488 3517/4483
f 3522/4488 3521/4487 3517/4483
f 3521/4487 3520/4486 3517/4483
f 3520/4486 3518/4484 3517/4483
f 3524/4462 3525/4463 3526/4464
f 3525/4463 3527/4465 3526/4464
f 3527/4465 3528/4466 3526/4464
f 3528/4466 3529/4467 3526/4464
f 3529/4467 3530/4468 3526/4464
f 3530/4468 3524/4462 3526/4464
f 3530/4468 3529/4467 3524/4462
f 3529/4467 3528/4466 3524/4462
f 3528/4466 3527/4465 3524/4462
f 3527/4465 3525/4463 3524/4462
f 3531/4462 3532/4463 3533/4464
f 3532/4463 3534/4465 3533/4464
f 3534/4465 3535/4466 3533/4464
f 3535/4466 3536/4467 3533/4464
f 3536/4467 3537/4468 3533/4464
f 3537/4468 3531/4462 3533/4464
f 3537/4468 3536/4467 3531/4462
f 3536/4467 3535/4466 3531/4462
f 3535/4466 3534/4465 3531/4462
f 3534/4465 3532/4463 3531/4462
f 3538/4476 3539/4477 3540/4478
f 3539/4477 3541/4479 3540/4478
f 3541/4479 3542/4480 3540/4478
f 3542/4480 3543/4481 3540/4478
f 3543/4481 3544/4482 3540/4478
f 3544/4482 3538/4476 3540/4478
f 3544/4482 3543/4481 3538/4476
f 3543/4481 3542/4480 3538/4476
f 3542/4480 3541/4479 3538/4476
f 3541/4479 3539/4477 3538/4476
f 3545/4476 3546/4477 3547/4478
f 3546/4477 3548/4479 3547/4478
f 3548/4479 3549/4480 3547/4478
f 3549/4480 3550/4481 3547/4478
f 3550/4481 3551/4482 3547/4478
f 3551/4482 3545/4476 3547/4478
f 3551/4482 3550/4481 3545/4476
f 3550/4481 3549/4480 3545/4476
f 3549/4480 3548/4479 3545/4476
f 3548/4479 3546/4477 3545/4476
f 3552/4476 3553/4477 3554/4478
f 3553/4477 3555/4479 3554/4478
f 3555/4479 3556/4480 3554/4478
f 3556/4480 3557/4481 3554/4478
f 3557/4481 3558/4482 3554/4478
f 3558/4482 3552/4476 3554/4478
f 3558/4482 3557/4481 3552/4476
f 3557/4481 3556/4480 3552/4476
f 3556/4480 3555/4479 3552/4476
f 3555/4479 3553/4477 3552/4476
f 3559/4462 3560/4463 3561/4464
f 3560/4463 3562/4465 3561/4464
f 3562/4465 3563/4466 3561/4464
f 3563/4466 3564/4467 3561/4464
f 3564/4467 3565/4468 3561/4464
f 3565/4468 3559/4462 3561/4464
f 3565/4468 3564/4467 3559/4462
f 3564/4467 3563/4466 3559/4462
f 3563/4466 3562/4465 3559/4462
f 3562/4465 3560/4463 3559/4462
f 3566/4462 3567/4463 3568/4464
f 3567/4463 3569/4465 3568/4464
f 3569/4465 3570/4466 3568/4464
f 3570/4466 3571/4467 3568/4464
f 3571/4467 3572/4468 3568/4464
f 3572/4468 3566/4462 3568/4464
f 3572/4468 3571/4467 3566/4462
f 3571/4467 3570/4466 3566/4462
f 3570/4466 3569/4465 3566/4462
f 3569/4465 3567/4463 3566/4462
f 3573/4469 3574/4470 3575/4471
f 3574/4470 3576/4472 3575/4471
f 3576/4472 3577/4473 3575/4471
f 3577/4473 3578/4474 3575/4471
f 3578/4474 3579/4475 3575/4471
f 3579/4475 3573/4469 3575/4471
f 3579/4475 3578/4474 3573/4469
f 3578/4474 3577/4473 3573/4469
f 3577/4473 3576/4472 3573/4469
f 3576/4472 3574/4470 3573/4469
f 3580/4469 3581/4470 3582/4471
f 3581/4470 3583/4472 3582/4471
f 3583/4472 3584/4473 3582/4471
f 3584/4473 3585/4474 3582/4471
f 3585/4474 3586/4475 3582/4471
f 3586/4475 3580/4469 3582/4471
f 3586/4475 3585/4474 3580/4469
f 3585/4474 3584/4473 3580/4469
f 3584/4473 3583/4472 3580/4469
f 3583/4472 3581/4470 3580/4469
f 3587/4490 3588/4490 3589/4490
f 3590/4490 3589/4490 3588/4490
f 3591/4490 3587/4490 3589/4490
f 3592/4490 3591/4490 3589/4490
f 3590/4490 3592/4490 3589/4490
f 3593/4490 3590/4490 3588/4490
f 3594/4490 3588/4490 3587/4490
f 3595/4490 3587/4490 3591/4490
f 3596/4490 3591/4490 3592/4490
f 3597/4490 3592/4490 3590/4490
f 3594/4490 3593/4490 3588/4490
f 3595/4490 3594/4490 3587/4490
f 3596/4490 3595/4490 3591/4490
f 3597/4490 3596/4490 3592/4490
f 3593/4490 3597/4490 3590/4490
f 3598/4490 3593/4490 3594/4490
f 3598/4490 3594/4490 3595/4490
f 3598/4490 3595/4490 3596/4490
f 3598/4490 3596/4490 3597/4490
f 3598/4490 3597/4490 3593/4490
f 3599/4520 3600/4521 3601/4522
f 3600/4521 3602/4523 3601/4522
f 3602/4523 3603/4524 3601/4522
f 3603/4524 3604/4525 3601/4522
f 3604/4525 3605/4526 3601/4522
f 3605/4526 3599/4520 3601/4522
f 3605/4526 3604/4525 3599/4520
f 3604/4525 3603/4524 3599/4520
f 3603/4524 3602/4523 3599/4520
f 3602/4523 3600/4521 3599/4520
f 3606/4534 3607/4535 3608/4536
f 3607/4535 3609/4537 3608/4536
f 3609/4537 3610/4538 3608/4536
f 3610/4538 3611/4539 3608/4536
f 3611/4539 3612/4540 3608/4536
f 3612/4540 3606/4534 3608/4536
f 3612/4540 3611/4539 3606/4534
f 3611/4539 3610/4538 3606/4534
f 3610/4538 3609/4537 3606/4534
f 3609/4537 3607/4535 3606/4534
f 3613/4520 3614/4521 3615/4522
f 3614/4521 3616/4523 3615/4522
f 3616/4523 3617/4524 3615/4522
f 3617/4524 3618/4525 3615/4522
f 3618/4525 3619/4526 3615/4522
f 3619/4526 3613/4520 3615/4522
f 3619/4526 3618/4525 3613/4520
f 3618/4525 3617/4524 3613/4520
f 3617/4524 3616/4523 3613/4520
f 3616/4523 3614/4521 3613/4520
f 3620/4534 3621/4535 3622/4536
f 3621/4535 3623/4537 3622/4536
f 3623/4537 3624/4538 3622/4536
f 3624/4538 3625/4539 3622/4536
f 3625/4539 3626/4540 3622/4536
f 3626/4540 3620/4534 3622/4536
f 3626/4540 3625/4539 3620/4534
f 3625/4539 3624/4538 3620/4534
f 3624/4538 3623/4537 3620/4534
f 3623/4537 3621/4535 3620/4534
f 3627/4541 3628/4542 3629/4543
f 3628/4542 3630/4544 3629/4543
f 3630/4544 3631/4545 3629/4543
f 3631/4545 3632/4546 3629/4543
f 3632/4546 3633/4547 3629/4543
f 3633/4547 3627/4541 3629/4543
f 3633/4547 3632/4546 3627/4541
f 3632/4546 3631/4545 3627/4541
f 3631/4545 3630/4544 3627/4541
f 3630/4544 3628/4542 3627/4541
f 3634/4534 3635/4535 3636/4536
f 3635/4535 3637/4537 3636/4536
f 3637/4537 3638/4538 3636/4536
f 3638/4538 3639/4539 3636/4536
f 3639/4539 3640/4540 3636/4536
f 3640/4540 3634/4534 3636/4536
f 3640/4540 3639/4539 3634/4534
f 3639/4539 3638/4538 3634/4534
f 3638/4538 3637/4537 3634/4534
f 3637/4537 3635/4535 3634/4534
f 3641/4520 3642/4521 3643/4522
f 3642/4521 3644/4523 3643/4522
f 3644/4523 3645/4524 3643/4522
f 3645/4524 3646/4525 3643/4522
f 3646/4525 3647/4526 3643/4522
f 3647/4526 3641/4520 3643/4522
f 3647/4526 3646/4525 3641/4520
f 3646/4525 3645/4524 3641/4520
f 3645/4524 3644/4523 3641/4520
f 3644/4523 3642/4521 3641/4520
f 3648/4527 3649/4528 3650/4529
f 3649/4528 3651/4530 3650/4529
f 3651/4530 3652/4531 3650/4529
f 3652/4531 3653/4532 3650/4529
f 3653/4532 3654/4533 3650/4529
f 3654/4533 3648/4527 3650/4529
f 3654/4533 3653/4532 3648/4527
f 3653/4532 3652/4531 3648/4527
f 3652/4531 3651/4530 3648/4527
f 3651/4530 3649/4528 3648/4527
f 3655/4520 3656/4521 3657/4522
f 3656/4521 3658/4523 3657/4522
f 3658/4523 3659/4524 3657/4522
f 3659/4524 3660/4525 3657/4522
f 3660/4525 3661/4526 3657/4522
f 3661/4526 3655/4520 3657/4522
f 3661/4526 3660/4525 3655/4520
f 3660/4525 3659/4524 3655/4520
f 3659/4524 3658/4523 3655/4520
f 3658/4523 3656/4521 3655/4520
f 3662/4527 3663/4528 3664/4529
f 3663/4528 3665/4530 3664/4529
f 3665/4530 3666/4531 3664/4529
f 3666/4531 3667/4532 3664/4529
f 3667/4532 3668/4533 3664/4529
f 3668/4533 3662/4527 3664/4529
f 3668/4533 3667/4532 3662/4527
f 3667/4532 3666/4531 3662/4527
f 3666/4531 3665/4530 3662/4527
f 3665/4530 3663/4528 3662/4527
f 3669/4527 3670/4528 3671/4529
f 3670/4528 3672/4530 3671/4529
f 3672/4530 3673/4531 3671/4529
f 3673/4531 3674/4532 3671/4529
f 3674/4532 3675/4533 3671/4529
f 3675/4533 3669/4527 3671/4529
f 3675/4533 3674/4532 3669/4527
f 3674/4532 3673/4531 3669/4527
f 3673/4531 3672/4530 3669/4527
f 3672/4530 3670/4528 3669/4527
f 3676/4534 3677/4535 3678/4536
f 3677/4535 3679/4537 3678/4536
f 3679/4537 3680/4538 3678/4536
f 3680/4538 3681/4539 3678/4536
f 3681/4539 3682/4540 3678/4536
f 3682/4540 3676/4534 3678/4536
f 3682/4540 3681/4539 3676/4534
f 3681/4539 3680/4538 3676/4534
f 3680/4538 3679/4537 3676/4534
f 3679/4537 3677/4535 3676/4534
f 3683/4520 3684/4521 3685/4522
f 3684/4521 3686/4523 3685/4522
f 3686/4523 3687/4524 3685/4522
f 3687/4524 3688/4525 3685/4522
f 3688/4525 3689/4526 3685/4522
f 3689/4526 3683/4520 3685/4522
f 3689/4526 3688/4525 3683/4520
f 3688/4525 3687/4524 3683/4520
f 3687/4524 3686/4523 3683/4520
f 3686/4523 3684/4521 3683/4520
f 3690/4527 3691/4528 3692/4529
f 3691/4528 3693/4530 3692/4529
f 3693/4530 3694/4531 3692/4529
f 3694/4531 3695/4532 3692/4529
f 3695/4532 3696/4533 3692/4529
f 3696/4533 3690/4527 3692/4529
f 3696/4533 3695/4532 3690/4527
f 3695/4532 3694/4531 3690/4527
f 3694/4531 3693/4530 3690/4527
f 3693/4530 3691/4528 3690/4527
f 3697/4534 3698/4535 3699/4536
f 3698/4535 3700/4537 3699/4536
f 3700/4537 3701/4538 3699/4536
f 3701/4538 3702/4539 3699/4536
f 3702/4539 3703/4540 3699/4536
f 3703/4540 3697/4534 3699/4536
f 3703/4540 3702/4539 3697/4534
f 3702/4539 3701/4538 3697/4534
f 3701/4538 3700/4537 3697/4534
f 3700/4537 3698/4535 3697/4534
f 3704/4527 3705/4528 3706/4529
f 3705/4528 3707/4530 3706/4529
f 3707/4530 3708/4531 3706/4529
f 3708/4531 3709/4532 3706/4529
f 3709/4532 3710/4533 3706/4529
f 3710/4533 3704/4527 3706/4529
f 3710/4533 3709/4532 3704/4527
f 3709/4532 3708/4531 3704/4527
f 3708/4531 3707/4530 3704/4527
f 3707/4530 3705/4528 3704/4527
f 3711/4520 3712/4521 3713/4522
f 3712/4521 3714/4523 3713/4522
f 3714/4523 3715/4524 3713/4522
f 3715/4524 3716/4525 3713/4522
f 3716/4525 3717/4526 3713/4522
f 3717/4526 3711/4520 3713/4522
f 3717/4526 3716/4525 3711/4520
f 3716/4525 3715/4524 3711/4520
f 3715/4524 3714/4523 3711/4520
f 3714/4523 3712/4521 3711/4520
f 3718/4527 3719/4528 3720/4529
f 3719/4528 3721/4530 3720/4529
f 3721/4530 3722/4531 3720/4529
f 3722/4531 3723/4532 3720/4529
f 3723/4532 3724/4533 3720/4529
f 3724/4533 3718/4527 3720/4529
f 3724/4533 3723/4532 3718/4527
f 3723/4532 3722/4531 3718/4527
f 3722/4531 3721/4530 3718/4527
f 3721/4530 3719/4528 3718/4527
f 3725/4534 3726/4535 3727/4536
f 3726/4535 3728/4537 3727/4536
f 3728/4537 3729/4538 3727/4536
f 3729/4538 3730/4539 3727/4536
f 3730/4539 3731/4540 3727/4536
f 3731/4540 3725/4534 3727/4536
f 3731/4540 3730/4539 3725/4534
f 3730/4539 3729/4538 3725/4534
f 3729/4538 3728/4537 3725/4534
f 3728/4537 3726/4535 3725/4534
f 3732/4527 3733/4528 3734/4529
f 3733/4528 3735/4530 3734/4529
f 3735/4530 3736/4531 3734/4529
f 3736/4531 3737/4532 3734/4529
f 3737/4532 3738/4533 3734/4529
f 3738/4533 3732/4527 3734/4529
f 3738/4533 3737/4532 3732/4527
f 3737/4532 3736/4531 3732/4527
f 3736/4531 3735/4530 3732/4527
f 3735/4530 3733/4528 3732/4527
f 3739/4534 3740/4535 3741/4536
f 3740/4535 3742/4537 3741/4536
f 3742/4537 3743/4538 3741/4536
f 3743/4538 3744/4539 3741/4536
f 3744/4539 3745/4540 3741/4536
f 3745/4540 3739/4534 3741/4536
f 3745/4540 3744/4539 3739/4534
f 3744/4539 3743/4538 3739/4534
f 3743/4538 3742/4537 3739/4534
f 3742/4537 3740/4535 3739/4534
f 3746/4520 3747/4521 3748/4522
f 3747/4521 3749/4523 3748/4522
f 3749/4523 3750/4524 3748/4522
f 3750/4524 3751/4525 3748/4522
f 3751/4525 3752/4526 3748/4522
f 3752/4526 3746/4520 3748/4522
f 3752/4526 3751/4525 3746/4520
f 3751/4525 3750/4524 3746/4520
f 3750/4524 3749/4523 3746/4520
f 3749/4523 3747/4521 3746/4520
f 3753/4520 3754/4521 3755/4522
f 3754/4521 3756/4523 3755/4522
f 3756/4523 3757/4524 3755/4522
f 3757/4524 3758/4525 3755/4522
f 3758/4525 3759/4526 3755/4522
f 3759/4526 3753/4520 3755/4522
f 3759/4526 3758/4525 3753/4520
f 3758/4525 3757/4524 3753/4520
f 3757/4524 3756/4523 3753/4520
f 3756/4523 3754/4521 3753/4520
f 3760/4520 3761/4521 3762/4522
f 3761/4521 3763/4523 3762/4522
f 3763/4523 3764/4524 3762/4522
f 3764/4524 3765/4525 3762/4522
f 3765/4525 3766/4526 3762/4522
f 3766/4526 3760/4520 3762/4522
f 3766/4526 3765/4525 3760/4520
f 3765/4525 3764/4524 3760/4520
f 3764/4524 3763/4523 3760/4520
f 3763/4523 3761/4521 3760/4520
f 3767/4527 3768/4528 3769/4529
f 3768/4528 3770/4530 3769/4529
f 3770/4530 3771/4531 3769/4529
f 3771/4531 3772/4532 3769/4529
f 3772/4532 3773/4533 3769/4529
f 3773/4533 3767/4527 3769/4529
f 3773/4533 3772/4532 3767/4527
f 3772/4532 3771/4531 3767/4527
f 3771/4531 3770/4530 3767/4527
f 3770/4530 3768/4528 3767/4527
f 3774/4534 3775/4535 3776/4536
f 3775/4535 3777/4537 3776/4536
f 3777/4537 3778/4538 3776/4536
f 3778/4538 3779/4539 3776/4536
f 3779/4539 3780/4540 3776/4536
f 3780/4540 3774/4534 3776/4536
f 3780/4540 3779/4539 3774/4534
f 3779/4539 3778/4538 3774/4534
f 3778/4538 3777/4537 3774/4534
f 3777/4537 3775/4535 3774/4534
f 3781/4548 3782/4548 3783/4548
f 3784/4548 3783/4548 3782/4548
f 3785/4548 3781/4548 3783/4548
f 3786/4548 3785/4548 3783/4548
f 3784/4548 3786/4548 3783/4548
f 3787/4548 3784/4548 3782/4548
f 3788/4548 3782/4548 3781/4548
f 3789/4548 3781/4548 3785/4548
f 3790/4548 3785/4548 3786/4548
f 3791/4548 3786/4548 3784/4548
f 3788/4548 3787/4548 3782/4548
f 3789/4548 3788/4548 3781/4548
f 3790/4548 3789/4548 3785/4548
f 3791/4548 3790/4548 3786/4548
f 3787/4548 3791/4548 3784/4548
f 3792/4548 3787/4548 3788/4548
f 3792/4548 3788/4548 3789/4548
f 3792/4548 3789/4548 3790/4548
f 3792/4548 3790/4548 3791/4548
f 3792/4548 3791/4548 3787/4548
f 3793/4462 3794/4463 3795/4464
f 3794/4463 3796/4465 3795/4464
f 3796/4465 3797/4466 3795/4464
f 3797/4466 3798/4467 3795/4464
f 3798/4467 3799/4468 3795/4464
f 3799/4468 3793/4462 3795/4464
f 3799/4468 3798/4467 3793/4462
f 3798/4467 3797/4466 3793/4462
f 3797/4466 3796/4465 3793/4462
f 3796/4465 3794/4463 3793/4462
f 3800/4469 3801/4470 3802/4471
f 3801/4470 3803/4472 3802/4471
f 3803/4472 3804/4473 3802/4471
f 3804/4473 3805/4474 3802/4471
f 3805/4474 3806/4475 3802/4471
f 3806/4475 3800/4469 3802/4471
f 3806/4475 3805/4474 3800/4469
f 3805/4474 3804/4473 3800/4469
f 3804/4473 3803/4472 3800/4469
f 3803/4472 3801/4470 3800/4469
f 3807/4476 3808/4477 3809/4478
f 3808/4477 3810/4479 3809/4478
f 3810/4479 3811/4480 3809/4478
f 3811/4480 3812/4481 3809/4478
f 3812/4481 3813/4482 3809/4478
f 3813/4482 3807/4476 3809/4478
f 3813/4482 3812/4481 3807/4476
f 3812/4481 3811/4480 3807/4476
f 3811/4480 3810/4479 3807/4476
f 3810/4479 3808/4477 3807/4476
f 3814/4462 3815/4463 3816/4464
f 3815/4463 3817/4465 3816/4464
f 3817/4465 3818/4466 3816/4464
f 3818/4466 3819/4467 3816/4464
f 3819/4467 3820/4468 3816/4464
f 3820/4468 3814/4462 3816/4464
f 3820/4468 3819/4467 3814/4462
f 3819/4467 3818/4466 3814/4462
f 3818/4466 3817/4465 3814/4462
f 3817/4465 3815/4463 3814/4462
f 3821/4469 3822/4470 3823/4471
f 3822/4470 3824/4472 3823/4471
f 3824/4472 3825/4473 3823/4471
f 3825/4473 3826/4474 3823/4471
f 3826/4474 3827/4475 3823/4471
f 3827/4475 3821/4469 3823/4471
f 3827/4475 3826/4474 3821/4469
f 3826/4474 3825/4473 3821/4469
f 3825/4473 3824/4472 3821/4469
f 3824/4472 3822/4470 3821/4469
f 3828/4469 3829/4470 3830/4471
f 3829/4470 3831/4472 3830/4471
f 3831/4472 3832/4473 3830/4471
f 3832/4473 3833/4474 3830/4471
f 3833/4474 3834/4475 3830/4471
f 3834/4475 3828/4469 3830/4471
f 3834/4475 3833/4474 3828/4469
f 3833/4474 3832/4473 3828/4469
f 3832/4473 3831/4472 3828/4469
f 3831/4472 3829/4470 3828/4469
f 3835/4462 3836/4463 3837/4464
f 3836/4463 3838/4465 3837/4464
f 3838/4465 3839/4466 3837/4464
f 3839/4466 3840/4467 3837/4464
f 3840/4467 3841/4468 3837/4464
f 3841/4468 3835/4462 3837/4464
f 3841/4468 3840/4467 3835/4462
f 3840/4467 3839/4466 3835/4462
f 3839/4466 3838/4465 3835/4462
f 3838/4465 3836/4463 3835/4462
f 3842/4476 3843/4477 3844/4478
f 3843/4477 3845/4479 3844/4478
f 3845/4479 3846/4480 3844/4478
f 3846/4480 3847/4481 3844/4478
f 3847/4481 3848/4482 3844/4478
f 3848/4482 3842/4476 3844/4478
f 3848/4482 3847/4481 3842/4476
f 3847/4481 3846/4480 3842/4476
f 3846/4480 3845/4479 3842/4476
f 3845/4479 3843/4477 3842/4476
f 3849/4462 3850/4463 3851/4464
f 3850/4463 3852/4465 3851/4464
f 3852/4465 3853/4466 3851/4464
f 3853/4466 3854/4467 3851/4464
f 3854/4467 3855/4468 3851/4464
f 3855/4468 3849/4462 3851/4464
f 3855/4468 3854/4467 3849/4462
f 3854/4467 3853/4466 3849/4462
f 3853/4466 3852/4465 3849/4462
f 3852/4465 3850/4463 3849/4462
f 3856/4476 3857/4477 3858/4478
f 3857/4477 3859/4479 3858/4478
f 3859/4479 3860/4480 3858/4478
f 3860/4480 3861/4481 3858/4478
f 3861/4481 3862/4482 3858/4478
f 3862/4482 3856/4476 3858/4478
f 3862/4482 3861/4481 3856/4476
f 3861/4481 3860/4480 3856/4476
f 3860/4480 3859/4479 3856/4476
f 3859/4479 3857/4477 3856/4476
f 3863/4462 3864/4463 3865/4464
f 3864/4463 3866/4465 3865/4464
f 3866/4465 3867/4466 3865/4464
f 3867/4466 3868/4467 3865/4464
f 3868/4467 3869/4468 3865/4464
f 3869/4468 3863/4462 3865/4464
f 3869/4468 3868/4467 3863/4462
f 3868/4467 3867/4466 3863/4462
f 3867/4466 3866/4465 3863/4462
f 3866/4465 3864/4463 3863/4462
f 3870/4462 3871/4463 3872/4464
f 3871/4463 3873/4465 3872/4464
f 3873/4465 3874/4466 3872/4464
f 3874/4466 3875/4467 3872/4464
f 3875/4467 3876/4468 3872/4464
f 3876/4468 3870/4462 3872/4464
f 3876/4468 3875/4467 3870/4462
f 3875/4467 3874/4466 3870/4462
f 3874/4466 3873/4465 3870/4462
f 3873/4465 3871/4463 3870/4462
f 3877/4483 3878/4484 3879/4485
f 3878/4484 3880/4486 3879/4485
f 3880/4486 3881/4487 3879/4485
f 3881/4487 3882/4488 3879/4485
f 3882/4488 3883/4489 3879/4485
f 3883/4489 3877/4483 3879/4485
f 3883/4489 3882/4488 3877/4483
f 3882/4488 3881/4487 3877/4483
f 3881/4487 3880/4486 3877/4483
f 3880/4486 3878/4484 3877/4483
f 3884/4462 3885/4463 3886/4464
f 3885/4463 3887/4465 3886/4464
f 3887/4465 3888/4466 3886/4464
f 3888/4466 3889/4467 3886/4464
f 3889/4467 3890/4468 3886/4464
f 3890/4468 3884/4462 3886/4464
f 3890/4468 3889/4467 3884/4462
f 3889/4467 3888/4466 3884/4462
f 3888/4466 3887/4465 3884/4462
f 3887/4465 3885/4463 3884/4462
f 3891/4483 3892/4484 3893/4485
f 3892/4484 3894/4486 3893/4485
f 3894/4486 3895/4487 3893/4485
f 3895/4487 3896/4488 3893/4485
f 3896/4488 3897/4489 3893/4485
f 3897/4489 3891/4483 3893/4485
f 3897/4489 3896/4488 3891/4483
f 3896/4488 3895/4487 3891/4483
f 3895/4487 3894/4486 3891/4483
f 3894/4486 3892/4484 3891/4483
f 3898/4462 3899/4463 3900/4464
f 3899/4463 3901/4465 3900/4464
f 3901/4465 3902/4466 3900/4464
f 3902/4466 3903/4467 3900/4464
f 3903/4467 3904/4468 3900/4464
f 3904/4468 3898/4462 3900/4464
f 3904/4468 3903/4467 3898/4462
f 3903/4467 3902/4466 3898/4462
f 3902/4466 3901/4465 3898/4462
f 3901/4465 3899/4463 3898/4462
f 3905/4476 3906/4477 3907/4478
f 3906/4477 3908/4479 3907/4478
f 3908/4479 3909/4480 3907/4478
f 3909/4480 3910/4481 3907/4478
f 3910/4481 3911/4482 3907/4478
f 3911/4482 3905/4476 3907/4478
f 3911/4482 3910/4481 3905/4476
f 3910/4481 3909/4480 3905/4476
f 3909/4480 3908/4479 3905/4476
f 3908/4479 3906/4477 3905/4476
f 3912/4462 3913/4463 3914/4464
f 3913/4463 3915/4465 3914/4464
f 3915/4465 3916/4466 3914/4464
f 3916/4466 3917/4467 3914/4464
f 3917/4467 3918/4468 3914/4464
f 3918/4468 3912/4462 3914/4464
f 3918/4468 3917/4467 3912/4462
f 3917/4467 3916/4466 3912/4462
f 3916/4466 3915/4465 3912/4462
f 3915/4465 3913/4463 3912/4462
f 3919/4462 3920/4463 3921/4464
f 3920/4463 3922/4465 3921/4464
f 3922/4465 3923/4466 3921/4464
f 3923/4466 3924/4467 3921/4464
f 3924/4467 3925/4468 3921/4464
f 3925/4468 3919/4462 3921/4464
f 3925/4468 3924/4467 3919/4462
f 3924/4467 3923/4466 3919/4462
f 3923/4466 3922/4465 3919/4462
f 3922/4465 3920/4463 3919/4462
f 3926/4469 3927/4470 3928/4471
f 3927/4470 3929/4472 3928/4471
f 3929/4472 3930/4473 3928/4471
f 3930/4473 3931/4474 3928/4471
f 3931/4474 3932/4475 3928/4471
f 3932/4475 3926/4469 3928/4471
f 3932/4475 3931/4474 3926/4469
f 3931/4474 3930/4473 3926/4469
f 3930/4473 3929/4472 3926/4469
f 3929/4472 3927/4470 3926/4469
f 3933/4469 3934/4470 3935/4471
f 3934/4470 3936/4472 3935/4471
f 3936/4472 3937/4473 3935/4471
f 3937/4473 3938/4474 3935/4471
f 3938/4474 3939/4475 3935/4471
f 3939/4475 3933/4469 3935/4471
f 3939/4475 3938/4474 3933/4469
f 3938/4474 3937/4473 3933/4469
f 3937/4473 3936/4472 3933/4469
f 3936/4472 3934/4470 3933/4469
f 3940/4483 3941/4484 3942/4485
f 3941/4484 3943/4486 3942/4485
f 3943/4486 3944/4487 3942/4485
f 3944/4487 3945/4488 3942/4485
f 3945/4488 3946/4489 3942/4485
f 3946/4489 3940/4483 3942/4485
f 3946/4489 3945/4488 3940/4483
f 3945/4488 3944/4487 3940/4483
f 3944/4487 3943/4486 3940/4483
f 3943/4486 3941/4484 3940/4483
f 3947/4462 3948/4463 3949/4464
f 3948/4463 3950/4465 3949/4464
f 3950/4465 3951/4466 3949/4464
f 3951/4466 3952/4467 3949/4464
f 3952/4467 3953/4468 3949/4464
f 3953/4468 3947/4462 3949/4464
f 3953/4468 3952/4467 3947/4462
f 3952/4467 3951/4466 3947/4462
f 3951/4466 3950/4465 3947/4462
f 3950/4465 3948/4463 3947/4462
f 3954/4469 3955/4470 3956/4471
f 3955/4470 3957/4472 3956/4471
f 3957/4472 3958/4473 3956/4471
f 3958/4473 3959/4474 3956/4471
f 3959/4474 3960/4475 3956/4471
f 3960/4475 3954/4469 3956/4471
f 3960/4475 3959/4474 3954/4469
f 3959/4474 3958/4473 3954/4469
f 3958/4473 3957/4472 3954/4469
f 3957/4472 3955/4470 3954/4469
f 3961/4462 3962/4463 3963/4464
f 3962/4463 3964/4465 3963/4464
f 3964/4465 3965/4466 3963/4464
f 3965/4466 3966/4467 3963/4464
f 3966/4467 3967/4468 3963/4464
f 3967/4468 3961/4462 3963/4464
f 3967/4468 3966/4467 3961/4462
f 3966/4467 3965/4466 3961/4462
f 3965/4466 3964/4465 3961/4462
f 3964/4465 3962/4463 3961/4462
f 3968/4476 3969/4477 3970/4478
f 3969/4477 3971/4479 3970/4478
f 3971/4479 3972/4480 3970/4478
f 3972/4480 3973/4481 3970/4478
f 3973/4481 3974/4482 3970/4478
f 3974/4482 3968/4476 3970/4478
f 3974/4482 3973/4481 3968/4476
f 3973/4481 3972/4480 3968/4476
f 3972/4480 3971/4479 3968/4476
f 3971/4479 3969/4477 3968/4476
f 3975/4490 3976/4490 3977/4490
f 3978/4490 3977/4490 3976/4490
f 3979/4490 3975/4490 3977/4490
f 3980/4490 3979/4490 3977/4490
f 3978/4490 3980/4490 3977/4490
f 3981/4490 3978/4490 3976/4490
f 3982/4490 3976/4490 3975/4490
f 3983/4490 3975/4490 3979/4490
f 3984/4490 3979/4490 3980/4490
f 3985/4490 3980/4490 3978/4490
f 3982/4490 3981/4490 3976/4490
f 3983/4490 3982/4490 3975/4490
f 3984/4490 3983/4490 3979/4490
f 3985/4490 3984/4490 3980/4490
f 3981/4490 3985/4490 3978/4490
f 3986/4490 3981/4490 3982/4490
f 3986/4490 3982/4490 3983/4490
f 3986/4490 3983/4490 3984/4490
f 3986/4490 3984/4490 3985/4490
f 3986/4490 3985/4490 3981/4490
f 3987/4505 3988/4506 3989/4507
f 3988/4506 3990/4508 3989/4507
f 3990/4508 3991/4509 3989/4507
f 3991/4509 3992/4510 3989/4507
f 3992/4510 3993/4511 3989/4507
f 3993/4511 3987/4505 3989/4507
f 3993/4511 3992/4510 3987/4505
f 3992/4510 3991/4509 3987/4505
f 3991/4509 3990/4508 3987/4505
f 3990/4508 3988/4506 3987/4505
f 3994/4498 3995/4499 3996/4500
f 3995/4499 3997/4501 3996/4500
f 3997/4501 3998/4502 3996/4500
f 3998/4502 3999/4503 3996/4500
f 3999/4503 4000/4504 3996/4500
f 4000/4504 3994/4498 3996/4500
f 4000/4504 3999/4503 3994/4498
f 3999/4503 3998/4502 3994/4498
f 3998/4502 3997/4501 3994/4498
f 3997/4501 3995/4499 3994/4498
f 4001/4505 4002/4506 4003/4507
f 4002/4506 4004/4508 4003/4507
f 4004/4508 4005/4509 4003/4507
f 4005/4509 4006/4510 4003/4507
f 4006/4510 4007/4511 4003/4507
f 4007/4511 4001/4505 4003/4507
f 4007/4511 4006/4510 4001/4505
f 4006/4510 4005/4509 4001/4505
f 4005/4509 4004/4508 4001/4505
f 4004/4508 4002/4506 4001/4505
f 4008/4498 4009/4499 4010/4500
f 4009/4499 4011/4501 4010/4500
f 4011/4501 4012/4502 4010/4500
f 4012/4502 4013/4503 4010/4500
f 4013/4503 4014/4504 4010/4500
f 4014/4504 4008/4498 4010/4500
f 4014/4504 4013/4503 4008/4498
f 4013/4503 4012/4502 4008/4498
f 4012/4502 4011/4501 4008/4498
f 4011/4501 4009/4499 4008/4498
f 4015/4498 4016/4499 4017/4500
f 4016/4499 4018/4501 4017/4500
f 4018/4501 4019/4502 4017/4500
f 4019/4502 4020/4503 4017/4500
f 4020/4503 4021/4504 4017/4500
f 4021/4504 4015/4498 4017/4500
f 4021/4504 4020/4503 4015/4498
f 4020/4503 4019/4502 4015/4498
f 4019/4502 4018/4501 4015/4498
f 4018/4501 4016/4499 4015/4498
f 4022/4498 4023/4499 4024/4500
f 4023/4499 4025/4501 4024/4500
f 4025/4501 4026/4502 4024/4500
f 4026/4502 4027/4503 4024/4500
f 4027/4503 4028/4504 4024/4500
f 4028/4504 4022/4498 4024/4500
f 4028/4504 4027/4503 4022/4498
f 4027/4503 4026/4502 4022/4498
f 4026/4502 4025/4501 4022/4498
f 4025/4501 4023/4499 4022/4498
f 4029/4505 4030/4506 4031/4507
f 4030/4506 4032/4508 4031/4507
f 4032/4508 4033/4509 4031/4507
f 4033/4509 4034/4510 4031/4507
f 4034/4510 4035/4511 4031/4507
f 4035/4511 4029/4505 4031/4507
f 4035/4511 4034/4510 4029/4505
f 4034/4510 4033/4509 4029/4505
f 4033/4509 4032/4508 4029/4505
f 4032/4508 4030/4506 4029/4505
f 4036/4512 4037/4513 4038/4514
f 4037/4513 4039/4515 4038/4514
f 4039/4515 4040/4516 4038/4514
f 4040/4516 4041/4517 4038/4514
f 4041/4517 4042/4518 4038/4514
f 4042/4518 4036/4512 4038/4514
f 4042/4518 4041/4517 4036/4512
f 4041/4517 4040/4516 4036/4512
f 4040/4516 4039/4515 4036/4512
f 4039/4515 4037/4513 4036/4512
f 4043/4498 4044/4499 4045/4500
f 4044/4499 4046/4501 4045/4500
f 4046/4501 4047/4502 4045/4500
f 4047/4502 4048/4503 4045/4500
f 4048/4503 4049/4504 4045/4500
f 4049/4504 4043/4498 4045/4500
f 4049/4504 4048/4503 4043/4498
f 4048/4503 4047/4502 4043/4498
f 4047/4502 4046/4501 4043/4498
f 4046/4501 4044/4499 4043/4498
f 4050/4512 4051/4513 4052/4514
f 4051/4513 4053/4515 4052/4514
f 4053/4515 4054/4516 4052/4514
f 4054/4516 4055/4517 4052/4514
f 4055/4517 4056/4518 4052/4514
f 4056/4518 4050/4512 4052/4514
f 4056/4518 4055/4517 4050/4512
f 4055/4517 4054/4516 4050/4512
f 4054/4516 4053/4515 4050/4512
f 4053/4515 4051/4513 4050/4512
f 4057/4491 4058/4492 4059/4493
f 4058/4492 4060/4494 4059/4493
f 4060/4494 4061/4495 4059/4493
f 4061/4495 4062/4496 4059/4493
f 4062/4496 4063/4497 4059/4493
f 4063/4497 4057/4491 4059/4493
f 4063/4497 4062/4496 4057/4491
f 4062/4496 4061/4495 4057/4491
f 4061/4495 4060/4494 4057/4491
f 4060/4494 4058/4492 4057/4491
f 4064/4512 4065/4513 4066/4514
f 4065/4513 4067/4515 4066/4514
f 4067/4515 4068/4516 4066/4514
f 4068/4516 4069/4517 4066/4514
f 4069/4517 4070/4518 4066/4514
f 4070/4518 4064/4512 4066/4514
f 4070/4518 4069/4517 4064/4512
f 4069/4517 4068/4516 4064/4512
f 4068/4516 4067/4515 4064/4512
f 4067/4515 4065/4513 4064/4512
f 4071/4498 4072/4499 4073/4500
f 4072/4499 4074/4501 4073/4500
f 4074/4501 4075/4502 4073/4500
f 4075/4502 4076/4503 4073/4500
f 4076/4503 4077/4504 4073/4500
f 4077/4504 4071/4498 4073/4500
f 4077/4504 4076/4503 4071/4498
f 4076/4503 4075/4502 4071/4498
f 4075/4502 4074/4501 4071/4498
f 4074/4501 4072/4499 4071/4498
f 4078/4512 4079/4513 4080/4514
f 4079/4513 4081/4515 4080/4514
f 4081/4515 4082/4516 4080/4514
f 4082/4516 4083/4517 4080/4514
f 4083/4517 4084/4518 4080/4514
f 4084/4518 4078/4512 4080/4514
f 4084/4518 4083/4517 4078/4512
f 4083/4517 4082/4516 4078/4512
f 4082/4516 4081/4515 4078/4512
f 4081/4515 4079/4513 4078/4512
f 4085/4491 4086/4492 4087/4493
f 4086/4492 4088/4494 4087/4493
f 4088/4494 4089/4495 4087/4493
f 4089/4495 4090/4496 4087/4493
f 4090/4496 4091/4497 4087/4493
f 4091/4497 4085/4491 4087/4493
f 4091/4497 4090/4496 4085/4491
f 4090/4496 4089/4495 4085/4491
f 4089/4495 4088/4494 4085/4491
f 4088/4494 4086/4492 4085/4491
f 4092/4505 4093/4506 4094/4507
f 4093/4506 4095/4508 4094/4507
f 4095/4508 4096/4509 4094/4507
f 4096/4509 4097/4510 4094/4507
f 4097/4510 4098/4511 4094/4507
f 4098/4511 4092/4505 4094/4507
f 4098/4511 4097/4510 4092/4505
f 4097/4510 4096/4509 4092/4505
f 4096/4509 4095/4508 4092/4505
f 4095/4508 4093/4506 4092/4505
f 4099/4491 4100/4492 4101/4493
f 4100/4492 4102/4494 4101/4493
f 4102/4494 4103/4495 4101/4493
f 4103/4495 4104/4496 4101/4493
f 4104/4496 4105/4497 4101/4493
f 4105/4497 4099/4491 4101/4493
f 4105/4497 4104/4496 4099/4491
f 4104/4496 4103/4495 4099/4491
f 4103/4495 4102/4494 4099/4491
f 4102/4494 4100/4492 4099/4491
f 4106/4505 4107/4506 4108/4507
f 4107/4506 4109/4508 4108/4507
f 4109/4508 4110/4509 4108/4507
f 4110/4509 4111/4510 4108/4507
f 4111/4510 4112/4511 4108/4507
f 4112/4511 4106/4505 4108/4507
f 4112/4511 4111/4510 4106/4505
f 4111/4510 4110/4509 4106/4505
f 4110/4509 4109/4508 4106/4505
f 4109/4508 4107/4506 4106/4505
f 4113/4505 4114/4506 4115/4507
f 4114/4506 4116/4508 4115/4507
f 4116/4508 4117/4509 4115/4507
f 4117/4509 4118/4510 4115/4507
f 4118/4510 4119/4511 4115/4507
f 4119/4511 4113/4505 4115/4507
f 4119/4511 4118/4510 4113/4505
f 4118/4510 4117/4509 4113/4505
f 4117/4509 4116/4508 4113/4505
f 4116/4508 4114/4506 4113/4505
f 4120/4498 4121/4499 4122/4500
f 4121/4499 4123/4501 4122/4500
f 4123/4501 4124/4502 4122/4500
f 4124/4502 4125/4503 4122/4500
f 4125/4503 4126/4504 4122/4500
f 4126/4504 4120/4498 4122/4500
f 4126/4504 4125/4503 4120/4498
f 4125/4503 4124/4502 4120/4498
f 4124/4502 4123/4501 4120/4498
f 4123/4501 4121/4499 4120/4498
f 4127/4491 4128/4492 4129/4493
f 4128/4492 4130/4494 4129/4493
f 4130/4494 4131/4495 4129/4493
f 4131/4495 4132/4496 4129/4493
f 4132/4496 4133/4497 4129/4493
f 4133/4497 4127/4491 4129/4493
f 4133/4497 4132/4496 4127/4491
f 4132/4496 4131/4495 4127/4491
f 4131/4495 4130/4494 4127/4491
f 4130/4494 4128/4492 4127/4491
f 4134/4505 4135/4506 4136/4507
f 4135/4506 4137/4508 4136/4507
f 4137/4508 4138/4509 4136/4507
f 4138/4509 4139/4510 4136/4507
f 4139/4510 4140/4511 4136/4507
f 4140/4511 4134/4505 4136/4507
f 4140/4511 4139/4510 4134/4505
f 4139/4510 4138/4509 4134/4505
f 4138/4509 4137/4508 4134/4505
f 4137/4508 4135/4506 4134/4505
f 4141/4505 4142/4506 4143/4507
f 4142/4506 4144/4508 4143/4507
f 4144/4508 4145/4509 4143/4507
f 4145/4509 4146/4510 4143/4507
f 4146/4510 4147/4511 4143/4507
f 4147/4511 4141/4505 4143/4507
f 4147/4511 4146/4510 4141/4505
f 4146/4510 4145/4509 4141/4505
f 4145/4509 4144/4508 4141/4505
f 4144/4508 4142/4506 4141/4505
f 4148/4505 4149/4506 4150/4507
f 4149/4506 4151/4508 4150/4507
f 4151/4508 4152/4509 4150/4507
f 4152/4509 4153/4510 4150/4507
f 4153/4510 4154/4511 4150/4507
f 4154/4511 4148/4505 4150/4507
f 4154/4511 4153/4510 4148/4505
f 4153/4510 4152/4509 4148/4505
f 4152/4509 4151/4508 4148/4505
f 4151/4508 4149/4506 4148/4505
f 4155/4498 4156/4499 4157/4500
f 4156/4499 4158/4501 4157/4500
f 4158/4501 4159/4502 4157/4500
f 4159/4502 4160/4503 4157/4500
f 4160/4503 4161/4504 4157/4500
f 4161/4504 4155/4498 4157/4500
f 4161/4504 4160/4503 4155/4498
f 4160/4503 4159/4502 4155/4498
f 4159/4502 4158/4501 4155/4498
f 4158/4501 4156/4499 4155/4498
f 4162/4498 4163/4499 4164/4500
f 4163/4499 4165/4501 4164/4500
f 4165/4501 4166/4502 4164/4500
f 4166/4502 4167/4503 4164/4500
f 4167/4503 4168/4504 4164/4500
f 4168/4504 4162/4498 4164/4500
f 4168/4504 4167/4503 4162/4498
f 4167/4503 4166/4502 4162/4498
f 4166/4502 4165/4501 4162/4498
f 4165/4501 4163/4499 4162/4498
f 4169/4519 4170/4519 4171/4519
f 4172/4519 4171/4519 4170/4519
f 4173/4519 4169/4519 4171/4519
f 4174/4519 4173/4519 4171/4519
f 4172/4519 4174/4519 4171/4519
f 4175/4519 4172/4519 4170/4519
f 4176/4519 4170/4519 4169/4519
f 4177/4519 4169/4519 4173/4519
f 4178/4519 4173/4519 4174/4519
f 4179/4519 4174/4519 4172/4519
f 4176/4519 4175/4519 4170/4519
f 4177/4519 4176/4519 4169/4519
f 4178/4519 4177/4519 4173/4519
f 4179/4519 4178/4519 4174/4519
f 4175/4519 4179/4519 4172/4519
f 4180/4519 4175/4519 4176/4519
f 4180/4519 4176/4519 4177/4519
f 4180/4519 4177/4519 4178/4519
f 4180/4519 4178/4519 4179/4519
f 4180/4519 4179/4519 4175/4519
f 4181/4527 4182/4528 4183/4529
f 4182/4528 4184/4530 4183/4529
f 4184/4530 4185/4531 4183/4529
f 4185/4531 4186/4532 4183/4529
f 4186/4532 4187/4533 4183/4529
f 4187/4533 4181/4527 4183/4529
f 4187/4533 4186/4532 4181/4527
f 4186/4532 4185/4531 4181/4527
f 4185/4531 4184/4530 4181/4527
f 4184/4530 4182/4528 4181/4527
f 4188/4534 4189/4535 4190/4536
f 4189/4535 4191/4537 4190/4536
f 4191/4537 4192/4538 4190/4536
f 4192/4538 4193/4539 4190/4536
f 4193/4539 4194/4540 4190/4536
f 4194/4540 4188/4534 4190/4536
f 4194/4540 4193/4539 4188/4534
f 4193/4539 4192/4538 4188/4534
f 4192/4538 4191/4537 4188/4534
f 4191/4537 4189/4535 4188/4534
f 4195/4541 4196/4542 4197/4543
f 4196/4542 4198/4544 4197/4543
f 4198/4544 4199/4545 4197/4543
f 4199/4545 4200/4546 4197/4543
f 4200/4546 4201/4547 4197/4543
f 4201/4547 4195/4541 4197/4543
f 4201/4547 4200/4546 4195/4541
f 4200/4546 4199/4545 4195/4541
f 4199/4545 4198/4544 4195/4541
f 4198/4544 4196/4542 4195/4541
f 4202/4520 4203/4521 4204/4522
f 4203/4521 4205/4523 4204/4522
f 4205/4523 4206/4524 4204/4522
f 4206/4524 4207/4525 4204/4522
f 4207/4525 4208/4526 4204/4522
f 4208/4526 4202/4520 4204/4522
f 4208/4526 4207/4525 4202/4520
f 4207/4525 4206/4524 4202/4520
f 4206/4524 4205/4523 4202/4520
f 4205/4523 4203/4521 4202/4520
f 4209/4534 4210/4535 4211/4536
f 4210/4535 4212/4537 4211/4536
f 4212/4537 4213/4538 4211/4536
f 4213/4538 4214/4539 4211/4536
f 4214/4539 4215/4540 4211/4536
f 4215/4540 4209/4534 4211/4536
f 4215/4540 4214/4539 4209/4534
f 4214/4539 4213/4538 4209/4534
f 4213/4538 4212/4537 4209/4534
f 4212/4537 4210/4535 4209/4534
f 4216/4534 4217/4535 4218/4536
f 4217/4535 4219/4537 4218/4536
f 4219/4537 4220/4538 4218/4536
f 4220/4538 4221/4539 4218/4536
f 4221/4539 4222/4540 4218/4536
f 4222/4540 4216/4534 4218/4536
f 4222/4540 4221/4539 4216/4534
f 4221/4539 4220/4538 4216/4534
f 4220/4538 4219/4537 4216/4534
f 4219/4537 4217/4535 4216/4534
f 4223/4534 4224/4535 4225/4536
f 4224/4535 4226/4537 4225/4536
f 4226/4537 4227/4538 4225/4536
f 4227/4538 4228/4539 4225/4536
f 4228/4539 4229/4540 4225/4536
f 4229/4540 4223/4534 4225/4536
f 4229/4540 4228/4539 4223/4534
f 4228/4539 4227/4538 4223/4534
f 4227/4538 4226/4537 4223/4534
f 4226/4537 4224/4535 4223/4534
f 4230/4527 4231/4528 4232/4529
f 4231/4528 4233/4530 4232/4529
f 4233/4530 4234/4531 4232/4529
f 4234/4531 4235/4532 4232/4529
f 4235/4532 4236/4533 4232/4529
f 4236/4533 4230/4527 4232/4529
f 4236/4533 4235/4532 4230/4527
f 4235/4532 4234/4531 4230/4527
f 4234/4531 4233/4530 4230/4527
f 4233/4530 4231/4528 4230/4527
f 4237/4534 4238/4535 4239/4536
f 4238/4535 4240/4537 4239/4536
f 4240/4537 4241/4538 4239/4536
f 4241/4538 4242/4539 4239/4536
f 4242/4539 4243/4540 4239/4536
f 4243/4540 4237/4534 4239/4536
f 4243/4540 4242/4539 4237/4534
f 4242/4539 4241/4538 4237/4534
f 4241/4538 4240/4537 4237/4534
f 4240/4537 4238/4535 4237/4534
f 4244/4520 4245/4521 4246/4522
f 4245/4521 4247/4523 4246/4522
f 4247/4523 4248/4524 4246/4522
f 4248/4524 4249/4525 4246/4522
f 4249/4525 4250/4526 4246/4522
f 4250/4526 4244/4520 4246/4522
f 4250/4526 4249/4525 4244/4520
f 4249/4525 4248/4524 4244/4520
f 4248/4524 4247/4523 4244/4520
f 4247/4523 4245/4521 4244/4520
f 4251/4520 4252/4521 4253/4522
f 4252/4521 4254/4523 4253/4522
f 4254/4523 4255/4524 4253/4522
f 4255/4524 4256/4525 4253/4522
f 4256/4525 4257/4526 4253/4522
f 4257/4526 4251/4520 4253/4522
f 4257/4526 4256/4525 4251/4520
f 4256/4525 4255/4524 4251/4520
f 4255/4524 4254/4523 4251/4520
f 4254/4523 4252/4521 4251/4520
f 4258/4534 4259/4535 4260/4536
f 4259/4535 4261/4537 4260/4536
f 4261/4537 4262/4538 4260/4536
f 4262/4538 4263/4539 4260/4536
f 4263/4539 4264/4540 4260/4536
f 4264/4540 4258/4534 4260/4536
f 4264/4540 4263/4539 4258/4534
f 4263/4539 4262/4538 4258/4534
f 4262/4538 4261/4537 4258/4534
f 4261/4537 4259/4535 4258/4534
f 4265/4541 4266/4542 4267/4543
f 4266/4542 4268/4544 4267/4543
f 4268/4544 4269/4545 4267/4543
f 4269/4545 4270/4546 4267/4543
f 4270/4546 4271/4547 4267/4543
f 4271/4547 4265/4541 4267/4543
f 4271/4547 4270/4546 4265/4541
f 4270/4546 4269/4545 4265/4541
f 4269/4545 4268/4544 4265/4541
f 4268/4544 4266/4542 4265/4541
f 4272/4520 4273/4521 4274/4522
f 4273/4521 4275/4523 4274/4522
f 4275/4523 4276/4524 4274/4522
f 4276/4524 4277/4525 4274/4522
f 4277/4525 4278/4526 4274/4522
f 4278/4526 4272/4520 4274/4522
f 4278/4526 4277/4525 4272/4520
f 4277/4525 4276/4524 4272/4520
f 4276/4524 4275/4523 4272/4520
f 4275/4523 4273/4521 4272/4520
f 4279/4534 4280/4535 4281/4536
f 4280/4535 4282/4537 4281/4536
f 4282/4537 4283/4538 4281/4536
f 4283/4538 4284/4539 4281/4536
f 4284/4539 4285/4540 4281/4536
f 4285/4540 4279/4534 4281/4536
f 4285/4540 4284/4539 4279/4534
f 4284/4539 4283/4538 4279/4534
f 4283/4538 4282/4537 4279/4534
f 4282/4537 4280/4535 4279/4534
f 4286/4520 4287/4521 4288/4522
f 4287/4521 4289/4523 4288/4522
f 4289/4523 4290/4524 4288/4522
f 4290/4524 4291/4525 4288/4522
f 4291/4525 4292/4526 4288/4522
f 4292/4526 4286/4520 4288/4522
f 4292/4526 4291/4525 4286/4520
f 4291/4525 4290/4524 4286/4520
f 4290/4524 4289/4523 4286/4520
f 4289/4523 4287/4521 4286/4520
f 4293/4520 4294/4521 4295/4522
f 4294/4521 4296/4523 4295/4522
f 4296/4523 4297/4524 4295/4522
f 4297/4524 4298/4525 4295/4522
f 4298/4525 4299/4526 4295/4522
f 4299/4526 4293/4520 4295/4522
f 4299/4526 4298/4525 4293/4520
f 4298/4525 4297/4524 4293/4520
f 4297/4524 4296/4523 4293/4520
f 4296/4523 4294/4521 4293/4520
f 4300/4534 4301/4535 4302/4536
f 4301/4535 4303/4537 4302/4536
f 4303/4537 4304/4538 4302/4536
f 4304/4538 4305/4539 4302/4536
f 4305/4539 4306/4540 4302/4536
f 4306/4540 4300/4534 4302/4536
f 4306/4540 4305/4539 4300/4534
f 4305/4539 4304/4538 4300/4534
f 4304/4538 4303/4537 4300/4534
f 4303/4537 4301/4535 4300/4534
f 4307/4534 4308/4535 4309/4536
f 4308/4535 4310/4537 4309/4536
f 4310/4537 4311/4538 4309/4536
f 4311/4538 4312/4539 4309/4536
f 4312/4539 4313/4540 4309/4536
f 4313/4540 4307/4534 4309/4536
f 4313/4540 4312/4539 4307/4534
f 4312/4539 4311/4538 4307/4534
f 4311/4538 4310/4537 4307/4534
f 4310/4537 4308/4535 4307/4534
f 4314/4520 4315/4521 4316/4522
f 4315/4521 4317/4523 4316/4522
f 4317/4523 4318/4524 4316/4522
f 4318/4524 4319/4525 4316/4522
f 4319/4525 4320/4526 4316/4522
f 4320/4526 4314/4520 4316/4522
f 4320/4526 4319/4525 4314/4520
f 4319/4525 4318/4524 4314/4520
f 4318/4524 4317/4523 4314/4520
f 4317/4523 4315/4521 4314/4520
f 4321/4527 4322/4528 4323/4529
f 4322/4528 4324/4530 4323/4529
f 4324/4530 4325/4531 4323/4529
f 4325/4531 4326/4532 4323/4529
f 4326/4532 4327/4533 4323/4529
f 4327/4533 4321/4527 4323/4529
f 4327/4533 4326/4532 4321/4527
f 4326/4532 4325/4531 4321/4527
f 4325/4531 4324/4530 4321/4527
f 4324/4530 4322/4528 4321/4527
f 4328/4520 4329/4521 4330/4522
f 4329/4521 4331/4523 4330/4522
f 4331/4523 4332/4524 4330/4522
f 4332/4524 4333/4525 4330/4522
f 4333/4525 4334/4526 4330/4522
f 4334/4526 4328/4520 4330/4522
f 4334/4526 4333/4525 4328/4520
f 4333/4525 4332/4524 4328/4520
f 4332/4524 4331/4523 4328/4520
f 4331/4523 4329/4521 4328/4520
f 4335/4520 4336/4521 4337/4522
f 4336/4521 4338/4523 4337/4522
f 4338/4523 4339/4524 4337/4522
f 4339/4524 4340/4525 4337/4522
f 4340/4525 4341/4526 4337/4522
f 4341/4526 4335/4520 4337/4522
f 4341/4526 4340/4525 4335/4520
f 4340/4525 4339/4524 4335/4520
f 4339/4524 4338/4523 4335/4520
f 4338/4523 4336/4521 4335/4520
f 4342/4534 4343/4535 4344/4536
f 4343/4535 4345/4537 4344/4536
f 4345/4537 4346/4538 4344/4536
f 4346/4538 4347/4539 4344/4536
f 4347/4539 4348/4540 4344/4536
f 4348/4540 4342/4534 4344/4536
f 4348/4540 4347/4539 4342/4534
f 4347/4539 4346/4538 4342/4534
f 4346/4538 4345/4537 4342/4534
f 4345/4537 4343/4535 4342/4534
f 4349/4541 4350/4542 4351/4543
f 4350/4542 4352/4544 4351/4543
f 4352/4544 4353/4545 4351/4543
f 4353/4545 4354/4546 4351/4543
f 4354/4546 4355/4547 4351/4543
f 4355/4547 4349/4541 4351/4543
f 4355/4547 4354/4546 4349/4541
f 4354/4546 4353/4545 4349/4541
f 4353/4545 4352/4544 4349/4541
f 4352/4544 4350/4542 4349/4541
f 4356/4520 4357/4521 4358/4522
f 4357/4521 4359/4523 4358/4522
f 4359/4523 4360/4524 4358/4522
f 4360/4524 4361/4525 4358/4522
f 4361/4525 4362/4526 4358/4522
f 4362/4526 4356/4520 4358/4522
f 4362/4526 4361/4525 4356/4520
f 4361/4525 4360/4524 4356/4520
f 4360/4524 4359/4523 4356/4520
f 4359/4523 4357/4521 4356/4520
f 4363/4548 4364/4548 4365/4548
f 4366/4548 4365/4548 4364/4548
f 4367/4548 4363/4548 4365/4548
f 4368/4548 4367/4548 4365/4548
f 4366/4548 4368/4548 4365/4548
f 4369/4548 4366/4548 4364/4548
f 4370/4548 4364/4548 4363/4548
f 4371/4548 4363/4548 4367/4548
f 4372/4548 4367/4548 4368/4548
f 4373/4548 4368/4548 4366/4548
f 4370/4548 4369/4548 4364/4548
f 4371/4548 4370/4548 4363/4548
f 4372/4548 4371/4548 4367/4548
f 4373/4548 4372/4548 4368/4548
f 4369/4548 4373/4548 4366/4548
f 4374/4548 4369/4548 4370/4548
f 4374/4548 4370/4548 4371/4548
f 4374/4548 4371/4548 4372/4548
f 4374/4548 4372/4548 4373/4548
f 4374/4548 4373/4548 4369/4548
f 4375/4512 4376/4513 4377/4514
f 4376/4513 4378/4515 4377/4514
f 4378/4515 4379/4516 4377/4514
f 4379/4516 4380/4517 4377/4514
f 4380/4517 4381/4518 4377/4514
f 4381/4518 4375/4512 4377/4514
f 4381/4518 4380/4517 4375/4512
f 4380/4517 4379/4516 4375/4512
f 4379/4516 4378/4515 4375/4512
f 4378/4515 4376/4513 4375/4512
f 4382/4505 4383/4506 4384/4507
f 4383/4506 4385/4508 4384/4507
f 4385/4508 4386/4509 4384/4507
f 4386/4509 4387/4510 4384/4507
f 4387/4510 4388/4511 4384/4507
f 4388/4511 4382/4505 4384/4507
f 4388/4511 4387/4510 4382/4505
f 4387/4510 4386/4509 4382/4505
f 4386/4509 4385/4508 4382/4505
f 4385/4508 4383/4506 4382/4505
f 4389/4491 4390/4492 4391/4493
f 4390/4492 4392/4494 4391/4493
f 4392/4494 4393/4495 4391/4493
f 4393/4495 4394/4496 4391/4493
f 4394/4496 4395/4497 4391/4493
f 4395/4497 4389/4491 4391/4493
f 4395/4497 4394/4496 4389/4491
f 4394/4496 4393/4495 4389/4491
f 4393/4495 4392/4494 4389/4491
f 4392/4494 4390/4492 4389/4491
f 4396/4491 4397/4492 4398/4493
f 4397/4492 4399/4494 4398/4493
f 4399/4494 4400/4495 4398/4493
f 4400/4495 4401/4496 4398/4493
f 4401/4496 4402/4497 4398/4493
f 4402/4497 4396/4491 4398/4493
f 4402/4497 4401/4496 4396/4491
f 4401/4496 4400/4495 4396/4491
f 4400/4495 4399/4494 4396/4491
f 4399/4494 4397/4492 4396/4491
f 4403/4491 4404/4492 4405/4493
f 4404/4492 4406/4494 4405/4493
f 4406/4494 4407/4495 4405/4493
f 4407/4495 4408/4496 4405/4493
f 4408/4496 4409/4497 4405/4493
f 4409/4497 4403/4491 4405/4493
f 4409/4497 4408/4496 4403/4491
f 4408/4496 4407/4495 4403/4491
f 4407/4495 4406/4494 4403/4491
f 4406/4494 4404/4492 4403/4491
f 4410/4498 4411/4499 4412/4500
f 4411/4499 4413/4501 4412/4500
f 4413/4501 4414/4502 4412/4500
f 4414/4502 4415/4503 4412/4500
f 4415/4503 4416/4504 4412/4500
f 4416/4504 4410/4498 4412/4500
f 4416/4504 4415/4503 4410/4498
f 4415/4503 4414/4502 4410/4498
f 4414/4502 4413/4501 4410/4498
f 4413/4501 4411/4499 4410/4498
f 4417/4498 4418/4499 4419/4500
f 4418/4499 4420/4501 4419/4500
f 4420/4501 4421/4502 4419/4500
f 4421/4502 4422/4503 4419/4500
f 4422/4503 4423/4504 4419/4500
f 4423/4504 4417/4498 4419/4500
f 4423/4504 4422/4503 4417/4498
f 4422/4503 4421/4502 4417/4498
f 4421/4502 4420/4501 4417/4498
f 4420/4501 4418/4499 4417/4498
f 4424/4491 4425/4492 4426/4493
f 4425/4492 4427/4494 4426/4493
f 4427/4494 4428/4495 4426/4493
f 4428/4495 4429/4496 4426/4493
f 4429/4496 4430/4497 4426/4493
f 4430/4497 4424/4491 4426/4493
f 4430/4497 4429/4496 4424/4491
f 4429/4496 4428/4495 4424/4491
f 4428/4495 4427/4494 4424/4491
f 4427/4494 4425/4492 4424/4491
f 4431/4498 4432/4499 4433/4500
f 4432/4499 4434/4501 4433/4500
f 4434/4501 4435/4502 4433/4500
f 4435/4502 4436/4503 4433/4500
f 4436/4503 4437/4504 4433/4500
f 4437/4504 4431/4498 4433/4500
f 4437/4504 4436/4503 4431/4498
f 4436/4503 4435/4502 4431/4498
f 4435/4502 4434/4501 4431/4498
f 4434/4501 4432/4499 4431/4498
f 4438/4491 4439/4492 4440/4493
f 4439/4492 4441/4494 4440/4493
f 4441/4494 4442/4495 4440/4493
f 4442/4495 4443/4496 4440/4493
f 4443/4496 4444/4497 4440/4493
f 4444/4497 4438/4491 4440/4493
f 4444/4497 4443/4496 4438/4491
f 4443/4496 4442/4495 4438/4491
f 4442/4495 4441/4494 4438/4491
f 4441/4494 4439/4492 4438/4491
f 4445/4498 4446/4499 4447/4500
f 4446/4499 4448/4501 4447/4500
f 4448/4501 4449/4502 4447/4500
f 4449/4502 4450/4503 4447/4500
f 4450/4503 4451/4504 4447/4500
f 4451/4504 4445/4498 4447/4500
f 4451/4504 4450/4503 4445/4498
f 4450/4503 4449/4502 4445/4498
f 4449/4502 4448/4501 4445/4498
f 4448/4501 4446/4499 4445/4498
f 4452/4498 4453/4499 4454/4500
f 4453/4499 4455/4501 4454/4500
f 4455/4501 4456/4502 4454/4500
f 4456/4502 4457/4503 4454/4500
f 4457/4503 4458/4504 4454/4500
f 4458/4504 4452/4498 4454/4500
f 4458/4504 4457/4503 4452/4498
f 4457/4503 4456/4502 4452/4498
f 4456/4502 4455/4501 4452/4498
f 4455/4501 4453/4499 4452/4498
f 4459/4498 4460/4499 4461/4500
f 4460/4499 4462/4501 4461/4500
f 4462/4501 4463/4502 4461/4500
f 4463/4502 4464/4503 4461/4500
f 4464/4503 4465/4504 4461/4500
f 4465/4504 4459/4498 4461/4500
f 4465/4504 4464/4503 4459/4498
f 4464/4503 4463/4502 4459/4498
f 4463/4502 4462/4501 4459/4498
f 4462/4501 4460/4499 4459/4498
f 4466/4505 4467/4506 4468/4507
f 4467/4506 4469/4508 4468/4507
f 4469/4508 4470/4509 4468/4507
f 4470/4509 4471/4510 4468/4507
f 4471/4510 4472/4511 4468/4507
f 4472/4511 4466/4505 4468/4507
f 4472/4511 4471/4510 4466/4505
f 4471/4510 4470/4509 4466/4505
f 4470/4509 4469/4508 4466/4505
f 4469/4508 4467/4506 4466/4505
f 4473/4498 4474/4499 4475/4500
f 4474/4499 4476/4501 4475/4500
f 4476/4501 4477/4502 4475/4500
f 4477/4502 4478/4503 4475/4500
f 4478/4503 4479/4504 4475/4500
f 4479/4504 4473/4498 4475/4500
f 4479/4504 4478/4503 4473/4498
f 4478/4503 4477/4502 4473/4498
f 4477/4502 4476/4501 4473/4498
f 4476/4501 4474/4499 4473/4498
f 4480/4491 4481/4492 4482/4493
f 4481/4492 4483/4494 4482/4493
f 4483/4494 4484/4495 4482/4493
f 4484/4495 4485/4496 4482/4493
f 4485/4496 4486/4497 4482/4493
f 4486/4497 4480/4491 4482/4493
f 4486/4497 4485/4496 4480/4491
f 4485/4496 4484/4495 4480/4491
f 4484/4495 4483/4494 4480/4491
f 4483/4494 4481/4492 4480/4491
f 4487/4491 4488/4492 4489/4493
f 4488/4492 4490/4494 4489/4493
f 4490/4494 4491/4495 4489/4493
f 4491/4495 4492/4496 4489/4493
f 4492/4496 4493/4497 4489/4493
f 4493/4497 4487/4491 4489/4493
f 4493/4497 4492/4496 4487/4491
f 4492/4496 4491/4495 4487/4491
f 4491/4495 4490/4494 4487/4491
f 4490/4494 4488/4492 4487/4491
f 4494/4498 4495/4499 4496/4500
f 4495/4499 4497/4501 4496/4500
f 4497/4501 4498/4502 4496/4500
f 4498/4502 4499/4503 4496/4500
f 4499/4503 4500/4504 4496/4500
f 4500/4504 4494/4498 4496/4500
f 4500/4504 4499/4503 4494/4498
f 4499/4503 4498/4502 4494/4498
f 4498/4502 4497/4501 4494/4498
f 4497/4501 4495/4499 4494/4498
f 4501/4505 4502/4506 4503/4507
f 4502/4506 4504/4508 4503/4507
f 4504/4508 4505/4509 4503/4507
f 4505/4509 4506/4510 4503/4507
f 4506/4510 4507/4511 4503/4507
f 4507/4511 4501/4505 4503/4507
f 4507/4511 4506/4510 4501/4505
f 4506/4510 4505/4509 4501/4505
f 4505/4509 4504/4508 4501/4505
f 4504/4508 4502/4506 4501/4505
f 4508/4498 4509/4499 4510/4500
f 4509/4499 4511/4501 4510/4500
f 4511/4501 4512/4502 4510/4500
f 4512/4502 4513/4503 4510/4500
f 4513/4503 4514/4504 4510/4500
f 4514/4504 4508/4498 4510/4500
f 4514/4504 4513/4503 4508/4498
f 4513/4503 4512/4502 4508/4498
f 4512/4502 4511/4501 4508/4498
f 4511/4501 4509/4499 4508/4498
f 4515/4498 4516/4499 4517/4500
f 4516/4499 4518/4501 4517/4500
f 4518/4501 4519/4502 4517/4500
f 4519/4502 4520/4503 4517/4500
f 4520/4503 4521/4504 4517/4500
f 4521/4504 4515/4498 4517/4500
f 4521/4504 4520/4503 4515/4498
f 4520/4503 4519/4502 4515/4498
f 4519/4502 4518/4501 4515/4498
f 4518/4501 4516/4499 4515/4498
f 4522/4491 4523/4492 4524/4493
f 4523/4492 4525/4494 4524/4493
f 4525/4494 4526/4495 4524/4493
f 4526/4495 4527/4496 4524/4493
f 4527/4496 4528/4497 4524/4493
f 4528/4497 4522/4491 4524/4493
f 4528/4497 4527/4496 4522/4491
f 4527/4496 4526/4495 4522/4491
f 4526/4495 4525/4494 4522/4491
f 4525/4494 4523/4492 4522/4491
f 4529/4512 4530/4513 4531/4514
f 4530/4513 4532/4515 4531/4514
f 4532/4515 4533/4516 4531/4514
f 4533/4516 4534/4517 4531/4514
f 4534/4517 4535/4518 4531/4514
f 4535/4518 4529/4512 4531/4514
f 4535/4518 4534/4517 4529/4512
f 4534/4517 4533/4516 4529/4512
f 4533/4516 4532/4515 4529/4512
f 4532/4515 4530/4513 4529/4512
f 4536/4498 4537/4499 4538/4500
f 4537/4499 4539/4501 4538/4500
f 4539/4501 4540/4502 4538/4500
f 4540/4502 4541/4503 4538/4500
f 4541/4503 4542/4504 4538/4500
f 4542/4504 4536/4498 4538/4500
f 4542/4504 4541/4503 4536/4498
f 4541/4503 4540/4502 4536/4498
f 4540/4502 4539/4501 4536/4498
f 4539/4501 4537/4499 4536/4498
f 4543/4498 4544/4499 4545/4500
f 4544/4499 4546/4501 4545/4500
f 4546/4501 4547/4502 4545/4500
f 4547/4502 4548/4503 4545/4500
f 4548/4503 4549/4504 4545/4500
f 4549/4504 4543/4498 4545/4500
f 4549/4504 4548/4503 4543/4498
f 4548/4503 4547/4502 4543/4498
f 4547/4502 4546/4501 4543/4498
f 4546/4501 4544/4499 4543/4498
f 4550/4498 4551/4499 4552/4500
f 4551/4499 4553/4501 4552/4500
f 4553/4501 4554/4502 4552/4500
f 4554/4502 4555/4503 4552/4500
f 4555/4503 4556/4504 4552/4500
f 4556/4504 4550/4498 4552/4500
f 4556/4504 4555/4503 4550/4498
f 4555/4503 4554/4502 4550/4498
f 4554/4502 4553/4501 4550/4498
f 4553/4501 4551/4499 4550/4498
f 4557/4519 4558/4519 4559/4519
f 4560/4519 4559/4519 4558/4519
f 4561/4519 4557/4519 4559/4519
f 4562/4519 4561/4519 4559/4519
f 4560/4519 4562/4519 4559/4519
f 4563/4519 4560/4519 4558/4519
f 4564/4519 4558/4519 4557/4519
f 4565/4519 4557/4519 4561/4519
f 4566/4519 4561/4519 4562/4519
f 4567/4519 4562/4519 4560/4519
f 4564/4519 4563/4519 4558/4519
f 4565/4519 4564/4519 4557/4519
f 4566/4519 4565/4519 4561/4519
f 4567/4519 4566/4519 4562/4519
f 4563/4519 4567/4519 4560/4519
f 4568/4519 4563/4519 4564/4519
f 4568/4519 4564/4519 4565/4519
f 4568/4519 4565/4519 4566/4519
f 4568/4519 4566/4519 4567/4519
f 4568/4519 4567/4519 4563/4519
f 4569/4585 4570/4586 4571/4587
f 4570/4586 4572/4588 4571/4587
f 4572/4588 4573/4589 4571/4587
f 4573/4589 4574/4590 4571/4587
f 4574/4590 4575/4591 4571/4587
f 4575/4591 4569/4585 4571/4587
f 4575/4591 4574/4590 4569/4585
f 4574/4590 4573/4589 4569/4585
f 4573/4589 4572/4588 4569/4585
f 4572/4588 4570/4586 4569/4585
f 4576/4585 4577/4586 4578/4587
f 4577/4586 4579/4588 4578/4587
f 4579/4588 4580/4589 4578/4587
f 4580/4589 4581/4590 4578/4587
f 4581/4590 4582/4591 4578/4587
f 4582/4591 4576/4585 4578/4587
f 4582/4591 4581/4590 4576/4585
f 4581/4590 4580/4589 4576/4585
f 4580/4589 4579/4588 4576/4585
f 4579/4588 4577/4586 4576/4585
f 4583/4599 4584/4600 4585/4601
f 4584/4600 4586/4602 4585/4601
f 4586/4602 4587/4603 4585/4601
f 4587/4603 4588/4604 4585/4601
f 4588/4604 4589/4605 4585/4601
f 4589/4605 4583/4599 4585/4601
f 4589/4605 4588/4604 4583/4599
f 4588/4604 4587/4603 4583/4599
f 4587/4603 4586/4602 4583/4599
f 4586/4602 4584/4600 4583/4599
f 4590/4599 4591/4600 4592/4601
f 4591/4600 4593/4602 4592/4601
f 4593/4602 4594/4603 4592/4601
f 4594/4603 4595/4604 4592/4601
f 4595/4604 4596/4605 4592/4601
f 4596/4605 4590/4599 4592/4601
f 4596/4605 4595/4604 4590/4599
f 4595/4604 4594/4603 4590/4599
f 4594/4603 4593/4602 4590/4599
f 4593/4602 4591/4600 4590/4599
f 4597/4599 4598/4600 4599/4601
f 4598/4600 4600/4602 4599/4601
f 4600/4602 4601/4603 4599/4601
f 4601/4603 4602/4604 4599/4601
f 4602/4604 4603/4605 4599/4601
f 4603/4605 4597/4599 4599/4601
f 4603/4605 4602/4604 4597/4599
f 4602/4604 4601/4603 4597/4599
f 4601/4603 4600/4602 4597/4599
f 4600/4602 4598/4600 4597/4599
f 4604/4578 4605/4579 4606/4580
f 4605/4579 4607/4581 4606/4580
f 4607/4581 4608/4582 4606/4580
f 4608/4582 4609/4583 4606/4580
f 4609/4583 4610/4584 4606/4580
f 4610/4584 4604/4578 4606/4580
f 4610/4584 4609/4583 4604/4578
f 4609/4583 4608/4582 4604/4578
f 4608/4582 4607/4581 4604/4578
f 4607/4581 4605/4579 4604/4578
f 4611/4599 4612/4600 4613/4601
f 4612/4600 4614/4602 4613/4601
f 4614/4602 4615/4603 4613/4601
f 4615/4603 4616/4604 4613/4601
f 4616/4604 4617/4605 4613/4601
f 4617/4605 4611/4599 4613/4601
f 4617/4605 4616/4604 4611/4599
f 4616/4604 4615/4603 4611/4599
f 4615/4603 4614/4602 4611/4599
f 4614/4602 4612/4600 4611/4599
f 4618/4599 4619/4600 4620/4601
f 4619/4600 4621/4602 4620/4601
f 4621/4602 4622/4603 4620/4601
f 4622/4603 4623/4604 4620/4601
f 4623/4604 4624/4605 4620/4601
f 4624/4605 4618/4599 4620/4601
f 4624/4605 4623/4604 4618/4599
f 4623/4604 4622/4603 4618/4599
f 4622/4603 4621/4602 4618/4599
f 4621/4602 4619/4600 4618/4599
f 4625/4578 4626/4579 4627/4580
f 4626/4579 4628/4581 4627/4580
f 4628/4581 4629/4582 4627/4580
f 4629/4582 4630/4583 4627/4580
f 4630/4583 4631/4584 4627/4580
f 4631/4584 4625/4578 4627/4580
f 4631/4584 4630/4583 4625/4578
f 4630/4583 4629/4582 4625/4578
f 4629/4582 4628/4581 4625/4578
f 4628/4581 4626/4579 4625/4578
f 4632/4599 4633/4600 4634/4601
f 4633/4600 4635/4602 4634/4601
f 4635/4602 4636/4603 4634/4601
f 4636/4603 4637/4604 4634/4601
f 4637/4604 4638/4605 4634/4601
f 4638/4605 4632/4599 4634/4601
f 4638/4605 4637/4604 4632/4599
f 4637/4604 4636/4603 4632/4599
f 4636/4603 4635/4602 4632/4599
f 4635/4602 4633/4600 4632/4599
f 4639/4578 4640/4579 4641/4580
f 4640/4579 4642/4581 4641/4580
f 4642/4581 4643/4582 4641/4580
f 4643/4582 4644/4583 4641/4580
f 4644/4583 4645/4584 4641/4580
f 4645/4584 4639/4578 4641/4580
f 4645/4584 4644/4583 4639/4578
f 4644/4583 4643/4582 4639/4578
f 4643/4582 4642/4581 4639/4578
f 4642/4581 4640/4579 4639/4578
f 4646/4599 4647/4600 4648/4601
f 4647/4600 4649/4602 4648/4601
f 4649/4602 4650/4603 4648/4601
f 4650/4603 4651/4604 4648/4601
f 4651/4604 4652/4605 4648/4601
f 4652/4605 4646/4599 4648/4601
f 4652/4605 4651/4604 4646/4599
f 4651/4604 4650/4603 4646/4599
f 4650/4603 4649/4602 4646/4599
f 4649/4602 4647/4600 4646/4599
f 4653/4599 4654/4600 4655/4601
f 4654/4600 4656/4602 4655/4601
f 4656/4602 4657/4603 4655/4601
f 4657/4603 4658/4604 4655/4601
f 4658/4604 4659/4605 4655/4601
f 4659/4605 4653/4599 4655/4601
f 4659/4605 4658/4604 4653/4599
f 4658/4604 4657/4603 4653/4599
f 4657/4603 4656/4602 4653/4599
f 4656/4602 4654/4600 4653/4599
f 4660/4578 4661/4579 4662/4580
f 4661/4579 4663/4581 4662/4580
f 4663/4581 4664/4582 4662/4580
f 4664/4582 4665/4583 4662/4580
f 4665/4583 4666/4584 4662/4580
f 4666/4584 4660/4578 4662/4580
f 4666/4584 4665/4583 4660/4578
f 4665/4583 4664/4582 4660/4578
f 4664/4582 4663/4581 4660/4578
f 4663/4581 4661/4579 4660/4578
f 4667/4599 4668/4600 4669/4601
f 4668/4600 4670/4602 4669/4601
f 4670/4602 4671/4603 4669/4601
f 4671/4603 4672/4604 4669/4601
f 4672/4604 4673/4605 4669/4601
f 4673/4605 4667/4599 4669/4601
f 4673/4605 4672/4604 4667/4599
f 4672/4604 4671/4603 4667/4599
f 4671/4603 4670/4602 4667/4599
f 4670/4602 4668/4600 4667/4599
f 4674/4585 4675/4586 4676/4587
f 4675/4586 4677/4588 4676/4587
f 4677/4588 4678/4589 4676/4587
f 4678/4589 4679/4590 4676/4587
f 4679/4590 4680/4591 4676/4587
f 4680/4591 4674/4585 4676/4587
f 4680/4591 4679/4590 4674/4585
f 4679/4590 4678/4589 4674/4585
f 4678/4589 4677/4588 4674/4585
f 4677/4588 4675/4586 4674/4585
f 4681/4578 4682/4579 4683/4580
f 4682/4579 4684/4581 4683/4580
f 4684/4581 4685/4582 4683/4580
f 4685/4582 4686/4583 4683/4580
f 4686/4583 4687/4584 4683/4580
f 4687/4584 4681/4578 4683/4580
f 4687/4584 4686/4583 4681/4578
f 4686/4583 4685/4582 4681/4578
f 4685/4582 4684/4581 4681/4578
f 4684/4581 4682/4579 4681/4578
f 4688/4599 4689/4600 4690/4601
f 4689/4600 4691/4602 4690/4601
f 4691/4602 4692/4603 4690/4601
f 4692/4603 4693/4604 4690/4601
f 4693/4604 4694/4605 4690/4601
f 4694/4605 4688/4599 4690/4601
f 4694/4605 4693/4604 4688/4599
f 4693/4604 4692/4603 4688/4599
f 4692/4603 4691/4602 4688/4599
f 4691/4602 4689/4600 4688/4599
f 4695/4599 4696/4600 4697/4601
f 4696/4600 4698/4602 4697/4601
f 4698/4602 4699/4603 4697/4601
f 4699/4603 4700/4604 4697/4601
f 4700/4604 4701/4605 4697/4601
f 4701/4605 4695/4599 4697/4601
f 4701/4605 4700/4604 4695/4599
f 4700/4604 4699/4603 4695/4599
f 4699/4603 4698/4602 4695/4599
f 4698/4602 4696/4600 4695/4599
f 4702/4578 4703/4579 4704/4580
f 4703/4579 4705/4581 4704/4580
f 4705/4581 4706/4582 4704/4580
f 4706/4582 4707/4583 4704/4580
f 4707/4583 4708/4584 4704/4580
f 4708/4584 4702/4578 4704/4580
f 4708/4584 4707/4583 4702/4578
f 4707/4583 4706/4582 4702/4578
f 4706/4582 4705/4581 4702/4578
f 4705/4581 4703/4579 4702/4578
f 4709/4578 4710/4579 4711/4580
f 4710/4579 4712/4581 4711/4580
f 4712/4581 4713/4582 4711/4580
f 4713/4582 4714/4583 4711/4580
f 4714/4583 4715/4584 4711/4580
f 4715/4584 4709/4578 4711/4580
f 4715/4584 4714/4583 4709/4578
f 4714/4583 4713/4582 4709/4578
f 4713/4582 4712/4581 4709/4578
f 4712/4581 4710/4579 4709/4578
f 4716/4578 4717/4579 4718/4580
f 4717/4579 4719/4581 4718/4580
f 4719/4581 4720/4582 4718/4580
f 4720/4582 4721/4583 4718/4580
f 4721/4583 4722/4584 4718/4580
f 4722/4584 4716/4578 4718/4580
f 4722/4584 4721/4583 4716/4578
f 4721/4583 4720/4582 4716/4578
f 4720/4582 4719/4581 4716/4578
f 4719/4581 4717/4579 4716/4578
f 4723/4599 4724/4600 4725/4601
f 4724/4600 4726/4602 4725/4601
f 4726/4602 4727/4603 4725/4601
f 4727/4603 4728/4604 4725/4601
f 4728/4604 4729/4605 4725/4601
f 4729/4605 4723/4599 4725/4601
f 4729/4605 4728/4604 4723/4599
f 4728/4604 4727/4603 4723/4599
f 4727/4603 4726/4602 4723/4599
f 4726/4602 4724/4600 4723/4599
f 4730/4585 4731/4586 4732/4587
f 4731/4586 4733/4588 4732/4587
f 4733/4588 4734/4589 4732/4587
f 4734/4589 4735/4590 4732/4587
f 4735/4590 4736/4591 4732/4587
f 4736/4591 4730/4585 4732/4587
f 4736/4591 4735/4590 4730/4585
f 4735/4590 4734/4589 4730/4585
f 4734/4589 4733/4588 4730/4585
f 4733/4588 4731/4586 4730/4585
f 4737/4585 4738/4586 4739/4587
f 4738/4586 4740/4588 4739/4587
f 4740/4588 4741/4589 4739/4587
f 4741/4589 4742/4590 4739/4587
f 4742/4590 4743/4591 4739/4587
f 4743/4591 4737/4585 4739/4587
f 4743/4591 4742/4590 4737/4585
f 4742/4590 4741/4589 4737/4585
f 4741/4589 4740/4588 4737/4585
f 4740/4588 4738/4586 4737/4585
f 4744/4599 4745/4600 4746/4601
f 4745/4600 4747/4602 4746/4601
f 4747/4602 4748/4603 4746/4601
f 4748/4603 4749/4604 4746/4601
f 4749/4604 4750/4605 4746/4601
f 4750/4605 4744/4599 4746/4601
f 4750/4605 4749/4604 4744/4599
f 4749/4604 4748/4603 4744/4599
f 4748/4603 4747/4602 4744/4599
f 4747/4602 4745/4600 4744/4599
f 4751/4606 4752/4606 4753/4606
f 4754/4606 4753/4606 4752/4606
f 4755/4606 4751/4606 4753/4606
f 4756/4606 4755/4606 4753/4606
f 4754/4606 4756/4606 4753/4606
f 4757/4606 4754/4606 4752/4606
f 4758/4606 4752/4606 4751/4606
f 4759/4606 4751/4606 4755/4606
f 4760/4606 4755/4606 4756/4606
f 4761/4606 4756/4606 4754/4606
f 4758/4606 4757/4606 4752/4606
f 4759/4606 4758/4606 4751/4606
f 4760/4606 4759/4606 4755/4606
f 4761/4606 4760/4606 4756/4606
f 4757/4606 4761/4606 4754/4606
f 4762/4606 4757/4606 4758/4606
f 4762/4606 4758/4606 4759/4606
f 4762/4606 4759/4606 4760/4606
f 4762/4606 4760/4606 4761/4606
f 4762/4606 4761/4606 4757/4606
f 4763/4469 4764/4470 4765/4471
f 4764/4470 4766/4472 4765/4471
f 4766/4472 4767/4473 4765/4471
f 4767/4473 4768/4474 4765/4471
f 4768/4474 4769/4475 4765/4471
f 4769/4475 4763/4469 4765/4471
f 4769/4475 4768/4474 4763/4469
f 4768/4474 4767/4473 4763/4469
f 4767/4473 4766/4472 4763/4469
f 4766/4472 4764/4470 4763/4469
f 4770/4476 4771/4477 4772/4478
f 4771/4477 4773/4479 4772/4478
f 4773/4479 4774/4480 4772/4478
f 4774/4480 4775/4481 4772/4478
f 4775/4481 4776/4482 4772/4478
f 4776/4482 4770/4476 4772/4478
f 4776/4482 4775/4481 4770/4476
f 4775/4481 4774/4480 4770/4476
f 4774/4480 4773/4479 4770/4476
f 4773/4479 4771/4477 4770/4476
f 4777/4476 4778/4477 4779/4478
f 4778/4477 4780/4479 4779/4478
f 4780/4479 4781/4480 4779/4478
f 4781/4480 4782/4481 4779/4478
f 4782/4481 4783/4482 4779/4478
f 4783/4482 4777/4476 4779/4478
f 4783/4482 4782/4481 4777/4476
f 4782/4481 4781/4480 4777/4476
f 4781/4480 4780/4479 4777/4476
f 4780/4479 4778/4477 4777/4476
f 4784/4469 4785/4470 4786/4471
f 4785/4470 4787/4472 4786/4471
f 4787/4472 4788/4473 4786/4471
f 4788/4473 4789/4474 4786/4471
f 4789/4474 4790/4475 4786/4471
f 4790/4475 4784/4469 4786/4471
f 4790/4475 4789/4474 4784/4469
f 4789/4474 4788/4473 4784/4469
f 4788/4473 4787/4472 4784/4469
f 4787/4472 4785/4470 4784/4469
f 4791/4483 4792/4484 4793/4485
f 4792/4484 4794/4486 4793/4485
f 4794/4486 4795/4487 4793/4485
f 4795/4487 4796/4488 4793/4485
f 4796/4488 4797/4489 4793/4485
f 4797/4489 4791/4483 4793/4485
f 4797/4489 4796/4488 4791/4483
f 4796/4488 4795/4487 4791/4483
f 4795/4487 4794/4486 4791/4483
f 4794/4486 4792/4484 4791/4483
f 4798/4476 4799/4477 4800/4478
f 4799/4477 4801/4479 4800/4478
f 4801/4479 4802/4480 4800/4478
f 4802/4480 4803/4481 4800/4478
f 4803/4481 4804/4482 4800/4478
f 4804/4482 4798/4476 4800/4478
f 4804/4482 4803/4481 4798/4476
f 4803/4481 4802/4480 4798/4476
f 4802/4480 4801/4479 4798/4476
f 4801/4479 4799/4477 4798/4476
f 4805/4462 4806/4463 4807/4464
f 4806/4463 4808/4465 4807/4464
f 4808/4465 4809/4466 4807/4464
f 4809/4466 4810/4467 4807/4464
f 4810/4467 4811/4468 4807/4464
f 4811/4468 4805/4462 4807/4464
f 4811/4468 4810/4467 4805/4462
f 4810/4467 4809/4466 4805/4462
f 4809/4466 4808/4465 4805/4462
f 4808/4465 4806/4463 4805/4462
f 4812/4469 4813/4470 4814/4471
f 4813/4470 4815/4472 4814/4471
f 4815/4472 4816/4473 4814/4471
f 4816/4473 4817/4474 4814/4471
f 4817/4474 4818/4475 4814/4471
f 4818/4475 4812/4469 4814/4471
f 4818/4475 4817/4474 4812/4469
f 4817/4474 4816/4473 4812/4469
f 4816/4473 4815/4472 4812/4469
f 4815/4472 4813/4470 4812/4469
f 4819/4483 4820/4484 4821/4485
f 4820/4484 4822/4486 4821/4485
f 4822/4486 4823/4487 4821/4485
f 4823/4487 4824/4488 4821/4485
f 4824/4488 4825/4489 4821/4485
f 4825/4489 4819/4483 4821/4485
f 4825/4489 4824/4488 4819/4483
f 4824/4488 4823/4487 4819/4483
f 4823/4487 4822/4486 4819/4483
f 4822/4486 4820/4484 4819/4483
f 4826/4462 4827/4463 4828/4464
f 4827/4463 4829/4465 4828/4464
f 4829/4465 4830/4466 4828/4464
f 4830/4466 4831/4467 4828/4464
f 4831/4467 4832/4468 4828/4464
f 4832/4468 4826/4462 4828/4464
f 4832/4468 4831/4467 4826/4462
f 4831/4467 4830/4466 4826/4462
f 4830/4466 4829/4465 4826/4462
f 4829/4465 4827/4463 4826/4462
f 4833/4462 4834/4463 4835/4464
f 4834/4463 4836/4465 4835/4464
f 4836/4465 4837/4466 4835/4464
f 4837/4466 4838/4467 4835/4464
f 4838/4467 4839/4468 4835/4464
f 4839/4468 4833/4462 4835/4464
f 4839/4468 4838/4467 4833/4462
f 4838/4467 4837/4466 4833/4462
f 4837/4466 4836/4465 4833/4462
f 4836/4465 4834/4463 4833/4462
f 4840/4469 4841/4470 4842/4471
f 4841/4470 4843/4472 4842/4471
f 4843/4472 4844/4473 4842/4471
f 4844/4473 4845/4474 4842/4471
f 4845/4474 4846/4475 4842/4471
f 4846/4475 4840/4469 4842/4471
f 4846/4475 4845/4474 4840/4469
f 4845/4474 4844/4473 4840/4469
f 4844/4473 4843/4472 4840/4469
f 4843/4472 4841/4470 4840/4469
f 4847/4462 4848/4463 4849/4464
f 4848/4463 4850/4465 4849/4464
f 4850/4465 4851/4466 4849/4464
f 4851/4466 4852/4467 4849/4464
f 4852/4467 4853/4468 4849/4464
f 4853/4468 4847/4462 4849/4464
f 4853/4468 4852/4467 4847/4462
f 4852/4467 4851/4466 4847/4462
f 4851/4466 4850/4465 4847/4462
f 4850/4465 4848/4463 4847/4462
f 4854/4476 4855/4477 4856/4478
f 4855/4477 4857/4479 4856/4478
f 4857/4479 4858/4480 4856/4478
f 4858/4480 4859/4481 4856/4478
f 4859/4481 4860/4482 4856/4478
f 4860/4482 4854/4476 4856/4478
f 4860/4482 4859/4481 4854/4476
f 4859/4481 4858/4480 4854/4476
f 4858/4480 4857/4479 4854/4476
f 4857/4479 4855/4477 4854/4476
f 4861/4462 4862/4463 4863/4464
f 4862/4463 4864/4465 4863/4464
f 4864/4465 4865/4466 4863/4464
f 4865/4466 4866/4467 4863/4464
f 4866/4467 4867/4468 4863/4464
f 4867/4468 4861/4462 4863/4464
f 4867/4468 4866/4467 4861/4462
f 4866/4467 4865/4466 4861/4462
f 4865/4466 4864/4465 4861/4462
f 4864/4465 4862/4463 4861/4462
f 4868/4476 4869/4477 4870/4478
f 4869/4477 4871/4479 4870/4478
f 4871/4479 4872/4480 4870/4478
f 4872/4480 4873/4481 4870/4478
f 4873/4481 4874/4482 4870/4478
f 4874/4482 4868/4476 4870/4478
f 4874/4482 4873/4481 4868/4476
f 4873/4481 4872/4480 4868/4476
f 4872/4480 4871/4479 4868/4476
f 4871/4479 4869/4477 4868/4476
f 4875/4462 4876/4463 4877/4464
f 4876/4463 4878/4465 4877/4464
f 4878/4465 4879/4466 4877/4464
f 4879/4466 4880/4467 4877/4464
f 4880/4467 4881/4468 4877/4464
f 4881/4468 4875/4462 4877/4464
f 4881/4468 4880/4467 4875/4462
f 4880/4467 4879/4466 4875/4462
f 4879/4466 4878/4465 4875/4462
f 4878/4465 4876/4463 4875/4462
f 4882/4462 4883/4463 4884/4464
f 4883/4463 4885/4465 4884/4464
f 4885/4465 4886/4466 4884/4464
f 4886/4466 4887/4467 4884/4464
f 4887/4467 4888/4468 4884/4464
f 4888/4468 4882/4462 4884/4464
f 4888/4468 4887/4467 4882/4462
f 4887/4467 4886/4466 4882/4462
f 4886/4466 4885/4465 4882/4462
f 4885/4465 4883/4463 4882/4462
f 4889/4462 4890/4463 4891/4464
f 4890/4463 4892/4465 4891/4464
f 4892/4465 4893/4466 4891/4464
f 4893/4466 4894/4467 4891/4464
f 4894/4467 4895/4468 4891/4464
f 4895/4468 4889/4462 4891/4464
f 4895/4468 4894/4467 4889/4462
f 4894/4467 4893/4466 4889/4462
f 4893/4466 4892/4465 4889/4462
f 4892/4465 4890/4463 4889/4462
f 4896/4462 4897/4463 4898/4464
f 4897/4463 4899/4465 4898/4464
f 4899/4465 4900/4466 4898/4464
f 4900/4466 4901/4467 4898/4464
f 4901/4467 4902/4468 4898/4464
f 4902/4468 4896/4462 4898/4464
f 4902/4468 4901/4467 4896/4462
f 4901/4467 4900/4466 4896/4462
f 4900/4466 4899/4465 4896/4462
f 4899/4465 4897/4463 4896/4462
f 4903/4469 4904/4470 4905/4471
f 4904/4470 4906/4472 4905/4471
f 4906/4472 4907/4473 4905/4471
f 4907/4473 4908/4474 4905/4471
f 4908/4474 4909/4475 4905/4471
f 4909/4475 4903/4469 4905/4471
f 4909/4475 4908/4474 4903/4469
f 4908/4474 4907/4473 4903/4469
f 4907/4473 4906/4472 4903/4469
f 4906/4472 4904/4470 4903/4469
f 4910/4462 4911/4463 4912/4464
f 4911/4463 4913/4465 4912/4464
f 4913/4465 4914/4466 4912/4464
f 4914/4466 4915/4467 4912/4464
f 4915/4467 4916/4468 4912/4464
f 4916/4468 4910/4462 4912/4464
f 4916/4468 4915/4467 4910/4462
f 4915/4467 4914/4466 4910/4462
f 4914/4466 4913/4465 4910/4462
f 4913/4465 4911/4463 4910/4462
f 4917/4469 4918/4470 4919/4471
f 4918/4470 4920/4472 4919/4471
f 4920/4472 4921/4473 4919/4471
f 4921/4473 4922/4474 4919/4471
f 4922/4474 4923/4475 4919/4471
f 4923/4475 4917/4469 4919/4471
f 4923/4475 4922/4474 4917/4469
f 4922/4474 4921/4473 4917/4469
f 4921/4473 4920/4472 4917/4469
f 4920/4472 4918/4470 4917/4469
f 4924/4462 4925/4463 4926/4464
f 4925/4463 4927/4465 4926/4464
f 4927/4465 4928/4466 4926/4464
f 4928/4466 4929/4467 4926/4464
f 4929/4467 4930/4468 4926/4464
f 4930/4468 4924/4462 4926/4464
f 4930/4468 4929/4467 4924/4462
f 4929/4467 4928/4466 4924/4462
f 4928/4466 4927/4465 4924/4462
f 4927/4465 4925/4463 4924/4462
f 4931/4469 4932/4470 4933/4471
f 4932/4470 4934/4472 4933/4471
f 4934/4472 4935/4473 4933/4471
f 4935/4473 4936/4474 4933/4471
f 4936/4474 4937/4475 4933/4471
f 4937/4475 4931/4469 4933/4471
f 4937/4475 4936/4474 4931/4469
f 4936/4474 4935/4473 4931/4469
f 4935/4473 4934/4472 4931/4469
f 4934/4472 4932/4470 4931/4469
f 4938/4469 4939/4470 4940/4471
f 4939/4470 4941/4472 4940/4471
f 4941/4472 4942/4473 4940/4471
f 4942/4473 4943/4474 4940/4471
f 4943/4474 4944/4475 4940/4471
f 4944/4475 4938/4469 4940/4471
f 4944/4475 4943/4474 4938/4469
f 4943/4474 4942/4473 4938/4469
f 4942/4473 4941/4472 4938/4469
f 4941/4472 4939/4470 4938/4469
f 4945/4490 4946/4490 4947/4490
f 4948/4490 4947/4490 4946/4490
f 4949/4490 4945/4490 4947/4490
f 4950/4490 4949/4490 4947/4490
f 4948/4490 4950/4490 4947/4490
f 4951/4490 4948/4490 4946/4490
f 4952/4490 4946/4490 4945/4490
f 4953/4490 4945/4490 4949/4490
f 4954/4490 4949/4490 4950/4490
f 4955/4490 4950/4490 4948/4490
f 4952/4490 4951/4490 4946/4490
f 4953/4490 4952/4490 4945/4490
f 4954/4490 4953/4490 4949/4490
f 4955/4490 4954/4490 4950/4490
f 4951/4490 4955/4490 4948/4490
f 4956/4490 4951/4490 4952/4490
f 4956/4490 4952/4490 4953/4490
f 4956/4490 4953/4490 4954/4490
f 4956/4490 4954/4490 4955/4490
f 4956/4490 4955/4490 4951/4490
f 4957/4549 4958/4550 4959/4551
f 4958/4550 4960/4552 4959/4551
f 4960/4552 4961/4553 4959/4551
f 4961/4553 4962/4554 4959/4551
f 4962/4554 4963/4555 4959/4551
f 4963/4555 4957/4549 4959/4551
f 4963/4555 4962/4554 4957/4549
f 4962/4554 4961/4553 4957/4549
f 4961/4553 4960/4552 4957/4549
f 4960/4552 4958/4550 4957/4549
f 4964/4549 4965/4550 4966/4551
f 4965/4550 4967/4552 4966/4551
f 4967/4552 4968/4553 4966/4551
f 4968/4553 4969/4554 4966/4551
f 4969/4554 4970/4555 4966/4551
f 4970/4555 4964/4549 4966/4551
f 4970/4555 4969/4554 4964/4549
f 4969/4554 4968/4553 4964/4549
f 4968/4553 4967/4552 4964/4549
f 4967/4552 4965/4550 4964/4549
f 4971/4563 4972/4564 4973/4565
f 4972/4564 4974/4566 4973/4565
f 4974/4566 4975/4567 4973/4565
f 4975/4567 4976/4568 4973/4565
f 4976/4568 4977/4569 4973/4565
f 4977/4569 4971/4563 4973/4565
f 4977/4569 4976/4568 4971/4563
f 4976/4568 4975/4567 4971/4563
f 4975/4567 4974/4566 4971/4563
f 4974/4566 4972/4564 4971/4563
f 4978/4556 4979/4557 4980/4558
f 4979/4557 4981/4559 4980/4558
f 4981/4559 4982/4560 4980/4558
f 4982/4560 4983/4561 4980/4558
f 4983/4561 4984/4562 4980/4558
f 4984/4562 4978/4556 4980/4558
f 4984/4562 4983/4561 4978/4556
f 4983/4561 4982/4560 4978/4556
f 4982/4560 4981/4559 4978/4556
f 4981/4559 4979/4557 4978/4556
f 4985/4556 4986/4557 4987/4558
f 4986/4557 4988/4559 4987/4558
f 4988/4559 4989/4560 4987/4558
f 4989/4560 4990/4561 4987/4558
f 4990/4561 4991/4562 4987/4558
f 4991/4562 4985/4556 4987/4558
f 4991/4562 4990/4561 4985/4556
f 4990/4561 4989/4560 4985/4556
f 4989/4560 4988/4559 4985/4556
f 4988/4559 4986/4557 4985/4556
f 4992/4563 4993/4564 4994/4565
f 4993/4564 4995/4566 4994/4565
f 4995/4566 4996/4567 4994/4565
f 4996/4567 4997/4568 4994/4565
f 4997/4568 4998/4569 4994/4565
f 4998/4569 4992/4563 4994/4565
f 4998/4569 4997/4568 4992/4563
f 4997/4568 4996/4567 4992/4563
f 4996/4567 4995/4566 4992/4563
f 4995/4566 4993/4564 4992/4563
f 4999/4570 5000/4571 5001/4572
f 5000/4571 5002/4573 5001/4572
f 5002/4573 5003/4574 5001/4572
f 5003/4574 5004/4575 5001/4572
f 5004/4575 5005/4576 5001/4572
f 5005/4576 4999/4570 5001/4572
f 5005/4576 5004/4575 4999/4570
f 5004/4575 5003/4574 4999/4570
f 5003/4574 5002/4573 4999/4570
f 5002/4573 5000/4571 4999/4570
f 5006/4570 5007/4571 5008/4572
f 5007/4571 5009/4573 5008/4572
f 5009/4573 5010/4574 5008/4572
f 5010/4574 5011/4575 5008/4572
f 5011/4575 5012/4576 5008/4572
f 5012/4576 5006/4570 5008/4572
f 5012/4576 5011/4575 5006/4570
f 5011/4575 5010/4574 5006/4570
f 5010/4574 5009/4573 5006/4570
f 5009/4573 5007/4571 5006/4570
f 5013/4563 5014/4564 5015/4565
f 5014/4564 5016/4566 5015/4565
f 5016/4566 5017/4567 5015/4565
f 5017/4567 5018/4568 5015/4565
f 5018/4568 5019/4569 5015/4565
f 5019/4569 5013/4563 5015/4565
f 5019/4569 5018/4568 5013/4563
f 5018/4568 5017/4567 5013/4563
f 5017/4567 5016/4566 5013/4563
f 5016/4566 5014/4564 5013/4563
f 5020/4563 5021/4564 5022/4565
f 5021/4564 5023/4566 5022/4565
f 5023/4566 5024/4567 5022/4565
f 5024/4567 5025/4568 5022/4565
f 5025/4568 5026/4569 5022/4565
f 5026/4569 5020/4563 5022/4565
f 5026/4569 5025/4568 5020/4563
f 5025/4568 5024/4567 5020/4563
f 5024/4567 5023/4566 5020/4563
f 5023/4566 5021/4564 5020/4563
f 5027/4563 5028/4564 5029/4565
f 5028/4564 5030/4566 5029/4565
f 5030/4566 5031/4567 5029/4565
f 5031/4567 5032/4568 5029/4565
f 5032/4568 5033/4569 5029/4565
f 5033/4569 5027/4563 5029/4565
f 5033/4569 5032/4568 5027/4563
f 5032/4568 5031/4567 5027/4563
f 5031/4567 5030/4566 5027/4563
f 5030/4566 5028/4564 5027/4563
f 5034/4563 5035/4564 5036/4565
f 5035/4564 5037/4566 5036/4565
f 5037/4566 5038/4567 5036/4565
f 5038/4567 5039/4568 5036/4565
f 5039/4568 5040/4569 5036/4565
f 5040/4569 5034/4563 5036/4565
f 5040/4569 5039/4568 5034/4563
f 5039/4568 5038/4567 5034/4563
f 5038/4567 5037/4566 5034/4563
f 5037/4566 5035/4564 5034/4563
f 5041/4549 5042/4550 5043/4551
f 5042/4550 5044/4552 5043/4551
f 5044/4552 5045/4553 5043/4551
f 5045/4553 5046/4554 5043/4551
f 5046/4554 5047/4555 5043/4551
f 5047/4555 5041/4549 5043/4551
f 5047/4555 5046/4554 5041/4549
f 5046/4554 5045/4553 5041/4549
f 5045/4553 5044/4552 5041/4549
f 5044/4552 5042/4550 5041/4549
f 5048/4563 5049/4564 5050/4565
f 5049/4564 5051/4566 5050/4565
f 5051/4566 5052/4567 5050/4565
f 5052/4567 5053/4568 5050/4565
f 5053/4568 5054/4569 5050/4565
f 5054/4569 5048/4563 5050/4565
f 5054/4569 5053/4568 5048/4563
f 5053/4568 5052/4567 5048/4563
f 5052/4567 5051/4566 5048/4563
f 5051/4566 5049/4564 5048/4563
f 5055/4556 5056/4557 5057/4558
f 5056/4557 5058/4559 5057/4558
f 5058/4559 5059/4560 5057/4558
f 5059/4560 5060/4561 5057/4558
f 5060/4561 5061/4562 5057/4558
f 5061/4562 5055/4556 5057/4558
f 5061/4562 5060/4561 5055/4556
f 5060/4561 5059/4560 5055/4556
f 5059/4560 5058/4559 5055/4556
f 5058/4559 5056/4557 5055/4556
f 5062/4563 5063/4564 5064/4565
f 5063/4564 5065/4566 5064/4565
f 5065/4566 5066/4567 5064/4565
f 5066/4567 5067/4568 5064/4565
f 5067/4568 5068/4569 5064/4565
f 5068/4569 5062/4563 5064/4565
f 5068/4569 5067/4568 5062/4563
f 5067/4568 5066/4567 5062/4563
f 5066/4567 5065/4566 5062/4563
f 5065/4566 5063/4564 5062/4563
f 5069/4563 5070/4564 5071/4565
f 5070/4564 5072/4566 5071/4565
f 5072/4566 5073/4567 5071/4565
f 5073/4567 5074/4568 5071/4565
f 5074/4568 5075/4569 5071/4565
f 5075/4569 5069/4563 5071/4565
f 5075/4569 5074/4568 5069/4563
f 5074/4568 5073/4567 5069/4563
f 5073/4567 5072/4566 5069/4563
f 5072/4566 5070/4564 5069/4563
f 5076/4549 5077/4550 5078/4551
f 5077/4550 5079/4552 5078/4551
f 5079/4552 5080/4553 5078/4551
f 5080/4553 5081/4554 5078/4551
f 5081/4554 5082/4555 5078/4551
f 5082/4555 5076/4549 5078/4551
f 5082/4555 5081/4554 5076/4549
f 5081/4554 5080/4553 5076/4549
f 5080/4553 5079/4552 5076/4549
f 5079/4552 5077/4550 5076/4549
f 5083/4563 5084/4564 5085/4565
f 5084/4564 5086/4566 5085/4565
f 5086/4566 5087/4567 5085/4565
f 5087/4567 5088/4568 5085/4565
f 5088/4568 5089/4569 5085/4565
f 5089/4569 5083/4563 5085/4565
f 5089/4569 5088/4568 5083/4563
f 5088/4568 5087/4567 5083/4563
f 5087/4567 5086/4566 5083/4563
f 5086/4566 5084/4564 5083/4563
f 5090/4563 5091/4564 5092/4565
f 5091/4564 5093/4566 5092/4565
f 5093/4566 5094/4567 5092/4565
f 5094/4567 5095/4568 5092/4565
f 5095/4568 5096/4569 5092/4565
f 5096/4569 5090/4563 5092/4565
f 5096/4569 5095/4568 5090/4563
f 5095/4568 5094/4567 5090/4563
f 5094/4567 5093/4566 5090/4563
f 5093/4566 5091/4564 5090/4563
f 5097/4563 5098/4564 5099/4565
f 5098/4564 5100/4566 5099/4565
f 5100/4566 5101/4567 5099/4565
f 5101/4567 5102/4568 5099/4565
f 5102/4568 5103/4569 5099/4565
f 5103/4569 5097/4563 5099/4565
f 5103/4569 5102/4568 5097/4563
f 5102/4568 5101/4567 5097/4563
f 5101/4567 5100/4566 5097/4563
f 5100/4566 5098/4564 5097/4563
f 5104/4563 5105/4564 5106/4565
f 5105/4564 5107/4566 5106/4565
f 5107/4566 5108/4567 5106/4565
f 5108/4567 5109/4568 5106/4565
f 5109/4568 5110/4569 5106/4565
f 5110/4569 5104/4563 5106/4565
f 5110/4569 5109/4568 5104/4563
f 5109/4568 5108/4567 5104/4563
f 5108/4567 5107/4566 5104/4563
f 5107/4566 5105/4564 5104/4563
f 5111/4549 5112/4550 5113/4551
f 5112/4550 5114/4552 5113/4551
f 5114/4552 5115/4553 5113/4551
f 5115/4553 5116/4554 5113/4551
f 5116/4554 5117/4555 5113/4551
f 5117/4555 5111/4549 5113/4551
f 5117/4555 5116/4554 5111/4549
f 5116/4554 5115/4553 5111/4549
f 5115/4553 5114/4552 5111/4549
f 5114/4552 5112/4550 5111/4549
f 5118/4570 5119/4571 5120/4572
f 5119/4571 5121/4573 5120/4572
f 5121/4573 5122/4574 5120/4572
f 5122/4574 5123/4575 5120/4572
f 5123/4575 5124/4576 5120/4572
f 5124/4576 5118/4570 5120/4572
f 5124/4576 5123/4575 5118/4570
f 5123/4575 5122/4574 5118/4570
f 5122/4574 5121/4573 5118/4570
f 5121/4573 5119/4571 5118/4570
f 5125/4556 5126/4557 5127/4558
f 5126/4557 5128/4559 5127/4558
f 5128/4559 5129/4560 5127/4558
f 5129/4560 5130/4561 5127/4558
f 5130/4561 5131/4562 5127/4558
f 5131/4562 5125/4556 5127/4558
f 5131/4562 5130/4561 5125/4556
f 5130/4561 5129/4560 5125/4556
f 5129/4560 5128/4559 5125/4556
f 5128/4559 5126/4557 5125/4556
f 5132/4563 5133/4564 5134/4565
f 5133/4564 5135/4566 5134/4565
f 5135/4566 5136/4567 5134/4565
f 5136/4567 5137/4568 5134/4565
f 5137/4568 5138/4569 5134/4565
f 5138/4569 5132/4563 5134/4565
f 5138/4569 5137/4568 5132/4563
f 5137/4568 5136/4567 5132/4563
f 5136/4567 5135/4566 5132/4563
f 5135/4566 5133/4564 5132/4563
f 5139/4577 5140/4577 5141/4577
f 5142/4577 5141/4577 5140/4577
f 5143/4577 5139/4577 5141/4577
f 5144/4577 5143/4577 5141/4577
f 5142/4577 5144/4577 5141/4577
f 5145/4577 5142/4577 5140/4577
f 5146/4577 5140/4577 5139/4577
f 5147/4577 5139/4577 5143/4577
f 5148/4577 5143/4577 5144/4577
f 5149/4577 5144/4577 5142/4577
f 5146/4577 5145/4577 5140/4577
f 5147/4577 5146/4577 5139/4577
f 5148/4577 5147/4577 5143/4577
f 5149/4577 5148/4577 5144/4577
f 5145/4577 5149/4577 5142/4577
f 5150/4577 5145/4577 5146/4577
f 5150/4577 5146/4577 5147/4577
f 5150/4577 5147/4577 5148/4577
f 5150/4577 5148/4577 5149/4577
f 5150/4577 5149/4577 5145/4577
f 5151/4520 5152/4521 5153/4522
f 5152/4521 5154/4523 5153/4522
f 5154/4523 5155/4524 5153/4522
f 5155/4524 5156/4525 5153/4522
f 5156/4525 5157/4526 5153/4522
f 5157/4526 5151/4520 5153/4522
f 5157/4526 5156/4525 5151/4520
f 5156/4525 5155/4524 5151/4520
f 5155/4524 5154/4523 5151/4520
f 5154/4523 5152/4521 5151/4520
f 5158/4520 5159/4521 5160/4522
f 5159/4521 5161/4523 5160/4522
f 5161/4523 5162/4524 5160/4522
f 5162/4524 5163/4525 5160/4522
f 5163/4525 5164/4526 5160/4522
f 5164/4526 5158/4520 5160/4522
f 5164/4526 5163/4525 5158/4520
f 5163/4525 5162/4524 5158/4520
f 5162/4524 5161/4523 5158/4520
f 5161/4523 5159/4521 5158/4520
f 5165/4541 5166/4542 5167/4543
f 5166/4542 5168/4544 5167/4543
f 5168/4544 5169/4545 5167/4543
f 5169/4545 5170/4546 5167/4543
f 5170/4546 5171/4547 5167/4543
f 5171/4547 5165/4541 5167/4543
f 5171/4547 5170/4546 5165/4541
f 5170/4546 5169/4545 5165/4541
f 5169/4545 5168/4544 5165/4541
f 5168/4544 5166/4542 5165/4541
f 5172/4520 5173/4521 5174/4522
f 5173/4521 5175/4523 5174/4522
f 5175/4523 5176/4524 5174/4522
f 5176/4524 5177/4525 5174/4522
f 5177/4525 5178/4526 5174/4522
f 5178/4526 5172/4520 5174/4522
f 5178/4526 5177/4525 5172/4520
f 5177/4525 5176/4524 5172/4520
f 5176/4524 5175/4523 5172/4520
f 5175/4523 5173/4521 5172/4520
f 5179/4520 5180/4521 5181/4522
f 5180/4521 5182/4523 5181/4522
f 5182/4523 5183/4524 5181/4522
f 5183/4524 5184/4525 5181/4522
f 5184/4525 5185/4526 5181/4522
f 5185/4526 5179/4520 5181/4522
f 5185/4526 5184/4525 5179/4520
f 5184/4525 5183/4524 5179/4520
f 5183/4524 5182/4523 5179/4520
f 5182/4523 5180/4521 5179/4520
f 5186/4541 5187/4542 5188/4543
f 5187/4542 5189/4544 5188/4543
f 5189/4544 5190/4545 5188/4543
f 5190/4545 5191/4546 5188/4543
f 5191/4546 5192/4547 5188/4543
f 5192/4547 5186/4541 5188/4543
f 5192/4547 5191/4546 5186/4541
f 5191/4546 5190/4545 5186/4541
f 5190/4545 5189/4544 5186/4541
f 5189/4544 5187/4542 5186/4541
f 5193/4527 5194/4528 5195/4529
f 5194/4528 5196/4530 5195/4529
f 5196/4530 5197/4531 5195/4529
f 5197/4531 5198/4532 5195/4529
f 5198/4532 5199/4533 5195/4529
f 5199/4533 5193/4527 5195/4529
f 5199/4533 5198/4532 5193/4527
f 5198/4532 5197/4531 5193/4527
f 5197/4531 5196/4530 5193/4527
f 5196/4530 5194/4528 5193/4527
f 5200/4527 5201/4528 5202/4529
f 5201/4528 5203/4530 5202/4529
f 5203/4530 5204/4531 5202/4529
f 5204/4531 5205/4532 5202/4529
f 5205/4532 5206/4533 5202/4529
f 5206/4533 5200/4527 5202/4529
f 5206/4533 5205/4532 5200/4527
f 5205/4532 5204/4531 5200/4527
f 5204/4531 5203/4530 5200/4527
f 5203/4530 5201/4528 5200/4527
f 5207/4520 5208/4521 5209/4522
f 5208/4521 5210/4523 5209/4522
f 5210/4523 5211/4524 5209/4522
f 5211/4524 5212/4525 5209/4522
f 5212/4525 5213/4526 5209/4522
f 5213/4526 5207/4520 5209/4522
f 5213/4526 5212/4525 5207/4520
f 5212/4525 5211/4524 5207/4520
f 5211/4524 5210/4523 5207/4520
f 5210/4523 5208/4521 5207/4520
f 5214/4520 5215/4521 5216/4522
f 5215/4521 5217/4523 5216/4522
f 5217/4523 5218/4524 5216/4522
f 5218/4524 5219/4525 5216/4522
f 5219/4525 5220/4526 5216/4522
f 5220/4526 5214/4520 5216/4522
f 5220/4526 5219/4525 5214/4520
f 5219/4525 5218/4524 5214/4520
f 5218/4524 5217/4523 5214/4520
f 5217/4523 5215/4521 5214/4520
f 5221/4534 5222/4535 5223/4536
f 5222/4535 5224/4537 5223/4536
f 5224/4537 5225/4538 5223/4536
f 5225/4538 5226/4539 5223/4536
f 5226/4539 5227/4540 5223/4536
f 5227/4540 5221/4534 5223/4536
f 5227/4540 5226/4539 5221/4534
f 5226/4539 5225/4538 5221/4534
f 5225/4538 5224/4537 5221/4534
f 5224/4537 5222/4535 5221/4534
f 5228/4527 5229/4528 5230/4529
f 5229/4528 5231/4530 5230/4529
f 5231/4530 5232/4531 5230/4529
f 5232/4531 5233/4532 5230/4529
f 5233/4532 5234/4533 5230/4529
f 5234/4533 5228/4527 5230/4529
f 5234/4533 5233/4532 5228/4527
f 5233/4532 5232/4531 5228/4527
f 5232/4531 5231/4530 5228/4527
f 5231/4530 5229/4528 5228/4527
f 5235/4520 5236/4521 5237/4522
f 5236/4521 5238/4523 5237/4522
f 5238/4523 5239/4524 5237/4522
f 5239/4524 5240/4525 5237/4522
f 5240/4525 5241/4526 5237/4522
f 5241/4526 5235/4520 5237/4522
f 5241/4526 5240/4525 5235/4520
f 5240/4525 5239/4524 5235/4520
f 5239/4524 5238/4523 5235/4520
f 5238/4523 5236/4521 5235/4520
f 5242/4534 5243/4535 5244/4536
f 5243/4535 5245/4537 5244/4536
f 5245/4537 5246/4538 5244/4536
f 5246/4538 5247/4539 5244/4536
f 5247/4539 5248/4540 5244/4536
f 5248/4540 5242/4534 5244/4536
f 5248/4540 5247/4539 5242/4534
f 5247/4539 5246/4538 5242/4534
f 5246/4538 5245/4537 5242/4534
f 5245/4537 5243/4535 5242/4534
f 5249/4520 5250/4521 5251/4522
f 5250/4521 5252/4523 5251/4522
f 5252/4523 5253/4524 5251/4522
f 5253/4524 5254/4525 5251/4522
f 5254/4525 5255/4526 5251/4522
f 5255/4526 5249/4520 5251/4522
f 5255/4526 5254/4525 5249/4520
f 5254/4525 5253/4524 5249/4520
f 5253/4524 5252/4523 5249/4520
f 5252/4523 5250/4521 5249/4520
f 5256/4527 5257/4528 5258/4529
f 5257/4528 5259/4530 5258/4529
f 5259/4530 5260/4531 5258/4529
f 5260/4531 5261/4532 5258/4529
f 5261/4532 5262/4533 5258/4529
f 5262/4533 5256/4527 5258/4529
f 5262/4533 5261/4532 5256/4527
f 5261/4532 5260/4531 5256/4527
f 5260/4531 5259/4530 5256/4527
f 5259/4530 5257/4528 5256/4527
f 5263/4534 5264/4535 5265/4536
f 5264/4535 5266/4537 5265/4536
f 5266/4537 5267/4538 5265/4536
f 5267/4538 5268/4539 5265/4536
f 5268/4539 5269/4540 5265/4536
f 5269/4540 5263/4534 5265/4536
f 5269/4540 5268/4539 5263/4534
f 5268/4539 5267/4538 5263/4534
f 5267/4538 5266/4537 5263/4534
f 5266/4537 5264/4535 5263/4534
f 5270/4520 5271/4521 5272/4522
f 5271/4521 5273/4523 5272/4522
f 5273/4523 5274/4524 5272/4522
f 5274/4524 5275/4525 5272/4522
f 5275/4525 5276/4526 5272/4522
f 5276/4526 5270/4520 5272/4522
f 5276/4526 5275/4525 5270/4520
f 5275/4525 5274/4524 5270/4520
f 5274/4524 5273/4523 5270/4520
f 5273/4523 5271/4521 5270/4520
f 5277/4541 5278/4542 5279/4543
f 5278/4542 5280/4544 5279/4543
f 5280/4544 5281/4545 5279/4543
f 5281/4545 5282/4546 5279/4543
f 5282/4546 5283/4547 5279/4543
f 5283/4547 5277/4541 5279/4543
f 5283/4547 5282/4546 5277/4541
f 5282/4546 5281/4545 5277/4541
f 5281/4545 5280/4544 5277/4541
f 5280/4544 5278/4542 5277/4541
f 5284/4520 5285/4521 5286/4522
f 5285/4521 5287/4523 5286/4522
f 5287/4523 5288/4524 5286/4522
f 5288/4524 5289/4525 5286/4522
f 5289/4525 5290/4526 5286/4522
f 5290/4526 5284/4520 5286/4522
f 5290/4526 5289/4525 5284/4520
f 5289/4525 5288/4524 5284/4520
f 5288/4524 5287/4523 5284/4520
f 5287/4523 5285/4521 5284/4520
f 5291/4520 5292/4521 5293/4522
f 5292/4521 5294/4523 5293/4522
f 5294/4523 5295/4524 5293/4522
f 5295/4524 5296/4525 5293/4522
f 5296/4525 5297/4526 5293/4522
f 5297/4526 5291/4520 5293/4522
f 5297/4526 5296/4525 5291/4520
f 5296/4525 5295/4524 5291/4520
f 5295/4524 5294/4523 5291/4520
f 5294/4523 5292/4521 5291/4520
f 5298/4520 5299/4521 5300/4522
f 5299/4521 5301/4523 5300/4522
f 5301/4523 5302/4524 5300/4522
f 5302/4524 5303/4525 5300/4522
f 5303/4525 5304/4526 5300/4522
f 5304/4526 5298/4520 5300/4522
f 5304/4526 5303/4525 5298/4520
f 5303/4525 5302/4524 5298/4520
f 5302/4524 5301/4523 5298/4520
f 5301/4523 5299/4521 5298/4520
f 5305/4520 5306/4521 5307/4522
f 5306/4521 5308/4523 5307/4522
f 5308/4523 5309/4524 5307/4522
f 5309/4524 5310/4525 5307/4522
f 5310/4525 5311/4526 5307/4522
f 5311/4526 5305/4520 5307/4522
f 5311/4526 5310/4525 5305/4520
f 5310/4525 5309/4524 5305/4520
f 5309/4524 5308/4523 5305/4520
f 5308/4523 5306/4521 5305/4520
f 5312/4520 5313/4521 5314/4522
f 5313/4521 5315/4523 5314/4522
f 5315/4523 5316/4524 5314/4522
f 5316/4524 5317/4525 5314/4522
f 5317/4525 5318/4526 5314/4522
f 5318/4526 5312/4520 5314/4522
f 5318/4526 5317/4525 5312/4520
f 5317/4525 5316/4524 5312/4520
f 5316/4524 5315/4523 5312/4520
f 5315/4523 5313/4521 5312/4520
f 5319/4520 5320/4521 5321/4522
f 5320/4521 5322/4523 5321/4522
f 5322/4523 5323/4524 5321/4522
f 5323/4524 5324/4525 5321/4522
f 5324/4525 5325/4526 5321/4522
f 5325/4526 5319/4520 5321/4522
f 5325/4526 5324/4525 5319/4520
f 5324/4525 5323/4524 5319/4520
f 5323/4524 5322/4523 5319/4520
f 5322/4523 5320/4521 5319/4520
f 5326/4534 5327/4535 5328/4536
f 5327/4535 5329/4537 5328/4536
f 5329/4537 5330/4538 5328/4536
f 5330/4538 5331/4539 5328/4536
f 5331/4539 5332/4540 5328/4536
f 5332/4540 5326/4534 5328/4536
f 5332/4540 5331/4539 5326/4534
f 5331/4539 5330/4538 5326/4534
f 5330/4538 5329/4537 5326/4534
f 5329/4537 5327/4535 5326/4534
f 5333/4548 5334/4548 5335/4548
f 5336/4548 5335/4548 5334/4548
f 5337/4548 5333/4548 5335/4548
f 5338/4548 5337/4548 5335/4548
f 5336/4548 5338/4548 5335/4548
f 5339/4548 5336/4548 5334/4548
f 5340/4548 5334/4548 5333/4548
f 5341/4548 5333/4548 5337/4548
f 5342/4548 5337/4548 5338/4548
f 5343/4548 5338/4548 5336/4548
f 5340/4548 5339/4548 5334/4548
f 5341/4548 5340/4548 5333/4548
f 5342/4548 5341/4548 5337/4548
f 5343/4548 5342/4548 5338/4548
f 5339/4548 5343/4548 5336/4548
f 5344/4548 5339/4548 5340/4548
f 5344/4548 5340/4548 5341/4548
f 5344/4548 5341/4548 5342/4548
f 5344/4548 5342/4548 5343/4548
f 5344/4548 5343/4548 5339/4548
f 5345/4520 5346/4521 5347/4522
f 5346/4521 5348/4523 5347/4522
f 5348/4523 5349/4524 5347/4522
f 5349/4524 5350/4525 5347/4522
f 5350/4525 5351/4526 5347/4522
f 5351/4526 5345/4520 5347/4522
f 5351/4526 5350/4525 5345/4520
f 5350/4525 5349/4524 5345/4520
f 5349/4524 5348/4523 5345/4520
f 5348/4523 5346/4521 5345/4520
f 5352/4527 5353/4528 5354/4529
f 5353/4528 5355/4530 5354/4529
f 5355/4530 5356/4531 5354/4529
f 5356/4531 5357/4532 5354/4529
f 5357/4532 5358/4533 5354/4529
f 5358/4533 5352/4527 5354/4529
f 5358/4533 5357/4532 5352/4527
f 5357/4532 5356/4531 5352/4527
f 5356/4531 5355/4530 5352/4527
f 5355/4530 5353/4528 5352/4527
f 5359/4534 5360/4535 5361/4536
f 5360/4535 5362/4537 5361/4536
f 5362/4537 5363/4538 5361/4536
f 5363/4538 5364/4539 5361/4536
f 5364/4539 5365/4540 5361/4536
f 5365/4540 5359/4534 5361/4536
f 5365/4540 5364/4539 5359/4534
f 5364/4539 5363/4538 5359/4534
f 5363/4538 5362/4537 5359/4534
f 5362/4537 5360/4535 5359/4534
f 5366/4534 5367/4535 5368/4536
f 5367/4535 5369/4537 5368/4536
f 5369/4537 5370/4538 5368/4536
f 5370/4538 5371/4539 5368/4536
f 5371/4539 5372/4540 5368/4536
f 5372/4540 5366/4534 5368/4536
f 5372/4540 5371/4539 5366/4534
f 5371/4539 5370/4538 5366/4534
f 5370/4538 5369/4537 5366/4534
f 5369/4537 5367/4535 5366/4534
f 5373/4527 5374/4528 5375/4529
f 5374/4528 5376/4530 5375/4529
f 5376/4530 5377/4531 5375/4529
f 5377/4531 5378/4532 5375/4529
f 5378/4532 5379/4533 5375/4529
f 5379/4533 5373/4527 5375/4529
f 5379/4533 5378/4532 5373/4527
f 5378/4532 5377/4531 5373/4527
f 5377/4531 5376/4530 5373/4527
f 5376/4530 5374/4528 5373/4527
f 5380/4520 5381/4521 5382/4522
f 5381/4521 5383/4523 5382/4522
f 5383/4523 5384/4524 5382/4522
f 5384/4524 5385/4525 5382/4522
f 5385/4525 5386/4526 5382/4522
f 5386/4526 5380/4520 5382/4522
f 5386/4526 5385/4525 5380/4520
f 5385/4525 5384/4524 5380/4520
f 5384/4524 5383/4523 5380/4520
f 5383/4523 5381/4521 5380/4520
f 5387/4520 5388/4521 5389/4522
f 5388/4521 5390/4523 5389/4522
f 5390/4523 5391/4524 5389/4522
f 5391/4524 5392/4525 5389/4522
f 5392/4525 5393/4526 5389/4522
f 5393/4526 5387/4520 5389/4522
f 5393/4526 5392/4525 5387/4520
f 5392/4525 5391/4524 5387/4520
f 5391/4524 5390/4523 5387/4520
f 5390/4523 5388/4521 5387/4520
f 5394/4534 5395/4535 5396/4536
f 5395/4535 5397/4537 5396/4536
f 5397/4537 5398/4538 5396/4536
f 5398/4538 5399/4539 5396/4536
f 5399/4539 5400/4540 5396/4536
f 5400/4540 5394/4534 5396/4536
f 5400/4540 5399/4539 5394/4534
f 5399/4539 5398/4538 5394/4534
f 5398/4538 5397/4537 5394/4534
f 5397/4537 5395/4535 5394/4534
f 5401/4520 5402/4521 5403/4522
f 5402/4521 5404/4523 5403/4522
f 5404/4523 5405/4524 5403/4522
f 5405/4524 5406/4525 5403/4522
f 5406/4525 5407/4526 5403/4522
f 5407/4526 5401/4520 5403/4522
f 5407/4526 5406/4525 5401/4520
f 5406/4525 5405/4524 5401/4520
f 5405/4524 5404/4523 5401/4520
f 5404/4523 5402/4521 5401/4520
f 5408/4541 5409/4542 5410/4543
f 5409/4542 5411/4544 5410/4543
f 5411/4544 5412/4545 5410/4543
f 5412/4545 5413/4546 5410/4543
f 5413/4546 5414/4547 5410/4543
f 5414/4547 5408/4541 5410/4543
f 5414/4547 5413/4546 5408/4541
f 5413/4546 5412/4545 5408/4541
f 5412/4545 5411/4544 5408/4541
f 5411/4544 5409/4542 5408/4541
f 5415/4520 5416/4521 5417/4522
f 5416/4521 5418/4523 5417/4522
f 5418/4523 5419/4524 5417/4522
f 5419/4524 5420/4525 5417/4522
f 5420/4525 5421/4526 5417/4522
f 5421/4526 5415/4520 5417/4522
f 5421/4526 5420/4525 5415/4520
f 5420/4525 5419/4524 5415/4520
f 5419/4524 5418/4523 5415/4520
f 5418/4523 5416/4521 5415/4520
f 5422/4520 5423/4521 5424/4522
f 5423/4521 5425/4523 5424/4522
f 5425/4523 5426/4524 5424/4522
f 5426/4524 5427/4525 5424/4522
f 5427/4525 5428/4526 5424/4522
f 5428/4526 5422/4520 5424/4522
f 5428/4526 5427/4525 5422/4520
f 5427/4525 5426/4524 5422/4520
f 5426/4524 5425/4523 5422/4520
f 5425/4523 5423/4521 5422/4520
f 5429/4520 5430/4521 5431/4522
f 5430/4521 5432/4523 5431/4522
f 5432/4523 5433/4524 5431/4522
f 5433/4524 5434/4525 5431/4522
f 5434/4525 5435/4526 5431/4522
f 5435/4526 5429/4520 5431/4522
f 5435/4526 5434/4525 5429/4520
f 5434/4525 5433/4524 5429/4520
f 5433/4524 5432/4523 5429/4520
f 5432/4523 5430/4521 5429/4520
f 5436/4520 5437/4521 5438/4522
f 5437/4521 5439/4523 5438/4522
f 5439/4523 5440/4524 5438/4522
f 5440/4524 5441/4525 5438/4522
f 5441/4525 5442/4526 5438/4522
f 5442/4526 5436/4520 5438/4522
f 5442/4526 5441/4525 5436/4520
f 5441/4525 5440/4524 5436/4520
f 5440/4524 5439/4523 5436/4520
f 5439/4523 5437/4521 5436/4520
f 5443/4520 5444/4521 5445/4522
f 5444/4521 5446/4523 5445/4522
f 5446/4523 5447/4524 5445/4522
f 5447/4524 5448/4525 5445/4522
f 5448/4525 5449/4526 5445/4522
f 5449/4526 5443/4520 5445/4522
f 5449/4526 5448/4525 5443/4520
f 5448/4525 5447/4524 5443/4520
f 5447/4524 5446/4523 5443/4520
f 5446/4523 5444/4521 5443/4520
f 5450/4520 5451/4521 5452/4522
f 5451/4521 5453/4523 5452/4522
f 5453/4523 5454/4524 5452/4522
f 5454/4524 5455/4525 5452/4522
f 5455/4525 5456/4526 5452/4522
f 5456/4526 5450/4520 5452/4522
f 5456/4526 5455/4525 5450/4520
f 5455/4525 5454/4524 5450/4520
f 5454/4524 5453/4523 5450/4520
f 5453/4523 5451/4521 5450/4520
f 5457/4541 5458/4542 5459/4543
f 5458/4542 5460/4544 5459/4543
f 5460/4544 5461/4545 5459/4543
f 5461/4545 5462/4546 5459/4543
f 5462/4546 5463/4547 5459/4543
f 5463/4547 5457/4541 5459/4543
f 5463/4547 5462/4546 5457/4541
f 5462/4546 5461/4545 5457/4541
f 5461/4545 5460/4544 5457/4541
f 5460/4544 5458/4542 5457/4541
f 5464/4527 5465/4528 5466/4529
f 5465/4528 5467/4530 5466/4529
f 5467/4530 5468/4531 5466/4529
f 5468/4531 5469/4532 5466/4529
f 5469/4532 5470/4533 5466/4529
f 5470/4533 5464/4527 5466/4529
f 5470/4533 5469/4532 5464/4527
f 5469/4532 5468/4531 5464/4527
f 5468/4531 5467/4530 5464/4527
f 5467/4530 5465/4528 5464/4527
f 5471/4541 5472/4542 5473/4543
f 5472/4542 5474/4544 5473/4543
f 5474/4544 5475/4545 5473/4543
f 5475/4545 5476/4546 5473/4543
f 5476/4546 5477/4547 5473/4543
f 5477/4547 5471/4541 5473/4543
f 5477/4547 5476/4546 5471/4541
f 5476/4546 5475/4545 5471/4541
f 5475/4545 5474/4544 5471/4541
f 5474/4544 5472/4542 5471/4541
f 5478/4534 5479/4535 5480/4536
f 5479/4535 5481/4537 5480/4536
f 5481/4537 5482/4538 5480/4536
f 5482/4538 5483/4539 5480/4536
f 5483/4539 5484/4540 5480/4536
f 5484/4540 5478/4534 5480/4536
f 5484/4540 5483/4539 5478/4534
f 5483/4539 5482/4538 5478/4534
f 5482/4538 5481/4537 5478/4534
f 5481/4537 5479/4535 5478/4534
f 5485/4534 5486/4535 5487/4536
f 5486/4535 5488/4537 5487/4536
f 5488/4537 5489/4538 5487/4536
f 5489/4538 5490/4539 5487/4536
f 5490/4539 5491/4540 5487/4536
f 5491/4540 5485/4534 5487/4536
f 5491/4540 5490/4539 5485/4534
f 5490/4539 5489/4538 5485/4534
f 5489/4538 5488/4537 5485/4534
f 5488/4537 5486/4535 5485/4534
f 5492/4527 5493/4528 5494/4529
f 5493/4528 5495/4530 5494/4529
f 5495/4530 5496/4531 5494/4529
f 5496/4531 5497/4532 5494/4529
f 5497/4532 5498/4533 5494/4529
f 5498/4533 5492/4527 5494/4529
f 5498/4533 5497/4532 5492/4527
f 5497/4532 5496/4531 5492/4527
f 5496/4531 5495/4530 5492/4527
f 5495/4530 5493/4528 5492/4527
f 5499/4534 5500/4535 5501/4536
f 5500/4535 5502/4537 5501/4536
f 5502/4537 5503/4538 5501/4536
f 5503/4538 5504/4539 5501/4536
f 5504/4539 5505/4540 5501/4536
f 5505/4540 5499/4534 5501/4536
f 5505/4540 5504/4539 5499/4534
f 5504/4539 5503/4538 5499/4534
f 5503/4538 5502/4537 5499/4534
f 5502/4537 5500/4535 5499/4534
f 5506/4520 5507/4521 5508/4522
f 5507/4521 5509/4523 5508/4522
f 5509/4523 5510/4524 5508/4522
f 5510/4524 5511/4525 5508/4522
f 5511/4525 5512/4526 5508/4522
f 5512/4526 5506/4520 5508/4522
f 5512/4526 5511/4525 5506/4520
f 5511/4525 5510/4524 5506/4520
f 5510/4524 5509/4523 5506/4520
f 5509/4523 5507/4521 5506/4520
f 5513/4520 5514/4521 5515/4522
f 5514/4521 5516/4523 5515/4522
f 5516/4523 5517/4524 5515/4522
f 5517/4524 5518/4525 5515/4522
f 5518/4525 5519/4526 5515/4522
f 5519/4526 5513/4520 5515/4522
f 5519/4526 5518/4525 5513/4520
f 5518/4525 5517/4524 5513/4520
f 5517/4524 5516/4523 5513/4520
f 5516/4523 5514/4521 5513/4520
f 5520/4520 5521/4521 5522/4522
f 5521/4521 5523/4523 5522/4522
f 5523/4523 5524/4524 5522/4522
f 5524/4524 5525/4525 5522/4522
f 5525/4525 5526/4526 5522/4522
f 5526/4526 5520/4520 5522/4522
f 5526/4526 5525/4525 5520/4520
f 5525/4525 5524/4524 5520/4520
f 5524/4524 5523/4523 5520/4520
f 5523/4523 5521/4521 5520/4520
f 5527/4548 5528/4548 5529/4548
f 5530/4548 5529/4548 5528/4548
f 5531/4548 5527/4548 5529/4548
f 5532/4548 5531/4548 5529/4548
f 5530/4548 5532/4548 5529/4548
f 5533/4548 5530/4548 5528/4548
f 5534/4548 5528/4548 5527/4548
f 5535/4548 5527/4548 5531/4548
f 5536/4548 5531/4548 5532/4548
f 5537/4548 5532/4548 5530/4548
f 5534/4548 5533/4548 5528/4548
f 5535/4548 5534/4548 5527/4548
f 5536/4548 5535/4548 5531/4548
f 5537/4548 5536/4548 5532/4548
f 5533/4548 5537/4548 5530/4548
f 5538/4548 5533/4548 5534/4548
f 5538/4548 5534/4548 5535/4548
f 5538/4548 5535/4548 5536/4548
f 5538/4548 5536/4548 5537/4548
f 5538/4548 5537/4548 5533/4548
f 5539/4556 5540/4557 5541/4558
f 5540/4557 5542/4559 5541/4558
f 5542/4559 5543/4560 5541/4558
f 5543/4560 5544/4561 5541/4558
f 5544/4561 5545/4562 5541/4558
f 5545/4562 5539/4556 5541/4558
f 5545/4562 5544/4561 5539/4556
f 5544/4561 5543/4560 5539/4556
f 5543/4560 5542/4559 5539/4556
f 5542/4559 5540/4557 5539/4556
f 5546/4556 5547/4557 5548/4558
f 5547/4557 5549/4559 5548/4558
f 5549/4559 5550/4560 5548/4558
f 5550/4560 5551/4561 5548/4558
f 5551/4561 5552/4562 5548/4558
f 5552/4562 5546/4556 5548/4558
f 5552/4562 5551/4561 5546/4556
f 5551/4561 5550/4560 5546/4556
f 5550/4560 5549/4559 5546/4556
f 5549/4559 5547/4557 5546/4556
f 5553/4570 5554/4571 5555/4572
f 5554/4571 5556/4573 5555/4572
f 5556/4573 5557/4574 5555/4572
f 5557/4574 5558/4575 5555/4572
f 5558/4575 5559/4576 5555/4572
f 5559/4576 5553/4570 5555/4572
f 5559/4576 5558/4575 5553/4570
f 5558/4575 5557/4574 5553/4570
f 5557/4574 5556/4573 5553/4570
f 5556/4573 5554/4571 5553/4570
f 5560/4549 5561/4550 5562/4551
f 5561/4550 5563/4552 5562/4551
f 5563/4552 5564/4553 5562/4551
f 5564/4553 5565/4554 5562/4551
f 5565/4554 5566/4555 5562/4551
f 5566/4555 5560/4549 5562/4551
f 5566/4555 5565/4554 5560/4549
f 5565/4554 5564/4553 5560/4549
f 5564/4553 5563/4552 5560/4549
f 5563/4552 5561/4550 5560/4549
f 5567/4563 5568/4564 5569/4565
f 5568/4564 5570/4566 5569/4565
f 5570/4566 5571/4567 5569/4565
f 5571/4567 5572/4568 5569/4565
f 5572/4568 5573/4569 5569/4565
f 5573/4569 5567/4563 5569/4565
f 5573/4569 5572/4568 5567/4563
f 5572/4568 5571/4567 5567/4563
f 5571/4567 5570/4566 5567/4563
f 5570/4566 5568/4564 5567/4563
f 5574/4556 5575/4557 5576/4558
f 5575/4557 5577/4559 5576/4558
f 5577/4559 5578/4560 5576/4558
f 5578/4560 5579/4561 5576/4558
f 5579/4561 5580/4562 5576/4558
f 5580/4562 5574/4556 5576/4558
f 5580/4562 5579/4561 5574/4556
f 5579/4561 5578/4560 5574/4556
f 5578/4560 5577/4559 5574/4556
f 5577/4559 5575/4557 5574/4556
f 5581/4563 5582/4564 5583/4565
f 5582/4564 5584/4566 5583/4565
f 5584/4566 5585/4567 5583/4565
f 5585/4567 5586/4568 5583/4565
f 5586/4568 5587/4569 5583/4565
f 5587/4569 5581/4563 5583/4565
f 5587/4569 5586/4568 5581/4563
f 5586/4568 5585/4567 5581/4563
f 5585/4567 5584/4566 5581/4563
f 5584/4566 5582/4564 5581/4563
f 5588/4563 5589/4564 5590/4565
f 5589/4564 5591/4566 5590/4565
f 5591/4566 5592/4567 5590/4565
f 5592/4567 5593/4568 5590/4565
f 5593/4568 5594/4569 5590/4565
f 5594/4569 5588/4563 5590/4565
f 5594/4569 5593/4568 5588/4563
f 5593/4568 5592/4567 5588/4563
f 5592/4567 5591/4566 5588/4563
f 5591/4566 5589/4564 5588/4563
f 5595/4563 5596/4564 5597/4565
f 5596/4564 5598/4566 5597/4565
f 5598/4566 5599/4567 5597/4565
f 5599/4567 5600/4568 5597/4565
f 5600/4568 5601/4569 5597/4565
f 5601/4569 5595/4563 5597/4565
f 5601/4569 5600/4568 5595/4563
f 5600/4568 5599/4567 5595/4563
f 5599/4567 5598/4566 5595/4563
f 5598/4566 5596/4564 5595/4563
f 5602/4563 5603/4564 5604/4565
f 5603/4564 5605/4566 5604/4565
f 5605/4566 5606/4567 5604/4565
f 5606/4567 5607/4568 5604/4565
f 5607/4568 5608/4569 5604/4565
f 5608/4569 5602/4563 5604/4565
f 5608/4569 5607/4568 5602/4563
f 5607/4568 5606/4567 5602/4563
f 5606/4567 5605/4566 5602/4563
f 5605/4566 5603/4564 5602/4563
f 5609/4563 5610/4564 5611/4565
f 5610/4564 5612/4566 5611/4565
f 5612/4566 5613/4567 5611/4565
f 5613/4567 5614/4568 5611/4565
f 5614/4568 5615/4569 5611/4565
f 5615/4569 5609/4563 5611/4565
f 5615/4569 5614/4568 5609/4563
f 5614/4568 5613/4567 5609/4563
f 5613/4567 5612/4566 5609/4563
f 5612/4566 5610/4564 5609/4563
f 5616/4563 5617/4564 5618/4565
f 5617/4564 5619/4566 5618/4565
f 5619/4566 5620/4567 5618/4565
f 5620/4567 5621/4568 5618/4565
f 5621/4568 5622/4569 5618/4565
f 5622/4569 5616/4563 5618/4565
f 5622/4569 5621/4568 5616/4563
f 5621/4568 5620/4567 5616/4563
f 5620/4567 5619/4566 5616/4563
f 5619/4566 5617/4564 5616/4563
f 5623/4556 5624/4557 5625/4558
f 5624/4557 5626/4559 5625/4558
f 5626/4559 5627/4560 5625/4558
f 5627/4560 5628/4561 5625/4558
f 5628/4561 5629/4562 5625/4558
f 5629/4562 5623/4556 5625/4558
f 5629/4562 5628/4561 5623/4556
f 5628/4561 5627/4560 5623/4556
f 5627/4560 5626/4559 5623/4556
f 5626/4559 5624/4557 5623/4556
f 5630/4563 5631/4564 5632/4565
f 5631/4564 5633/4566 5632/4565
f 5633/4566 5634/4567 5632/4565
f 5634/4567 5635/4568 5632/4565
f 5635/4568 5636/4569 5632/4565
f 5636/4569 5630/4563 5632/4565
f 5636/4569 5635/4568 5630/4563
f 5635/4568 5634/4567 5630/4563
f 5634/4567 5633/4566 5630/4563
f 5633/4566 5631/4564 5630/4563
f 5637/4563 5638/4564 5639/4565
f 5638/4564 5640/4566 5639/4565
f 5640/4566 5641/4567 5639/4565
f 5641/4567 5642/4568 5639/4565
f 5642/4568 5643/4569 5639/4565
f 5643/4569 5637/4563 5639/4565
f 5643/4569 5642/4568 5637/4563
f 5642/4568 5641/4567 5637/4563
f 5641/4567 5640/4566 5637/4563
f 5640/4566 5638/4564 5637/4563
f 5644/4549 5645/4550 5646/4551
f 5645/4550 5647/4552 5646/4551
f 5647/4552 5648/4553 5646/4551
f 5648/4553 5649/4554 5646/4551
f 5649/4554 5650/4555 5646/4551
f 5650/4555 5644/4549 5646/4551
f 5650/4555 5649/4554 5644/4549
f 5649/4554 5648/4553 5644/4549
f 5648/4553 5647/4552 5644/4549
f 5647/4552 5645/4550 5644/4549
f 5651/4563 5652/4564 5653/4565
f 5652/4564 5654/4566 5653/4565
f 5654/4566 5655/4567 5653/4565
f 5655/4567 5656/4568 5653/4565
f 5656/4568 5657/4569 5653/4565
f 5657/4569 5651/4563 5653/4565
f 5657/4569 5656/4568 5651/4563
f 5656/4568 5655/4567 5651/4563
f 5655/4567 5654/4566 5651/4563
f 5654/4566 5652/4564 5651/4563
f 5658/4563 5659/4564 5660/4565
f 5659/4564 5661/4566 5660/4565
f 5661/4566 5662/4567 5660/4565
f 5662/4567 5663/4568 5660/4565
f 5663/4568 5664/4569 5660/4565
f 5664/4569 5658/4563 5660/4565
f 5664/4569 5663/4568 5658/4563
f 5663/4568 5662/4567 5658/4563
f 5662/4567 5661/4566 5658/4563
f 5661/4566 5659/4564 5658/4563
f 5665/4563 5666/4564 5667/4565
f 5666/4564 5668/4566 5667/4565
f 5668/4566 5669/4567 5667/4565
f 5669/4567 5670/4568 5667/4565
f 5670/4568 5671/4569 5667/4565
f 5671/4569 5665/4563 5667/4565
f 5671/4569 5670/4568 5665/4563
f 5670/4568 5669/4567 5665/4563
f 5669/4567 5668/4566 5665/4563
f 5668/4566 5666/4564 5665/4563
f 5672/4556 5673/4557 5674/4558
f 5673/4557 5675/4559 5674/4558
f 5675/4559 5676/4560 5674/4558
f 5676/4560 5677/4561 5674/4558
f 5677/4561 5678/4562 5674/4558
f 5678/4562 5672/4556 5674/4558
f 5678/4562 5677/4561 5672/4556
f 5677/4561 5676/4560 5672/4556
f 5676/4560 5675/4559 5672/4556
f 5675/4559 5673/4557 5672/4556
f 5679/4556 5680/4557 5681/4558
f 5680/4557 5682/4559 5681/4558
f 5682/4559 5683/4560 5681/4558
f 5683/4560 5684/4561 5681/4558
f 5684/4561 5685/4562 5681/4558
f 5685/4562 5679/4556 5681/4558
f 5685/4562 5684/4561 5679/4556
f 5684/4561 5683/4560 5679/4556
f 5683/4560 5682/4559 5679/4556
f 5682/4559 5680/4557 5679/4556
f 5686/4556 5687/4557 5688/4558
f 5687/4557 5689/4559 5688/4558
f 5689/4559 5690/4560 5688/4558
f 5690/4560 5691/4561 5688/4558
f 5691/4561 5692/4562 5688/4558
f 5692/4562 5686/4556 5688/4558
f 5692/4562 5691/4561 5686/4556
f 5691/4561 5690/4560 5686/4556
f 5690/4560 5689/4559 5686/4556
f 5689/4559 5687/4557 5686/4556
f 5693/4556 5694/4557 5695/4558
f 5694/4557 5696/4559 5695/4558
f 5696/4559 5697/4560 5695/4558
f 5697/4560 5698/4561 5695/4558
f 5698/4561 5699/4562 5695/4558
f 5699/4562 5693/4556 5695/4558
f 5699/4562 5698/4561 5693/4556
f 5698/4561 5697/4560 5693/4556
f 5697/4560 5696/4559 5693/4556
f 5696/4559 5694/4557 5693/4556
f 5700/4556 5701/4557 5702/4558
f 5701/4557 5703/4559 5702/4558
f 5703/4559 5704/4560 5702/4558
f 5704/4560 5705/4561 5702/4558
f 5705/4561 5706/4562 5702/4558
f 5706/4562 5700/4556 5702/4558
f 5706/4562 5705/4561 5700/4556
f 5705/4561 5704/4560 5700/4556
f 5704/4560 5703/4559 5700/4556
f 5703/4559 5701/4557 5700/4556
f 5707/4563 5708/4564 5709/4565
f 5708/4564 5710/4566 5709/4565
f 5710/4566 5711/4567 5709/4565
f 5711/4567 5712/4568 5709/4565
f 5712/4568 5713/4569 5709/4565
f 5713/4569 5707/4563 5709/4565
f 5713/4569 5712/4568 5707/4563
f 5712/4568 5711/4567 5707/4563
f 5711/4567 5710/4566 5707/4563
f 5710/4566 5708/4564 5707/4563
f 5714/4549 5715/4550 5716/4551
f 5715/4550 5717/4552 5716/4551
f 5717/4552 5718/4553 5716/4551
f 5718/4553 5719/4554 5716/4551
f 5719/4554 5720/4555 5716/4551
f 5720/4555 5714/4549 5716/4551
f 5720/4555 5719/4554 5714/4549
f 5719/4554 5718/4553 5714/4549
f 5718/4553 5717/4552 5714/4549
f 5717/4552 5715/4550 5714/4549
f 5721/4577 5722/4577 5723/4577
f 5724/4577 5723/4577 5722/4577
f 5725/4577 5721/4577 5723/4577
f 5726/4577 5725/4577 5723/4577
f 5724/4577 5726/4577 5723/4577
f 5727/4577 5724/4577 5722/4577
f 5728/4577 5722/4577 5721/4577
f 5729/4577 5721/4577 5725/4577
f 5730/4577 5725/4577 5726/4577
f 5731/4577 5726/4577 5724/4577
f 5728/4577 5727/4577 5722/4577
f 5729/4577 5728/4577 5721/4577
f 5730/4577 5729/4577 5725/4577
f 5731/4577 5730/4577 5726/4577
f 5727/4577 5731/4577 5724/4577
f 5732/4577 5727/4577 5728/4577
f 5732/4577 5728/4577 5729/4577
f 5732/4577 5729/4577 5730/4577
f 5732/4577 5730/4577 5731/4577
f 5732/4577 5731/4577 5727/4577
f 5733/4469 5734/4470 5735/4471
f 5734/4470 5736/4472 5735/4471
f 5736/4472 5737/4473 5735/4471
f 5737/4473 5738/4474 5735/4471
f 5738/4474 5739/4475 5735/4471
f 5739/4475 5733/4469 5735/4471
f 5739/4475 5738/4474 5733/4469
f 5738/4474 5737/4473 5733/4469
f 5737/4473 5736/4472 5733/4469
f 5736/4472 5734/4470 5733/4469
f 5740/4469 5741/4470 5742/4471
f 5741/4470 5743/4472 5742/4471
f 5743/4472 5744/4473 5742/4471
f 5744/4473 5745/4474 5742/4471
f 5745/4474 5746/4475 5742/4471
f 5746/4475 5740/4469 5742/4471
f 5746/4475 5745/4474 5740/4469
f 5745/4474 5744/4473 5740/4469
f 5744/4473 5743/4472 5740/4469
f 5743/4472 5741/4470 5740/4469
f 5747/4462 5748/4463 5749/4464
f 5748/4463 5750/4465 5749/4464
f 5750/4465 5751/4466 5749/4464
f 5751/4466 5752/4467 5749/4464
f 5752/4467 5753/4468 5749/4464
f 5753/4468 5747/4462 5749/4464
f 5753/4468 5752/4467 5747/4462
f 5752/4467 5751/4466 5747/4462
f 5751/4466 5750/4465 5747/4462
f 5750/4465 5748/4463 5747/4462
f 5754/4476 5755/4477 5756/4478
f 5755/4477 5757/4479 5756/4478
f 5757/4479 5758/4480 5756/4478
f 5758/4480 5759/4481 5756/4478
f 5759/4481 5760/4482 5756/4478
f 5760/4482 5754/4476 5756/4478
f 5760/4482 5759/4481 5754/4476
f 5759/4481 5758/4480 5754/4476
f 5758/4480 5757/4479 5754/4476
f 5757/4479 5755/4477 5754/4476
f 5761/4476 5762/4477 5763/4478
f 5762/4477 5764/4479 5763/4478
f 5764/4479 5765/4480 5763/4478
f 5765/4480 5766/4481 5763/4478
f 5766/4481 5767/4482 5763/4478
f 5767/4482 5761/4476 5763/4478
f 5767/4482 5766/4481 5761/4476
f 5766/4481 5765/4480 5761/4476
f 5765/4480 5764/4479 5761/4476
f 5764/4479 5762/4477 5761/4476
f 5768/4476 5769/4477 5770/4478
f 5769/4477 5771/4479 5770/4478
f 5771/4479 5772/4480 5770/4478
f 5772/4480 5773/4481 5770/4478
f 5773/4481 5774/4482 5770/4478
f 5774/4482 5768/4476 5770/4478
f 5774/4482 5773/4481 5768/4476
f 5773/4481 5772/4480 5768/4476
f 5772/4480 5771/4479 5768/4476
f 5771/4479 5769/4477 5768/4476
f 5775/4462 5776/4463 5777/4464
f 5776/4463 5778/4465 5777/4464
f 5778/4465 5779/4466 5777/4464
f 5779/4466 5780/4467 5777/4464
f 5780/4467 5781/4468 5777/4464
f 5781/4468 5775/4462 5777/4464
f 5781/4468 5780/4467 5775/4462
f 5780/4467 5779/4466 5775/4462
f 5779/4466 5778/4465 5775/4462
f 5778/4465 5776/4463 5775/4462
f 5782/4462 5783/4463 5784/4464
f 5783/4463 5785/4465 5784/4464
f 5785/4465 5786/4466 5784/4464
f 5786/4466 5787/4467 5784/4464
f 5787/4467 5788/4468 5784/4464
f 5788/4468 5782/4462 5784/4464
f 5788/4468 5787/4467 5782/4462
f 5787/4467 5786/4466 5782/4462
f 5786/4466 5785/4465 5782/4462
f 5785/4465 5783/4463 5782/4462
f 5789/4476 5790/4477 5791/4478
f 5790/4477 5792/4479 5791/4478
f 5792/4479 5793/4480 5791/4478
f 5793/4480 5794/4481 5791/4478
f 5794/4481 5795/4482 5791/4478
f 5795/4482 5789/4476 5791/4478
f 5795/4482 5794/4481 5789/4476
f 5794/4481 5793/4480 5789/4476
f 5793/4480 5792/4479 5789/4476
f 5792/4479 5790/4477 5789/4476
f 5796/4476 5797/4477 5798/4478
f 5797/4477 5799/4479 5798/4478
f 5799/4479 5800/4480 5798/4478
f 5800/4480 5801/4481 5798/4478
f 5801/4481 5802/4482 5798/4478
f 5802/4482 5796/4476 5798/4478
f 5802/4482 5801/4481 5796/4476
f 5801/4481 5800/4480 5796/4476
f 5800/4480 5799/4479 5796/4476
f 5799/4479 5797/4477 5796/4476
f 5803/4462 5804/4463 5805/4464
f 5804/4463 5806/4465 5805/4464
f 5806/4465 5807/4466 5805/4464
f 5807/4466 5808/4467 5805/4464
f 5808/4467 5809/4468 5805/4464
f 5809/4468 5803/4462 5805/4464
f 5809/4468 5808/4467 5803/4462
f 5808/4467 5807/4466 5803/4462
f 5807/4466 5806/4465 5803/4462
f 5806/4465 5804/4463 5803/4462
f 5810/4476 5811/4477 5812/4478
f 5811/4477 5813/4479 5812/4478
f 5813/4479 5814/4480 5812/4478
f 5814/4480 5815/4481 5812/4478
f 5815/4481 5816/4482 5812/4478
f 5816/4482 5810/4476 5812/4478
f 5816/4482 5815/4481 5810/4476
f 5815/4481 5814/4480 5810/4476
f 5814/4480 5813/4479 5810/4476
f 5813/4479 5811/4477 5810/4476
f 5817/4476 5818/4477 5819/4478
f 5818/4477 5820/4479 5819/4478
f 5820/4479 5821/4480 5819/4478
f 5821/4480 5822/4481 5819/4478
f 5822/4481 5823/4482 5819/4478
f 5823/4482 5817/4476 5819/4478
f 5823/4482 5822/4481 5817/4476
f 5822/4481 5821/4480 5817/4476
f 5821/4480 5820/4479 5817/4476
f 5820/4479 5818/4477 5817/4476
f 5824/4476 5825/4477 5826/4478
f 5825/4477 5827/4479 5826/4478
f 5827/4479 5828/4480 5826/4478
f 5828/4480 5829/4481 5826/4478
f 5829/4481 5830/4482 5826/4478
f 5830/4482 5824/4476 5826/4478
f 5830/4482 5829/4481 5824/4476
f 5829/4481 5828/4480 5824/4476
f 5828/4480 5827/4479 5824/4476
f 5827/4479 5825/4477 5824/4476
f 5831/4476 5832/4477 5833/4478
f 5832/4477 5834/4479 5833/4478
f 5834/4479 5835/4480 5833/4478
f 5835/4480 5836/4481 5833/4478
f 5836/4481 5837/4482 5833/4478
f 5837/4482 5831/4476 5833/4478
f 5837/4482 5836/4481 5831/4476
f 5836/4481 5835/4480 5831/4476
f 5835/4480 5834/4479 5831/4476
f 5834/4479 5832/4477 5831/4476
f 5838/4462 5839/4463 5840/4464
f 5839/4463 5841/4465 5840/4464
f 5841/4465 5842/4466 5840/4464
f 5842/4466 5843/4467 5840/4464
f 5843/4467 5844/4468 5840/4464
f 5844/4468 5838/4462 5840/4464
f 5844/4468 5843/4467 5838/4462
f 5843/4467 5842/4466 5838/4462
f 5842/4466 5841/4465 5838/4462
f 5841/4465 5839/4463 5838/4462
f 5845/4476 5846/4477 5847/4478
f 5846/4477 5848/4479 5847/4478
f 5848/4479 5849/4480 5847/4478
f 5849/4480 5850/4481 5847/4478
f 5850/4481 5851/4482 5847/4478
f 5851/4482 5845/4476 5847/4478
f 5851/4482 5850/4481 5845/4476
f 5850/4481 5849/4480 5845/4476
f 5849/4480 5848/4479 5845/4476
f 5848/4479 5846/4477 5845/4476
f 5852/4476 5853/4477 5854/4478
f 5853/4477 5855/4479 5854/4478
f 5855/4479 5856/4480 5854/4478
f 5856/4480 5857/4481 5854/4478
f 5857/4481 5858/4482 5854/4478
f 5858/4482 5852/4476 5854/4478
f 5858/4482 5857/4481 5852/4476
f 5857/4481 5856/4480 5852/4476
f 5856/4480 5855/4479 5852/4476
f 5855/4479 5853/4477 5852/4476
f 5859/4476 5860/4477 5861/4478
f 5860/4477 5862/4479 5861/4478
f 5862/4479 5863/4480 5861/4478
f 5863/4480 5864/4481 5861/4478
f 5864/4481 5865/4482 5861/4478
f 5865/4482 5859/4476 5861/4478
f 5865/4482 5864/4481 5859/4476
f 5864/4481 5863/4480 5859/4476
f 5863/4480 5862/4479 5859/4476
f 5862/4479 5860/4477 5859/4476
f 5866/4469 5867/4470 5868/4471
f 5867/4470 5869/4472 5868/4471
f 5869/4472 5870/4473 5868/4471
f 5870/4473 5871/4474 5868/4471
f 5871/4474 5872/4475 5868/4471
f 5872/4475 5866/4469 5868/4471
f 5872/4475 5871/4474 5866/4469
f 5871/4474 5870/4473 5866/4469
f 5870/4473 5869/4472 5866/4469
f 5869/4472 5867/4470 5866/4469
f 5873/4476 5874/4477 5875/4478
f 5874/4477 5876/4479 5875/4478
f 5876/4479 5877/4480 5875/4478
f 5877/4480 5878/4481 5875/4478
f 5878/4481 5879/4482 5875/4478
f 5879/4482 5873/4476 5875/4478
f 5879/4482 5878/4481 5873/4476
f 5878/4481 5877/4480 5873/4476
f 5877/4480 5876/4479 5873/4476
f 5876/4479 5874/4477 5873/4476
f 5880/4462 5881/4463 5882/4464
f 5881/4463 5883/4465 5882/4464
f 5883/4465 5884/4466 5882/4464
f 5884/4466 5885/4467 5882/4464
f 5885/4467 5886/4468 5882/4464
f 5886/4468 5880/4462 5882/4464
f 5886/4468 5885/4467 5880/4462
f 5885/4467 5884/4466 5880/4462
f 5884/4466 5883/4465 5880/4462
f 5883/4465 5881/4463 5880/4462
f 5887/4469 5888/4470 5889/4471
f 5888/4470 5890/4472 5889/4471
f 5890/4472 5891/4473 5889/4471
f 5891/4473 5892/4474 5889/4471
f 5892/4474 5893/4475 5889/4471
f 5893/4475 5887/4469 5889/4471
f 5893/4475 5892/4474 5887/4469
f 5892/4474 5891/4473 5887/4469
f 5891/4473 5890/4472 5887/4469
f 5890/4472 5888/4470 5887/4469
f 5894/4462 5895/4463 5896/4464
f 5895/4463 5897/4465 5896/4464
f 5897/4465 5898/4466 5896/4464
f 5898/4466 5899/4467 5896/4464
f 5899/4467 5900/4468 5896/4464
f 5900/4468 5894/4462 5896/4464
f 5900/4468 5899/4467 5894/4462
f 5899/4467 5898/4466 5894/4462
f 5898/4466 5897/4465 5894/4462
f 5897/4465 5895/4463 5894/4462
f 5901/4476 5902/4477 5903/4478
f 5902/4477 5904/4479 5903/4478
f 5904/4479 5905/4480 5903/4478
f 5905/4480 5906/4481 5903/4478
f 5906/4481 5907/4482 5903/4478
f 5907/4482 5901/4476 5903/4478
f 5907/4482 5906/4481 5901/4476
f 5906/4481 5905/4480 5901/4476
f 5905/4480 5904/4479 5901/4476
f 5904/4479 5902/4477 5901/4476
f 5908/4469 5909/4470 5910/4471
f 5909/4470 5911/4472 5910/4471
f 5911/4472 5912/4473 5910/4471
f 5912/4473 5913/4474 5910/4471
f 5913/4474 5914/4475 5910/4471
f 5914/4475 5908/4469 5910/4471
f 5914/4475 5913/4474 5908/4469
f 5913/4474 5912/4473 5908/4469
f 5912/4473 5911/4472 5908/4469
f 5911/4472 5909/4470 5908/4469
f 5915/4490 5916/4490 5917/4490
f 5918/4490 5917/4490 5916/4490
f 5919/4490 5915/4490 5917/4490
f 5920/4490 5919/4490 5917/4490
f 5918/4490 5920/4490 5917/4490
f 5921/4490 5918/4490 5916/4490
f 5922/4490 5916/4490 5915/4490
f 5923/4490 5915/4490 5919/4490
f 5924/4490 5919/4490 5920/4490
f 5925/4490 5920/4490 5918/4490
f 5922/4490 5921/4490 5916/4490
f 5923/4490 5922/4490 5915/4490
f 5924/4490 5923/4490 5919/4490
f 5925/4490 5924/4490 5920/4490
f 5921/4490 5925/4490 5918/4490
f 5926/4490 5921/4490 5922/4490
f 5926/4490 5922/4490 5923/4490
f 5926/4490 5923/4490 5924/4490
f 5926/4490 5924/4490 5925/4490
f 5926/4490 5925/4490 5921/4490
f 5927/4592 5928/4593 5929/4594
f 5928/4593 5930/4595 5929/4594
f 5930/4595 5931/4596 5929/4594
f 5931/4596 5932/4597 5929/4594
f 5932/4597 5933/4598 5929/4594
f 5933/4598 5927/4592 5929/4594
f 5933/4598 5932/4597 5927/4592
f 5932/4597 5931/4596 5927/4592
f 5931/4596 5930/4595 5927/4592
f 5930/4595 5928/4593 5927/4592
f 5934/4578 5935/4579 5936/4580
f 5935/4579 5937/4581 5936/4580
f 5937/4581 5938/4582 5936/4580
f 5938/4582 5939/4583 5936/4580
f 5939/4583 5940/4584 5936/4580
f 5940/4584 5934/4578 5936/4580
f 5940/4584 5939/4583 5934/4578
f 5939/4583 5938/4582 5934/4578
f 5938/4582 5937/4581 5934/4578
f 5937/4581 5935/4579 5934/4578
f 5941/4585 5942/4586 5943/4587
f 5942/4586 5944/4588 5943/4587
f 5944/4588 5945/4589 5943/4587
f 5945/4589 5946/4590 5943/4587
f 5946/4590 5947/4591 5943/4587
f 5947/4591 5941/4585 5943/4587
f 5947/4591 5946/4590 5941/4585
f 5946/4590 5945/4589 5941/4585
f 5945/4589 5944/4588 5941/4585
f 5944/4588 5942/4586 5941/4585
f 5948/4578 5949/4579 5950/4580
f 5949/4579 5951/4581 5950/4580
f 5951/4581 5952/4582 5950/4580
f 5952/4582 5953/4583 5950/4580
f 5953/4583 5954/4584 5950/4580
f 5954/4584 5948/4578 5950/4580
f 5954/4584 5953/4583 5948/4578
f 5953/4583 5952/4582 5948/4578
f 5952/4582 5951/4581 5948/4578
f 5951/4581 5949/4579 5948/4578
f 5955/4578 5956/4579 5957/4580
f 5956/4579 5958/4581 5957/4580
f 5958/4581 5959/4582 5957/4580
f 5959/4582 5960/4583 5957/4580
f 5960/4583 5961/4584 5957/4580
f 5961/4584 5955/4578 5957/4580
f 5961/4584 5960/4583 5955/4578
f 5960/4583 5959/4582 5955/4578
f 5959/4582 5958/4581 5955/4578
f 5958/4581 5956/4579 5955/4578
f 5962/4578 5963/4579 5964/4580
f 5963/4579 5965/4581 5964/4580
f 5965/4581 5966/4582 5964/4580
f 5966/4582 5967/4583 5964/4580
f 5967/4583 5968/4584 5964/4580
f 5968/4584 5962/4578 5964/4580
f 5968/4584 5967/4583 5962/4578
f 5967/4583 5966/4582 5962/4578
f 5966/4582 5965/4581 5962/4578
f 5965/4581 5963/4579 5962/4578
f 5969/4578 5970/4579 5971/4580
f 5970/4579 5972/4581 5971/4580
f 5972/4581 5973/4582 5971/4580
f 5973/4582 5974/4583 5971/4580
f 5974/4583 5975/4584 5971/4580
f 5975/4584 5969/4578 5971/4580
f 5975/4584 5974/4583 5969/4578
f 5974/4583 5973/4582 5969/4578
f 5973/4582 5972/4581 5969/4578
f 5972/4581 5970/4579 5969/4578
f 5976/4578 5977/4579 5978/4580
f 5977/4579 5979/4581 5978/4580
f 5979/4581 5980/4582 5978/4580
f 5980/4582 5981/4583 5978/4580
f 5981/4583 5982/4584 5978/4580
f 5982/4584 5976/4578 5978/4580
f 5982/4584 5981/4583 5976/4578
f 5981/4583 5980/4582 5976/4578
f 5980/4582 5979/4581 5976/4578
f 5979/4581 5977/4579 5976/4578
f 5983/4585 5984/4586 5985/4587
f 5984/4586 5986/4588 5985/4587
f 5986/4588 5987/4589 5985/4587
f 5987/4589 5988/4590 5985/4587
f 5988/4590 5989/4591 5985/4587
f 5989/4591 5983/4585 5985/4587
f 5989/4591 5988/4590 5983/4585
f 5988/4590 5987/4589 5983/4585
f 5987/4589 5986/4588 5983/4585
f 5986/4588 5984/4586 5983/4585
f 5990/4585 5991/4586 5992/4587
f 5991/4586 5993/4588 5992/4587
f 5993/4588 5994/4589 5992/4587
f 5994/4589 5995/4590 5992/4587
f 5995/4590 5996/4591 5992/4587
f 5996/4591 5990/4585 5992/4587
f 5996/4591 5995/4590 5990/4585
f 5995/4590 5994/4589 5990/4585
f 5994/4589 5993/4588 5990/4585
f 5993/4588 5991/4586 5990/4585
f 5997/4585 5998/4586 5999/4587
f 5998/4586 6000/4588 5999/4587
f 6000/4588 6001/4589 5999/4587
f 6001/4589 6002/4590 5999/4587
f 6002/4590 6003/4591 5999/4587
f 6003/4591 5997/4585 5999/4587
f 6003/4591 6002/4590 5997/4585
f 6002/4590 6001/4589 5997/4585
f 6001/4589 6000/4588 5997/4585
f 6000/4588 5998/4586 5997/4585
f 6004/4578 6005/4579 6006/4580
f 6005/4579 6007/4581 6006/4580
f 6007/4581 6008/4582 6006/4580
f 6008/4582 6009/4583 6006/4580
f 6009/4583 6010/4584 6006/4580
f 6010/4584 6004/4578 6006/4580
f 6010/4584 6009/4583 6004/4578
f 6009/4583 6008/4582 6004/4578
f 6008/4582 6007/4581 6004/4578
f 6007/4581 6005/4579 6004/4578
f 6011/4578 6012/4579 6013/4580
f 6012/4579 6014/4581 6013/4580
f 6014/4581 6015/4582 6013/4580
f 6015/4582 6016/4583 6013/4580
f 6016/4583 6017/4584 6013/4580
f 6017/4584 6011/4578 6013/4580
f 6017/4584 6016/4583 6011/4578
f 6016/4583 6015/4582 6011/4578
f 6015/4582 6014/4581 6011/4578
f 6014/4581 6012/4579 6011/4578
f 6018/4599 6019/4600 6020/4601
f 6019/4600 6021/4602 6020/4601
f 6021/4602 6022/4603 6020/4601
f 6022/4603 6023/4604 6020/4601
f 6023/4604 6024/4605 6020/4601
f 6024/4605 6018/4599 6020/4601
f 6024/4605 6023/4604 6018/4599
f 6023/4604 6022/4603 6018/4599
f 6022/4603 6021/4602 6018/4599
f 6021/4602 6019/4600 6018/4599
f 6025/4578 6026/4579 6027/4580
f 6026/4579 6028/4581 6027/4580
f 6028/4581 6029/4582 6027/4580
f 6029/4582 6030/4583 6027/4580
f 6030/4583 6031/4584 6027/4580
f 6031/4584 6025/4578 6027/4580
f 6031/4584 6030/4583 6025/4578
f 6030/4583 6029/4582 6025/4578
f 6029/4582 6028/4581 6025/4578
f 6028/4581 6026/4579 6025/4578
f 6032/4599 6033/4600 6034/4601
f 6033/4600 6035/4602 6034/4601
f 6035/4602 6036/4603 6034/4601
f 6036/4603 6037/4604 6034/4601
f 6037/4604 6038/4605 6034/4601
f 6038/4605 6032/4599 6034/4601
f 6038/4605 6037/4604 6032/4599
f 6037/4604 6036/4603 6032/4599
f 6036/4603 6035/4602 6032/4599
f 6035/4602 6033/4600 6032/4599
f 6039/4585 6040/4586 6041/4587
f 6040/4586 6042/4588 6041/4587
f 6042/4588 6043/4589 6041/4587
f 6043/4589 6044/4590 6041/4587
f 6044/4590 6045/4591 6041/4587
f 6045/4591 6039/4585 6041/4587
f 6045/4591 6044/4590 6039/4585
f 6044/4590 6043/4589 6039/4585
f 6043/4589 6042/4588 6039/4585
f 6042/4588 6040/4586 6039/4585
f 6046/4585 6047/4586 6048/4587
f 6047/4586 6049/4588 6048/4587
f 6049/4588 6050/4589 6048/4587
f 6050/4589 6051/4590 6048/4587
f 6051/4590 6052/4591 6048/4587
f 6052/4591 6046/4585 6048/4587
f 6052/4591 6051/4590 6046/4585
f 6051/4590 6050/4589 6046/4585
f 6050/4589 6049/4588 6046/4585
f 6049/4588 6047/4586 6046/4585
f 6053/4585 6054/4586 6055/4587
f 6054/4586 6056/4588 6055/4587
f 6056/4588 6057/4589 6055/4587
f 6057/4589 6058/4590 6055/4587
f 6058/4590 6059/4591 6055/4587
f 6059/4591 6053/4585 6055/4587
f 6059/4591 6058/4590 6053/4585
f 6058/4590 6057/4589 6053/4585
f 6057/4589 6056/4588 6053/4585
f 6056/4588 6054/4586 6053/4585
f 6060/4585 6061/4586 6062/4587
f 6061/4586 6063/4588 6062/4587
f 6063/4588 6064/4589 6062/4587
f 6064/4589 6065/4590 6062/4587
f 6065/4590 6066/4591 6062/4587
f 6066/4591 6060/4585 6062/4587
f 6066/4591 6065/4590 6060/4585
f 6065/4590 6064/4589 6060/4585
f 6064/4589 6063/4588 6060/4585
f 6063/4588 6061/4586 6060/4585
f 6067/4578 6068/4579 6069/4580
f 6068/4579 6070/4581 6069/4580
f 6070/4581 6071/4582 6069/4580
f 6071/4582 6072/4583 6069/4580
f 6072/4583 6073/4584 6069/4580
f 6073/4584 6067/4578 6069/4580
f 6073/4584 6072/4583 6067/4578
f 6072/4583 6071/4582 6067/4578
f 6071/4582 6070/4581 6067/4578
f 6070/4581 6068/4579 6067/4578
f 6074/4599 6075/4600 6076/4601
f 6075/4600 6077/4602 6076/4601
f 6077/4602 6078/4603 6076/4601
f 6078/4603 6079/4604 6076/4601
f 6079/4604 6080/4605 6076/4601
f 6080/4605 6074/4599 6076/4601
f 6080/4605 6079/4604 6074/4599
f 6079/4604 6078/4603 6074/4599
f 6078/4603 6077/4602 6074/4599
f 6077/4602 6075/4600 6074/4599
f 6081/4599 6082/4600 6083/4601
f 6082/4600 6084/4602 6083/4601
f 6084/4602 6085/4603 6083/4601
f 6085/4603 6086/4604 6083/4601
f 6086/4604 6087/4605 6083/4601
f 6087/4605 6081/4599 6083/4601
f 6087/4605 6086/4604 6081/4599
f 6086/4604 6085/4603 6081/4599
f 6085/4603 6084/4602 6081/4599
f 6084/4602 6082/4600 6081/4599
f 6088/4578 6089/4579 6090/4580
f 6089/4579 6091/4581 6090/4580
f 6091/4581 6092/4582 6090/4580
f 6092/4582 6093/4583 6090/4580
f 6093/4583 6094/4584 6090/4580
f 6094/4584 6088/4578 6090/4580
f 6094/4584 6093/4583 6088/4578
f 6093/4583 6092/4582 6088/4578
f 6092/4582 6091/4581 6088/4578
f 6091/4581 6089/4579 6088/4578
f 6095/4599 6096/4600 6097/4601
f 6096/4600 6098/4602 6097/4601
f 6098/4602 6099/4603 6097/4601
f 6099/4603 6100/4604 6097/4601
f 6100/4604 6101/4605 6097/4601
f 6101/4605 6095/4599 6097/4601
f 6101/4605 6100/4604 6095/4599
f 6100/4604 6099/4603 6095/4599
f 6099/4603 6098/4602 6095/4599
f 6098/4602 6096/4600 6095/4599
f 6102/4592 6103/4593 6104/4594
f 6103/4593 6105/4595 6104/4594
f 6105/4595 6106/4596 6104/4594
f 6106/4596 6107/4597 6104/4594
f 6107/4597 6108/4598 6104/4594
f 6108/4598 6102/4592 6104/4594
f 6108/4598 6107/4597 6102/4592
f 6107/4597 6106/4596 6102/4592
f 6106/4596 6105/4595 6102/4592
f 6105/4595 6103/4593 6102/4592
f 6109/4606 6110/4606 6111/4606
f 6112/4606 6111/4606 6110/4606
f 6113/4606 6109/4606 6111/4606
f 6114/4606 6113/4606 6111/4606
f 6112/4606 6114/4606 6111/4606
f 6115/4606 6112/4606 6110/4606
f 6116/4606 6110/4606 6109/4606
f 6117/4606 6109/4606 6113/4606
f 6118/4606 6113/4606 6114/4606
f 6119/4606 6114/4606 6112/4606
f 6116/4606 6115/4606 6110/4606
f 6117/4606 6116/4606 6109/4606
f 6118/4606 6117/4606 6113/4606
f 6119/4606 6118/4606 6114/4606
f 6115/4606 6119/4606 6112/4606
f 6120/4606 6115/4606 6116/4606
f 6120/4606 6116/4606 6117/4606
f 6120/4606 6117/4606 6118/4606
f 6120/4606 6118/4606 6119/4606
f 6120/4606 6119/4606 6115/4606
f 6121/4549 6122/4550 6123/4551
f 6122/4550 6124/4552 6123/4551
f 6124/4552 6125/4553 6123/4551
f 6125/4553 6126/4554 6123/4551
f 6126/4554 6127/4555 6123/4551
f 6127/4555 6121/4549 6123/4551
f 6127/4555 6126/4554 6121/4549
f 6126/4554 6125/4553 6121/4549
f 6125/4553 6124/4552 6121/4549
f 6124/4552 6122/4550 6121/4549
f 6128/4570 6129/4571 6130/4572
f 6129/4571 6131/4573 6130/4572
f 6131/4573 6132/4574 6130/4572
f 6132/4574 6133/4575 6130/4572
f 6133/4575 6134/4576 6130/4572
f 6134/4576 6128/4570 6130/4572
f 6134/4576 6133/4575 6128/4570
f 6133/4575 6132/4574 6128/4570
f 6132/4574 6131/4573 6128/4570
f 6131/4573 6129/4571 6128/4570
f 6135/4563 6136/4564 6137/4565
f 6136/4564 6138/4566 6137/4565
f 6138/4566 6139/4567 6137/4565
f 6139/4567 6140/4568 6137/4565
f 6140/4568 6141/4569 6137/4565
f 6141/4569 6135/4563 6137/4565
f 6141/4569 6140/4568 6135/4563
f 6140/4568 6139/4567 6135/4563
f 6139/4567 6138/4566 6135/4563
f 6138/4566 6136/4564 6135/4563
f 6142/4556 6143/4557 6144/4558
f 6143/4557 6145/4559 6144/4558
f 6145/4559 6146/4560 6144/4558
f 6146/4560 6147/4561 6144/4558
f 6147/4561 6148/4562 6144/4558
f 6148/4562 6142/4556 6144/4558
f 6148/4562 6147/4561 6142/4556
f 6147/4561 6146/4560 6142/4556
f 6146/4560 6145/4559 6142/4556
f 6145/4559 6143/4557 6142/4556
f 6149/4563 6150/4564 6151/4565
f 6150/4564 6152/4566 6151/4565
f 6152/4566 6153/4567 6151/4565
f 6153/4567 6154/4568 6151/4565
f 6154/4568 6155/4569 6151/4565
f 6155/4569 6149/4563 6151/4565
f 6155/4569 6154/4568 6149/4563
f 6154/4568 6153/4567 6149/4563
f 6153/4567 6152/4566 6149/4563
f 6152/4566 6150/4564 6149/4563
f 6156/4556 6157/4557 6158/4558
f 6157/4557 6159/4559 6158/4558
f 6159/4559 6160/4560 6158/4558
f 6160/4560 6161/4561 6158/4558
f 6161/4561 6162/4562 6158/4558
f 6162/4562 6156/4556 6158/4558
f 6162/4562 6161/4561 6156/4556
f 6161/4561 6160/4560 6156/4556
f 6160/4560 6159/4559 6156/4556
f 6159/4559 6157/4557 6156/4556
f 6163/4556 6164/4557 6165/4558
f 6164/4557 6166/4559 6165/4558
f 6166/4559 6167/4560 6165/4558
f 6167/4560 6168/4561 6165/4558
f 6168/4561 6169/4562 6165/4558
f 6169/4562 6163/4556 6165/4558
f 6169/4562 6168/4561 6163/4556
f 6168/4561 6167/4560 6163/4556
f 6167/4560 6166/4559 6163/4556
f 6166/4559 6164/4557 6163/4556
f 6170/4563 6171/4564 6172/4565
f 6171/4564 6173/4566 6172/4565
f 6173/4566 6174/4567 6172/4565
f 6174/4567 6175/4568 6172/4565
f 6175/4568 6176/4569 6172/4565
f 6176/4569 6170/4563 6172/4565
f 6176/4569 6175/4568 6170/4563
f 6175/4568 6174/4567 6170/4563
f 6174/4567 6173/4566 6170/4563
f 6173/4566 6171/4564 6170/4563
f 6177/4563 6178/4564 6179/4565
f 6178/4564 6180/4566 6179/4565
f 6180/4566 6181/4567 6179/4565
f 6181/4567 6182/4568 6179/4565
f 6182/4568 6183/4569 6179/4565
f 6183/4569 6177/4563 6179/4565
f 6183/4569 6182/4568 6177/4563
f 6182/4568 6181/4567 6177/4563
f 6181/4567 6180/4566 6177/4563
f 6180/4566 6178/4564 6177/4563
f 6184/4563 6185/4564 6186/4565
f 6185/4564 6187/4566 6186/4565
f 6187/4566 6188/4567 6186/4565
f 6188/4567 6189/4568 6186/4565
f 6189/4568 6190/4569 6186/4565
f 6190/4569 6184/4563 6186/4565
f 6190/4569 6189/4568 6184/4563
f 6189/4568 6188/4567 6184/4563
f 6188/4567 6187/4566 6184/4563
f 6187/4566 6185/4564 6184/4563
f 6191/4563 6192/4564 6193/4565
f 6192/4564 6194/4566 6193/4565
f 6194/4566 6195/4567 6193/4565
f 6195/4567 6196/4568 6193/4565
f 6196/4568 6197/4569 6193/4565
f 6197/4569 6191/4563 6193/4565
f 6197/4569 6196/4568 6191/4563
f 6196/4568 6195/4567 6191/4563
f 6195/4567 6194/4566 6191/4563
f 6194/4566 6192/4564 6191/4563
f 6198/4549 6199/4550 6200/4551
f 6199/4550 6201/4552 6200/4551
f 6201/4552 6202/4553 6200/4551
f 6202/4553 6203/4554 6200/4551
f 6203/4554 6204/4555 6200/4551
f 6204/4555 6198/4549 6200/4551
f 6204/4555 6203/4554 6198/4549
f 6203/4554 6202/4553 6198/4549
f 6202/4553 6201/4552 6198/4549
f 6201/4552 6199/4550 6198/4549
f 6205/4556 6206/4557 6207/4558
f 6206/4557 6208/4559 6207/4558
f 6208/4559 6209/4560 6207/4558
f 6209/4560 6210/4561 6207/4558
f 6210/4561 6211/4562 6207/4558
f 6211/4562 6205/4556 6207/4558
f 6211/4562 6210/4561 6205/4556
f 6210/4561 6209/4560 6205/4556
f 6209/4560 6208/4559 6205/4556
f 6208/4559 6206/4557 6205/4556
f 6212/4556 6213/4557 6214/4558
f 6213/4557 6215/4559 6214/4558
f 6215/4559 6216/4560 6214/4558
f 6216/4560 6217/4561 6214/4558
f 6217/4561 6218/4562 6214/4558
f 6218/4562 6212/4556 6214/4558
f 6218/4562 6217/4561 6212/4556
f 6217/4561 6216/4560 6212/4556
f 6216/4560 6215/4559 6212/4556
f 6215/4559 6213/4557 6212/4556
f 6219/4549 6220/4550 6221/4551
f 6220/4550 6222/4552 6221/4551
f 6222/4552 6223/4553 6221/4551
f 6223/4553 6224/4554 6221/4551
f 6224/4554 6225/4555 6221/4551
f 6225/4555 6219/4549 6221/4551
f 6225/4555 6224/4554 6219/4549
f 6224/4554 6223/4553 6219/4549
f 6223/4553 6222/4552 6219/4549
f 6222/4552 6220/4550 6219/4549
f 6226/4556 6227/4557 6228/4558
f 6227/4557 6229/4559 6228/4558
f 6229/4559 6230/4560 6228/4558
f 6230/4560 6231/4561 6228/4558
f 6231/4561 6232/4562 6228/4558
f 6232/4562 6226/4556 6228/4558
f 6232/4562 6231/4561 6226/4556
f 6231/4561 6230/4560 6226/4556
f 6230/4560 6229/4559 6226/4556
f 6229/4559 6227/4557 6226/4556
f 6233/4563 6234/4564 6235/4565
f 6234/4564 6236/4566 6235/4565
f 6236/4566 6237/4567 6235/4565
f 6237/4567 6238/4568 6235/4565
f 6238/4568 6239/4569 6235/4565
f 6239/4569 6233/4563 6235/4565
f 6239/4569 6238/4568 6233/4563
f 6238/4568 6237/4567 6233/4563
f 6237/4567 6236/4566 6233/4563
f 6236/4566 6234/4564 6233/4563
f 6240/4563 6241/4564 6242/4565
f 6241/4564 6243/4566 6242/4565
f 6243/4566 6244/4567 6242/4565
f 6244/4567 6245/4568 6242/4565
f 6245/4568 6246/4569 6242/4565
f 6246/4569 6240/4563 6242/4565
f 6246/4569 6245/4568 6240/4563
f 6245/4568 6244/4567 6240/4563
f 6244/4567 6243/4566 6240/4563
f 6243/4566 6241/4564 6240/4563
f 6247/4556 6248/4557 6249/4558
f 6248/4557 6250/4559 6249/4558
f 6250/4559 6251/4560 6249/4558
f 6251/4560 6252/4561 6249/4558
f 6252/4561 6253/4562 6249/4558
f 6253/4562 6247/4556 6249/4558
f 6253/4562 6252/4561 6247/4556
f 6252/4561 6251/4560 6247/4556
f 6251/4560 6250/4559 6247/4556
f 6250/4559 6248/4557 6247/4556
f 6254/4570 6255/4571 6256/4572
f 6255/4571 6257/4573 6256/4572
f 6257/4573 6258/4574 6256/4572
f 6258/4574 6259/4575 6256/4572
f 6259/4575 6260/4576 6256/4572
f 6260/4576 6254/4570 6256/4572
f 6260/4576 6259/4575 6254/4570
f 6259/4575 6258/4574 6254/4570
f 6258/4574 6257/4573 6254/4570
f 6257/4573 6255/4571 6254/4570
f 6261/4563 6262/4564 6263/4565
f 6262/4564 6264/4566 6263/4565
f 6264/4566 6265/4567 6263/4565
f 6265/4567 6266/4568 6263/4565
f 6266/4568 6267/4569 6263/4565
f 6267/4569 6261/4563 6263/4565
f 6267/4569 6266/4568 6261/4563
f 6266/4568 6265/4567 6261/4563
f 6265/4567 6264/4566 6261/4563
f 6264/4566 6262/4564 6261/4563
f 6268/4549 6269/4550 6270/4551
f 6269/4550 6271/4552 6270/4551
f 6271/4552 6272/4553 6270/4551
f 6272/4553 6273/4554 6270/4551
f 6273/4554 6274/4555 6270/4551
f 6274/4555 6268/4549 6270/4551
f 6274/4555 6273/4554 6268/4549
f 6273/4554 6272/4553 6268/4549
f 6272/4553 6271/4552 6268/4549
f 6271/4552 6269/4550 6268/4549
f 6275/4549 6276/4550 6277/4551
f 6276/4550 6278/4552 6277/4551
f 6278/4552 6279/4553 6277/4551
f 6279/4553 6280/4554 6277/4551
f 6280/4554 6281/4555 6277/4551
f 6281/4555 6275/4549 6277/4551
f 6281/4555 6280/4554 6275/4549
f 6280/4554 6279/4553 6275/4549
f 6279/4553 6278/4552 6275/4549
f 6278/4552 6276/4550 6275/4549
f 6282/4556 6283/4557 6284/4558
f 6283/4557 6285/4559 6284/4558
f 6285/4559 6286/4560 6284/4558
f 6286/4560 6287/4561 6284/4558
f 6287/4561 6288/4562 6284/4558
f 6288/4562 6282/4556 6284/4558
f 6288/4562 6287/4561 6282/4556
f 6287/4561 6286/4560 6282/4556
f 6286/4560 6285/4559 6282/4556
f 6285/4559 6283/4557 6282/4556
f 6289/4563 6290/4564 6291/4565
f 6290/4564 6292/4566 6291/4565
f 6292/4566 6293/4567 6291/4565
f 6293/4567 6294/4568 6291/4565
f 6294/4568 6295/4569 6291/4565
f 6295/4569 6289/4563 6291/4565
f 6295/4569 6294/4568 6289/4563
f 6294/4568 6293/4567 6289/4563
f 6293/4567 6292/4566 6289/4563
f 6292/4566 6290/4564 6289/4563
f 6296/4549 6297/4550 6298/4551
f 6297/4550 6299/4552 6298/4551
f 6299/4552 6300/4553 6298/4551
f 6300/4553 6301/4554 6298/4551
f 6301/4554 6302/4555 6298/4551
f 6302/4555 6296/4549 6298/4551
f 6302/4555 6301/4554 6296/4549
f 6301/4554 6300/4553 6296/4549
f 6300/4553 6299/4552 6296/4549
f 6299/4552 6297/4550 6296/4549
f 6303/4577 6304/4577 6305/4577
f 6306/4577 6305/4577 6304/4577
f 6307/4577 6303/4577 6305/4577
f 6308/4577 6307/4577 6305/4577
f 6306/4577 6308/4577 6305/4577
f 6309/4577 6306/4577 6304/4577
f 6310/4577 6304/4577 6303/4577
f 6311/4577 6303/4577 6307/4577
f 6312/4577 6307/4577 6308/4577
f 6313/4577 6308/4577 6306/4577
f 6310/4577 6309/4577 6304/4577
f 6311/4577 6310/4577 6303/4577
f 6312/4577 6311/4577 6307/4577
f 6313/4577 6312/4577 6308/4577
f 6309/4577 6313/4577 6306/4577
f 6314/4577 6309/4577 6310/4577
f 6314/4577 6310/4577 6311/4577
f 6314/4577 6311/4577 6312/4577
f 6314/4577 6312/4577 6313/4577
f 6314/4577 6313/4577 6309/4577
f 6315/4578 6316/4579 6317/4580
f 6316/4579 6318/4581 6317/4580
f 6318/4581 6319/4582 6317/4580
f 6319/4582 6320/4583 6317/4580
f 6320/4583 6321/4584 6317/4580
f 6321/4584 6315/4578 6317/4580
f 6321/4584 6320/4583 6315/4578
f 6320/4583 6319/4582 6315/4578
f 6319/4582 6318/4581 6315/4578
f 6318/4581 6316/4579 6315/4578
f 6322/4599 6323/4600 6324/4601
f 6323/4600 6325/4602 6324/4601
f 6325/4602 6326/4603 6324/4601
f 6326/4603 6327/4604 6324/4601
f 6327/4604 6328/4605 6324/4601
f 6328/4605 6322/4599 6324/4601
f 6328/4605 6327/4604 6322/4599
f 6327/4604 6326/4603 6322/4599
f 6326/4603 6325/4602 6322/4599
f 6325/4602 6323/4600 6322/4599
f 6329/4585 6330/4586 6331/4587
f 6330/4586 6332/4588 6331/4587
f 6332/4588 6333/4589 6331/4587
f 6333/4589 6334/4590 6331/4587
f 6334/4590 6335/4591 6331/4587
f 6335/4591 6329/4585 6331/4587
f 6335/4591 6334/4590 6329/4585
f 6334/4590 6333/4589 6329/4585
f 6333/4589 6332/4588 6329/4585
f 6332/4588 6330/4586 6329/4585
f 6336/4578 6337/4579 6338/4580
f 6337/4579 6339/4581 6338/4580
f 6339/4581 6340/4582 6338/4580
f 6340/4582 6341/4583 6338/4580
f 6341/4583 6342/4584 6338/4580
f 6342/4584 6336/4578 6338/4580
f 6342/4584 6341/4583 6336/4578
f 6341/4583 6340/4582 6336/4578
f 6340/4582 6339/4581 6336/4578
f 6339/4581 6337/4579 6336/4578
f 6343/4578 6344/4579 6345/4580
f 6344/4579 6346/4581 6345/4580
f 6346/4581 6347/4582 6345/4580
f 6347/4582 6348/4583 6345/4580
f 6348/4583 6349/4584 6345/4580
f 6349/4584 6343/4578 6345/4580
f 6349/4584 6348/4583 6343/4578
f 6348/4583 6347/4582 6343/4578
f 6347/4582 6346/4581 6343/4578
f 6346/4581 6344/4579 6343/4578
f 6350/4578 6351/4579 6352/4580
f 6351/4579 6353/4581 6352/4580
f 6353/4581 6354/4582 6352/4580
f 6354/4582 6355/4583 6352/4580
f 6355/4583 6356/4584 6352/4580
f 6356/4584 6350/4578 6352/4580
f 6356/4584 6355/4583 6350/4578
f 6355/4583 6354/4582 6350/4578
f 6354/4582 6353/4581 6350/4578
f 6353/4581 6351/4579 6350/4578
f 6357/4599 6358/4600 6359/4601
f 6358/4600 6360/4602 6359/4601
f 6360/4602 6361/4603 6359/4601
f 6361/4603 6362/4604 6359/4601
f 6362/4604 6363/4605 6359/4601
f 6363/4605 6357/4599 6359/4601
f 6363/4605 6362/4604 6357/4599
f 6362/4604 6361/4603 6357/4599
f 6361/4603 6360/4602 6357/4599
f 6360/4602 6358/4600 6357/4599
f 6364/4578 6365/4579 6366/4580
f 6365/4579 6367/4581 6366/4580
f 6367/4581 6368/4582 6366/4580
f 6368/4582 6369/4583 6366/4580
f 6369/4583 6370/4584 6366/4580
f 6370/4584 6364/4578 6366/4580
f 6370/4584 6369/4583 6364/4578
f 6369/4583 6368/4582 6364/4578
f 6368/4582 6367/4581 6364/4578
f 6367/4581 6365/4579 6364/4578
f 6371/4599 6372/4600 6373/4601
f 6372/4600 6374/4602 6373/4601
f 6374/4602 6375/4603 6373/4601
f 6375/4603 6376/4604 6373/4601
f 6376/4604 6377/4605 6373/4601
f 6377/4605 6371/4599 6373/4601
f 6377/4605 6376/4604 6371/4599
f 6376/4604 6375/4603 6371/4599
f 6375/4603 6374/4602 6371/4599
f 6374/4602 6372/4600 6371/4599
f 6378/4592 6379/4593 6380/4594
f 6379/4593 6381/4595 6380/4594
f 6381/4595 6382/4596 6380/4594
f 6382/4596 6383/4597 6380/4594
f 6383/4597 6384/4598 6380/4594
f 6384/4598 6378/4592 6380/4594
f 6384/4598 6383/4597 6378/4592
f 6383/4597 6382/4596 6378/4592
f 6382/4596 6381/4595 6378/4592
f 6381/4595 6379/4593 6378/4592
f 6385/4578 6386/4579 6387/4580
f 6386/4579 6388/4581 6387/4580
f 6388/4581 6389/4582 6387/4580
f 6389/4582 6390/4583 6387/4580
f 6390/4583 6391/4584 6387/4580
f 6391/4584 6385/4578 6387/4580
f 6391/4584 6390/4583 6385/4578
f 6390/4583 6389/4582 6385/4578
f 6389/4582 6388/4581 6385/4578
f 6388/4581 6386/4579 6385/4578
f 6392/4578 6393/4579 6394/4580
f 6393/4579 6395/4581 6394/4580
f 6395/4581 6396/4582 6394/4580
f 6396/4582 6397/4583 6394/4580
f 6397/4583 6398/4584 6394/4580
f 6398/4584 6392/4578 6394/4580
f 6398/4584 6397/4583 6392/4578
f 6397/4583 6396/4582 6392/4578
f 6396/4582 6395/4581 6392/4578
f 6395/4581 6393/4579 6392/4578
f 6399/4578 6400/4579 6401/4580
f 6400/4579 6402/4581 6401/4580
f 6402/4581 6403/4582 6401/4580
f 6403/4582 6404/4583 6401/4580
f 6404/4583 6405/4584 6401/4580
f 6405/4584 6399/4578 6401/4580
f 6405/4584 6404/4583 6399/4578
f 6404/4583 6403/4582 6399/4578
f 6403/4582 6402/4581 6399/4578
f 6402/4581 6400/4579 6399/4578
f 6406/4599 6407/4600 6408/4601
f 6407/4600 6409/4602 6408/4601
f 6409/4602 6410/4603 6408/4601
f 6410/4603 6411/4604 6408/4601
f 6411/4604 6412/4605 6408/4601
f 6412/4605 6406/4599 6408/4601
f 6412/4605 6411/4604 6406/4599
f 6411/4604 6410/4603 6406/4599
f 6410/4603 6409/4602 6406/4599
f 6409/4602 6407/4600 6406/4599
f 6413/4585 6414/4586 6415/4587
f 6414/4586 6416/4588 6415/4587
f 6416/4588 6417/4589 6415/4587
f 6417/4589 6418/4590 6415/4587
f 6418/4590 6419/4591 6415/4587
f 6419/4591 6413/4585 6415/4587
f 6419/4591 6418/4590 6413/4585
f 6418/4590 6417/4589 6413/4585
f 6417/4589 6416/4588 6413/4585
f 6416/4588 6414/4586 6413/4585
f 6420/4578 6421/4579 6422/4580
f 6421/4579 6423/4581 6422/4580
f 6423/4581 6424/4582 6422/4580
f 6424/4582 6425/4583 6422/4580
f 6425/4583 6426/4584 6422/4580
f 6426/4584 6420/4578 6422/4580
f 6426/4584 6425/4583 6420/4578
f 6425/4583 6424/4582 6420/4578
f 6424/4582 6423/4581 6420/4578
f 6423/4581 6421/4579 6420/4578
f 6427/4578 6428/4579 6429/4580
f 6428/4579 6430/4581 6429/4580
f 6430/4581 6431/4582 6429/4580
f 6431/4582 6432/4583 6429/4580
f 6432/4583 6433/4584 6429/4580
f 6433/4584 6427/4578 6429/4580
f 6433/4584 6432/4583 6427/4578
f 6432/4583 6431/4582 6427/4578
f 6431/4582 6430/4581 6427/4578
f 6430/4581 6428/4579 6427/4578
f 6434/4585 6435/4586 6436/4587
f 6435/4586 6437/4588 6436/4587
f 6437/4588 6438/4589 6436/4587
f 6438/4589 6439/4590 6436/4587
f 6439/4590 6440/4591 6436/4587
f 6440/4591 6434/4585 6436/4587
f 6440/4591 6439/4590 6434/4585
f 6439/4590 6438/4589 6434/4585
f 6438/4589 6437/4588 6434/4585
f 6437/4588 6435/4586 6434/4585
f 6441/4578 6442/4579 6443/4580
f 6442/4579 6444/4581 6443/4580
f 6444/4581 6445/4582 6443/4580
f 6445/4582 6446/4583 6443/4580
f 6446/4583 6447/4584 6443/4580
f 6447/4584 6441/4578 6443/4580
f 6447/4584 6446/4583 6441/4578
f 6446/4583 6445/4582 6441/4578
f 6445/4582 6444/4581 6441/4578
f 6444/4581 6442/4579 6441/4578
f 6448/4599 6449/4600 6450/4601
f 6449/4600 6451/4602 6450/4601
f 6451/4602 6452/4603 6450/4601
f 6452/4603 6453/4604 6450/4601
f 6453/4604 6454/4605 6450/4601
f 6454/4605 6448/4599 6450/4601
f 6454/4605 6453/4604 6448/4599
f 6453/4604 6452/4603 6448/4599
f 6452/4603 6451/4602 6448/4599
f 6451/4602 6449/4600 6448/4599
f 6455/4578 6456/4579 6457/4580
f 6456/4579 6458/4581 6457/4580
f 6458/4581 6459/4582 6457/4580
f 6459/4582 6460/4583 6457/4580
f 6460/4583 6461/4584 6457/4580
f 6461/4584 6455/4578 6457/4580
f 6461/4584 6460/4583 6455/4578
f 6460/4583 6459/4582 6455/4578
f 6459/4582 6458/4581 6455/4578
f 6458/4581 6456/4579 6455/4578
f 6462/4599 6463/4600 6464/4601
f 6463/4600 6465/4602 6464/4601
f 6465/4602 6466/4603 6464/4601
f 6466/4603 6467/4604 6464/4601
f 6467/4604 6468/4605 6464/4601
f 6468/4605 6462/4599 6464/4601
f 6468/4605 6467/4604 6462/4599
f 6467/4604 6466/4603 6462/4599
f 6466/4603 6465/4602 6462/4599
f 6465/4602 6463/4600 6462/4599
f 6469/4578 6470/4579 6471/4580
f 6470/4579 6472/4581 6471/4580
f 6472/4581 6473/4582 6471/4580
f 6473/4582 6474/4583 6471/4580
f 6474/4583 6475/4584 6471/4580
f 6475/4584 6469/4578 6471/4580
f 6475/4584 6474/4583 6469/4578
f 6474/4583 6473/4582 6469/4578
f 6473/4582 6472/4581 6469/4578
f 6472/4581 6470/4579 6469/4578
f 6476/4599 6477/4600 6478/4601
f 6477/4600 6479/4602 6478/4601
f 6479/4602 6480/4603 6478/4601
f 6480/4603 6481/4604 6478/4601
f 6481/4604 6482/4605 6478/4601
f 6482/4605 6476/4599 6478/4601
f 6482/4605 6481/4604 6476/4599
f 6481/4604 6480/4603 6476/4599
f 6480/4603 6479/4602 6476/4599
f 6479/4602 6477/4600 6476/4599
f 6483/4599 6484/4600 6485/4601
f 6484/4600 6486/4602 6485/4601
f 6486/4602 6487/4603 6485/4601
f 6487/4603 6488/4604 6485/4601
f 6488/4604 6489/4605 6485/4601
f 6489/4605 6483/4599 6485/4601
f 6489/4605 6488/4604 6483/4599
f 6488/4604 6487/4603 6483/4599
f 6487/4603 6486/4602 6483/4599
f 6486/4602 6484/4600 6483/4599
f 6490/4585 6491/4586 6492/4587
f 6491/4586 6493/4588 6492/4587
f 6493/4588 6494/4589 6492/4587
f 6494/4589 6495/4590 6492/4587
f 6495/4590 6496/4591 6492/4587
f 6496/4591 6490/4585 6492/4587
f 6496/4591 6495/4590 6490/4585
f 6495/4590 6494/4589 6490/4585
f 6494/4589 6493/4588 6490/4585
f 6493/4588 6491/4586 6490/4585
f 6497/4606 6498/4606 6499/4606
f 6500/4606 6499/4606 6498/4606
f 6501/4606 6497/4606 6499/4606
f 6502/4606 6501/4606 6499/4606
f 6500/4606 6502/4606 6499/4606
f 6503/4606 6500/4606 6498/4606
f 6504/4606 6498/4606 6497/4606
f 6505/4606 6497/4606 6501/4606
f 6506/4606 6501/4606 6502/4606
f 6507/4606 6502/4606 6500/4606
f 6504/4606 6503/4606 6498/4606
f 6505/4606 6504/4606 6497/4606
f 6506/4606 6505/4606 6501/4606
f 6507/4606 6506/4606 6502/4606
f 6503/4606 6507/4606 6500/4606
f 6508/4606 6503/4606 6504/4606
f 6508/4606 6504/4606 6505/4606
f 6508/4606 6505/4606 6506/4606
f 6508/4606 6506/4606 6507/4606
f 6508/4606 6507/4606 6503/4606
f 6509/4491 6510/4492 6511/4493
f 6510/4492 6512/4494 6511/4493
f 6512/4494 6513/4495 6511/4493
f 6513/4495 6514/4496 6511/4493
f 6514/4496 6515/4497 6511/4493
f 6515/4497 6509/4491 6511/4493
f 6515/4497 6514/4496 6509/4491
f 6514/4496 6513/4495 6509/4491
f 6513/4495 6512/4494 6509/4491
f 6512/4494 6510/4492 6509/4491
f 6516/4505 6517/4506 6518/4507
f 6517/4506 6519/4508 6518/4507
f 6519/4508 6520/4509 6518/4507
f 6520/4509 6521/4510 6518/4507
f 6521/4510 6522/4511 6518/4507
f 6522/4511 6516/4505 6518/4507
f 6522/4511 6521/4510 6516/4505
f 6521/4510 6520/4509 6516/4505
f 6520/4509 6519/4508 6516/4505
f 6519/4508 6517/4506 6516/4505
f 6523/4498 6524/4499 6525/4500
f 6524/4499 6526/4501 6525/4500
f 6526/4501 6527/4502 6525/4500
f 6527/4502 6528/4503 6525/4500
f 6528/4503 6529/4504 6525/4500
f 6529/4504 6523/4498 6525/4500
f 6529/4504 6528/4503 6523/4498
f 6528/4503 6527/4502 6523/4498
f 6527/4502 6526/4501 6523/4498
f 6526/4501 6524/4499 6523/4498
f 6530/4505 6531/4506 6532/4507
f 6531/4506 6533/4508 6532/4507
f 6533/4508 6534/4509 6532/4507
f 6534/4509 6535/4510 6532/4507
f 6535/4510 6536/4511 6532/4507
f 6536/4511 6530/4505 6532/4507
f 6536/4511 6535/4510 6530/4505
f 6535/4510 6534/4509 6530/4505
f 6534/4509 6533/4508 6530/4505
f 6533/4508 6531/4506 6530/4505
f 6537/4491 6538/4492 6539/4493
f 6538/4492 6540/4494 6539/4493
f 6540/4494 6541/4495 6539/4493
f 6541/4495 6542/4496 6539/4493
f 6542/4496 6543/4497 6539/4493
f 6543/4497 6537/4491 6539/4493
f 6543/4497 6542/4496 6537/4491
f 6542/4496 6541/4495 6537/4491
f 6541/4495 6540/4494 6537/4491
f 6540/4494 6538/4492 6537/4491
f 6544/4498 6545/4499 6546/4500
f 6545/4499 6547/4501 6546/4500
f 6547/4501 6548/4502 6546/4500
f 6548/4502 6549/4503 6546/4500
f 6549/4503 6550/4504 6546/4500
f 6550/4504 6544/4498 6546/4500
f 6550/4504 6549/4503 6544/4498
f 6549/4503 6548/4502 6544/4498
f 6548/4502 6547/4501 6544/4498
f 6547/4501 6545/4499 6544/4498
f 6551/4505 6552/4506 6553/4507
f 6552/4506 6554/4508 6553/4507
f 6554/4508 6555/4509 6553/4507
f 6555/4509 6556/4510 6553/4507
f 6556/4510 6557/4511 6553/4507
f 6557/4511 6551/4505 6553/4507
f 6557/4511 6556/4510 6551/4505
f 6556/4510 6555/4509 6551/4505
f 6555/4509 6554/4508 6551/4505
f 6554/4508 6552/4506 6551/4505
f 6558/4498 6559/4499 6560/4500
f 6559/4499 6561/4501 6560/4500
f 6561/4501 6562/4502 6560/4500
f 6562/4502 6563/4503 6560/4500
f 6563/4503 6564/4504 6560/4500
f 6564/4504 6558/4498 6560/4500
f 6564/4504 6563/4503 6558/4498
f 6563/4503 6562/4502 6558/4498
f 6562/4502 6561/4501 6558/4498
f 6561/4501 6559/4499 6558/4498
f 6565/4505 6566/4506 6567/4507
f 6566/4506 6568/4508 6567/4507
f 6568/4508 6569/4509 6567/4507
f 6569/4509 6570/4510 6567/4507
f 6570/4510 6571/4511 6567/4507
f 6571/4511 6565/4505 6567/4507
f 6571/4511 6570/4510 6565/4505
f 6570/4510 6569/4509 6565/4505
f 6569/4509 6568/4508 6565/4505
f 6568/4508 6566/4506 6565/4505
f 6572/4498 6573/4499 6574/4500
f 6573/4499 6575/4501 6574/4500
f 6575/4501 6576/4502 6574/4500
f 6576/4502 6577/4503 6574/4500
f 6577/4503 6578/4504 6574/4500
f 6578/4504 6572/4498 6574/4500
f 6578/4504 6577/4503 6572/4498
f 6577/4503 6576/4502 6572/4498
f 6576/4502 6575/4501 6572/4498
f 6575/4501 6573/4499 6572/4498
f 6579/4505 6580/4506 6581/4507
f 6580/4506 6582/4508 6581/4507
f 6582/4508 6583/4509 6581/4507
f 6583/4509 6584/4510 6581/4507
f 6584/4510 6585/4511 6581/4507
f 6585/4511 6579/4505 6581/4507
f 6585/4511 6584/4510 6579/4505
f 6584/4510 6583/4509 6579/4505
f 6583/4509 6582/4508 6579/4505
f 6582/4508 6580/4506 6579/4505
f 6586/4491 6587/4492 6588/4493
f 6587/4492 6589/4494 6588/4493
f 6589/4494 6590/4495 6588/4493
f 6590/4495 6591/4496 6588/4493
f 6591/4496 6592/4497 6588/4493
f 6592/4497 6586/4491 6588/4493
f 6592/4497 6591/4496 6586/4491
f 6591/4496 6590/4495 6586/4491
f 6590/4495 6589/4494 6586/4491
f 6589/4494 6587/4492 6586/4491
f 6593/4498 6594/4499 6595/4500
f 6594/4499 6596/4501 6595/4500
f 6596/4501 6597/4502 6595/4500
f 6597/4502 6598/4503 6595/4500
f 6598/4503 6599/4504 6595/4500
f 6599/4504 6593/4498 6595/4500
f 6599/4504 6598/4503 6593/4498
f 6598/4503 6597/4502 6593/4498
f 6597/4502 6596/4501 6593/4498
f 6596/4501 6594/4499 6593/4498
f 6600/4505 6601/4506 6602/4507
f 6601/4506 6603/4508 6602/4507
f 6603/4508 6604/4509 6602/4507
f 6604/4509 6605/4510 6602/4507
f 6605/4510 6606/4511 6602/4507
f 6606/4511 6600/4505 6602/4507
f 6606/4511 6605/4510 6600/4505
f 6605/4510 6604/4509 6600/4505
f 6604/4509 6603/4508 6600/4505
f 6603/4508 6601/4506 6600/4505
f 6607/4498 6608/4499 6609/4500
f 6608/4499 6610/4501 6609/4500
f 6610/4501 6611/4502 6609/4500
f 6611/4502 6612/4503 6609/4500
f 6612/4503 6613/4504 6609/4500
f 6613/4504 6607/4498 6609/4500
f 6613/4504 6612/4503 6607/4498
f 6612/4503 6611/4502 6607/4498
f 6611/4502 6610/4501 6607/4498
f 6610/4501 6608/4499 6607/4498
f 6614/4498 6615/4499 6616/4500
f 6615/4499 6617/4501 6616/4500
f 6617/4501 6618/4502 6616/4500
f 6618/4502 6619/4503 6616/4500
f 6619/4503 6620/4504 6616/4500
f 6620/4504 6614/4498 6616/4500
f 6620/4504 6619/4503 6614/4498
f 6619/4503 6618/4502 6614/4498
f 6618/4502 6617/4501 6614/4498
f 6617/4501 6615/4499 6614/4498
f 6621/4512 6622/4513 6623/4514
f 6622/4513 6624/4515 6623/4514
f 6624/4515 6625/4516 6623/4514
f 6625/4516 6626/4517 6623/4514
f 6626/4517 6627/4518 6623/4514
f 6627/4518 6621/4512 6623/4514
f 6627/4518 6626/4517 6621/4512
f 6626/4517 6625/4516 6621/4512
f 6625/4516 6624/4515 6621/4512
f 6624/4515 6622/4513 6621/4512
f 6628/4498 6629/4499 6630/4500
f 6629/4499 6631/4501 6630/4500
f 6631/4501 6632/4502 6630/4500
f 6632/4502 6633/4503 6630/4500
f 6633/4503 6634/4504 6630/4500
f 6634/4504 6628/4498 6630/4500
f 6634/4504 6633/4503 6628/4498
f 6633/4503 6632/4502 6628/4498
f 6632/4502 6631/4501 6628/4498
f 6631/4501 6629/4499 6628/4498
f 6635/4505 6636/4506 6637/4507
f 6636/4506 6638/4508 6637/4507
f 6638/4508 6639/4509 6637/4507
f 6639/4509 6640/4510 6637/4507
f 6640/4510 6641/4511 6637/4507
f 6641/4511 6635/4505 6637/4507
f 6641/4511 6640/4510 6635/4505
f 6640/4510 6639/4509 6635/4505
f 6639/4509 6638/4508 6635/4505
f 6638/4508 6636/4506 6635/4505
f 6642/4498 6643/4499 6644/4500
f 6643/4499 6645/4501 6644/4500
f 6645/4501 6646/4502 6644/4500
f 6646/4502 6647/4503 6644/4500
f 6647/4503 6648/4504 6644/4500
f 6648/4504 6642/4498 6644/4500
f 6648/4504 6647/4503 6642/4498
f 6647/4503 6646/4502 6642/4498
f 6646/4502 6645/4501 6642/4498
f 6645/4501 6643/4499 6642/4498
f 6649/4505 6650/4506 6651/4507
f 6650/4506 6652/4508 6651/4507
f 6652/4508 6653/4509 6651/4507
f 6653/4509 6654/4510 6651/4507
f 6654/4510 6655/4511 6651/4507
f 6655/4511 6649/4505 6651/4507
f 6655/4511 6654/4510 6649/4505
f 6654/4510 6653/4509 6649/4505
f 6653/4509 6652/4508 6649/4505
f 6652/4508 6650/4506 6649/4505
f 6656/4498 6657/4499 6658/4500
f 6657/4499 6659/4501 6658/4500
f 6659/4501 6660/4502 6658/4500
f 6660/4502 6661/4503 6658/4500
f 6661/4503 6662/4504 6658/4500
f 6662/4504 6656/4498 6658/4500
f 6662/4504 6661/4503 6656/4498
f 6661/4503 6660/4502 6656/4498
f 6660/4502 6659/4501 6656/4498
f 6659/4501 6657/4499 6656/4498
f 6663/4498 6664/4499 6665/4500
f 6664/4499 6666/4501 6665/4500
f 6666/4501 6667/4502 6665/4500
f 6667/4502 6668/4503 6665/4500
f 6668/4503 6669/4504 6665/4500
f 6669/4504 6663/4498 6665/4500
f 6669/4504 6668/4503 6663/4498
f 6668/4503 6667/4502 6663/4498
f 6667/4502 6666/4501 6663/4498
f 6666/4501 6664/4499 6663/4498
f 6670/4505 6671/4506 6672/4507
f 6671/4506 6673/4508 6672/4507
f 6673/4508 6674/4509 6672/4507
f 6674/4509 6675/4510 6672/4507
f 6675/4510 6676/4511 6672/4507
f 6676/4511 6670/4505 6672/4507
f 6676/4511 6675/4510 6670/4505
f 6675/4510 6674/4509 6670/4505
f 6674/4509 6673/4508 6670/4505
f 6673/4508 6671/4506 6670/4505
f 6677/4498 6678/4499 6679/4500
f 6678/4499 6680/4501 6679/4500
f 6680/4501 6681/4502 6679/4500
f 6681/4502 6682/4503 6679/4500
f 6682/4503 6683/4504 6679/4500
f 6683/4504 6677/4498 6679/4500
f 6683/4504 6682/4503 6677/4498
f 6682/4503 6681/4502 6677/4498
f 6681/4502 6680/4501 6677/4498
f 6680/4501 6678/4499 6677/4498
f 6684/4498 6685/4499 6686/4500
f 6685/4499 6687/4501 6686/4500
f 6687/4501 6688/4502 6686/4500
f 6688/4502 6689/4503 6686/4500
f 6689/4503 6690/4504 6686/4500
f 6690/4504 6684/4498 6686/4500
f 6690/4504 6689/4503 6684/4498
f 6689/4503 6688/4502 6684/4498
f 6688/4502 6687/4501 6684/4498
f 6687/4501 6685/4499 6684/4498
f 6691/4519 6692/4519 6693/4519
f 6694/4519 6693/4519 6692/4519
f 6695/4519 6691/4519 6693/4519
f 6696/4519 6695/4519 6693/4519
f 6694/4519 6696/4519 6693/4519
f 6697/4519 6694/4519 6692/4519
f 6698/4519 6692/4519 6691/4519
f 6699/4519 6691/4519 6695/4519
f 6700/4519 6695/4519 6696/4519
f 6701/4519 6696/4519 6694/4519
f 6698/4519 6697/4519 6692/4519
f 6699/4519 6698/4519 6691/4519
f 6700/4519 6699/4519 6695/4519
f 6701/4519 6700/4519 6696/4519
f 6697/4519 6701/4519 6694/4519
f 6702/4519 6697/4519 6698/4519
f 6702/4519 6698/4519 6699/4519
f 6702/4519 6699/4519 6700/4519
f 6702/4519 6700/4519 6701/4519
f 6702/4519 6701/4519 6697/4519
f 6703/4563 6704/4564 6705/4565
f 6704/4564 6706/4566 6705/4565
f 6706/4566 6707/4567 6705/4565
f 6707/4567 6708/4568 6705/4565
f 6708/4568 6709/4569 6705/4565
f 6709/4569 6703/4563 6705/4565
f 6709/4569 6708/4568 6703/4563
f 6708/4568 6707/4567 6703/4563
f 6707/4567 6706/4566 6703/4563
f 6706/4566 6704/4564 6703/4563
f 6710/4563 6711/4564 6712/4565
f 6711/4564 6713/4566 6712/4565
f 6713/4566 6714/4567 6712/4565
f 6714/4567 6715/4568 6712/4565
f 6715/4568 6716/4569 6712/4565
f 6716/4569 6710/4563 6712/4565
f 6716/4569 6715/4568 6710/4563
f 6715/4568 6714/4567 6710/4563
f 6714/4567 6713/4566 6710/4563
f 6713/4566 6711/4564 6710/4563
f 6717/4549 6718/4550 6719/4551
f 6718/4550 6720/4552 6719/4551
f 6720/4552 6721/4553 6719/4551
f 6721/4553 6722/4554 6719/4551
f 6722/4554 6723/4555 6719/4551
f 6723/4555 6717/4549 6719/4551
f 6723/4555 6722/4554 6717/4549
f 6722/4554 6721/4553 6717/4549
f 6721/4553 6720/4552 6717/4549
f 6720/4552 6718/4550 6717/4549
f 6724/4556 6725/4557 6726/4558
f 6725/4557 6727/4559 6726/4558
f 6727/4559 6728/4560 6726/4558
f 6728/4560 6729/4561 6726/4558
f 6729/4561 6730/4562 6726/4558
f 6730/4562 6724/4556 6726/4558
f 6730/4562 6729/4561 6724/4556
f 6729/4561 6728/4560 6724/4556
f 6728/4560 6727/4559 6724/4556
f 6727/4559 6725/4557 6724/4556
f 6731/4563 6732/4564 6733/4565
f 6732/4564 6734/4566 6733/4565
f 6734/4566 6735/4567 6733/4565
f 6735/4567 6736/4568 6733/4565
f 6736/4568 6737/4569 6733/4565
f 6737/4569 6731/4563 6733/4565
f 6737/4569 6736/4568 6731/4563
f 6736/4568 6735/4567 6731/4563
f 6735/4567 6734/4566 6731/4563
f 6734/4566 6732/4564 6731/4563
f 6738/4549 6739/4550 6740/4551
f 6739/4550 6741/4552 6740/4551
f 6741/4552 6742/4553 6740/4551
f 6742/4553 6743/4554 6740/4551
f 6743/4554 6744/4555 6740/4551
f 6744/4555 6738/4549 6740/4551
f 6744/4555 6743/4554 6738/4549
f 6743/4554 6742/4553 6738/4549
f 6742/4553 6741/4552 6738/4549
f 6741/4552 6739/4550 6738/4549
f 6745/4563 6746/4564 6747/4565
f 6746/4564 6748/4566 6747/4565
f 6748/4566 6749/4567 6747/4565
f 6749/4567 6750/4568 6747/4565
f 6750/4568 6751/4569 6747/4565
f 6751/4569 6745/4563 6747/4565
f 6751/4569 6750/4568 6745/4563
f 6750/4568 6749/4567 6745/4563
f 6749/4567 6748/4566 6745/4563
f 6748/4566 6746/4564 6745/4563
f 6752/4563 6753/4564 6754/4565
f 6753/4564 6755/4566 6754/4565
f 6755/4566 6756/4567 6754/4565
f 6756/4567 6757/4568 6754/4565
f 6757/4568 6758/4569 6754/4565
f 6758/4569 6752/4563 6754/4565
f 6758/4569 6757/4568 6752/4563
f 6757/4568 6756/4567 6752/4563
f 6756/4567 6755/4566 6752/4563
f 6755/4566 6753/4564 6752/4563
f 6759/4563 6760/4564 6761/4565
f 6760/4564 6762/4566 6761/4565
f 6762/4566 6763/4567 6761/4565
f 6763/4567 6764/4568 6761/4565
f 6764/4568 6765/4569 6761/4565
f 6765/4569 6759/4563 6761/4565
f 6765/4569 6764/4568 6759/4563
f 6764/4568 6763/4567 6759/4563
f 6763/4567 6762/4566 6759/4563
f 6762/4566 6760/4564 6759/4563
f 6766/4549 6767/4550 6768/4551
f 6767/4550 6769/4552 6768/4551
f 6769/4552 6770/4553 6768/4551
f 6770/4553 6771/4554 6768/4551
f 6771/4554 6772/4555 6768/4551
f 6772/4555 6766/4549 6768/4551
f 6772/4555 6771/4554 6766/4549
f 6771/4554 6770/4553 6766/4549
f 6770/4553 6769/4552 6766/4549
f 6769/4552 6767/4550 6766/4549
f 6773/4549 6774/4550 6775/4551
f 6774/4550 6776/4552 6775/4551
f 6776/4552 6777/4553 6775/4551
f 6777/4553 6778/4554 6775/4551
f 6778/4554 6779/4555 6775/4551
f 6779/4555 6773/4549 6775/4551
f 6779/4555 6778/4554 6773/4549
f 6778/4554 6777/4553 6773/4549
f 6777/4553 6776/4552 6773/4549
f 6776/4552 6774/4550 6773/4549
f 6780/4563 6781/4564 6782/4565
f 6781/4564 6783/4566 6782/4565
f 6783/4566 6784/4567 6782/4565
f 6784/4567 6785/4568 6782/4565
f 6785/4568 6786/4569 6782/4565
f 6786/4569 6780/4563 6782/4565
f 6786/4569 6785/4568 6780/4563
f 6785/4568 6784/4567 6780/4563
f 6784/4567 6783/4566 6780/4563
f 6783/4566 6781/4564 6780/4563
f 6787/4549 6788/4550 6789/4551
f 6788/4550 6790/4552 6789/4551
f 6790/4552 6791/4553 6789/4551
f 6791/4553 6792/4554 6789/4551
f 6792/4554 6793/4555 6789/4551
f 6793/4555 6787/4549 6789/4551
f 6793/4555 6792/4554 6787/4549
f 6792/4554 6791/4553 6787/4549
f 6791/4553 6790/4552 6787/4549
f 6790/4552 6788/4550 6787/4549
f 6794/4563 6795/4564 6796/4565
f 6795/4564 6797/4566 6796/4565
f 6797/4566 6798/4567 6796/4565
f 6798/4567 6799/4568 6796/4565
f 6799/4568 6800/4569 6796/4565
f 6800/4569 6794/4563 6796/4565
f 6800/4569 6799/4568 6794/4563
f 6799/4568 6798/4567 6794/4563
f 6798/4567 6797/4566 6794/4563
f 6797/4566 6795/4564 6794/4563
f 6801/4563 6802/4564 6803/4565
f 6802/4564 6804/4566 6803/4565
f 6804/4566 6805/4567 6803/4565
f 6805/4567 6806/4568 6803/4565
f 6806/4568 6807/4569 6803/4565
f 6807/4569 6801/4563 6803/4565
f 6807/4569 6806/4568 6801/4563
f 6806/4568 6805/4567 6801/4563
f 6805/4567 6804/4566 6801/4563
f 6804/4566 6802/4564 6801/4563
f 6808/4549 6809/4550 6810/4551
f 6809/4550 6811/4552 6810/4551
f 6811/4552 6812/4553 6810/4551
f 6812/4553 6813/4554 6810/4551
f 6813/4554 6814/4555 6810/4551
f 6814/4555 6808/4549 6810/4551
f 6814/4555 6813/4554 6808/4549
f 6813/4554 6812/4553 6808/4549
f 6812/4553 6811/4552 6808/4549
f 6811/4552 6809/4550 6808/4549
f 6815/4563 6816/4564 6817/4565
f 6816/4564 6818/4566 6817/4565
f 6818/4566 6819/4567 6817/4565
f 6819/4567 6820/4568 6817/4565
f 6820/4568 6821/4569 6817/4565
f 6821/4569 6815/4563 6817/4565
f 6821/4569 6820/4568 6815/4563
f 6820/4568 6819/4567 6815/4563
f 6819/4567 6818/4566 6815/4563
f 6818/4566 6816/4564 6815/4563
f 6822/4563 6823/4564 6824/4565
f 6823/4564 6825/4566 6824/4565
f 6825/4566 6826/4567 6824/4565
f 6826/4567 6827/4568 6824/4565
f 6827/4568 6828/4569 6824/4565
f 6828/4569 6822/4563 6824/4565
f 6828/4569 6827/4568 6822/4563
f 6827/4568 6826/4567 6822/4563
f 6826/4567 6825/4566 6822/4563
f 6825/4566 6823/4564 6822/4563
f 6829/4549 6830/4550 6831/4551
f 6830/4550 6832/4552 6831/4551
f 6832/4552 6833/4553 6831/4551
f 6833/4553 6834/4554 6831/4551
f 6834/4554 6835/4555 6831/4551
f 6835/4555 6829/4549 6831/4551
f 6835/4555 6834/4554 6829/4549
f 6834/4554 6833/4553 6829/4549
f 6833/4553 6832/4552 6829/4549
f 6832/4552 6830/4550 6829/4549
f 6836/4549 6837/4550 6838/4551
f 6837/4550 6839/4552 6838/4551
f 6839/4552 6840/4553 6838/4551
f 6840/4553 6841/4554 6838/4551
f 6841/4554 6842/4555 6838/4551
f 6842/4555 6836/4549 6838/4551
f 6842/4555 6841/4554 6836/4549
f 6841/4554 6840/4553 6836/4549
f 6840/4553 6839/4552 6836/4549
f 6839/4552 6837/4550 6836/4549
f 6843/4563 6844/4564 6845/4565
f 6844/4564 6846/4566 6845/4565
f 6846/4566 6847/4567 6845/4565
f 6847/4567 6848/4568 6845/4565
f 6848/4568 6849/4569 6845/4565
f 6849/4569 6843/4563 6845/4565
f 6849/4569 6848/4568 6843/4563
f 6848/4568 6847/4567 6843/4563
f 6847/4567 6846/4566 6843/4563
f 6846/4566 6844/4564 6843/4563
f 6850/4556 6851/4557 6852/4558
f 6851/4557 6853/4559 6852/4558
f 6853/4559 6854/4560 6852/4558
f 6854/4560 6855/4561 6852/4558
f 6855/4561 6856/4562 6852/4558
f 6856/4562 6850/4556 6852/4558
f 6856/4562 6855/4561 6850/4556
f 6855/4561 6854/4560 6850/4556
f 6854/4560 6853/4559 6850/4556
f 6853/4559 6851/4557 6850/4556
f 6857/4563 6858/4564 6859/4565
f 6858/4564 6860/4566 6859/4565
f 6860/4566 6861/4567 6859/4565
f 6861/4567 6862/4568 6859/4565
f 6862/4568 6863/4569 6859/4565
f 6863/4569 6857/4563 6859/4565
f 6863/4569 6862/4568 6857/4563
f 6862/4568 6861/4567 6857/4563
f 6861/4567 6860/4566 6857/4563
f 6860/4566 6858/4564 6857/4563
f 6864/4570 6865/4571 6866/4572
f 6865/4571 6867/4573 6866/4572
f 6867/4573 6868/4574 6866/4572
f 6868/4574 6869/4575 6866/4572
f 6869/4575 6870/4576 6866/4572
f 6870/4576 6864/4570 6866/4572
f 6870/4576 6869/4575 6864/4570
f 6869/4575 6868/4574 6864/4570
f 6868/4574 6867/4573 6864/4570
f 6867/4573 6865/4571 6864/4570
f 6871/4563 6872/4564 6873/4565
f 6872/4564 6874/4566 6873/4565
f 6874/4566 6875/4567 6873/4565
f 6875/4567 6876/4568 6873/4565
f 6876/4568 6877/4569 6873/4565
f 6877/4569 6871/4563 6873/4565
f 6877/4569 6876/4568 6871/4563
f 6876/4568 6875/4567 6871/4563
f 6875/4567 6874/4566 6871/4563
f 6874/4566 6872/4564 6871/4563
f 6878/4563 6879/4564 6880/4565
f 6879/4564 6881/4566 6880/4565
f 6881/4566 6882/4567 6880/4565
f 6882/4567 6883/4568 6880/4565
f 6883/4568 6884/4569 6880/4565
f 6884/4569 6878/4563 6880/4565
f 6884/4569 6883/4568 6878/4563
f 6883/4568 6882/4567 6878/4563
f 6882/4567 6881/4566 6878/4563
f 6881/4566 6879/4564 6878/4563
f 6885/4577 6886/4577 6887/4577
f 6888/4577 6887/4577 6886/4577
f 6889/4577 6885/4577 6887/4577
f 6890/4577 6889/4577 6887/4577
f 6888/4577 6890/4577 6887/4577
f 6891/4577 6888/4577 6886/4577
f 6892/4577 6886/4577 6885/4577
f 6893/4577 6885/4577 6889/4577
f 6894/4577 6889/4577 6890/4577
f 6895/4577 6890/4577 6888/4577
f 6892/4577 6891/4577 6886/4577
f 6893/4577 6892/4577 6885/4577
f 6894/4577 6893/4577 6889/4577
f 6895/4577 6894/4577 6890/4577
f 6891/4577 6895/4577 6888/4577
f 6896/4577 6891/4577 6892/4577
f 6896/4577 6892/4577 6893/4577
f 6896/4577 6893/4577 6894/4577
f 6896/4577 6894/4577 6895/4577
f 6896/4577 6895/4577 6891/4577
f 6897/4570 6898/4571 6899/4572
f 6898/4571 6900/4573 6899/4572
f 6900/4573 6901/4574 6899/4572
f 6901/4574 6902/4575 6899/4572
f 6902/4575 6903/4576 6899/4572
f 6903/4576 6897/4570 6899/4572
f 6903/4576 6902/4575 6897/4570
f 6902/4575 6901/4574 6897/4570
f 6901/4574 6900/4573 6897/4570
f 6900/4573 6898/4571 6897/4570
f 6904/4563 6905/4564 6906/4565
f 6905/4564 6907/4566 6906/4565
f 6907/4566 6908/4567 6906/4565
f 6908/4567 6909/4568 6906/4565
f 6909/4568 6910/4569 6906/4565
f 6910/4569 6904/4563 6906/4565
f 6910/4569 6909/4568 6904/4563
f 6909/4568 6908/4567 6904/4563
f 6908/4567 6907/4566 6904/4563
f 6907/4566 6905/4564 6904/4563
f 6911/4549 6912/4550 6913/4551
f 6912/4550 6914/4552 6913/4551
f 6914/4552 6915/4553 6913/4551
f 6915/4553 6916/4554 6913/4551
f 6916/4554 6917/4555 6913/4551
f 6917/4555 6911/4549 6913/4551
f 6917/4555 6916/4554 6911/4549
f 6916/4554 6915/4553 6911/4549
f 6915/4553 6914/4552 6911/4549
f 6914/4552 6912/4550 6911/4549
f 6918/4556 6919/4557 6920/4558
f 6919/4557 6921/4559 6920/4558
f 6921/4559 6922/4560 6920/4558
f 6922/4560 6923/4561 6920/4558
f 6923/4561 6924/4562 6920/4558
f 6924/4562 6918/4556 6920/4558
f 6924/4562 6923/4561 6918/4556
f 6923/4561 6922/4560 6918/4556
f 6922/4560 6921/4559 6918/4556
f 6921/4559 6919/4557 6918/4556
f 6925/4556 6926/4557 6927/4558
f 6926/4557 6928/4559 6927/4558
f 6928/4559 6929/4560 6927/4558
f 6929/4560 6930/4561 6927/4558
f 6930/4561 6931/4562 6927/4558
f 6931/4562 6925/4556 6927/4558
f 6931/4562 6930/4561 6925/4556
f 6930/4561 6929/4560 6925/4556
f 6929/4560 6928/4559 6925/4556
f 6928/4559 6926/4557 6925/4556
f 6932/4556 6933/4557 6934/4558
f 6933/4557 6935/4559 6934/4558
f 6935/4559 6936/4560 6934/4558
f 6936/4560 6937/4561 6934/4558
f 6937/4561 6938/4562 6934/4558
f 6938/4562 6932/4556 6934/4558
f 6938/4562 6937/4561 6932/4556
f 6937/4561 6936/4560 6932/4556
f 6936/4560 6935/4559 6932/4556
f 6935/4559 6933/4557 6932/4556
f 6939/4549 6940/4550 6941/4551
f 6940/4550 6942/4552 6941/4551
f 6942/4552 6943/4553 6941/4551
f 6943/4553 6944/4554 6941/4551
f 6944/4554 6945/4555 6941/4551
f 6945/4555 6939/4549 6941/4551
f 6945/4555 6944/4554 6939/4549
f 6944/4554 6943/4553 6939/4549
f 6943/4553 6942/4552 6939/4549
f 6942/4552 6940/4550 6939/4549
f 6946/4563 6947/4564 6948/4565
f 6947/4564 6949/4566 6948/4565
f 6949/4566 6950/4567 6948/4565
f 6950/4567 6951/4568 6948/4565
f 6951/4568 6952/4569 6948/4565
f 6952/4569 6946/4563 6948/4565
f 6952/4569 6951/4568 6946/4563
f 6951/4568 6950/4567 6946/4563
f 6950/4567 6949/4566 6946/4563
f 6949/4566 6947/4564 6946/4563
f 6953/4549 6954/4550 6955/4551
f 6954/4550 6956/4552 6955/4551
f 6956/4552 6957/4553 6955/4551
f 6957/4553 6958/4554 6955/4551
f 6958/4554 6959/4555 6955/4551
f 6959/4555 6953/4549 6955/4551
f 6959/4555 6958/4554 6953/4549
f 6958/4554 6957/4553 6953/4549
f 6957/4553 6956/4552 6953/4549
f 6956/4552 6954/4550 6953/4549
f 6960/4563 6961/4564 6962/4565
f 6961/4564 6963/4566 6962/4565
f 6963/4566 6964/4567 6962/4565
f 6964/4567 6965/4568 6962/4565
f 6965/4568 6966/4569 6962/4565
f 6966/4569 6960/4563 6962/4565
f 6966/4569 6965/4568 6960/4563
f 6965/4568 6964/4567 6960/4563
f 6964/4567 6963/4566 6960/4563
f 6963/4566 6961/4564 6960/4563
f 6967/4563 6968/4564 6969/4565
f 6968/4564 6970/4566 6969/4565
f 6970/4566 6971/4567 6969/4565
f 6971/4567 6972/4568 6969/4565
f 6972/4568 6973/4569 6969/4565
f 6973/4569 6967/4563 6969/4565
f 6973/4569 6972/4568 6967/4563
f 6972/4568 6971/4567 6967/4563
f 6971/4567 6970/4566 6967/4563
f 6970/4566 6968/4564 6967/4563
f 6974/4556 6975/4557 6976/4558
f 6975/4557 6977/4559 6976/4558
f 6977/4559 6978/4560 6976/4558
f 6978/4560 6979/4561 6976/4558
f 6979/4561 6980/4562 6976/4558
f 6980/4562 6974/4556 6976/4558
f 6980/4562 6979/4561 6974/4556
f 6979/4561 6978/4560 6974/4556
f 6978/4560 6977/4559 6974/4556
f 6977/4559 6975/4557 6974/4556
f 6981/4563 6982/4564 6983/4565
f 6982/4564 6984/4566 6983/4565
f 6984/4566 6985/4567 6983/4565
f 6985/4567 6986/4568 6983/4565
f 6986/4568 6987/4569 6983/4565
f 6987/4569 6981/4563 6983/4565
f 6987/4569 6986/4568 6981/4563
f 6986/4568 6985/4567 6981/4563
f 6985/4567 6984/4566 6981/4563
f 6984/4566 6982/4564 6981/4563
f 6988/4549 6989/4550 6990/4551
f 6989/4550 6991/4552 6990/4551
f 6991/4552 6992/4553 6990/4551
f 6992/4553 6993/4554 6990/4551
f 6993/4554 6994/4555 6990/4551
f 6994/4555 6988/4549 6990/4551
f 6994/4555 6993/4554 6988/4549
f 6993/4554 6992/4553 6988/4549
f 6992/4553 6991/4552 6988/4549
f 6991/4552 6989/4550 6988/4549
f 6995/4563 6996/4564 6997/4565
f 6996/4564 6998/4566 6997/4565
f 6998/4566 6999/4567 6997/4565
f 6999/4567 7000/4568 6997/4565
f 7000/4568 7001/4569 6997/4565
f 7001/4569 6995/4563 6997/4565
f 7001/4569 7000/4568 6995/4563
f 7000/4568 6999/4567 6995/4563
f 6999/4567 6998/4566 6995/4563
f 6998/4566 6996/4564 6995/4563
f 7002/4563 7003/4564 7004/4565
f 7003/4564 7005/4566 7004/4565
f 7005/4566 7006/4567 7004/4565
f 7006/4567 7007/4568 7004/4565
f 7007/4568 7008/4569 7004/4565
f 7008/4569 7002/4563 7004/4565
f 7008/4569 7007/4568 7002/4563
f 7007/4568 7006/4567 7002/4563
f 7006/4567 7005/4566 7002/4563
f 7005/4566 7003/4564 7002/4563
f 7009/4549 7010/4550 7011/4551
f 7010/4550 7012/4552 7011/4551
f 7012/4552 7013/4553 7011/4551
f 7013/4553 7014/4554 7011/4551
f 7014/4554 7015/4555 7011/4551
f 7015/4555 7009/4549 7011/4551
f 7015/4555 7014/4554 7009/4549
f 7014/4554 7013/4553 7009/4549
f 7013/4553 7012/4552 7009/4549
f 7012/4552 7010/4550 7009/4549
f 7016/4556 7017/4557 7018/4558
f 7017/4557 7019/4559 7018/4558
f 7019/4559 7020/4560 7018/4558
f 7020/4560 7021/4561 7018/4558
f 7021/4561 7022/4562 7018/4558
f 7022/4562 7016/4556 7018/4558
f 7022/4562 7021/4561 7016/4556
f 7021/4561 7020/4560 7016/4556
f 7020/4560 7019/4559 7016/4556
f 7019/4559 7017/4557 7016/4556
f 7023/4563 7024/4564 7025/4565
f 7024/4564 7026/4566 7025/4565
f 7026/4566 7027/4567 7025/4565
f 7027/4567 7028/4568 7025/4565
f 7028/4568 7029/4569 7025/4565
f 7029/4569 7023/4563 7025/4565
f 7029/4569 7028/4568 7023/4563
f 7028/4568 7027/4567 7023/4563
f 7027/4567 7026/4566 7023/4563
f 7026/4566 7024/4564 7023/4563
f 7030/4556 7031/4557 7032/4558
f 7031/4557 7033/4559 7032/4558
f 7033/4559 7034/4560 7032/4558
f 7034/4560 7035/4561 7032/4558
f 7035/4561 7036/4562 7032/4558
f 7036/4562 7030/4556 7032/4558
f 7036/4562 7035/4561 7030/4556
f 7035/4561 7034/4560 7030/4556
f 7034/4560 7033/4559 7030/4556
f 7033/4559 7031/4557 7030/4556
f 7037/4556 7038/4557 7039/4558
f 7038/4557 7040/4559 7039/4558
f 7040/4559 7041/4560 7039/4558
f 7041/4560 7042/4561 7039/4558
f 7042/4561 7043/4562 7039/4558
f 7043/4562 7037/4556 7039/4558
f 7043/4562 7042/4561 7037/4556
f 7042/4561 7041/4560 7037/4556
f 7041/4560 7040/4559 7037/4556
f 7040/4559 7038/4557 7037/4556
f 7044/4563 7045/4564 7046/4565
f 7045/4564 7047/4566 7046/4565
f 7047/4566 7048/4567 7046/4565
f 7048/4567 7049/4568 7046/4565
f 7049/4568 7050/4569 7046/4565
f 7050/4569 7044/4563 7046/4565
f 7050/4569 7049/4568 7044/4563
f 7049/4568 7048/4567 7044/4563
f 7048/4567 7047/4566 7044/4563
f 7047/4566 7045/4564 7044/4563
f 7051/4570 7052/4571 7053/4572
f 7052/4571 7054/4573 7053/4572
f 7054/4573 7055/4574 7053/4572
f 7055/4574 7056/4575 7053/4572
f 7056/4575 7057/4576 7053/4572
f 7057/4576 7051/4570 7053/4572
f 7057/4576 7056/4575 7051/4570
f 7056/4575 7055/4574 7051/4570
f 7055/4574 7054/4573 7051/4570
f 7054/4573 7052/4571 7051/4570
f 7058/4556 7059/4557 7060/4558
f 7059/4557 7061/4559 7060/4558
f 7061/4559 7062/4560 7060/4558
f 7062/4560 7063/4561 7060/4558
f 7063/4561 7064/4562 7060/4558
f 7064/4562 7058/4556 7060/4558
f 7064/4562 7063/4561 7058/4556
f 7063/4561 7062/4560 7058/4556
f 7062/4560 7061/4559 7058/4556
f 7061/4559 7059/4557 7058/4556
f 7065/4556 7066/4557 7067/4558
f 7066/4557 7068/4559 7067/4558
f 7068/4559 7069/4560 7067/4558
f 7069/4560 7070/4561 7067/4558
f 7070/4561 7071/4562 7067/4558
f 7071/4562 7065/4556 7067/4558
f 7071/4562 7070/4561 7065/4556
f 7070/4561 7069/4560 7065/4556
f 7069/4560 7068/4559 7065/4556
f 7068/4559 7066/4557 7065/4556
f 7072/4563 7073/4564 7074/4565
f 7073/4564 7075/4566 7074/4565
f 7075/4566 7076/4567 7074/4565
f 7076/4567 7077/4568 7074/4565
f 7077/4568 7078/4569 7074/4565
f 7078/4569 7072/4563 7074/4565
f 7078/4569 7077/4568 7072/4563
f 7077/4568 7076/4567 7072/4563
f 7076/4567 7075/4566 7072/4563
f 7075/4566 7073/4564 7072/4563
f 7079/4577 7080/4577 7081/4577
f 7082/4577 7081/4577 7080/4577
f 7083/4577 7079/4577 7081/4577
f 7084/4577 7083/4577 7081/4577
f 7082/4577 7084/4577 7081/4577
f 7085/4577 7082/4577 7080/4577
f 7086/4577 7080/4577 7079/4577
f 7087/4577 7079/4577 7083/4577
f 7088/4577 7083/4577 7084/4577
f 7089/4577 7084/4577 7082/4577
f 7086/4577 7085/4577 7080/4577
f 7087/4577 7086/4577 7079/4577
f 7088/4577 7087/4577 7083/4577
f 7089/4577 7088/4577 7084/4577
f 7085/4577 7089/4577 7082/4577
f 7090/4577 7085/4577 7086/4577
f 7090/4577 7086/4577 7087/4577
f 7090/4577 7087/4577 7088/4577
f 7090/4577 7088/4577 7089/4577
f 7090/4577 7089/4577 7085/4577
f 7091/4491 7092/4492 7093/4493
f 7092/4492 7094/4494 7093/4493
f 7094/4494 7095/4495 7093/4493
f 7095/4495 7096/4496 7093/4493
f 7096/4496 7097/4497 7093/4493
f 7097/4497 7091/4491 7093/4493
f 7097/4497 7096/4496 7091/4491
f 7096/4496 7095/4495 7091/4491
f 7095/4495 7094/4494 7091/4491
f 7094/4494 7092/4492 7091/4491
f 7098/4491 7099/4492 7100/4493
f 7099/4492 7101/4494 7100/4493
f 7101/4494 7102/4495 7100/4493
f 7102/4495 7103/4496 7100/4493
f 7103/4496 7104/4497 7100/4493
f 7104/4497 7098/4491 7100/4493
f 7104/4497 7103/4496 7098/4491
f 7103/4496 7102/4495 7098/4491
f 7102/4495 7101/4494 7098/4491
f 7101/4494 7099/4492 7098/4491
f 7105/4491 7106/4492 7107/4493
f 7106/4492 7108/4494 7107/4493
f 7108/4494 7109/4495 7107/4493
f 7109/4495 7110/4496 7107/4493
f 7110/4496 7111/4497 7107/4493
f 7111/4497 7105/4491 7107/4493
f 7111/4497 7110/4496 7105/4491
f 7110/4496 7109/4495 7105/4491
f 7109/4495 7108/4494 7105/4491
f 7108/4494 7106/4492 7105/4491
f 7112/4505 7113/4506 7114/4507
f 7113/4506 7115/4508 7114/4507
f 7115/4508 7116/4509 7114/4507
f 7116/4509 7117/4510 7114/4507
f 7117/4510 7118/4511 7114/4507
f 7118/4511 7112/4505 7114/4507
f 7118/4511 7117/4510 7112/4505
f 7117/4510 7116/4509 7112/4505
f 7116/4509 7115/4508 7112/4505
f 7115/4508 7113/4506 7112/4505
f 7119/4491 7120/4492 7121/4493
f 7120/4492 7122/4494 7121/4493
f 7122/4494 7123/4495 7121/4493
f 7123/4495 7124/4496 7121/4493
f 7124/4496 7125/4497 7121/4493
f 7125/4497 7119/4491 7121/4493
f 7125/4497 7124/4496 7119/4491
f 7124/4496 7123/4495 7119/4491
f 7123/4495 7122/4494 7119/4491
f 7122/4494 7120/4492 7119/4491
f 7126/4498 7127/4499 7128/4500
f 7127/4499 7129/4501 7128/4500
f 7129/4501 7130/4502 7128/4500
f 7130/4502 7131/4503 7128/4500
f 7131/4503 7132/4504 7128/4500
f 7132/4504 7126/4498 7128/4500
f 7132/4504 7131/4503 7126/4498
f 7131/4503 7130/4502 7126/4498
f 7130/4502 7129/4501 7126/4498
f 7129/4501 7127/4499 7126/4498
f 7133/4505 7134/4506 7135/4507
f 7134/4506 7136/4508 7135/4507
f 7136/4508 7137/4509 7135/4507
f 7137/4509 7138/4510 7135/4507
f 7138/4510 7139/4511 7135/4507
f 7139/4511 7133/4505 7135/4507
f 7139/4511 7138/4510 7133/4505
f 7138/4510 7137/4509 7133/4505
f 7137/4509 7136/4508 7133/4505
f 7136/4508 7134/4506 7133/4505
f 7140/4491 7141/4492 7142/4493
f 7141/4492 7143/4494 7142/4493
f 7143/4494 7144/4495 7142/4493
f 7144/4495 7145/4496 7142/4493
f 7145/4496 7146/4497 7142/4493
f 7146/4497 7140/4491 7142/4493
f 7146/4497 7145/4496 7140/4491
f 7145/4496 7144/4495 7140/4491
f 7144/4495 7143/4494 7140/4491
f 7143/4494 7141/4492 7140/4491
f 7147/4498 7148/4499 7149/4500
f 7148/4499 7150/4501 7149/4500
f 7150/4501 7151/4502 7149/4500
f 7151/4502 7152/4503 7149/4500
f 7152/4503 7153/4504 7149/4500
f 7153/4504 7147/4498 7149/4500
f 7153/4504 7152/4503 7147/4498
f 7152/4503 7151/4502 7147/4498
f 7151/4502 7150/4501 7147/4498
f 7150/4501 7148/4499 7147/4498
f 7154/4491 7155/4492 7156/4493
f 7155/4492 7157/4494 7156/4493
f 7157/4494 7158/4495 7156/4493
f 7158/4495 7159/4496 7156/4493
f 7159/4496 7160/4497 7156/4493
f 7160/4497 7154/4491 7156/4493
f 7160/4497 7159/4496 7154/4491
f 7159/4496 7158/4495 7154/4491
f 7158/4495 7157/4494 7154/4491
f 7157/4494 7155/4492 7154/4491
f 7161/4491 7162/4492 7163/4493
f 7162/4492 7164/4494 7163/4493
f 7164/4494 7165/4495 7163/4493
f 7165/4495 7166/4496 7163/4493
f 7166/4496 7167/4497 7163/4493
f 7167/4497 7161/4491 7163/4493
f 7167/4497 7166/4496 7161/4491
f 7166/4496 7165/4495 7161/4491
f 7165/4495 7164/4494 7161/4491
f 7164/4494 7162/4492 7161/4491
f 7168/4498 7169/4499 7170/4500
f 7169/4499 7171/4501 7170/4500
f 7171/4501 7172/4502 7170/4500
f 7172/4502 7173/4503 7170/4500
f 7173/4503 7174/4504 7170/4500
f 7174/4504 7168/4498 7170/4500
f 7174/4504 7173/4503 7168/4498
f 7173/4503 7172/4502 7168/4498
f 7172/4502 7171/4501 7168/4498
f 7171/4501 7169/4499 7168/4498
f 7175/4505 7176/4506 7177/4507
f 7176/4506 7178/4508 7177/4507
f 7178/4508 7179/4509 7177/4507
f 7179/4509 7180/4510 7177/4507
f 7180/4510 7181/4511 7177/4507
f 7181/4511 7175/4505 7177/4507
f 7181/4511 7180/4510 7175/4505
f 7180/4510 7179/4509 7175/4505
f 7179/4509 7178/4508 7175/4505
f 7178/4508 7176/4506 7175/4505
f 7182/4491 7183/4492 7184/4493
f 7183/4492 7185/4494 7184/4493
f 7185/4494 7186/4495 7184/4493
f 7186/4495 7187/4496 7184/4493
f 7187/4496 7188/4497 7184/4493
f 7188/4497 7182/4491 7184/4493
f 7188/4497 7187/4496 7182/4491
f 7187/4496 7186/4495 7182/4491
f 7186/4495 7185/4494 7182/4491
f 7185/4494 7183/4492 7182/4491
f 7189/4498 7190/4499 7191/4500
f 7190/4499 7192/4501 7191/4500
f 7192/4501 7193/4502 7191/4500
f 7193/4502 7194/4503 7191/4500
f 7194/4503 7195/4504 7191/4500
f 7195/4504 7189/4498 7191/4500
f 7195/4504 7194/4503 7189/4498
f 7194/4503 7193/4502 7189/4498
f 7193/4502 7192/4501 7189/4498
f 7192/4501 7190/4499 7189/4498
f 7196/4498 7197/4499 7198/4500
f 7197/4499 7199/4501 7198/4500
f 7199/4501 7200/4502 7198/4500
f 7200/4502 7201/4503 7198/4500
f 7201/4503 7202/4504 7198/4500
f 7202/4504 7196/4498 7198/4500
f 7202/4504 7201/4503 7196/4498
f 7201/4503 7200/4502 7196/4498
f 7200/4502 7199/4501 7196/4498
f 7199/4501 7197/4499 7196/4498
f 7203/4505 7204/4506 7205/4507
f 7204/4506 7206/4508 7205/4507
f 7206/4508 7207/4509 7205/4507
f 7207/4509 7208/4510 7205/4507
f 7208/4510 7209/4511 7205/4507
f 7209/4511 7203/4505 7205/4507
f 7209/4511 7208/4510 7203/4505
f 7208/4510 7207/4509 7203/4505
f 7207/4509 7206/4508 7203/4505
f 7206/4508 7204/4506 7203/4505
f 7210/4491 7211/4492 7212/4493
f 7211/4492 7213/4494 7212/4493
f 7213/4494 7214/4495 7212/4493
f 7214/4495 7215/4496 7212/4493
f 7215/4496 7216/4497 7212/4493
f 7216/4497 7210/4491 7212/4493
f 7216/4497 7215/4496 7210/4491
f 7215/4496 7214/4495 7210/4491
f 7214/4495 7213/4494 7210/4491
f 7213/4494 7211/4492 7210/4491
f 7217/4505 7218/4506 7219/4507
f 7218/4506 7220/4508 7219/4507
f 7220/4508 7221/4509 7219/4507
f 7221/4509 7222/4510 7219/4507
f 7222/4510 7223/4511 7219/4507
f 7223/4511 7217/4505 7219/4507
f 7223/4511 7222/4510 7217/4505
f 7222/4510 7221/4509 7217/4505
f 7221/4509 7220/4508 7217/4505
f 7220/4508 7218/4506 7217/4505
f 7224/4491 7225/4492 7226/4493
f 7225/4492 7227/4494 7226/4493
f 7227/4494 7228/4495 7226/4493
f 7228/4495 7229/4496 7226/4493
f 7229/4496 7230/4497 7226/4493
f 7230/4497 7224/4491 7226/4493
f 7230/4497 7229/4496 7224/4491
f 7229/4496 7228/4495 7224/4491
f 7228/4495 7227/4494 7224/4491
f 7227/4494 7225/4492 7224/4491
f 7231/4498 7232/4499 7233/4500
f 7232/4499 7234/4501 7233/4500
f 7234/4501 7235/4502 7233/4500
f 7235/4502 7236/4503 7233/4500
f 7236/4503 7237/4504 7233/4500
f 7237/4504 7231/4498 7233/4500
f 7237/4504 7236/4503 7231/4498
f 7236/4503 7235/4502 7231/4498
f 7235/4502 7234/4501 7231/4498
f 7234/4501 7232/4499 7231/4498
f 7238/4498 7239/4499 7240/4500
f 7239/4499 7241/4501 7240/4500
f 7241/4501 7242/4502 7240/4500
f 7242/4502 7243/4503 7240/4500
f 7243/4503 7244/4504 7240/4500
f 7244/4504 7238/4498 7240/4500
f 7244/4504 7243/4503 7238/4498
f 7243/4503 7242/4502 7238/4498
f 7242/4502 7241/4501 7238/4498
f 7241/4501 7239/4499 7238/4498
f 7245/4505 7246/4506 7247/4507
f 7246/4506 7248/4508 7247/4507
f 7248/4508 7249/4509 7247/4507
f 7249/4509 7250/4510 7247/4507
f 7250/4510 7251/4511 7247/4507
f 7251/4511 7245/4505 7247/4507
f 7251/4511 7250/4510 7245/4505
f 7250/4510 7249/4509 7245/4505
f 7249/4509 7248/4508 7245/4505
f 7248/4508 7246/4506 7245/4505
f 7252/4491 7253/4492 7254/4493
f 7253/4492 7255/4494 7254/4493
f 7255/4494 7256/4495 7254/4493
f 7256/4495 7257/4496 7254/4493
f 7257/4496 7258/4497 7254/4493
f 7258/4497 7252/4491 7254/4493
f 7258/4497 7257/4496 7252/4491
f 7257/4496 7256/4495 7252/4491
f 7256/4495 7255/4494 7252/4491
f 7255/4494 7253/4492 7252/4491
f 7259/4505 7260/4506 7261/4507
f 7260/4506 7262/4508 7261/4507
f 7262/4508 7263/4509 7261/4507
f 7263/4509 7264/4510 7261/4507
f 7264/4510 7265/4511 7261/4507
f 7265/4511 7259/4505 7261/4507
f 7265/4511 7264/4510 7259/4505
f 7264/4510 7263/4509 7259/4505
f 7263/4509 7262/4508 7259/4505
f 7262/4508 7260/4506 7259/4505
f 7266/4491 7267/4492 7268/4493
f 7267/4492 7269/4494 7268/4493
f 7269/4494 7270/4495 7268/4493
f 7270/4495 7271/4496 7268/4493
f 7271/4496 7272/4497 7268/4493
f 7272/4497 7266/4491 7268/4493
f 7272/4497 7271/4496 7266/4491
f 7271/4496 7270/4495 7266/4491
f 7270/4495 7269/4494 7266/4491
f 7269/4494 7267/4492 7266/4491
f 7273/4519 7274/4519 7275/4519
f 7276/4519 7275/4519 7274/4519
f 7277/4519 7273/4519 7275/4519
f 7278/4519 7277/4519 7275/4519
f 7276/4519 7278/4519 7275/4519
f 7279/4519 7276/4519 7274/4519
f 7280/4519 7274/4519 7273/4519
f 7281/4519 7273/4519 7277/4519
f 7282/4519 7277/4519 7278/4519
f 7283/4519 7278/4519 7276/4519
f 7280/4519 7279/4519 7274/4519
f 7281/4519 7280/4519 7273/4519
f 7282/4519 7281/4519 7277/4519
f 7283/4519 7282/4519 7278/4519
f 7279/4519 7283/4519 7276/4519
f 7284/4519 7279/4519 7280/4519
f 7284/4519 7280/4519 7281/4519
f 7284/4519 7281/4519 7282/4519
f 7284/4519 7282/4519 7283/4519
f 7284/4519 7283/4519 7279/4519
f 7285/4534 7286/4535 7287/4536
f 7286/4535 7288/4537 7287/4536
f 7288/4537 7289/4538 7287/4536
f 7289/4538 7290/4539 7287/4536
f 7290/4539 7291/4540 7287/4536
f 7291/4540 7285/4534 7287/4536
f 7291/4540 7290/4539 7285/4534
f 7290/4539 7289/4538 7285/4534
f 7289/4538 7288/4537 7285/4534
f 7288/4537 7286/4535 7285/4534
f 7292/4541 7293/4542 7294/4543
f 7293/4542 7295/4544 7294/4543
f 7295/4544 7296/4545 7294/4543
f 7296/4545 7297/4546 7294/4543
f 7297/4546 7298/4547 7294/4543
f 7298/4547 7292/4541 7294/4543
f 7298/4547 7297/4546 7292/4541
f 7297/4546 7296/4545 7292/4541
f 7296/4545 7295/4544 7292/4541
f 7295/4544 7293/4542 7292/4541
f 7299/4541 7300/4542 7301/4543
f 7300/4542 7302/4544 7301/4543
f 7302/4544 7303/4545 7301/4543
f 7303/4545 7304/4546 7301/4543
f 7304/4546 7305/4547 7301/4543
f 7305/4547 7299/4541 7301/4543
f 7305/4547 7304/4546 7299/4541
f 7304/4546 7303/4545 7299/4541
f 7303/4545 7302/4544 7299/4541
f 7302/4544 7300/4542 7299/4541
f 7306/4520 7307/4521 7308/4522
f 7307/4521 7309/4523 7308/4522
f 7309/4523 7310/4524 7308/4522
f 7310/4524 7311/4525 7308/4522
f 7311/4525 7312/4526 7308/4522
f 7312/4526 7306/4520 7308/4522
f 7312/4526 7311/4525 7306/4520
f 7311/4525 7310/4524 7306/4520
f 7310/4524 7309/4523 7306/4520
f 7309/4523 7307/4521 7306/4520
f 7313/4534 7314/4535 7315/4536
f 7314/4535 7316/4537 7315/4536
f 7316/4537 7317/4538 7315/4536
f 7317/4538 7318/4539 7315/4536
f 7318/4539 7319/4540 7315/4536
f 7319/4540 7313/4534 7315/4536
f 7319/4540 7318/4539 7313/4534
f 7318/4539 7317/4538 7313/4534
f 7317/4538 7316/4537 7313/4534
f 7316/4537 7314/4535 7313/4534
f 7320/4534 7321/4535 7322/4536
f 7321/4535 7323/4537 7322/4536
f 7323/4537 7324/4538 7322/4536
f 7324/4538 7325/4539 7322/4536
f 7325/4539 7326/4540 7322/4536
f 7326/4540 7320/4534 7322/4536
f 7326/4540 7325/4539 7320/4534
f 7325/4539 7324/4538 7320/4534
f 7324/4538 7323/4537 7320/4534
f 7323/4537 7321/4535 7320/4534
f 7327/4541 7328/4542 7329/4543
f 7328/4542 7330/4544 7329/4543
f 7330/4544 7331/4545 7329/4543
f 7331/4545 7332/4546 7329/4543
f 7332/4546 7333/4547 7329/4543
f 7333/4547 7327/4541 7329/4543
f 7333/4547 7332/4546 7327/4541
f 7332/4546 7331/4545 7327/4541
f 7331/4545 7330/4544 7327/4541
f 7330/4544 7328/4542 7327/4541
f 7334/4520 7335/4521 7336/4522
f 7335/4521 7337/4523 7336/4522
f 7337/4523 7338/4524 7336/4522
f 7338/4524 7339/4525 7336/4522
f 7339/4525 7340/4526 7336/4522
f 7340/4526 7334/4520 7336/4522
f 7340/4526 7339/4525 7334/4520
f 7339/4525 7338/4524 7334/4520
f 7338/4524 7337/4523 7334/4520
f 7337/4523 7335/4521 7334/4520
f 7341/4534 7342/4535 7343/4536
f 7342/4535 7344/4537 7343/4536
f 7344/4537 7345/4538 7343/4536
f 7345/4538 7346/4539 7343/4536
f 7346/4539 7347/4540 7343/4536
f 7347/4540 7341/4534 7343/4536
f 7347/4540 7346/4539 7341/4534
f 7346/4539 7345/4538 7341/4534
f 7345/4538 7344/4537 7341/4534
f 7344/4537 7342/4535 7341/4534
f 7348/4520 7349/4521 7350/4522
f 7349/4521 7351/4523 7350/4522
f 7351/4523 7352/4524 7350/4522
f 7352/4524 7353/4525 7350/4522
f 7353/4525 7354/4526 7350/4522
f 7354/4526 7348/4520 7350/4522
f 7354/4526 7353/4525 7348/4520
f 7353/4525 7352/4524 7348/4520
f 7352/4524 7351/4523 7348/4520
f 7351/4523 7349/4521 7348/4520
f 7355/4520 7356/4521 7357/4522
f 7356/4521 7358/4523 7357/4522
f 7358/4523 7359/4524 7357/4522
f 7359/4524 7360/4525 7357/4522
f 7360/4525 7361/4526 7357/4522
f 7361/4526 7355/4520 7357/4522
f 7361/4526 7360/4525 7355/4520
f 7360/4525 7359/4524 7355/4520
f 7359/4524 7358/4523 7355/4520
f 7358/4523 7356/4521 7355/4520
f 7362/4520 7363/4521 7364/4522
f 7363/4521 7365/4523 7364/4522
f 7365/4523 7366/4524 7364/4522
f 7366/4524 7367/4525 7364/4522
f 7367/4525 7368/4526 7364/4522
f 7368/4526 7362/4520 7364/4522
f 7368/4526 7367/4525 7362/4520
f 7367/4525 7366/4524 7362/4520
f 7366/4524 7365/4523 7362/4520
f 7365/4523 7363/4521 7362/4520
f 7369/4527 7370/4528 7371/4529
f 7370/4528 7372/4530 7371/4529
f 7372/4530 7373/4531 7371/4529
f 7373/4531 7374/4532 7371/4529
f 7374/4532 7375/4533 7371/4529
f 7375/4533 7369/4527 7371/4529
f 7375/4533 7374/4532 7369/4527
f 7374/4532 7373/4531 7369/4527
f 7373/4531 7372/4530 7369/4527
f 7372/4530 7370/4528 7369/4527
f 7376/4520 7377/4521 7378/4522
f 7377/4521 7379/4523 7378/4522
f 7379/4523 7380/4524 7378/4522
f 7380/4524 7381/4525 7378/4522
f 7381/4525 7382/4526 7378/4522
f 7382/4526 7376/4520 7378/4522
f 7382/4526 7381/4525 7376/4520
f 7381/4525 7380/4524 7376/4520
f 7380/4524 7379/4523 7376/4520
f 7379/4523 7377/4521 7376/4520
f 7383/4527 7384/4528 7385/4529
f 7384/4528 7386/4530 7385/4529
f 7386/4530 7387/4531 7385/4529
f 7387/4531 7388/4532 7385/4529
f 7388/4532 7389/4533 7385/4529
f 7389/4533 7383/4527 7385/4529
f 7389/4533 7388/4532 7383/4527
f 7388/4532 7387/4531 7383/4527
f 7387/4531 7386/4530 7383/4527
f 7386/4530 7384/4528 7383/4527
f 7390/4527 7391/4528 7392/4529
f 7391/4528 7393/4530 7392/4529
f 7393/4530 7394/4531 7392/4529
f 7394/4531 7395/4532 7392/4529
f 7395/4532 7396/4533 7392/4529
f 7396/4533 7390/4527 7392/4529
f 7396/4533 7395/4532 7390/4527
f 7395/4532 7394/4531 7390/4527
f 7394/4531 7393/4530 7390/4527
f 7393/4530 7391/4528 7390/4527
f 7397/4527 7398/4528 7399/4529
f 7398/4528 7400/4530 7399/4529
f 7400/4530 7401/4531 7399/4529
f 7401/4531 7402/4532 7399/4529
f 7402/4532 7403/4533 7399/4529
f 7403/4533 7397/4527 7399/4529
f 7403/4533 7402/4532 7397/4527
f 7402/4532 7401/4531 7397/4527
f 7401/4531 7400/4530 7397/4527
f 7400/4530 7398/4528 7397/4527
f 7404/4534 7405/4535 7406/4536
f 7405/4535 7407/4537 7406/4536
f 7407/4537 7408/4538 7406/4536
f 7408/4538 7409/4539 7406/4536
f 7409/4539 7410/4540 7406/4536
f 7410/4540 7404/4534 7406/4536
f 7410/4540 7409/4539 7404/4534
f 7409/4539 7408/4538 7404/4534
f 7408/4538 7407/4537 7404/4534
f 7407/4537 7405/4535 7404/4534
f 7411/4520 7412/4521 7413/4522
f 7412/4521 7414/4523 7413/4522
f 7414/4523 7415/4524 7413/4522
f 7415/4524 7416/4525 7413/4522
f 7416/4525 7417/4526 7413/4522
f 7417/4526 7411/4520 7413/4522
f 7417/4526 7416/4525 7411/4520
f 7416/4525 7415/4524 7411/4520
f 7415/4524 7414/4523 7411/4520
f 7414/4523 7412/4521 7411/4520
f 7418/4534 7419/4535 7420/4536
f 7419/4535 7421/4537 7420/4536
f 7421/4537 7422/4538 7420/4536
f 7422/4538 7423/4539 7420/4536
f 7423/4539 7424/4540 7420/4536
f 7424/4540 7418/4534 7420/4536
f 7424/4540 7423/4539 7418/4534
f 7423/4539 7422/4538 7418/4534
f 7422/4538 7421/4537 7418/4534
f 7421/4537 7419/4535 7418/4534
f 7425/4527 7426/4528 7427/4529
f 7426/4528 7428/4530 7427/4529
f 7428/4530 7429/4531 7427/4529
f 7429/4531 7430/4532 7427/4529
f 7430/4532 7431/4533 7427/4529
f 7431/4533 7425/4527 7427/4529
f 7431/4533 7430/4532 7425/4527
f 7430/4532 7429/4531 7425/4527
f 7429/4531 7428/4530 7425/4527
f 7428/4530 7426/4528 7425/4527
f 7432/4520 7433/4521 7434/4522
f 7433/4521 7435/4523 7434/4522
f 7435/4523 7436/4524 7434/4522
f 7436/4524 7437/4525 7434/4522
f 7437/4525 7438/4526 7434/4522
f 7438/4526 7432/4520 7434/4522
f 7438/4526 7437/4525 7432/4520
f 7437/4525 7436/4524 7432/4520
f 7436/4524 7435/4523 7432/4520
f 7435/4523 7433/4521 7432/4520
f 7439/4534 7440/4535 7441/4536
f 7440/4535 7442/4537 7441/4536
f 7442/4537 7443/4538 7441/4536
f 7443/4538 7444/4539 7441/4536
f 7444/4539 7445/4540 7441/4536
f 7445/4540 7439/4534 7441/4536
f 7445/4540 7444/4539 7439/4534
f 7444/4539 7443/4538 7439/4534
f 7443/4538 7442/4537 7439/4534
f 7442/4537 7440/4535 7439/4534
f 7446/4520 7447/4521 7448/4522
f 7447/4521 7449/4523 7448/4522
f 7449/4523 7450/4524 7448/4522
f 7450/4524 7451/4525 7448/4522
f 7451/4525 7452/4526 7448/4522
f 7452/4526 7446/4520 7448/4522
f 7452/4526 7451/4525 7446/4520
f 7451/4525 7450/4524 7446/4520
f 7450/4524 7449/4523 7446/4520
f 7449/4523 7447/4521 7446/4520
f 7453/4534 7454/4535 7455/4536
f 7454/4535 7456/4537 7455/4536
f 7456/4537 7457/4538 7455/4536
f 7457/4538 7458/4539 7455/4536
f 7458/4539 7459/4540 7455/4536
f 7459/4540 7453/4534 7455/4536
f 7459/4540 7458/4539 7453/4534
f 7458/4539 7457/4538 7453/4534
f 7457/4538 7456/4537 7453/4534
f 7456/4537 7454/4535 7453/4534
f 7460/4534 7461/4535 7462/4536
f 7461/4535 7463/4537 7462/4536
f 7463/4537 7464/4538 7462/4536
f 7464/4538 7465/4539 7462/4536
f 7465/4539 7466/4540 7462/4536
f 7466/4540 7460/4534 7462/4536
f 7466/4540 7465/4539 7460/4534
f 7465/4539 7464/4538 7460/4534
f 7464/4538 7463/4537 7460/4534
f 7463/4537 7461/4535 7460/4534
f 7467/4548 7468/4548 7469/4548
f 7470/4548 7469/4548 7468/4548
f 7471/4548 7467/4548 7469/4548
f 7472/4548 7471/4548 7469/4548
f 7470/4548 7472/4548 7469/4548
f 7473/4548 7470/4548 7468/4548
f 7474/4548 7468/4548 7467/4548
f 7475/4548 7467/4548 7471/4548
f 7476/4548 7471/4548 7472/4548
f 7477/4548 7472/4548 7470/4548
f 7474/4548 7473/4548 7468/4548
f 7475/4548 7474/4548 7467/4548
f 7476/4548 7475/4548 7471/4548
f 7477/4548 7476/4548 7472/4548
f 7473/4548 7477/4548 7470/4548
f 7478/4548 7473/4548 7474/4548
f 7478/4548 7474/4548 7475/4548
f 7478/4548 7475/4548 7476/4548
f 7478/4548 7476/4548 7477/4548
f 7478/4548 7477/4548 7473/4548
f 7479/4599 7480/4600 7481/4601
f 7480/4600 7482/4602 7481/4601
f 7482/4602 7483/4603 7481/4601
f 7483/4603 7484/4604 7481/4601
f 7484/4604 7485/4605 7481/4601
f 7485/4605 7479/4599 7481/4601
f 7485/4605 7484/4604 7479/4599
f 7484/4604 7483/4603 7479/4599
f 7483/4603 7482/4602 7479/4599
f 7482/4602 7480/4600 7479/4599
f 7486/4578 7487/4579 7488/4580
f 7487/4579 7489/4581 7488/4580
f 7489/4581 7490/4582 7488/4580
f 7490/4582 7491/4583 7488/4580
f 7491/4583 7492/4584 7488/4580
f 7492/4584 7486/4578 7488/4580
f 7492/4584 7491/4583 7486/4578
f 7491/4583 7490/4582 7486/4578
f 7490/4582 7489/4581 7486/4578
f 7489/4581 7487/4579 7486/4578
f 7493/4585 7494/4586 7495/4587
f 7494/4586 7496/4588 7495/4587
f 7496/4588 7497/4589 7495/4587
f 7497/4589 7498/4590 7495/4587
f 7498/4590 7499/4591 7495/4587
f 7499/4591 7493/4585 7495/4587
f 7499/4591 7498/4590 7493/4585
f 7498/4590 7497/4589 7493/4585
f 7497/4589 7496/4588 7493/4585
f 7496/4588 7494/4586 7493/4585
f 7500/4599 7501/4600 7502/4601
f 7501/4600 7503/4602 7502/4601
f 7503/4602 7504/4603 7502/4601
f 7504/4603 7505/4604 7502/4601
f 7505/4604 7506/4605 7502/4601
f 7506/4605 7500/4599 7502/4601
f 7506/4605 7505/4604 7500/4599
f 7505/4604 7504/4603 7500/4599
f 7504/4603 7503/4602 7500/4599
f 7503/4602 7501/4600 7500/4599
f 7507/4578 7508/4579 7509/4580
f 7508/4579 7510/4581 7509/4580
f 7510/4581 7511/4582 7509/4580
f 7511/4582 7512/4583 7509/4580
f 7512/4583 7513/4584 7509/4580
f 7513/4584 7507/4578 7509/4580
f 7513/4584 7512/4583 7507/4578
f 7512/4583 7511/4582 7507/4578
f 7511/4582 7510/4581 7507/4578
f 7510/4581 7508/4579 7507/4578
f 7514/4599 7515/4600 7516/4601
f 7515/4600 7517/4602 7516/4601
f 7517/4602 7518/4603 7516/4601
f 7518/4603 7519/4604 7516/4601
f 7519/4604 7520/4605 7516/4601
f 7520/4605 7514/4599 7516/4601
f 7520/4605 7519/4604 7514/4599
f 7519/4604 7518/4603 7514/4599
f 7518/4603 7517/4602 7514/4599
f 7517/4602 7515/4600 7514/4599
f 7521/4578 7522/4579 7523/4580
f 7522/4579 7524/4581 7523/4580
f 7524/4581 7525/4582 7523/4580
f 7525/4582 7526/4583 7523/4580
f 7526/4583 7527/4584 7523/4580
f 7527/4584 7521/4578 7523/4580
f 7527/4584 7526/4583 7521/4578
f 7526/4583 7525/4582 7521/4578
f 7525/4582 7524/4581 7521/4578
f 7524/4581 7522/4579 7521/4578
f 7528/4599 7529/4600 7530/4601
f 7529/4600 7531/4602 7530/4601
f 7531/4602 7532/4603 7530/4601
f 7532/4603 7533/4604 7530/4601
f 7533/4604 7534/4605 7530/4601
f 7534/4605 7528/4599 7530/4601
f 7534/4605 7533/4604 7528/4599
f 7533/4604 7532/4603 7528/4599
f 7532/4603 7531/4602 7528/4599
f 7531/4602 7529/4600 7528/4599
f 7535/4578 7536/4579 7537/4580
f 7536/4579 7538/4581 7537/4580
f 7538/4581 7539/4582 7537/4580
f 7539/4582 7540/4583 7537/4580
f 7540/4583 7541/4584 7537/4580
f 7541/4584 7535/4578 7537/4580
f 7541/4584 7540/4583 7535/4578
f 7540/4583 7539/4582 7535/4578
f 7539/4582 7538/4581 7535/4578
f 7538/4581 7536/4579 7535/4578
f 7542/4578 7543/4579 7544/4580
f 7543/4579 7545/4581 7544/4580
f 7545/4581 7546/4582 7544/4580
f 7546/4582 7547/4583 7544/4580
f 7547/4583 7548/4584 7544/4580
f 7548/4584 7542/4578 7544/4580
f 7548/4584 7547/4583 7542/4578
f 7547/4583 7546/4582 7542/4578
f 7546/4582 7545/4581 7542/4578
f 7545/4581 7543/4579 7542/4578
f 7549/4592 7550/4593 7551/4594
f 7550/4593 7552/4595 7551/4594
f 7552/4595 7553/4596 7551/4594
f 7553/4596 7554/4597 7551/4594
f 7554/4597 7555/4598 7551/4594
f 7555/4598 7549/4592 7551/4594
f 7555/4598 7554/4597 7549/4592
f 7554/4597 7553/4596 7549/4592
f 7553/4596 7552/4595 7549/4592
f 7552/4595 7550/4593 7549/4592
f 7556/4592 7557/4593 7558/4594
f 7557/4593 7559/4595 7558/4594
f 7559/4595 7560/4596 7558/4594
f 7560/4596 7561/4597 7558/4594
f 7561/4597 7562/4598 7558/4594
f 7562/4598 7556/4592 7558/4594
f 7562/4598 7561/4597 7556/4592
f 7561/4597 7560/4596 7556/4592
f 7560/4596 7559/4595 7556/4592
f 7559/4595 7557/4593 7556/4592
f 7563/4578 7564/4579 7565/4580
f 7564/4579 7566/4581 7565/4580
f 7566/4581 7567/4582 7565/4580
f 7567/4582 7568/4583 7565/4580
f 7568/4583 7569/4584 7565/4580
f 7569/4584 7563/4578 7565/4580
f 7569/4584 7568/4583 7563/4578
f 7568/4583 7567/4582 7563/4578
f 7567/4582 7566/4581 7563/4578
f 7566/4581 7564/4579 7563/4578
f 7570/4578 7571/4579 7572/4580
f 7571/4579 7573/4581 7572/4580
f 7573/4581 7574/4582 7572/4580
f 7574/4582 7575/4583 7572/4580
f 7575/4583 7576/4584 7572/4580
f 7576/4584 7570/4578 7572/4580
f 7576/4584 7575/4583 7570/4578
f 7575/4583 7574/4582 7570/4578
f 7574/4582 7573/4581 7570/4578
f 7573/4581 7571/4579 7570/4578
f 7577/4578 7578/4579 7579/4580
f 7578/4579 7580/4581 7579/4580
f 7580/4581 7581/4582 7579/4580
f 7581/4582 7582/4583 7579/4580
f 7582/4583 7583/4584 7579/4580
f 7583/4584 7577/4578 7579/4580
f 7583/4584 7582/4583 7577/4578
f 7582/4583 7581/4582 7577/4578
f 7581/4582 7580/4581 7577/4578
f 7580/4581 7578/4579 7577/4578
f 7584/4578 7585/4579 7586/4580
f 7585/4579 7587/4581 7586/4580
f 7587/4581 7588/4582 7586/4580
f 7588/4582 7589/4583 7586/4580
f 7589/4583 7590/4584 7586/4580
f 7590/4584 7584/4578 7586/4580
f 7590/4584 7589/4583 7584/4578
f 7589/4583 7588/4582 7584/4578
f 7588/4582 7587/4581 7584/4578
f 7587/4581 7585/4579 7584/4578
f 7591/4599 7592/4600 7593/4601
f 7592/4600 7594/4602 7593/4601
f 7594/4602 7595/4603 7593/4601
f 7595/4603 7596/4604 7593/4601
f 7596/4604 7597/4605 7593/4601
f 7597/4605 7591/4599 7593/4601
f 7597/4605 7596/4604 7591/4599
f 7596/4604 7595/4603 7591/4599
f 7595/4603 7594/4602 7591/4599
f 7594/4602 7592/4600 7591/4599
f 7598/4599 7599/4600 7600/4601
f 7599/4600 7601/4602 7600/4601
f 7601/4602 7602/4603 7600/4601
f 7602/4603 7603/4604 7600/4601
f 7603/4604 7604/4605 7600/4601
f 7604/4605 7598/4599 7600/4601
f 7604/4605 7603/4604 7598/4599
f 7603/4604 7602/4603 7598/4599
f 7602/4603 7601/4602 7598/4599
f 7601/4602 7599/4600 7598/4599
f 7605/4599 7606/4600 7607/4601
f 7606/4600 7608/4602 7607/4601
f 7608/4602 7609/4603 7607/4601
f 7609/4603 7610/4604 7607/4601
f 7610/4604 7611/4605 7607/4601
f 7611/4605 7605/4599 7607/4601
f 7611/4605 7610/4604 7605/4599
f 7610/4604 7609/4603 7605/4599
f 7609/4603 7608/4602 7605/4599
f 7608/4602 7606/4600 7605/4599
f 7612/4578 7613/4579 7614/4580
f 7613/4579 7615/4581 7614/4580
f 7615/4581 7616/4582 7614/4580
f 7616/4582 7617/4583 7614/4580
f 7617/4583 7618/4584 7614/4580
f 7618/4584 7612/4578 7614/4580
f 7618/4584 7617/4583 7612/4578
f 7617/4583 7616/4582 7612/4578
f 7616/4582 7615/4581 7612/4578
f 7615/4581 7613/4579 7612/4578
f 7619/4592 7620/4593 7621/4594
f 7620/4593 7622/4595 7621/4594
f 7622/4595 7623/4596 7621/4594
f 7623/4596 7624/4597 7621/4594
f 7624/4597 7625/4598 7621/4594
f 7625/4598 7619/4592 7621/4594
f 7625/4598 7624/4597 7619/4592
f 7624/4597 7623/4596 7619/4592
f 7623/4596 7622/4595 7619/4592
f 7622/4595 7620/4593 7619/4592
f 7626/4599 7627/4600 7628/4601
f 7627/4600 7629/4602 7628/4601
f 7629/4602 7630/4603 7628/4601
f 7630/4603 7631/4604 7628/4601
f 7631/4604 7632/4605 7628/4601
f 7632/4605 7626/4599 7628/4601
f 7632/4605 7631/4604 7626/4599
f 7631/4604 7630/4603 7626/4599
f 7630/4603 7629/4602 7626/4599
f 7629/4602 7627/4600 7626/4599
f 7633/4585 7634/4586 7635/4587
f 7634/4586 7636/4588 7635/4587
f 7636/4588 7637/4589 7635/4587
f 7637/4589 7638/4590 7635/4587
f 7638/4590 7639/4591 7635/4587
f 7639/4591 7633/4585 7635/4587
f 7639/4591 7638/4590 7633/4585
f 7638/4590 7637/4589 7633/4585
f 7637/4589 7636/4588 7633/4585
f 7636/4588 7634/4586 7633/4585
f 7640/4578 7641/4579 7642/4580
f 7641/4579 7643/4581 7642/4580
f 7643/4581 7644/4582 7642/4580
f 7644/4582 7645/4583 7642/4580
f 7645/4583 7646/4584 7642/4580
f 7646/4584 7640/4578 7642/4580
f 7646/4584 7645/4583 7640/4578
f 7645/4583 7644/4582 7640/4578
f 7644/4582 7643/4581 7640/4578
f 7643/4581 7641/4579 7640/4578
f 7647/4599 7648/4600 7649/4601
f 7648/4600 7650/4602 7649/4601
f 7650/4602 7651/4603 7649/4601
f 7651/4603 7652/4604 7649/4601
f 7652/4604 7653/4605 7649/4601
f 7653/4605 7647/4599 7649/4601
f 7653/4605 7652/4604 7647/4599
f 7652/4604 7651/4603 7647/4599
f 7651/4603 7650/4602 7647/4599
f 7650/4602 7648/4600 7647/4599
f 7654/4578 7655/4579 7656/4580
f 7655/4579 7657/4581 7656/4580
f 7657/4581 7658/4582 7656/4580
f 7658/4582 7659/4583 7656/4580
f 7659/4583 7660/4584 7656/4580
f 7660/4584 7654/4578 7656/4580
f 7660/4584 7659/4583 7654/4578
f 7659/4583 7658/4582 7654/4578
f 7658/4582 7657/4581 7654/4578
f 7657/4581 7655/4579 7654/4578
f 7661/4606 7662/4606 7663/4606
f 7664/4606 7663/4606 7662/4606
f 7665/4606 7661/4606 7663/4606
f 7666/4606 7665/4606 7663/4606
f 7664/4606 7666/4606 7663/4606
f 7667/4606 7664/4606 7662/4606
f 7668/4606 7662/4606 7661/4606
f 7669/4606 7661/4606 7665/4606
f 7670/4606 7665/4606 7666/4606
f 7671/4606 7666/4606 7664/4606
f 7668/4606 7667/4606 7662/4606
f 7669/4606 7668/4606 7661/4606
f 7670/4606 7669/4606 7665/4606
f 7671/4606 7670/4606 7666/4606
f 7667/4606 7671/4606 7664/4606
f 7672/4606 7667/4606 7668/4606
f 7672/4606 7668/4606 7669/4606
f 7672/4606 7669/4606 7670/4606
f 7672/4606 7670/4606 7671/4606
f 7672/4606 7671/4606 7667/4606
f 7673/4556 7674/4557 7675/4558
f 7674/4557 7676/4559 7675/4558
f 7676/4559 7677/4560 7675/4558
f 7677/4560 7678/4561 7675/4558
f 7678/4561 7679/4562 7675/4558
f 7679/4562 7673/4556 7675/4558
f 7679/4562 7678/4561 7673/4556
f 7678/4561 7677/4560 7673/4556
f 7677/4560 7676/4559 7673/4556
f 7676/4559 7674/4557 7673/4556
f 7680/4549 7681/4550 7682/4551
f 7681/4550 7683/4552 7682/4551
f 7683/4552 7684/4553 7682/4551
f 7684/4553 7685/4554 7682/4551
f 7685/4554 7686/4555 7682/4551
f 7686/4555 7680/4549 7682/4551
f 7686/4555 7685/4554 7680/4549
f 7685/4554 7684/4553 7680/4549
f 7684/4553 7683/4552 7680/4549
f 7683/4552 7681/4550 7680/4549
f 7687/4563 7688/4564 7689/4565
f 7688/4564 7690/4566 7689/4565
f 7690/4566 7691/4567 7689/4565
f 7691/4567 7692/4568 7689/4565
f 7692/4568 7693/4569 7689/4565
f 7693/4569 7687/4563 7689/4565
f 7693/4569 7692/4568 7687/4563
f 7692/4568 7691/4567 7687/4563
f 7691/4567 7690/4566 7687/4563
f 7690/4566 7688/4564 7687/4563
f 7694/4563 7695/4564 7696/4565
f 7695/4564 7697/4566 7696/4565
f 7697/4566 7698/4567 7696/4565
f 7698/4567 7699/4568 7696/4565
f 7699/4568 7700/4569 7696/4565
f 7700/4569 7694/4563 7696/4565
f 7700/4569 7699/4568 7694/4563
f 7699/4568 7698/4567 7694/4563
f 7698/4567 7697/4566 7694/4563
f 7697/4566 7695/4564 7694/4563
f 7701/4549 7702/4550 7703/4551
f 7702/4550 7704/4552 7703/4551
f 7704/4552 7705/4553 7703/4551
f 7705/4553 7706/4554 7703/4551
f 7706/4554 7707/4555 7703/4551
f 7707/4555 7701/4549 7703/4551
f 7707/4555 7706/4554 7701/4549
f 7706/4554 7705/4553 7701/4549
f 7705/4553 7704/4552 7701/4549
f 7704/4552 7702/4550 7701/4549
f 7708/4556 7709/4557 7710/4558
f 7709/4557 7711/4559 7710/4558
f 7711/4559 7712/4560 7710/4558
f 7712/4560 7713/4561 7710/4558
f 7713/4561 7714/4562 7710/4558
f 7714/4562 7708/4556 7710/4558
f 7714/4562 7713/4561 7708/4556
f 7713/4561 7712/4560 7708/4556
f 7712/4560 7711/4559 7708/4556
f 7711/4559 7709/4557 7708/4556
f 7715/4549 7716/4550 7717/4551
f 7716/4550 7718/4552 7717/4551
f 7718/4552 7719/4553 7717/4551
f 7719/4553 7720/4554 7717/4551
f 7720/4554 7721/4555 7717/4551
f 7721/4555 7715/4549 7717/4551
f 7721/4555 7720/4554 7715/4549
f 7720/4554 7719/4553 7715/4549
f 7719/4553 7718/4552 7715/4549
f 7718/4552 7716/4550 7715/4549
f 7722/4563 7723/4564 7724/4565
f 7723/4564 7725/4566 7724/4565
f 7725/4566 7726/4567 7724/4565
f 7726/4567 7727/4568 7724/4565
f 7727/4568 7728/4569 7724/4565
f 7728/4569 7722/4563 7724/4565
f 7728/4569 7727/4568 7722/4563
f 7727/4568 7726/4567 7722/4563
f 7726/4567 7725/4566 7722/4563
f 7725/4566 7723/4564 7722/4563
f 7729/4570 7730/4571 7731/4572
f 7730/4571 7732/4573 7731/4572
f 7732/4573 7733/4574 7731/4572
f 7733/4574 7734/4575 7731/4572
f 7734/4575 7735/4576 7731/4572
f 7735/4576 7729/4570 7731/4572
f 7735/4576 7734/4575 7729/4570
f 7734/4575 7733/4574 7729/4570
f 7733/4574 7732/4573 7729/4570
f 7732/4573 7730/4571 7729/4570
f 7736/4549 7737/4550 7738/4551
f 7737/4550 7739/4552 7738/4551
f 7739/4552 7740/4553 7738/4551
f 7740/4553 7741/4554 7738/4551
f 7741/4554 7742/4555 7738/4551
f 7742/4555 7736/4549 7738/4551
f 7742/4555 7741/4554 7736/4549
f 7741/4554 7740/4553 7736/4549
f 7740/4553 7739/4552 7736/4549
f 7739/4552 7737/4550 7736/4549
f 7743/4549 7744/4550 7745/4551
f 7744/4550 7746/4552 7745/4551
f 7746/4552 7747/4553 7745/4551
f 7747/4553 7748/4554 7745/4551
f 7748/4554 7749/4555 7745/4551
f 7749/4555 7743/4549 7745/4551
f 7749/4555 7748/4554 7743/4549
f 7748/4554 7747/4553 7743/4549
f 7747/4553 7746/4552 7743/4549
f 7746/4552 7744/4550 7743/4549
f 7750/4556 7751/4557 7752/4558
f 7751/4557 7753/4559 7752/4558
f 7753/4559 7754/4560 7752/4558
f 7754/4560 7755/4561 7752/4558
f 7755/4561 7756/4562 7752/4558
f 7756/4562 7750/4556 7752/4558
f 7756/4562 7755/4561 7750/4556
f 7755/4561 7754/4560 7750/4556
f 7754/4560 7753/4559 7750/4556
f 7753/4559 7751/4557 7750/4556
f 7757/4563 7758/4564 7759/4565
f 7758/4564 7760/4566 7759/4565
f 7760/4566 7761/4567 7759/4565
f 7761/4567 7762/4568 7759/4565
f 7762/4568 7763/4569 7759/4565
f 7763/4569 7757/4563 7759/4565
f 7763/4569 7762/4568 7757/4563
f 7762/4568 7761/4567 7757/4563
f 7761/4567 7760/4566 7757/4563
f 7760/4566 7758/4564 7757/4563
f 7764/4549 7765/4550 7766/4551
f 7765/4550 7767/4552 7766/4551
f 7767/4552 7768/4553 7766/4551
f 7768/4553 7769/4554 7766/4551
f 7769/4554 7770/4555 7766/4551
f 7770/4555 7764/4549 7766/4551
f 7770/4555 7769/4554 7764/4549
f 7769/4554 7768/4553 7764/4549
f 7768/4553 7767/4552 7764/4549
f 7767/4552 7765/4550 7764/4549
f 7771/4563 7772/4564 7773/4565
f 7772/4564 7774/4566 7773/4565
f 7774/4566 7775/4567 7773/4565
f 7775/4567 7776/4568 7773/4565
f 7776/4568 7777/4569 7773/4565
f 7777/4569 7771/4563 7773/4565
f 7777/4569 7776/4568 7771/4563
f 7776/4568 7775/4567 7771/4563
f 7775/4567 7774/4566 7771/4563
f 7774/4566 7772/4564 7771/4563
f 7778/4556 7779/4557 7780/4558
f 7779/4557 7781/4559 7780/4558
f 7781/4559 7782/4560 7780/4558
f 7782/4560 7783/4561 7780/4558
f 7783/4561 7784/4562 7780/4558
f 7784/4562 7778/4556 7780/4558
f 7784/4562 7783/4561 7778/4556
f 7783/4561 7782/4560 7778/4556
f 7782/4560 7781/4559 7778/4556
f 7781/4559 7779/4557 7778/4556
f 7785/4570 7786/4571 7787/4572
f 7786/4571 7788/4573 7787/4572
f 7788/4573 7789/4574 7787/4572
f 7789/4574 7790/4575 7787/4572
f 7790/4575 7791/4576 7787/4572
f 7791/4576 7785/4570 7787/4572
f 7791/4576 7790/4575 7785/4570
f 7790/4575 7789/4574 7785/4570
f 7789/4574 7788/4573 7785/4570
f 7788/4573 7786/4571 7785/4570
f 7792/4563 7793/4564 7794/4565
f 7793/4564 7795/4566 7794/4565
f 7795/4566 7796/4567 7794/4565
f 7796/4567 7797/4568 7794/4565
f 7797/4568 7798/4569 7794/4565
f 7798/4569 7792/4563 7794/4565
f 7798/4569 7797/4568 7792/4563
f 7797/4568 7796/4567 7792/4563
f 7796/4567 7795/4566 7792/4563
f 7795/4566 7793/4564 7792/4563
f 7799/4563 7800/4564 7801/4565
f 7800/4564 7802/4566 7801/4565
f 7802/4566 7803/4567 7801/4565
f 7803/4567 7804/4568 7801/4565
f 7804/4568 7805/4569 7801/4565
f 7805/4569 7799/4563 7801/4565
f 7805/4569 7804/4568 7799/4563
f 7804/4568 7803/4567 7799/4563
f 7803/4567 7802/4566 7799/4563
f 7802/4566 7800/4564 7799/4563
f 7806/4563 7807/4564 7808/4565
f 7807/4564 7809/4566 7808/4565
f 7809/4566 7810/4567 7808/4565
f 7810/4567 7811/4568 7808/4565
f 7811/4568 7812/4569 7808/4565
f 7812/4569 7806/4563 7808/4565
f 7812/4569 7811/4568 7806/4563
f 7811/4568 7810/4567 7806/4563
f 7810/4567 7809/4566 7806/4563
f 7809/4566 7807/4564 7806/4563
f 7813/4563 7814/4564 7815/4565
f 7814/4564 7816/4566 7815/4565
f 7816/4566 7817/4567 7815/4565
f 7817/4567 7818/4568 7815/4565
f 7818/4568 7819/4569 7815/4565
f 7819/4569 7813/4563 7815/4565
f 7819/4569 7818/4568 7813/4563
f 7818/4568 7817/4567 7813/4563
f 7817/4567 7816/4566 7813/4563
f 7816/4566 7814/4564 7813/4563
f 7820/4563 7821/4564 7822/4565
f 7821/4564 7823/4566 7822/4565
f 7823/4566 7824/4567 7822/4565
f 7824/4567 7825/4568 7822/4565
f 7825/4568 7826/4569 7822/4565
f 7826/4569 7820/4563 7822/4565
f 7826/4569 7825/4568 7820/4563
f 7825/4568 7824/4567 7820/4563
f 7824/4567 7823/4566 7820/4563
f 7823/4566 7821/4564 7820/4563
f 7827/4549 7828/4550 7829/4551
f 7828/4550 7830/4552 7829/4551
f 7830/4552 7831/4553 7829/4551
f 7831/4553 7832/4554 7829/4551
f 7832/4554 7833/4555 7829/4551
f 7833/4555 7827/4549 7829/4551
f 7833/4555 7832/4554 7827/4549
f 7832/4554 7831/4553 7827/4549
f 7831/4553 7830/4552 7827/4549
f 7830/4552 7828/4550 7827/4549
f 7834/4549 7835/4550 7836/4551
f 7835/4550 7837/4552 7836/4551
f 7837/4552 7838/4553 7836/4551
f 7838/4553 7839/4554 7836/4551
f 7839/4554 7840/4555 7836/4551
f 7840/4555 7834/4549 7836/4551
f 7840/4555 7839/4554 7834/4549
f 7839/4554 7838/4553 7834/4549
f 7838/4553 7837/4552 7834/4549
f 7837/4552 7835/4550 7834/4549
f 7841/4563 7842/4564 7843/4565
f 7842/4564 7844/4566 7843/4565
f 7844/4566 7845/4567 7843/4565
f 7845/4567 7846/4568 7843/4565
f 7846/4568 7847/4569 7843/4565
f 7847/4569 7841/4563 7843/4565
f 7847/4569 7846/4568 7841/4563
f 7846/4568 7845/4567 7841/4563
f 7845/4567 7844/4566 7841/4563
f 7844/4566 7842/4564 7841/4563
f 7848/4563 7849/4564 7850/4565
f 7849/4564 7851/4566 7850/4565
f 7851/4566 7852/4567 7850/4565
f 7852/4567 7853/4568 7850/4565
f 7853/4568 7854/4569 7850/4565
f 7854/4569 7848/4563 7850/4565
f 7854/4569 7853/4568 7848/4563
f 7853/4568 7852/4567 7848/4563
f 7852/4567 7851/4566 7848/4563
f 7851/4566 7849/4564 7848/4563
f 7855/4577 7856/4577 7857/4577
f 7858/4577 7857/4577 7856/4577
f 7859/4577 7855/4577 7857/4577
f 7860/4577 7859/4577 7857/4577
f 7858/4577 7860/4577 7857/4577
f 7861/4577 7858/4577 7856/4577
f 7862/4577 7856/4577 7855/4577
f 7863/4577 7855/4577 7859/4577
f 7864/4577 7859/4577 7860/4577
f 7865/4577 7860/4577 7858/4577
f 7862/4577 7861/4577 7856/4577
f 7863/4577 7862/4577 7855/4577
f 7864/4577 7863/4577 7859/4577
f 7865/4577 7864/4577 7860/4577
f 7861/4577 7865/4577 7858/4577
f 7866/4577 7861/4577 7862/4577
f 7866/4577 7862/4577 7863/4577
f 7866/4577 7863/4577 7864/4577
f 7866/4577 7864/4577 7865/4577
f 7866/4577 7865/4577 7861/4577
f 7867/4469 7868/4470 7869/4471
f 7868/4470 7870/4472 7869/4471
f 7870/4472 7871/4473 7869/4471
f 7871/4473 7872/4474 7869/4471
f 7872/4474 7873/4475 7869/4471
f 7873/4475 7867/4469 7869/4471
f 7873/4475 7872/4474 7867/4469
f 7872/4474 7871/4473 7867/4469
f 7871/4473 7870/4472 7867/4469
f 7870/4472 7868/4470 7867/4469
f 7874/4469 7875/4470 7876/4471
f 7875/4470 7877/4472 7876/4471
f 7877/4472 7878/4473 7876/4471
f 7878/4473 7879/4474 7876/4471
f 7879/4474 7880/4475 7876/4471
f 7880/4475 7874/4469 7876/4471
f 7880/4475 7879/4474 7874/4469
f 7879/4474 7878/4473 7874/4469
f 7878/4473 7877/4472 7874/4469
f 7877/4472 7875/4470 7874/4469
f 7881/4462 7882/4463 7883/4464
f 7882/4463 7884/4465 7883/4464
f 7884/4465 7885/4466 7883/4464
f 7885/4466 7886/4467 7883/4464
f 7886/4467 7887/4468 7883/4464
f 7887/4468 7881/4462 7883/4464
f 7887/4468 7886/4467 7881/4462
f 7886/4467 7885/4466 7881/4462
f 7885/4466 7884/4465 7881/4462
f 7884/4465 7882/4463 7881/4462
f 7888/4483 7889/4484 7890/4485
f 7889/4484 7891/4486 7890/4485
f 7891/4486 7892/4487 7890/4485
f 7892/4487 7893/4488 7890/4485
f 7893/4488 7894/4489 7890/4485
f 7894/4489 7888/4483 7890/4485
f 7894/4489 7893/4488 7888/4483
f 7893/4488 7892/4487 7888/4483
f 7892/4487 7891/4486 7888/4483
f 7891/4486 7889/4484 7888/4483
f 7895/4462 7896/4463 7897/4464
f 7896/4463 7898/4465 7897/4464
f 7898/4465 7899/4466 7897/4464
f 7899/4466 7900/4467 7897/4464
f 7900/4467 7901/4468 7897/4464
f 7901/4468 7895/4462 7897/4464
f 7901/4468 7900/4467 7895/4462
f 7900/4467 7899/4466 7895/4462
f 7899/4466 7898/4465 7895/4462
f 7898/4465 7896/4463 7895/4462
f 7902/4462 7903/4463 7904/4464
f 7903/4463 7905/4465 7904/4464
f 7905/4465 7906/4466 7904/4464
f 7906/4466 7907/4467 7904/4464
f 7907/4467 7908/4468 7904/4464
f 7908/4468 7902/4462 7904/4464
f 7908/4468 7907/4467 7902/4462
f 7907/4467 7906/4466 7902/4462
f 7906/4466 7905/4465 7902/4462
f 7905/4465 7903/4463 7902/4462
f 7909/4476 7910/4477 7911/4478
f 7910/4477 7912/4479 7911/4478
f 7912/4479 7913/4480 7911/4478
f 7913/4480 7914/4481 7911/4478
f 7914/4481 7915/4482 7911/4478
f 7915/4482 7909/4476 7911/4478
f 7915/4482 7914/4481 7909/4476
f 7914/4481 7913/4480 7909/4476
f 7913/4480 7912/4479 7909/4476
f 7912/4479 7910/4477 7909/4476
f 7916/4476 7917/4477 7918/4478
f 7917/4477 7919/4479 7918/4478
f 7919/4479 7920/4480 7918/4478
f 7920/4480 7921/4481 7918/4478
f 7921/4481 7922/4482 7918/4478
f 7922/4482 7916/4476 7918/4478
f 7922/4482 7921/4481 7916/4476
f 7921/4481 7920/4480 7916/4476
f 7920/4480 7919/4479 7916/4476
f 7919/4479 7917/4477 7916/4476
f 7923/4469 7924/4470 7925/4471
f 7924/4470 7926/4472 7925/4471
f 7926/4472 7927/4473 7925/4471
f 7927/4473 7928/4474 7925/4471
f 7928/4474 7929/4475 7925/4471
f 7929/4475 7923/4469 7925/4471
f 7929/4475 7928/4474 7923/4469
f 7928/4474 7927/4473 7923/4469
f 7927/4473 7926/4472 7923/4469
f 7926/4472 7924/4470 7923/4469
f 7930/4483 7931/4484 7932/4485
f 7931/4484 7933/4486 7932/4485
f 7933/4486 7934/4487 7932/4485
f 7934/4487 7935/4488 7932/4485
f 7935/4488 7936/4489 7932/4485
f 7936/4489 7930/4483 7932/4485
f 7936/4489 7935/4488 7930/4483
f 7935/4488 7934/4487 7930/4483
f 7934/4487 7933/4486 7930/4483
f 7933/4486 7931/4484 7930/4483
f 7937/4469 7938/4470 7939/4471
f 7938/4470 7940/4472 7939/4471
f 7940/4472 7941/4473 7939/4471
f 7941/4473 7942/4474 7939/4471
f 7942/4474 7943/4475 7939/4471
f 7943/4475 7937/4469 7939/4471
f 7943/4475 7942/4474 7937/4469
f 7942/4474 7941/4473 7937/4469
f 7941/4473 7940/4472 7937/4469
f 7940/4472 7938/4470 7937/4469
f 7944/4462 7945/4463 7946/4464
f 7945/4463 7947/4465 7946/4464
f 7947/4465 7948/4466 7946/4464
f 7948/4466 7949/4467 7946/4464
f 7949/4467 7950/4468 7946/4464
f 7950/4468 7944/4462 7946/4464
f 7950/4468 7949/4467 7944/4462
f 7949/4467 7948/4466 7944/4462
f 7948/4466 7947/4465 7944/4462
f 7947/4465 7945/4463 7944/4462
f 7951/4476 7952/4477 7953/4478
f 7952/4477 7954/4479 7953/4478
f 7954/4479 7955/4480 7953/4478
f 7955/4480 7956/4481 7953/4478
f 7956/4481 7957/4482 7953/4478
f 7957/4482 7951/4476 7953/4478
f 7957/4482 7956/4481 7951/4476
f 7956/4481 7955/4480 7951/4476
f 7955/4480 7954/4479 7951/4476
f 7954/4479 7952/4477 7951/4476
f 7958/4483 7959/4484 7960/4485
f 7959/4484 7961/4486 7960/4485
f 7961/4486 7962/4487 7960/4485
f 7962/4487 7963/4488 7960/4485
f 7963/4488 7964/4489 7960/4485
f 7964/4489 7958/4483 7960/4485
f 7964/4489 7963/4488 7958/4483
f 7963/4488 7962/4487 7958/4483
f 7962/4487 7961/4486 7958/4483
f 7961/4486 7959/4484 7958/4483
f 7965/4469 7966/4470 7967/4471
f 7966/4470 7968/4472 7967/4471
f 7968/4472 7969/4473 7967/4471
f 7969/4473 7970/4474 7967/4471
f 7970/4474 7971/4475 7967/4471
f 7971/4475 7965/4469 7967/4471
f 7971/4475 7970/4474 7965/4469
f 7970/4474 7969/4473 7965/4469
f 7969/4473 7968/4472 7965/4469
f 7968/4472 7966/4470 7965/4469
f 7972/4462 7973/4463 7974/4464
f 7973/4463 7975/4465 7974/4464
f 7975/4465 7976/4466 7974/4464
f 7976/4466 7977/4467 7974/4464
f 7977/4467 7978/4468 7974/4464
f 7978/4468 7972/4462 7974/4464
f 7978/4468 7977/4467 7972/4462
f 7977/4467 7976/4466 7972/4462
f 7976/4466 7975/4465 7972/4462
f 7975/4465 7973/4463 7972/4462
f 7979/4469 7980/4470 7981/4471
f 7980/4470 7982/4472 7981/4471
f 7982/4472 7983/4473 7981/4471
f 7983/4473 7984/4474 7981/4471
f 7984/4474 7985/4475 7981/4471
f 7985/4475 7979/4469 7981/4471
f 7985/4475 7984/4474 7979/4469
f 7984/4474 7983/4473 7979/4469
f 7983/4473 7982/4472 7979/4469
f 7982/4472 7980/4470 7979/4469
f 7986/4462 7987/4463 7988/4464
f 7987/4463 7989/4465 7988/4464
f 7989/4465 7990/4466 7988/4464
f 7990/4466 7991/4467 7988/4464
f 7991/4467 7992/4468 7988/4464
f 7992/4468 7986/4462 7988/4464
f 7992/4468 7991/4467 7986/4462
f 7991/4467 7990/4466 7986/4462
f 7990/4466 7989/4465 7986/4462
f 7989/4465 7987/4463 7986/4462
f 7993/4469 7994/4470 7995/4471
f 7994/4470 7996/4472 7995/4471
f 7996/4472 7997/4473 7995/4471
f 7997/4473 7998/4474 7995/4471
f 7998/4474 7999/4475 7995/4471
f 7999/4475 7993/4469 7995/4471
f 7999/4475 7998/4474 7993/4469
f 7998/4474 7997/4473 7993/4469
f 7997/4473 7996/4472 7993/4469
f 7996/4472 7994/4470 7993/4469
f 8000/4476 8001/4477 8002/4478
f 8001/4477 8003/4479 8002/4478
f 8003/4479 8004/4480 8002/4478
f 8004/4480 8005/4481 8002/4478
f 8005/4481 8006/4482 8002/4478
f 8006/4482 8000/4476 8002/4478
f 8006/4482 8005/4481 8000/4476
f 8005/4481 8004/4480 8000/4476
f 8004/4480 8003/4479 8000/4476
f 8003/4479 8001/4477 8000/4476
f 8007/4462 8008/4463 8009/4464
f 8008/4463 8010/4465 8009/4464
f 8010/4465 8011/4466 8009/4464
f 8011/4466 8012/4467 8009/4464
f 8012/4467 8013/4468 8009/4464
f 8013/4468 8007/4462 8009/4464
f 8013/4468 8012/4467 8007/4462
f 8012/4467 8011/4466 8007/4462
f 8011/4466 8010/4465 8007/4462
f 8010/4465 8008/4463 8007/4462
f 8014/4476 8015/4477 8016/4478
f 8015/4477 8017/4479 8016/4478
f 8017/4479 8018/4480 8016/4478
f 8018/4480 8019/4481 8016/4478
f 8019/4481 8020/4482 8016/4478
f 8020/4482 8014/4476 8016/4478
f 8020/4482 8019/4481 8014/4476
f 8019/4481 8018/4480 8014/4476
f 8018/4480 8017/4479 8014/4476
f 8017/4479 8015/4477 8014/4476
f 8021/4476 8022/4477 8023/4478
f 8022/4477 8024/4479 8023/4478
f 8024/4479 8025/4480 8023/4478
f 8025/4480 8026/4481 8023/4478
f 8026/4481 8027/4482 8023/4478
f 8027/4482 8021/4476 8023/4478
f 8027/4482 8026/4481 8021/4476
f 8026/4481 8025/4480 8021/4476
f 8025/4480 8024/4479 8021/4476
f 8024/4479 8022/4477 8021/4476
f 8028/4462 8029/4463 8030/4464
f 8029/4463 8031/4465 8030/4464
f 8031/4465 8032/4466 8030/4464
f 8032/4466 8033/4467 8030/4464
f 8033/4467 8034/4468 8030/4464
f 8034/4468 8028/4462 8030/4464
f 8034/4468 8033/4467 8028/4462
f 8033/4467 8032/4466 8028/4462
f 8032/4466 8031/4465 8028/4462
f 8031/4465 8029/4463 8028/4462
f 8035/4476 8036/4477 8037/4478
f 8036/4477 8038/4479 8037/4478
f 8038/4479 8039/4480 8037/4478
f 8039/4480 8040/4481 8037/4478
f 8040/4481 8041/4482 8037/4478
f 8041/4482 8035/4476 8037/4478
f 8041/4482 8040/4481 8035/4476
f 8040/4481 8039/4480 8035/4476
f 8039/4480 8038/4479 8035/4476
f 8038/4479 8036/4477 8035/4476
f 8042/4462 8043/4463 8044/4464
f 8043/4463 8045/4465 8044/4464
f 8045/4465 8046/4466 8044/4464
f 8046/4466 8047/4467 8044/4464
f 8047/4467 8048/4468 8044/4464
f 8048/4468 8042/4462 8044/4464
f 8048/4468 8047/4467 8042/4462
f 8047/4467 8046/4466 8042/4462
f 8046/4466 8045/4465 8042/4462
f 8045/4465 8043/4463 8042/4462
f 8049/4490 8050/4490 8051/4490
f 8052/4490 8051/4490 8050/4490
f 8053/4490 8049/4490 8051/4490
f 8054/4490 8053/4490 8051/4490
f 8052/4490 8054/4490 8051/4490
f 8055/4490 8052/4490 8050/4490
f 8056/4490 8050/4490 8049/4490
f 8057/4490 8049/4490 8053/4490
f 8058/4490 8053/4490 8054/4490
f 8059/4490 8054/4490 8052/4490
f 8056/4490 8055/4490 8050/4490
f 8057/4490 8056/4490 8049/4490
f 8058/4490 8057/4490 8053/4490
f 8059/4490 8058/4490 8054/4490
f 8055/4490 8059/4490 8052/4490
f 8060/4490 8055/4490 8056/4490
f 8060/4490 8056/4490 8057/4490
f 8060/4490 8057/4490 8058/4490
f 8060/4490 8058/4490 8059/4490
f 8060/4490 8059/4490 8055/4490
f 8061/4599 8062/4600 8063/4601
f 8062/4600 8064/4602 8063/4601
f 8064/4602 8065/4603 8063/4601
f 8065/4603 8066/4604 8063/4601
f 8066/4604 8067/4605 8063/4601
f 8067/4605 8061/4599 8063/4601
f 8067/4605 8066/4604 8061/4599
f 8066/4604 8065/4603 8061/4599
f 8065/4603 8064/4602 8061/4599
f 8064/4602 8062/4600 8061/4599
f 8068/4578 8069/4579 8070/4580
f 8069/4579 8071/4581 8070/4580
f 8071/4581 8072/4582 8070/4580
f 8072/4582 8073/4583 8070/4580
f 8073/4583 8074/4584 8070/4580
f 8074/4584 8068/4578 8070/4580
f 8074/4584 8073/4583 8068/4578
f 8073/4583 8072/4582 8068/4578
f 8072/4582 8071/4581 8068/4578
f 8071/4581 8069/4579 8068/4578
f 8075/4599 8076/4600 8077/4601
f 8076/4600 8078/4602 8077/4601
f 8078/4602 8079/4603 8077/4601
f 8079/4603 8080/4604 8077/4601
f 8080/4604 8081/4605 8077/4601
f 8081/4605 8075/4599 8077/4601
f 8081/4605 8080/4604 8075/4599
f 8080/4604 8079/4603 8075/4599
f 8079/4603 8078/4602 8075/4599
f 8078/4602 8076/4600 8075/4599
f 8082/4578 8083/4579 8084/4580
f 8083/4579 8085/4581 8084/4580
f 8085/4581 8086/4582 8084/4580
f 8086/4582 8087/4583 8084/4580
f 8087/4583 8088/4584 8084/4580
f 8088/4584 8082/4578 8084/4580
f 8088/4584 8087/4583 8082/4578
f 8087/4583 8086/4582 8082/4578
f 8086/4582 8085/4581 8082/4578
f 8085/4581 8083/4579 8082/4578
f 8089/4585 8090/4586 8091/4587
f 8090/4586 8092/4588 8091/4587
f 8092/4588 8093/4589 8091/4587
f 8093/4589 8094/4590 8091/4587
f 8094/4590 8095/4591 8091/4587
f 8095/4591 8089/4585 8091/4587
f 8095/4591 8094/4590 8089/4585
f 8094/4590 8093/4589 8089/4585
f 8093/4589 8092/4588 8089/4585
f 8092/4588 8090/4586 8089/4585
f 8096/4599 8097/4600 8098/4601
f 8097/4600 8099/4602 8098/4601
f 8099/4602 8100/4603 8098/4601
f 8100/4603 8101/4604 8098/4601
f 8101/4604 8102/4605 8098/4601
f 8102/4605 8096/4599 8098/4601
f 8102/4605 8101/4604 8096/4599
f 8101/4604 8100/4603 8096/4599
f 8100/4603 8099/4602 8096/4599
f 8099/4602 8097/4600 8096/4599
f 8103/4599 8104/4600 8105/4601
f 8104/4600 8106/4602 8105/4601
f 8106/4602 8107/4603 8105/4601
f 8107/4603 8108/4604 8105/4601
f 8108/4604 8109/4605 8105/4601
f 8109/4605 8103/4599 8105/4601
f 8109/4605 8108/4604 8103/4599
f 8108/4604 8107/4603 8103/4599
f 8107/4603 8106/4602 8103/4599
f 8106/4602 8104/4600 8103/4599
f 8110/4578 8111/4579 8112/4580
f 8111/4579 8113/4581 8112/4580
f 8113/4581 8114/4582 8112/4580
f 8114/4582 8115/4583 8112/4580
f 8115/4583 8116/4584 8112/4580
f 8116/4584 8110/4578 8112/4580
f 8116/4584 8115/4583 8110/4578
f 8115/4583 8114/4582 8110/4578
f 8114/4582 8113/4581 8110/4578
f 8113/4581 8111/4579 8110/4578
f 8117/4585 8118/4586 8119/4587
f 8118/4586 8120/4588 8119/4587
f 8120/4588 8121/4589 8119/4587
f 8121/4589 8122/4590 8119/4587
f 8122/4590 8123/4591 8119/4587
f 8123/4591 8117/4585 8119/4587
f 8123/4591 8122/4590 8117/4585
f 8122/4590 8121/4589 8117/4585
f 8121/4589 8120/4588 8117/4585
f 8120/4588 8118/4586 8117/4585
f 8124/4578 8125/4579 8126/4580
f 8125/4579 8127/4581 8126/4580
f 8127/4581 8128/4582 8126/4580
f 8128/4582 8129/4583 8126/4580
f 8129/4583 8130/4584 8126/4580
f 8130/4584 8124/4578 8126/4580
f 8130/4584 8129/4583 8124/4578
f 8129/4583 8128/4582 8124/4578
f 8128/4582 8127/4581 8124/4578
f 8127/4581 8125/4579 8124/4578
f 8131/4578 8132/4579 8133/4580
f 8132/4579 8134/4581 8133/4580
f 8134/4581 8135/4582 8133/4580
f 8135/4582 8136/4583 8133/4580
f 8136/4583 8137/4584 8133/4580
f 8137/4584 8131/4578 8133/4580
f 8137/4584 8136/4583 8131/4578
f 8136/4583 8135/4582 8131/4578
f 8135/4582 8134/4581 8131/4578
f 8134/4581 8132/4579 8131/4578
f 8138/4578 8139/4579 8140/4580
f 8139/4579 8141/4581 8140/4580
f 8141/4581 8142/4582 8140/4580
f 8142/4582 8143/4583 8140/4580
f 8143/4583 8144/4584 8140/4580
f 8144/4584 8138/4578 8140/4580
f 8144/4584 8143/4583 8138/4578
f 8143/4583 8142/4582 8138/4578
f 8142/4582 8141/4581 8138/4578
f 8141/4581 8139/4579 8138/4578
f 8145/4578 8146/4579 8147/4580
f 8146/4579 8148/4581 8147/4580
f 8148/4581 8149/4582 8147/4580
f 8149/4582 8150/4583 8147/4580
f 8150/4583 8151/4584 8147/4580
f 8151/4584 8145/4578 8147/4580
f 8151/4584 8150/4583 8145/4578
f 8150/4583 8149/4582 8145/4578
f 8149/4582 8148/4581 8145/4578
f 8148/4581 8146/4579 8145/4578
f 8152/4592 8153/4593 8154/4594
f 8153/4593 8155/4595 8154/4594
f 8155/4595 8156/4596 8154/4594
f 8156/4596 8157/4597 8154/4594
f 8157/4597 8158/4598 8154/4594
f 8158/4598 8152/4592 8154/4594
f 8158/4598 8157/4597 8152/4592
f 8157/4597 8156/4596 8152/4592
f 8156/4596 8155/4595 8152/4592
f 8155/4595 8153/4593 8152/4592
f 8159/4578 8160/4579 8161/4580
f 8160/4579 8162/4581 8161/4580
f 8162/4581 8163/4582 8161/4580
f 8163/4582 8164/4583 8161/4580
f 8164/4583 8165/4584 8161/4580
f 8165/4584 8159/4578 8161/4580
f 8165/4584 8164/4583 8159/4578
f 8164/4583 8163/4582 8159/4578
f 8163/4582 8162/4581 8159/4578
f 8162/4581 8160/4579 8159/4578
f 8166/4585 8167/4586 8168/4587
f 8167/4586 8169/4588 8168/4587
f 8169/4588 8170/4589 8168/4587
f 8170/4589 8171/4590 8168/4587
f 8171/4590 8172/4591 8168/4587
f 8172/4591 8166/4585 8168/4587
f 8172/4591 8171/4590 8166/4585
f 8171/4590 8170/4589 8166/4585
f 8170/4589 8169/4588 8166/4585
f 8169/4588 8167/4586 8166/4585
f 8173/4592 8174/4593 8175/4594
f 8174/4593 8176/4595 8175/4594
f 8176/4595 8177/4596 8175/4594
f 8177/4596 8178/4597 8175/4594
f 8178/4597 8179/4598 8175/4594
f 8179/4598 8173/4592 8175/4594
f 8179/4598 8178/4597 8173/4592
f 8178/4597 8177/4596 8173/4592
f 8177/4596 8176/4595 8173/4592
f 8176/4595 8174/4593 8173/4592
f 8180/4599 8181/4600 8182/4601
f 8181/4600 8183/4602 8182/4601
f 8183/4602 8184/4603 8182/4601
f 8184/4603 8185/4604 8182/4601
f 8185/4604 8186/4605 8182/4601
f 8186/4605 8180/4599 8182/4601
f 8186/4605 8185/4604 8180/4599
f 8185/4604 8184/4603 8180/4599
f 8184/4603 8183/4602 8180/4599
f 8183/4602 8181/4600 8180/4599
f 8187/4585 8188/4586 8189/4587
f 8188/4586 8190/4588 8189/4587
f 8190/4588 8191/4589 8189/4587
f 8191/4589 8192/4590 8189/4587
f 8192/4590 8193/4591 8189/4587
f 8193/4591 8187/4585 8189/4587
f 8193/4591 8192/4590 8187/4585
f 8192/4590 8191/4589 8187/4585
f 8191/4589 8190/4588 8187/4585
f 8190/4588 8188/4586 8187/4585
f 8194/4599 8195/4600 8196/4601
f 8195/4600 8197/4602 8196/4601
f 8197/4602 8198/4603 8196/4601
f 8198/4603 8199/4604 8196/4601
f 8199/4604 8200/4605 8196/4601
f 8200/4605 8194/4599 8196/4601
f 8200/4605 8199/4604 8194/4599
f 8199/4604 8198/4603 8194/4599
f 8198/4603 8197/4602 8194/4599
f 8197/4602 8195/4600 8194/4599
f 8201/4578 8202/4579 8203/4580
f 8202/4579 8204/4581 8203/4580
f 8204/4581 8205/4582 8203/4580
f 8205/4582 8206/4583 8203/4580
f 8206/4583 8207/4584 8203/4580
f 8207/4584 8201/4578 8203/4580
f 8207/4584 8206/4583 8201/4578
f 8206/4583 8205/4582 8201/4578
f 8205/4582 8204/4581 8201/4578
f 8204/4581 8202/4579 8201/4578
f 8208/4599 8209/4600 8210/4601
f 8209/4600 8211/4602 8210/4601
f 8211/4602 8212/4603 8210/4601
f 8212/4603 8213/4604 8210/4601
f 8213/4604 8214/4605 8210/4601
f 8214/4605 8208/4599 8210/4601
f 8214/4605 8213/4604 8208/4599
f 8213/4604 8212/4603 8208/4599
f 8212/4603 8211/4602 8208/4599
f 8211/4602 8209/4600 8208/4599
f 8215/4585 8216/4586 8217/4587
f 8216/4586 8218/4588 8217/4587
f 8218/4588 8219/4589 8217/4587
f 8219/4589 8220/4590 8217/4587
f 8220/4590 8221/4591 8217/4587
f 8221/4591 8215/4585 8217/4587
f 8221/4591 8220/4590 8215/4585
f 8220/4590 8219/4589 8215/4585
f 8219/4589 8218/4588 8215/4585
f 8218/4588 8216/4586 8215/4585
f 8222/4578 8223/4579 8224/4580
f 8223/4579 8225/4581 8224/4580
f 8225/4581 8226/4582 8224/4580
f 8226/4582 8227/4583 8224/4580
f 8227/4583 8228/4584 8224/4580
f 8228/4584 8222/4578 8224/4580
f 8228/4584 8227/4583 8222/4578
f 8227/4583 8226/4582 8222/4578
f 8226/4582 8225/4581 8222/4578
f 8225/4581 8223/4579 8222/4578
f 8229/4592 8230/4593 8231/4594
f 8230/4593 8232/4595 8231/4594
f 8232/4595 8233/4596 8231/4594
f 8233/4596 8234/4597 8231/4594
f 8234/4597 8235/4598 8231/4594
f 8235/4598 8229/4592 8231/4594
f 8235/4598 8234/4597 8229/4592
f 8234/4597 8233/4596 8229/4592
f 8233/4596 8232/4595 8229/4592
f 8232/4595 8230/4593 8229/4592
f 8236/4578 8237/4579 8238/4580
f 8237/4579 8239/4581 8238/4580
f 8239/4581 8240/4582 8238/4580
f 8240/4582 8241/4583 8238/4580
f 8241/4583 8242/4584 8238/4580
f 8242/4584 8236/4578 8238/4580
f 8242/4584 8241/4583 8236/4578
f 8241/4583 8240/4582 8236/4578
f 8240/4582 8239/4581 8236/4578
f 8239/4581 8237/4579 8236/4578
f 8243/4606 8244/4606 8245/4606
f 8246/4606 8245/4606 8244/4606
f 8247/4606 8243/4606 8245/4606
f 8248/4606 8247/4606 8245/4606
f 8246/4606 8248/4606 8245/4606
f 8249/4606 8246/4606 8244/4606
f 8250/4606 8244/4606 8243/4606
f 8251/4606 8243/4606 8247/4606
f 8252/4606 8247/4606 8248/4606
f 8253/4606 8248/4606 8246/4606
f 8250/4606 8249/4606 8244/4606
f 8251/4606 8250/4606 8243/4606
f 8252/4606 8251/4606 8247/4606
f 8253/4606 8252/4606 8248/4606
f 8249/4606 8253/4606 8246/4606
f 8254/4606 8249/4606 8250/4606
f 8254/4606 8250/4606 8251/4606
f 8254/4606 8251/4606 8252/4606
f 8254/4606 8252/4606 8253/4606
f 8254/4606 8253/4606 8249/4606
f 8255/4512 8256/4513 8257/4514
f 8256/4513 8258/4515 8257/4514
f 8258/4515 8259/4516 8257/4514
f 8259/4516 8260/4517 8257/4514
f 8260/4517 8261/4518 8257/4514
f 8261/4518 8255/4512 8257/4514
f 8261/4518 8260/4517 8255/4512
f 8260/4517 8259/4516 8255/4512
f 8259/4516 8258/4515 8255/4512
f 8258/4515 8256/4513 8255/4512
f 8262/4498 8263/4499 8264/4500
f 8263/4499 8265/4501 8264/4500
f 8265/4501 8266/4502 8264/4500
f 8266/4502 8267/4503 8264/4500
f 8267/4503 8268/4504 8264/4500
f 8268/4504 8262/4498 8264/4500
f 8268/4504 8267/4503 8262/4498
f 8267/4503 8266/4502 8262/4498
f 8266/4502 8265/4501 8262/4498
f 8265/4501 8263/4499 8262/4498
f 8269/4498 8270/4499 8271/4500
f 8270/4499 8272/4501 8271/4500
f 8272/4501 8273/4502 8271/4500
f 8273/4502 8274/4503 8271/4500
f 8274/4503 8275/4504 8271/4500
f 8275/4504 8269/4498 8271/4500
f 8275/4504 8274/4503 8269/4498
f 8274/4503 8273/4502 8269/4498
f 8273/4502 8272/4501 8269/4498
f 8272/4501 8270/4499 8269/4498
f 8276/4498 8277/4499 8278/4500
f 8277/4499 8279/4501 8278/4500
f 8279/4501 8280/4502 8278/4500
f 8280/4502 8281/4503 8278/4500
f 8281/4503 8282/4504 8278/4500
f 8282/4504 8276/4498 8278/4500
f 8282/4504 8281/4503 8276/4498
f 8281/4503 8280/4502 8276/4498
f 8280/4502 8279/4501 8276/4498
f 8279/4501 8277/4499 8276/4498
f 8283/4498 8284/4499 8285/4500
f 8284/4499 8286/4501 8285/4500
f 8286/4501 8287/4502 8285/4500
f 8287/4502 8288/4503 8285/4500
f 8288/4503 8289/4504 8285/4500
f 8289/4504 8283/4498 8285/4500
f 8289/4504 8288/4503 8283/4498
f 8288/4503 8287/4502 8283/4498
f 8287/4502 8286/4501 8283/4498
f 8286/4501 8284/4499 8283/4498
f 8290/4498 8291/4499 8292/4500
f 8291/4499 8293/4501 8292/4500
f 8293/4501 8294/4502 8292/4500
f 8294/4502 8295/4503 8292/4500
f 8295/4503 8296/4504 8292/4500
f 8296/4504 8290/4498 8292/4500
f 8296/4504 8295/4503 8290/4498
f 8295/4503 8294/4502 8290/4498
f 8294/4502 8293/4501 8290/4498
f 8293/4501 8291/4499 8290/4498
f 8297/4491 8298/4492 8299/4493
f 8298/4492 8300/4494 8299/4493
f 8300/4494 8301/4495 8299/4493
f 8301/4495 8302/4496 8299/4493
f 8302/4496 8303/4497 8299/4493
f 8303/4497 8297/4491 8299/4493
f 8303/4497 8302/4496 8297/4491
f 8302/4496 8301/4495 8297/4491
f 8301/4495 8300/4494 8297/4491
f 8300/4494 8298/4492 8297/4491
f 8304/4505 8305/4506 8306/4507
f 8305/4506 8307/4508 8306/4507
f 8307/4508 8308/4509 8306/4507
f 8308/4509 8309/4510 8306/4507
f 8309/4510 8310/4511 8306/4507
f 8310/4511 8304/4505 8306/4507
f 8310/4511 8309/4510 8304/4505
f 8309/4510 8308/4509 8304/4505
f 8308/4509 8307/4508 8304/4505
f 8307/4508 8305/4506 8304/4505
f 8311/4491 8312/4492 8313/4493
f 8312/4492 8314/4494 8313/4493
f 8314/4494 8315/4495 8313/4493
f 8315/4495 8316/4496 8313/4493
f 8316/4496 8317/4497 8313/4493
f 8317/4497 8311/4491 8313/4493
f 8317/4497 8316/4496 8311/4491
f 8316/4496 8315/4495 8311/4491
f 8315/4495 8314/4494 8311/4491
f 8314/4494 8312/4492 8311/4491
f 8318/4505 8319/4506 8320/4507
f 8319/4506 8321/4508 8320/4507
f 8321/4508 8322/4509 8320/4507
f 8322/4509 8323/4510 8320/4507
f 8323/4510 8324/4511 8320/4507
f 8324/4511 8318/4505 8320/4507
f 8324/4511 8323/4510 8318/4505
f 8323/4510 8322/4509 8318/4505
f 8322/4509 8321/4508 8318/4505
f 8321/4508 8319/4506 8318/4505
f 8325/4505 8326/4506 8327/4507
f 8326/4506 8328/4508 8327/4507
f 8328/4508 8329/4509 8327/4507
f 8329/4509 8330/4510 8327/4507
f 8330/4510 8331/4511 8327/4507
f 8331/4511 8325/4505 8327/4507
f 8331/4511 8330/4510 8325/4505
f 8330/4510 8329/4509 8325/4505
f 8329/4509 8328/4508 8325/4505
f 8328/4508 8326/4506 8325/4505
f 8332/4505 8333/4506 8334/4507
f 8333/4506 8335/4508 8334/4507
f 8335/4508 8336/4509 8334/4507
f 8336/4509 8337/4510 8334/4507
f 8337/4510 8338/4511 8334/4507
f 8338/4511 8332/4505 8334/4507
f 8338/4511 8337/4510 8332/4505
f 8337/4510 8336/4509 8332/4505
f 8336/4509 8335/4508 8332/4505
f 8335/4508 8333/4506 8332/4505
f 8339/4498 8340/4499 8341/4500
f 8340/4499 8342/4501 8341/4500
f 8342/4501 8343/4502 8341/4500
f 8343/4502 8344/4503 8341/4500
f 8344/4503 8345/4504 8341/4500
f 8345/4504 8339/4498 8341/4500
f 8345/4504 8344/4503 8339/4498
f 8344/4503 8343/4502 8339/4498
f 8343/4502 8342/4501 8339/4498
f 8342/4501 8340/4499 8339/4498
f 8346/4491 8347/4492 8348/4493
f 8347/4492 8349/4494 8348/4493
f 8349/4494 8350/4495 8348/4493
f 8350/4495 8351/4496 8348/4493
f 8351/4496 8352/4497 8348/4493
f 8352/4497 8346/4491 8348/4493
f 8352/4497 8351/4496 8346/4491
f 8351/4496 8350/4495 8346/4491
f 8350/4495 8349/4494 8346/4491
f 8349/4494 8347/4492 8346/4491
f 8353/4491 8354/4492 8355/4493
f 8354/4492 8356/4494 8355/4493
f 8356/4494 8357/4495 8355/4493
f 8357/4495 8358/4496 8355/4493
f 8358/4496 8359/4497 8355/4493
f 8359/4497 8353/4491 8355/4493
f 8359/4497 8358/4496 8353/4491
f 8358/4496 8357/4495 8353/4491
f 8357/4495 8356/4494 8353/4491
f 8356/4494 8354/4492 8353/4491
f 8360/4498 8361/4499 8362/4500
f 8361/4499 8363/4501 8362/4500
f 8363/4501 8364/4502 8362/4500
f 8364/4502 8365/4503 8362/4500
f 8365/4503 8366/4504 8362/4500
f 8366/4504 8360/4498 8362/4500
f 8366/4504 8365/4503 8360/4498
f 8365/4503 8364/4502 8360/4498
f 8364/4502 8363/4501 8360/4498
f 8363/4501 8361/4499 8360/4498
f 8367/4498 8368/4499 8369/4500
f 8368/4499 8370/4501 8369/4500
f 8370/4501 8371/4502 8369/4500
f 8371/4502 8372/4503 8369/4500
f 8372/4503 8373/4504 8369/4500
f 8373/4504 8367/4498 8369/4500
f 8373/4504 8372/4503 8367/4498
f 8372/4503 8371/4502 8367/4498
f 8371/4502 8370/4501 8367/4498
f 8370/4501 8368/4499 8367/4498
f 8374/4505 8375/4506 8376/4507
f 8375/4506 8377/4508 8376/4507
f 8377/4508 8378/4509 8376/4507
f 8378/4509 8379/4510 8376/4507
f 8379/4510 8380/4511 8376/4507
f 8380/4511 8374/4505 8376/4507
f 8380/4511 8379/4510 8374/4505
f 8379/4510 8378/4509 8374/4505
f 8378/4509 8377/4508 8374/4505
f 8377/4508 8375/4506 8374/4505
f 8381/4498 8382/4499 8383/4500
f 8382/4499 8384/4501 8383/4500
f 8384/4501 8385/4502 8383/4500
f 8385/4502 8386/4503 8383/4500
f 8386/4503 8387/4504 8383/4500
f 8387/4504 8381/4498 8383/4500
f 8387/4504 8386/4503 8381/4498
f 8386/4503 8385/4502 8381/4498
f 8385/4502 8384/4501 8381/4498
f 8384/4501 8382/4499 8381/4498
f 8388/4505 8389/4506 8390/4507
f 8389/4506 8391/4508 8390/4507
f 8391/4508 8392/4509 8390/4507
f 8392/4509 8393/4510 8390/4507
f 8393/4510 8394/4511 8390/4507
f 8394/4511 8388/4505 8390/4507
f 8394/4511 8393/4510 8388/4505
f 8393/4510 8392/4509 8388/4505
f 8392/4509 8391/4508 8388/4505
f 8391/4508 8389/4506 8388/4505
f 8395/4491 8396/4492 8397/4493
f 8396/4492 8398/4494 8397/4493
f 8398/4494 8399/4495 8397/4493
f 8399/4495 8400/4496 8397/4493
f 8400/4496 8401/4497 8397/4493
f 8401/4497 8395/4491 8397/4493
f 8401/4497 8400/4496 8395/4491
f 8400/4496 8399/4495 8395/4491
f 8399/4495 8398/4494 8395/4491
f 8398/4494 8396/4492 8395/4491
f 8402/4491 8403/4492 8404/4493
f 8403/4492 8405/4494 8404/4493
f 8405/4494 8406/4495 8404/4493
f 8406/4495 8407/4496 8404/4493
f 8407/4496 8408/4497 8404/4493
f 8408/4497 8402/4491 8404/4493
f 8408/4497 8407/4496 8402/4491
f 8407/4496 8406/4495 8402/4491
f 8406/4495 8405/4494 8402/4491
f 8405/4494 8403/4492 8402/4491
f 8409/4498 8410/4499 8411/4500
f 8410/4499 8412/4501 8411/4500
f 8412/4501 8413/4502 8411/4500
f 8413/4502 8414/4503 8411/4500
f 8414/4503 8415/4504 8411/4500
f 8415/4504 8409/4498 8411/4500
f 8415/4504 8414/4503 8409/4498
f 8414/4503 8413/4502 8409/4498
f 8413/4502 8412/4501 8409/4498
f 8412/4501 8410/4499 8409/4498
f 8416/4498 8417/4499 8418/4500
f 8417/4499 8419/4501 8418/4500
f 8419/4501 8420/4502 8418/4500
f 8420/4502 8421/4503 8418/4500
f 8421/4503 8422/4504 8418/4500
f 8422/4504 8416/4498 8418/4500
f 8422/4504 8421/4503 8416/4498
f 8421/4503 8420/4502 8416/4498
f 8420/4502 8419/4501 8416/4498
f 8419/4501 8417/4499 8416/4498
f 8423/4498 8424/4499 8425/4500
f 8424/4499 8426/4501 8425/4500
f 8426/4501 8427/4502 8425/4500
f 8427/4502 8428/4503 8425/4500
f 8428/4503 8429/4504 8425/4500
f 8429/4504 8423/4498 8425/4500
f 8429/4504 8428/4503 8423/4498
f 8428/4503 8427/4502 8423/4498
f 8427/4502 8426/4501 8423/4498
f 8426/4501 8424/4499 8423/4498
f 8430/4505 8431/4506 8432/4507
f 8431/4506 8433/4508 8432/4507
f 8433/4508 8434/4509 8432/4507
f 8434/4509 8435/4510 8432/4507
f 8435/4510 8436/4511 8432/4507
f 8436/4511 8430/4505 8432/4507
f 8436/4511 8435/4510 8430/4505
f 8435/4510 8434/4509 8430/4505
f 8434/4509 8433/4508 8430/4505
f 8433/4508 8431/4506 8430/4505
f 8437/4519 8438/4519 8439/4519
f 8440/4519 8439/4519 8438/4519
f 8441/4519 8437/4519 8439/4519
f 8442/4519 8441/4519 8439/4519
f 8440/4519 8442/4519 8439/4519
f 8443/4519 8440/4519 8438/4519
f 8444/4519 8438/4519 8437/4519
f 8445/4519 8437/4519 8441/4519
f 8446/4519 8441/4519 8442/4519
f 8447/4519 8442/4519 8440/4519
f 8444/4519 8443/4519 8438/4519
f 8445/4519 8444/4519 8437/4519
f 8446/4519 8445/4519 8441/4519
f 8447/4519 8446/4519 8442/4519
f 8443/4519 8447/4519 8440/4519
f 8448/4519 8443/4519 8444/4519
f 8448/4519 8444/4519 8445/4519
f 8448/4519 8445/4519 8446/4519
f 8448/4519 8446/4519 8447/4519
f 8448/4519 8447/4519 8443/4519
f 8449/4462 8450/4463 8451/4464
f 8450/4463 8452/4465 8451/4464
f 8452/4465 8453/4466 8451/4464
f 8453/4466 8454/4467 8451/4464
f 8454/4467 8455/4468 8451/4464
f 8455/4468 8449/4462 8451/4464
f 8455/4468 8454/4467 8449/4462
f 8454/4467 8453/4466 8449/4462
f 8453/4466 8452/4465 8449/4462
f 8452/4465 8450/4463 8449/4462
f 8456/4462 8457/4463 8458/4464
f 8457/4463 8459/4465 8458/4464
f 8459/4465 8460/4466 8458/4464
f 8460/4466 8461/4467 8458/4464
f 8461/4467 8462/4468 8458/4464
f 8462/4468 8456/4462 8458/4464
f 8462/4468 8461/4467 8456/4462
f 8461/4467 8460/4466 8456/4462
f 8460/4466 8459/4465 8456/4462
f 8459/4465 8457/4463 8456/4462
f 8463/4462 8464/4463 8465/4464
f 8464/4463 8466/4465 8465/4464
f 8466/4465 8467/4466 8465/4464
f 8467/4466 8468/4467 8465/4464
f 8468/4467 8469/4468 8465/4464
f 8469/4468 8463/4462 8465/4464
f 8469/4468 8468/4467 8463/4462
f 8468/4467 8467/4466 8463/4462
f 8467/4466 8466/4465 8463/4462
f 8466/4465 8464/4463 8463/4462
f 8470/4469 8471/4470 8472/4471
f 8471/4470 8473/4472 8472/4471
f 8473/4472 8474/4473 8472/4471
f 8474/4473 8475/4474 8472/4471
f 8475/4474 8476/4475 8472/4471
f 8476/4475 8470/4469 8472/4471
f 8476/4475 8475/4474 8470/4469
f 8475/4474 8474/4473 8470/4469
f 8474/4473 8473/4472 8470/4469
f 8473/4472 8471/4470 8470/4469
f 8477/4476 8478/4477 8479/4478
f 8478/4477 8480/4479 8479/4478
f 8480/4479 8481/4480 8479/4478
f 8481/4480 8482/4481 8479/4478
f 8482/4481 8483/4482 8479/4478
f 8483/4482 8477/4476 8479/4478
f 8483/4482 8482/4481 8477/4476
f 8482/4481 8481/4480 8477/4476
f 8481/4480 8480/4479 8477/4476
f 8480/4479 8478/4477 8477/4476
f 8484/4462 8485/4463 8486/4464
f 8485/4463 8487/4465 8486/4464
f 8487/4465 8488/4466 8486/4464
f 8488/4466 8489/4467 8486/4464
f 8489/4467 8490/4468 8486/4464
f 8490/4468 8484/4462 8486/4464
f 8490/4468 8489/4467 8484/4462
f 8489/4467 8488/4466 8484/4462
f 8488/4466 8487/4465 8484/4462
f 8487/4465 8485/4463 8484/4462
f 8491/4462 8492/4463 8493/4464
f 8492/4463 8494/4465 8493/4464
f 8494/4465 8495/4466 8493/4464
f 8495/4466 8496/4467 8493/4464
f 8496/4467 8497/4468 8493/4464
f 8497/4468 8491/4462 8493/4464
f 8497/4468 8496/4467 8491/4462
f 8496/4467 8495/4466 8491/4462
f 8495/4466 8494/4465 8491/4462
f 8494/4465 8492/4463 8491/4462
f 8498/4469 8499/4470 8500/4471
f 8499/4470 8501/4472 8500/4471
f 8501/4472 8502/4473 8500/4471
f 8502/4473 8503/4474 8500/4471
f 8503/4474 8504/4475 8500/4471
f 8504/4475 8498/4469 8500/4471
f 8504/4475 8503/4474 8498/4469
f 8503/4474 8502/4473 8498/4469
f 8502/4473 8501/4472 8498/4469
f 8501/4472 8499/4470 8498/4469
f 8505/4462 8506/4463 8507/4464
f 8506/4463 8508/4465 8507/4464
f 8508/4465 8509/4466 8507/4464
f 8509/4466 8510/4467 8507/4464
f 8510/4467 8511/4468 8507/4464
f 8511/4468 8505/4462 8507/4464
f 8511/4468 8510/4467 8505/4462
f 8510/4467 8509/4466 8505/4462
f 8509/4466 8508/4465 8505/4462
f 8508/4465 8506/4463 8505/4462
f 8512/4462 8513/4463 8514/4464
f 8513/4463 8515/4465 8514/4464
f 8515/4465 8516/4466 8514/4464
f 8516/4466 8517/4467 8514/4464
f 8517/4467 8518/4468 8514/4464
f 8518/4468 8512/4462 8514/4464
f 8518/4468 8517/4467 8512/4462
f 8517/4467 8516/4466 8512/4462
f 8516/4466 8515/4465 8512/4462
f 8515/4465 8513/4463 8512/4462
f 8519/4476 8520/4477 8521/4478
f 8520/4477 8522/4479 8521/4478
f 8522/4479 8523/4480 8521/4478
f 8523/4480 8524/4481 8521/4478
f 8524/4481 8525/4482 8521/4478
f 8525/4482 8519/4476 8521/4478
f 8525/4482 8524/4481 8519/4476
f 8524/4481 8523/4480 8519/4476
f 8523/4480 8522/4479 8519/4476
f 8522/4479 8520/4477 8519/4476
f 8526/4476 8527/4477 8528/4478
f 8527/4477 8529/4479 8528/4478
f 8529/4479 8530/4480 8528/4478
f 8530/4480 8531/4481 8528/4478
f 8531/4481 8532/4482 8528/4478
f 8532/4482 8526/4476 8528/4478
f 8532/4482 8531/4481 8526/4476
f 8531/4481 8530/4480 8526/4476
f 8530/4480 8529/4479 8526/4476
f 8529/4479 8527/4477 8526/4476
f 8533/4476 8534/4477 8535/4478
f 8534/4477 8536/4479 8535/4478
f 8536/4479 8537/4480 8535/4478
f 8537/4480 8538/4481 8535/4478
f 8538/4481 8539/4482 8535/4478
f 8539/4482 8533/4476 8535/4478
f 8539/4482 8538/4481 8533/4476
f 8538/4481 8537/4480 8533/4476
f 8537/4480 8536/4479 8533/4476
f 8536/4479 8534/4477 8533/4476
f 8540/4462 8541/4463 8542/4464
f 8541/4463 8543/4465 8542/4464
f 8543/4465 8544/4466 8542/4464
f 8544/4466 8545/4467 8542/4464
f 8545/4467 8546/4468 8542/4464
f 8546/4468 8540/4462 8542/4464
f 8546/4468 8545/4467 8540/4462
f 8545/4467 8544/4466 8540/4462
f 8544/4466 8543/4465 8540/4462
f 8543/4465 8541/4463 8540/4462
f 8547/4462 8548/4463 8549/4464
f 8548/4463 8550/4465 8549/4464
f 8550/4465 8551/4466 8549/4464
f 8551/4466 8552/4467 8549/4464
f 8552/4467 8553/4468 8549/4464
f 8553/4468 8547/4462 8549/4464
f 8553/4468 8552/4467 8547/4462
f 8552/4467 8551/4466 8547/4462
f 8551/4466 8550/4465 8547/4462
f 8550/4465 8548/4463 8547/4462
f 8554/4462 8555/4463 8556/4464
f 8555/4463 8557/4465 8556/4464
f 8557/4465 8558/4466 8556/4464
f 8558/4466 8559/4467 8556/4464
f 8559/4467 8560/4468 8556/4464
f 8560/4468 8554/4462 8556/4464
f 8560/4468 8559/4467 8554/4462
f 8559/4467 8558/4466 8554/4462
f 8558/4466 8557/4465 8554/4462
f 8557/4465 8555/4463 8554/4462
f 8561/4476 8562/4477 8563/4478
f 8562/4477 8564/4479 8563/4478
f 8564/4479 8565/4480 8563/4478
f 8565/4480 8566/4481 8563/4478
f 8566/4481 8567/4482 8563/4478
f 8567/4482 8561/4476 8563/4478
f 8567/4482 8566/4481 8561/4476
f 8566/4481 8565/4480 8561/4476
f 8565/4480 8564/4479 8561/4476
f 8564/4479 8562/4477 8561/4476
f 8568/4483 8569/4484 8570/4485
f 8569/4484 8571/4486 8570/4485
f 8571/4486 8572/4487 8570/4485
f 8572/4487 8573/4488 8570/4485
f 8573/4488 8574/4489 8570/4485
f 8574/4489 8568/4483 8570/4485
f 8574/4489 8573/4488 8568/4483
f 8573/4488 8572/4487 8568/4483
f 8572/4487 8571/4486 8568/4483
f 8571/4486 8569/4484 8568/4483
f 8575/4462 8576/4463 8577/4464
f 8576/4463 8578/4465 8577/4464
f 8578/4465 8579/4466 8577/4464
f 8579/4466 8580/4467 8577/4464
f 8580/4467 8581/4468 8577/4464
f 8581/4468 8575/4462 8577/4464
f 8581/4468 8580/4467 8575/4462
f 8580/4467 8579/4466 8575/4462
f 8579/4466 8578/4465 8575/4462
f 8578/4465 8576/4463 8575/4462
f 8582/4476 8583/4477 8584/4478
f 8583/4477 8585/4479 8584/4478
f 8585/4479 8586/4480 8584/4478
f 8586/4480 8587/4481 8584/4478
f 8587/4481 8588/4482 8584/4478
f 8588/4482 8582/4476 8584/4478
f 8588/4482 8587/4481 8582/4476
f 8587/4481 8586/4480 8582/4476
f 8586/4480 8585/4479 8582/4476
f 8585/4479 8583/4477 8582/4476
f 8589/4462 8590/4463 8591/4464
f 8590/4463 8592/4465 8591/4464
f 8592/4465 8593/4466 8591/4464
f 8593/4466 8594/4467 8591/4464
f 8594/4467 8595/4468 8591/4464
f 8595/4468 8589/4462 8591/4464
f 8595/4468 8594/4467 8589/4462
f 8594/4467 8593/4466 8589/4462
f 8593/4466 8592/4465 8589/4462
f 8592/4465 8590/4463 8589/4462
f 8596/4476 8597/4477 8598/4478
f 8597/4477 8599/4479 8598/4478
f 8599/4479 8600/4480 8598/4478
f 8600/4480 8601/4481 8598/4478
f 8601/4481 8602/4482 8598/4478
f 8602/4482 8596/4476 8598/4478
f 8602/4482 8601/4481 8596/4476
f 8601/4481 8600/4480 8596/4476
f 8600/4480 8599/4479 8596/4476
f 8599/4479 8597/4477 8596/4476
f 8603/4462 8604/4463 8605/4464
f 8604/4463 8606/4465 8605/4464
f 8606/4465 8607/4466 8605/4464
f 8607/4466 8608/4467 8605/4464
f 8608/4467 8609/4468 8605/4464
f 8609/4468 8603/4462 8605/4464
f 8609/4468 8608/4467 8603/4462
f 8608/4467 8607/4466 8603/4462
f 8607/4466 8606/4465 8603/4462
f 8606/4465 8604/4463 8603/4462
f 8610/4469 8611/4470 8612/4471
f 8611/4470 8613/4472 8612/4471
f 8613/4472 8614/4473 8612/4471
f 8614/4473 8615/4474 8612/4471
f 8615/4474 8616/4475 8612/4471
f 8616/4475 8610/4469 8612/4471
f 8616/4475 8615/4474 8610/4469
f 8615/4474 8614/4473 8610/4469
f 8614/4473 8613/4472 8610/4469
f 8613/4472 8611/4470 8610/4469
f 8617/4462 8618/4463 8619/4464
f 8618/4463 8620/4465 8619/4464
f 8620/4465 8621/4466 8619/4464
f 8621/4466 8622/4467 8619/4464
f 8622/4467 8623/4468 8619/4464
f 8623/4468 8617/4462 8619/4464
f 8623/4468 8622/4467 8617/4462
f 8622/4467 8621/4466 8617/4462
f 8621/4466 8620/4465 8617/4462
f 8620/4465 8618/4463 8617/4462
f 8624/4469 8625/4470 8626/4471
f 8625/4470 8627/4472 8626/4471
f 8627/4472 8628/4473 8626/4471
f 8628/4473 8629/4474 8626/4471
f 8629/4474 8630/4475 8626/4471
f 8630/4475 8624/4469 8626/4471
f 8630/4475 8629/4474 8624/4469
f 8629/4474 8628/4473 8624/4469
f 8628/4473 8627/4472 8624/4469
f 8627/4472 8625/4470 8624/4469
f 8631/4490 8632/4490 8633/4490
f 8634/4490 8633/4490 8632/4490
f 8635/4490 8631/4490 8633/4490
f 8636/4490 8635/4490 8633/4490
f 8634/4490 8636/4490 8633/4490
f 8637/4490 8634/4490 8632/4490
f 8638/4490 8632/4490 8631/4490
f 8639/4490 8631/4490 8635/4490
f 8640/4490 8635/4490 8636/4490
f 8641/4490 8636/4490 8634/4490
f 8638/4490 8637/4490 8632/4490
f 8639/4490 8638/4490 8631/4490
f 8640/4490 8639/4490 8635/4490
f 8641/4490 8640/4490 8636/4490
f 8637/4490 8641/4490 8634/4490
f 8642/4490 8637/4490 8638/4490
f 8642/4490 8638/4490 8639/4490
f 8642/4490 8639/4490 8640/4490
f 8642/4490 8640/4490 8641/4490
f 8642/4490 8641/4490 8637/4490
f 8643/4570 8644/4571 8645/4572
f 8644/4571 8646/4573 8645/4572
f 8646/4573 8647/4574 8645/4572
f 8647/4574 8648/4575 8645/4572
f 8648/4575 8649/4576 8645/4572
f 8649/4576 8643/4570 8645/4572
f 8649/4576 8648/4575 8643/4570
f 8648/4575 8647/4574 8643/4570
f 8647/4574 8646/4573 8643/4570
f 8646/4573 8644/4571 8643/4570
f 8650/4549 8651/4550 8652/4551
f 8651/4550 8653/4552 8652/4551
f 8653/4552 8654/4553 8652/4551
f 8654/4553 8655/4554 8652/4551
f 8655/4554 8656/4555 8652/4551
f 8656/4555 8650/4549 8652/4551
f 8656/4555 8655/4554 8650/4549
f 8655/4554 8654/4553 8650/4549
f 8654/4553 8653/4552 8650/4549
f 8653/4552 8651/4550 8650/4549
f 8657/4570 8658/4571 8659/4572
f 8658/4571 8660/4573 8659/4572
f 8660/4573 8661/4574 8659/4572
f 8661/4574 8662/4575 8659/4572
f 8662/4575 8663/4576 8659/4572
f 8663/4576 8657/4570 8659/4572
f 8663/4576 8662/4575 8657/4570
f 8662/4575 8661/4574 8657/4570
f 8661/4574 8660/4573 8657/4570
f 8660/4573 8658/4571 8657/4570
f 8664/4556 8665/4557 8666/4558
f 8665/4557 8667/4559 8666/4558
f 8667/4559 8668/4560 8666/4558
f 8668/4560 8669/4561 8666/4558
f 8669/4561 8670/4562 8666/4558
f 8670/4562 8664/4556 8666/4558
f 8670/4562 8669/4561 8664/4556
f 8669/4561 8668/4560 8664/4556
f 8668/4560 8667/4559 8664/4556
f 8667/4559 8665/4557 8664/4556
f 8671/4549 8672/4550 8673/4551
f 8672/4550 8674/4552 8673/4551
f 8674/4552 8675/4553 8673/4551
f 8675/4553 8676/4554 8673/4551
f 8676/4554 8677/4555 8673/4551
f 8677/4555 8671/4549 8673/4551
f 8677/4555 8676/4554 8671/4549
f 8676/4554 8675/4553 8671/4549
f 8675/4553 8674/4552 8671/4549
f 8674/4552 8672/4550 8671/4549
f 8678/4563 8679/4564 8680/4565
f 8679/4564 8681/4566 8680/4565
f 8681/4566 8682/4567 8680/4565
f 8682/4567 8683/4568 8680/4565
f 8683/4568 8684/4569 8680/4565
f 8684/4569 8678/4563 8680/4565
f 8684/4569 8683/4568 8678/4563
f 8683/4568 8682/4567 8678/4563
f 8682/4567 8681/4566 8678/4563
f 8681/4566 8679/4564 8678/4563
f 8685/4563 8686/4564 8687/4565
f 8686/4564 8688/4566 8687/4565
f 8688/4566 8689/4567 8687/4565
f 8689/4567 8690/4568 8687/4565
f 8690/4568 8691/4569 8687/4565
f 8691/4569 8685/4563 8687/4565
f 8691/4569 8690/4568 8685/4563
f 8690/4568 8689/4567 8685/4563
f 8689/4567 8688/4566 8685/4563
f 8688/4566 8686/4564 8685/4563
f 8692/4563 8693/4564 8694/4565
f 8693/4564 8695/4566 8694/4565
f 8695/4566 8696/4567 8694/4565
f 8696/4567 8697/4568 8694/4565
f 8697/4568 8698/4569 8694/4565
f 8698/4569 8692/4563 8694/4565
f 8698/4569 8697/4568 8692/4563
f 8697/4568 8696/4567 8692/4563
f 8696/4567 8695/4566 8692/4563
f 8695/4566 8693/4564 8692/4563
f 8699/4563 8700/4564 8701/4565
f 8700/4564 8702/4566 8701/4565
f 8702/4566 8703/4567 8701/4565
f 8703/4567 8704/4568 8701/4565
f 8704/4568 8705/4569 8701/4565
f 8705/4569 8699/4563 8701/4565
f 8705/4569 8704/4568 8699/4563
f 8704/4568 8703/4567 8699/4563
f 8703/4567 8702/4566 8699/4563
f 8702/4566 8700/4564 8699/4563
f 8706/4549 8707/4550 8708/4551
f 8707/4550 8709/4552 8708/4551
f 8709/4552 8710/4553 8708/4551
f 8710/4553 8711/4554 8708/4551
f 8711/4554 8712/4555 8708/4551
f 8712/4555 8706/4549 8708/4551
f 8712/4555 8711/4554 8706/4549
f 8711/4554 8710/4553 8706/4549
f 8710/4553 8709/4552 8706/4549
f 8709/4552 8707/4550 8706/4549
f 8713/4549 8714/4550 8715/4551
f 8714/4550 8716/4552 8715/4551
f 8716/4552 8717/4553 8715/4551
f 8717/4553 8718/4554 8715/4551
f 8718/4554 8719/4555 8715/4551
f 8719/4555 8713/4549 8715/4551
f 8719/4555 8718/4554 8713/4549
f 8718/4554 8717/4553 8713/4549
f 8717/4553 8716/4552 8713/4549
f 8716/4552 8714/4550 8713/4549
f 8720/4563 8721/4564 8722/4565
f 8721/4564 8723/4566 8722/4565
f 8723/4566 8724/4567 8722/4565
f 8724/4567 8725/4568 8722/4565
f 8725/4568 8726/4569 8722/4565
f 8726/4569 8720/4563 8722/4565
f 8726/4569 8725/4568 8720/4563
f 8725/4568 8724/4567 8720/4563
f 8724/4567 8723/4566 8720/4563
f 8723/4566 8721/4564 8720/4563
f 8727/4570 8728/4571 8729/4572
f 8728/4571 8730/4573 8729/4572
f 8730/4573 8731/4574 8729/4572
f 8731/4574 8732/4575 8729/4572
f 8732/4575 8733/4576 8729/4572
f 8733/4576 8727/4570 8729/4572
f 8733/4576 8732/4575 8727/4570
f 8732/4575 8731/4574 8727/4570
f 8731/4574 8730/4573 8727/4570
f 8730/4573 8728/4571 8727/4570
f 8734/4549 8735/4550 8736/4551
f 8735/4550 8737/4552 8736/4551
f 8737/4552 8738/4553 8736/4551
f 8738/4553 8739/4554 8736/4551
f 8739/4554 8740/4555 8736/4551
f 8740/4555 8734/4549 8736/4551
f 8740/4555 8739/4554 8734/4549
f 8739/4554 8738/4553 8734/4549
f 8738/4553 8737/4552 8734/4549
f 8737/4552 8735/4550 8734/4549
f 8741/4556 8742/4557 8743/4558
f 8742/4557 8744/4559 8743/4558
f 8744/4559 8745/4560 8743/4558
f 8745/4560 8746/4561 8743/4558
f 8746/4561 8747/4562 8743/4558
f 8747/4562 8741/4556 8743/4558
f 8747/4562 8746/4561 8741/4556
f 8746/4561 8745/4560 8741/4556
f 8745/4560 8744/4559 8741/4556
f 8744/4559 8742/4557 8741/4556
f 8748/4570 8749/4571 8750/4572
f 8749/4571 8751/4573 8750/4572
f 8751/4573 8752/4574 8750/4572
f 8752/4574 8753/4575 8750/4572
f 8753/4575 8754/4576 8750/4572
f 8754/4576 8748/4570 8750/4572
f 8754/4576 8753/4575 8748/4570
f 8753/4575 8752/4574 8748/4570
f 8752/4574 8751/4573 8748/4570
f 8751/4573 8749/4571 8748/4570
f 8755/4563 8756/4564 8757/4565
f 8756/4564 8758/4566 8757/4565
f 8758/4566 8759/4567 8757/4565
f 8759/4567 8760/4568 8757/4565
f 8760/4568 8761/4569 8757/4565
f 8761/4569 8755/4563 8757/4565
f 8761/4569 8760/4568 8755/4563
f 8760/4568 8759/4567 8755/4563
f 8759/4567 8758/4566 8755/4563
f 8758/4566 8756/4564 8755/4563
f 8762/4570 8763/4571 8764/4572
f 8763/4571 8765/4573 8764/4572
f 8765/4573 8766/4574 8764/4572
f 8766/4574 8767/4575 8764/4572
f 8767/4575 8768/4576 8764/4572
f 8768/4576 8762/4570 8764/4572
f 8768/4576 8767/4575 8762/4570
f 8767/4575 8766/4574 8762/4570
f 8766/4574 8765/4573 8762/4570
f 8765/4573 8763/4571 8762/4570
f 8769/4556 8770/4557 8771/4558
f 8770/4557 8772/4559 8771/4558
f 8772/4559 8773/4560 8771/4558
f 8773/4560 8774/4561 8771/4558
f 8774/4561 8775/4562 8771/4558
f 8775/4562 8769/4556 8771/4558
f 8775/4562 8774/4561 8769/4556
f 8774/4561 8773/4560 8769/4556
f 8773/4560 8772/4559 8769/4556
f 8772/4559 8770/4557 8769/4556
f 8776/4563 8777/4564 8778/4565
f 8777/4564 8779/4566 8778/4565
f 8779/4566 8780/4567 8778/4565
f 8780/4567 8781/4568 8778/4565
f 8781/4568 8782/4569 8778/4565
f 8782/4569 8776/4563 8778/4565
f 8782/4569 8781/4568 8776/4563
f 8781/4568 8780/4567 8776/4563
f 8780/4567 8779/4566 8776/4563
f 8779/4566 8777/4564 8776/4563
f 8783/4556 8784/4557 8785/4558
f 8784/4557 8786/4559 8785/4558
f 8786/4559 8787/4560 8785/4558
f 8787/4560 8788/4561 8785/4558
f 8788/4561 8789/4562 8785/4558
f 8789/4562 8783/4556 8785/4558
f 8789/4562 8788/4561 8783/4556
f 8788/4561 8787/4560 8783/4556
f 8787/4560 8786/4559 8783/4556
f 8786/4559 8784/4557 8783/4556
f 8790/4563 8791/4564 8792/4565
f 8791/4564 8793/4566 8792/4565
f 8793/4566 8794/4567 8792/4565
f 8794/4567 8795/4568 8792/4565
f 8795/4568 8796/4569 8792/4565
f 8796/4569 8790/4563 8792/4565
f 8796/4569 8795/4568 8790/4563
f 8795/4568 8794/4567 8790/4563
f 8794/4567 8793/4566 8790/4563
f 8793/4566 8791/4564 8790/4563
f 8797/4563 8798/4564 8799/4565
f 8798/4564 8800/4566 8799/4565
f 8800/4566 8801/4567 8799/4565
f 8801/4567 8802/4568 8799/4565
f 8802/4568 8803/4569 8799/4565
f 8803/4569 8797/4563 8799/4565
f 8803/4569 8802/4568 8797/4563
f 8802/4568 8801/4567 8797/4563
f 8801/4567 8800/4566 8797/4563
f 8800/4566 8798/4564 8797/4563
f 8804/4549 8805/4550 8806/4551
f 8805/4550 8807/4552 8806/4551
f 8807/4552 8808/4553 8806/4551
f 8808/4553 8809/4554 8806/4551
f 8809/4554 8810/4555 8806/4551
f 8810/4555 8804/4549 8806/4551
f 8810/4555 8809/4554 8804/4549
f 8809/4554 8808/4553 8804/4549
f 8808/4553 8807/4552 8804/4549
f 8807/4552 8805/4550 8804/4549
f 8811/4563 8812/4564 8813/4565
f 8812/4564 8814/4566 8813/4565
f 8814/4566 8815/4567 8813/4565
f 8815/4567 8816/4568 8813/4565
f 8816/4568 8817/4569 8813/4565
f 8817/4569 8811/4563 8813/4565
f 8817/4569 8816/4568 8811/4563
f 8816/4568 8815/4567 8811/4563
f 8815/4567 8814/4566 8811/4563
f 8814/4566 8812/4564 8811/4563
f 8818/4556 8819/4557 8820/4558
f 8819/4557 8821/4559 8820/4558
f 8821/4559 8822/4560 8820/4558
f 8822/4560 8823/4561 8820/4558
f 8823/4561 8824/4562 8820/4558
f 8824/4562 8818/4556 8820/4558
f 8824/4562 8823/4561 8818/4556
f 8823/4561 8822/4560 8818/4556
f 8822/4560 8821/4559 8818/4556
f 8821/4559 8819/4557 8818/4556
f 8825/4577 8826/4577 8827/4577
f 8828/4577 8827/4577 8826/4577
f 8829/4577 8825/4577 8827/4577
f 8830/4577 8829/4577 8827/4577
f 8828/4577 8830/4577 8827/4577
f 8831/4577 8828/4577 8826/4577
f 8832/4577 8826/4577 8825/4577
f 8833/4577 8825/4577 8829/4577
f 8834/4577 8829/4577 8830/4577
f 8835/4577 8830/4577 8828/4577
f 8832/4577 8831/4577 8826/4577
f 8833/4577 8832/4577 8825/4577
f 8834/4577 8833/4577 8829/4577
f 8835/4577 8834/4577 8830/4577
f 8831/4577 8835/4577 8828/4577
f 8836/4577 8831/4577 8832/4577
f 8836/4577 8832/4577 8833/4577
f 8836/4577 8833/4577 8834/4577
f 8836/4577 8834/4577 8835/4577
f 8836/4577 8835/4577 8831/4577
f 8837/4527 8838/4528 8839/4529
f 8838/4528 8840/4530 8839/4529
f 8840/4530 8841/4531 8839/4529
f 8841/4531 8842/4532 8839/4529
f 8842/4532 8843/4533 8839/4529
f 8843/4533 8837/4527 8839/4529
f 8843/4533 8842/4532 8837/4527
f 8842/4532 8841/4531 8837/4527
f 8841/4531 8840/4530 8837/4527
f 8840/4530 8838/4528 8837/4527
f 8844/4534 8845/4535 8846/4536
f 8845/4535 8847/4537 8846/4536
f 8847/4537 8848/4538 8846/4536
f 8848/4538 8849/4539 8846/4536
f 8849/4539 8850/4540 8846/4536
f 8850/4540 8844/4534 8846/4536
f 8850/4540 8849/4539 8844/4534
f 8849/4539 8848/4538 8844/4534
f 8848/4538 8847/4537 8844/4534
f 8847/4537 8845/4535 8844/4534
f 8851/4541 8852/4542 8853/4543
f 8852/4542 8854/4544 8853/4543
f 8854/4544 8855/4545 8853/4543
f 8855/4545 8856/4546 8853/4543
f 8856/4546 8857/4547 8853/4543
f 8857/4547 8851/4541 8853/4543
f 8857/4547 8856/4546 8851/4541
f 8856/4546 8855/4545 8851/4541
f 8855/4545 8854/4544 8851/4541
f 8854/4544 8852/4542 8851/4541
f 8858/4527 8859/4528 8860/4529
f 8859/4528 8861/4530 8860/4529
f 8861/4530 8862/4531 8860/4529
f 8862/4531 8863/4532 8860/4529
f 8863/4532 8864/4533 8860/4529
f 8864/4533 8858/4527 8860/4529
f 8864/4533 8863/4532 8858/4527
f 8863/4532 8862/4531 8858/4527
f 8862/4531 8861/4530 8858/4527
f 8861/4530 8859/4528 8858/4527
f 8865/4541 8866/4542 8867/4543
f 8866/4542 8868/4544 8867/4543
f 8868/4544 8869/4545 8867/4543
f 8869/4545 8870/4546 8867/4543
f 8870/4546 8871/4547 8867/4543
f 8871/4547 8865/4541 8867/4543
f 8871/4547 8870/4546 8865/4541
f 8870/4546 8869/4545 8865/4541
f 8869/4545 8868/4544 8865/4541
f 8868/4544 8866/4542 8865/4541
f 8872/4520 8873/4521 8874/4522
f 8873/4521 8875/4523 8874/4522
f 8875/4523 8876/4524 8874/4522
f 8876/4524 8877/4525 8874/4522
f 8877/4525 8878/4526 8874/4522
f 8878/4526 8872/4520 8874/4522
f 8878/4526 8877/4525 8872/4520
f 8877/4525 8876/4524 8872/4520
f 8876/4524 8875/4523 8872/4520
f 8875/4523 8873/4521 8872/4520
f 8879/4527 8880/4528 8881/4529
f 8880/4528 8882/4530 8881/4529
f 8882/4530 8883/4531 8881/4529
f 8883/4531 8884/4532 8881/4529
f 8884/4532 8885/4533 8881/4529
f 8885/4533 8879/4527 8881/4529
f 8885/4533 8884/4532 8879/4527
f 8884/4532 8883/4531 8879/4527
f 8883/4531 8882/4530 8879/4527
f 8882/4530 8880/4528 8879/4527
f 8886/4534 8887/4535 8888/4536
f 8887/4535 8889/4537 8888/4536
f 8889/4537 8890/4538 8888/4536
f 8890/4538 8891/4539 8888/4536
f 8891/4539 8892/4540 8888/4536
f 8892/4540 8886/4534 8888/4536
f 8892/4540 8891/4539 8886/4534
f 8891/4539 8890/4538 8886/4534
f 8890/4538 8889/4537 8886/4534
f 8889/4537 8887/4535 8886/4534
f 8893/4520 8894/4521 8895/4522
f 8894/4521 8896/4523 8895/4522
f 8896/4523 8897/4524 8895/4522
f 8897/4524 8898/4525 8895/4522
f 8898/4525 8899/4526 8895/4522
f 8899/4526 8893/4520 8895/4522
f 8899/4526 8898/4525 8893/4520
f 8898/4525 8897/4524 8893/4520
f 8897/4524 8896/4523 8893/4520
f 8896/4523 8894/4521 8893/4520
f 8900/4534 8901/4535 8902/4536
f 8901/4535 8903/4537 8902/4536
f 8903/4537 8904/4538 8902/4536
f 8904/4538 8905/4539 8902/4536
f 8905/4539 8906/4540 8902/4536
f 8906/4540 8900/4534 8902/4536
f 8906/4540 8905/4539 8900/4534
f 8905/4539 8904/4538 8900/4534
f 8904/4538 8903/4537 8900/4534
f 8903/4537 8901/4535 8900/4534
f 8907/4527 8908/4528 8909/4529
f 8908/4528 8910/4530 8909/4529
f 8910/4530 8911/4531 8909/4529
f 8911/4531 8912/4532 8909/4529
f 8912/4532 8913/4533 8909/4529
f 8913/4533 8907/4527 8909/4529
f 8913/4533 8912/4532 8907/4527
f 8912/4532 8911/4531 8907/4527
f 8911/4531 8910/4530 8907/4527
f 8910/4530 8908/4528 8907/4527
f 8914/4520 8915/4521 8916/4522
f 8915/4521 8917/4523 8916/4522
f 8917/4523 8918/4524 8916/4522
f 8918/4524 8919/4525 8916/4522
f 8919/4525 8920/4526 8916/4522
f 8920/4526 8914/4520 8916/4522
f 8920/4526 8919/4525 8914/4520
f 8919/4525 8918/4524 8914/4520
f 8918/4524 8917/4523 8914/4520
f 8917/4523 8915/4521 8914/4520
f 8921/4527 8922/4528 8923/4529
f 8922/4528 8924/4530 8923/4529
f 8924/4530 8925/4531 8923/4529
f 8925/4531 8926/4532 8923/4529
f 8926/4532 8927/4533 8923/4529
f 8927/4533 8921/4527 8923/4529
f 8927/4533 8926/4532 8921/4527
f 8926/4532 8925/4531 8921/4527
f 8925/4531 8924/4530 8921/4527
f 8924/4530 8922/4528 8921/4527
f 8928/4527 8929/4528 8930/4529
f 8929/4528 8931/4530 8930/4529
f 8931/4530 8932/4531 8930/4529
f 8932/4531 8933/4532 8930/4529
f 8933/4532 8934/4533 8930/4529
f 8934/4533 8928/4527 8930/4529
f 8934/4533 8933/4532 8928/4527
f 8933/4532 8932/4531 8928/4527
f 8932/4531 8931/4530 8928/4527
f 8931/4530 8929/4528 8928/4527
f 8935/4520 8936/4521 8937/4522
f 8936/4521 8938/4523 8937/4522
f 8938/4523 8939/4524 8937/4522
f 8939/4524 8940/4525 8937/4522
f 8940/4525 8941/4526 8937/4522
f 8941/4526 8935/4520 8937/4522
f 8941/4526 8940/4525 8935/4520
f 8940/4525 8939/4524 8935/4520
f 8939/4524 8938/4523 8935/4520
f 8938/4523 8936/4521 8935/4520
f 8942/4534 8943/4535 8944/4536
f 8943/4535 8945/4537 8944/4536
f 8945/4537 8946/4538 8944/4536
f 8946/4538 8947/4539 8944/4536
f 8947/4539 8948/4540 8944/4536
f 8948/4540 8942/4534 8944/4536
f 8948/4540 8947/4539 8942/4534
f 8947/4539 8946/4538 8942/4534
f 8946/4538 8945/4537 8942/4534
f 8945/4537 8943/4535 8942/4534
f 8949/4520 8950/4521 8951/4522
f 8950/4521 8952/4523 8951/4522
f 8952/4523 8953/4524 8951/4522
f 8953/4524 8954/4525 8951/4522
f 8954/4525 8955/4526 8951/4522
f 8955/4526 8949/4520 8951/4522
f 8955/4526 8954/4525 8949/4520
f 8954/4525 8953/4524 8949/4520
f 8953/4524 8952/4523 8949/4520
f 8952/4523 8950/4521 8949/4520
f 8956/4534 8957/4535 8958/4536
f 8957/4535 8959/4537 8958/4536
f 8959/4537 8960/4538 8958/4536
f 8960/4538 8961/4539 8958/4536
f 8961/4539 8962/4540 8958/4536
f 8962/4540 8956/4534 8958/4536
f 8962/4540 8961/4539 8956/4534
f 8961/4539 8960/4538 8956/4534
f 8960/4538 8959/4537 8956/4534
f 8959/4537 8957/4535 8956/4534
f 8963/4534 8964/4535 8965/4536
f 8964/4535 8966/4537 8965/4536
f 8966/4537 8967/4538 8965/4536
f 8967/4538 8968/4539 8965/4536
f 8968/4539 8969/4540 8965/4536
f 8969/4540 8963/4534 8965/4536
f 8969/4540 8968/4539 8963/4534
f 8968/4539 8967/4538 8963/4534
f 8967/4538 8966/4537 8963/4534
f 8966/4537 8964/4535 8963/4534
f 8970/4534 8971/4535 8972/4536
f 8971/4535 8973/4537 8972/4536
f 8973/4537 8974/4538 8972/4536
f 8974/4538 8975/4539 8972/4536
f 8975/4539 8976/4540 8972/4536
f 8976/4540 8970/4534 8972/4536
f 8976/4540 8975/4539 8970/4534
f 8975/4539 8974/4538 8970/4534
f 8974/4538 8973/4537 8970/4534
f 8973/4537 8971/4535 8970/4534
f 8977/4520 8978/4521 8979/4522
f 8978/4521 8980/4523 8979/4522
f 8980/4523 8981/4524 8979/4522
f 8981/4524 8982/4525 8979/4522
f 8982/4525 8983/4526 8979/4522
f 8983/4526 8977/4520 8979/4522
f 8983/4526 8982/4525 8977/4520
f 8982/4525 8981/4524 8977/4520
f 8981/4524 8980/4523 8977/4520
f 8980/4523 8978/4521 8977/4520
f 8984/4534 8985/4535 8986/4536
f 8985/4535 8987/4537 8986/4536
f 8987/4537 8988/4538 8986/4536
f 8988/4538 8989/4539 8986/4536
f 8989/4539 8990/4540 8986/4536
f 8990/4540 8984/4534 8986/4536
f 8990/4540 8989/4539 8984/4534
f 8989/4539 8988/4538 8984/4534
f 8988/4538 8987/4537 8984/4534
f 8987/4537 8985/4535 8984/4534
f 8991/4527 8992/4528 8993/4529
f 8992/4528 8994/4530 8993/4529
f 8994/4530 8995/4531 8993/4529
f 8995/4531 8996/4532 8993/4529
f 8996/4532 8997/4533 8993/4529
f 8997/4533 8991/4527 8993/4529
f 8997/4533 8996/4532 8991/4527
f 8996/4532 8995/4531 8991/4527
f 8995/4531 8994/4530 8991/4527
f 8994/4530 8992/4528 8991/4527
f 8998/4527 8999/4528 9000/4529
f 8999/4528 9001/4530 9000/4529
f 9001/4530 9002/4531 9000/4529
f 9002/4531 9003/4532 9000/4529
f 9003/4532 9004/4533 9000/4529
f 9004/4533 8998/4527 9000/4529
f 9004/4533 9003/4532 8998/4527
f 9003/4532 9002/4531 8998/4527
f 9002/4531 9001/4530 8998/4527
f 9001/4530 8999/4528 8998/4527
f 9005/4541 9006/4542 9007/4543
f 9006/4542 9008/4544 9007/4543
f 9008/4544 9009/4545 9007/4543
f 9009/4545 9010/4546 9007/4543
f 9010/4546 9011/4547 9007/4543
f 9011/4547 9005/4541 9007/4543
f 9011/4547 9010/4546 9005/4541
f 9010/4546 9009/4545 9005/4541
f 9009/4545 9008/4544 9005/4541
f 9008/4544 9006/4542 9005/4541
f 9012/4520 9013/4521 9014/4522
f 9013/4521 9015/4523 9014/4522
f 9015/4523 9016/4524 9014/4522
f 9016/4524 9017/4525 9014/4522
f 9017/4525 9018/4526 9014/4522
f 9018/4526 9012/4520 9014/4522
f 9018/4526 9017/4525 9012/4520
f 9017/4525 9016/4524 9012/4520
f 9016/4524 9015/4523 9012/4520
f 9015/4523 9013/4521 9012/4520
f 9019/4548 9020/4548 9021/4548
f 9022/4548 9021/4548 9020/4548
f 9023/4548 9019/4548 9021/4548
f 9024/4548 9023/4548 9021/4548
f 9022/4548 9024/4548 9021/4548
f 9025/4548 9022/4548 9020/4548
f 9026/4548 9020/4548 9019/4548
f 9027/4548 9019/4548 9023/4548
f 9028/4548 9023/4548 9024/4548
f 9029/4548 9024/4548 9022/4548
f 9026/4548 9025/4548 9020/4548
f 9027/4548 9026/4548 9019/4548
f 9028/4548 9027/4548 9023/4548
f 9029/4548 9028/4548 9024/4548
f 9025/4548 9029/4548 9022/4548
f 9030/4548 9025/4548 9026/4548
f 9030/4548 9026/4548 9027/4548
f 9030/4548 9027/4548 9028/4548
f 9030/4548 9028/4548 9029/4548
f 9030/4548 9029/4548 9025/4548
