# PulseChain tree, the canopy, from the GLB by scripts/prep-tree.js
mtllib tree.mtl
usemtl TreeColors
v -1.207 17.473 0.148
v -0.834 17.635 0.224
v -1.028 17.857 0.42
v -0.615 17.816 0.521
v -0.727 18 1.07
v -1.238 17.916 0.788
v -1.353 17.718 0.446
v -1.128 17.473 0.04
v -0.871 17.74 -0.203
v -0.757 17.827 0.153
v -0.478 17.91 -0.206
v -0.001 17.896 0.2
v -0.505 17.707 0.522
v -0.894 17.571 0.403
v -1.172 17.473 -0.107
v -1.21 17.683 -0.443
v -0.944 17.857 -0.331
v -0.998 17.872 -0.733
v -0.45 17.997 -0.839
v -0.54 17.856 -0.292
v -0.828 17.669 -0.075
v -1.336 17.473 -0.147
v -1.667 17.739 -0.245
v -1.417 17.815 -0.519
v -1.861 17.904 -0.577
v -1.746 17.879 -1.181
v -1.226 17.689 -0.913
v -1.138 17.559 -0.525
v -1.446 17.473 -0.02
v -1.755 17.571 0.209
v -1.775 17.805 -0.043
v -2.11 17.71 0.182
v -2.413 17.9 -0.25
v -1.883 17.891 -0.435
v -1.566 17.722 -0.305
v -1.406 17.473 0.116
v -1.382 17.643 0.476
v -1.641 17.824 0.339
v -1.605 17.803 0.752
v -2.157 17.924 0.787
v -2.043 17.835 0.24
v -1.746 17.67 0.05
v -1.017 17.365 0.159
v -0.53 17.289 0.025
v -0.513 17.229 0.462
v -0.139 17.017 0.149
v -0.015 16.544 0.679
v -0.607 16.908 0.876
v -0.92 17.197 0.631
v -0.98 17.365 -0.039
v -0.695 17.172 -0.425
v -0.348 17.264 -0.173
v -0.258 16.888 -0.532
v 0.308 16.582 -0.153
v -0.06 17.101 0.237
v -0.53 17.35 0.216
v -1.063 17.365 -0.207
v -1.098 17.169 -0.681
v -0.657 17.197 -0.628
v -0.864 16.855 -0.985
v -0.242 16.481 -0.93
v -0.212 16.989 -0.41
v -0.556 17.281 -0.202
v -1.265 17.365 -0.302
v -1.585 17.369 -0.722
v -1.182 17.273 -0.915
v -1.65 17.138 -1.171
v -1.253 16.626 -1.544
v -0.795 16.895 -1.019
v -0.873 17.167 -0.594
v -1.445 17.365 -0.26
v -1.86 17.319 -0.43
v -1.686 17.201 -0.749
v -2.121 17.055 -0.708
v -2.039 16.543 -1.102
v -1.48 16.844 -0.954
v -1.326 17.143 -0.635
v -1.596 17.365 -0.006
v -2.019 17.25 0.373
v -2.233 17.123 -0.063
v -2.438 16.891 0.456
v -2.744 16.278 0.007
v -2.285 16.717 -0.509
v -1.892 17.105 -0.431
v -1.535 17.365 0.192
v -1.552 17.143 0.623
v -1.959 17.225 0.557
v -1.826 16.854 0.874
v -2.447 16.581 0.768
v -2.386 17.098 0.318
v -2.019 17.346 0.16
v -1.453 17.365 0.268
v -1.38 17.296 0.816
v -1.828 17.13 0.767
v -1.514 16.961 1.222
v -1.979 16.325 1.276
v -2.168 16.692 0.603
v -1.925 17.072 0.3
v -1.184 17.365 0.299
v -0.74 17.177 0.46
v -0.97 17.215 0.835
v -0.56 16.878 0.799
v -0.864 16.527 1.345
v -1.348 17.02 1.153
v -1.397 17.295 0.755
v -0.977 17.055 0.004
v -0.738 16.766 -0.366
v -0.44 16.715 -0.029
v -0.449 16.339 -0.424
v -0.136 15.848 0.048
v -0.32 16.46 0.438
v -0.631 16.867 0.353
v -1.018 17.055 -0.146
v -1.006 16.707 -0.57
v -0.561 16.638 -0.453
v -0.79 16.218 -0.745
v -0.277 15.68 -0.476
v -0.216 16.372 -0.1
v -0.528 16.836 -0.033
v -1.107 17.055 -0.245
v -1.283 16.737 -0.655
v -0.82 16.66 -0.694
v -1.174 16.27 -0.906
v -0.609 15.735 -0.849
v -0.366 16.385 -0.492
v -0.61 16.832 -0.309
v -1.317 17.055 -0.301
v -1.75 16.787 -0.56
v -1.36 16.64 -0.83
v -1.863 16.317 -0.823
v -1.404 15.689 -1.045
v -0.883 16.283 -0.877
v -0.933 16.759 -0.605
v -1.409 17.055 -0.278
v -1.891 16.844 -0.413
v -1.59 16.69 -0.748
v -2.084 16.425 -0.629
v -1.739 15.823 -0.944
v -1.172 16.331 -0.905
v -1.131 16.765 -0.643
v -1.582 17.055 -0.088
v -1.967 16.781 0.169
v -2.098 16.661 -0.254
v -2.258 16.32 0.149
v -2.334 15.724 -0.336
v -1.998 16.328 -0.681
v -1.75 16.788 -0.524
v -1.584 17.055 0.096
v -1.772 16.832 0.541
v -2.109 16.724 0.248
v -2.045 16.419 0.705
v -2.404 15.854 0.354
v -2.28 16.394 -0.161
v -1.967 16.811 -0.18
v -1.481 17.055 0.249
v -1.445 16.837 0.75
v -1.854 16.64 0.649
v -1.558 16.376 1.045
v -1.919 15.686 0.924
v -2.105 16.221 0.376
v -1.9 16.708 0.192
v -1.32 17.055 0.315
v -0.947 16.785 0.613
v -1.369 16.678 0.817
v -0.899 16.346 0.878
v -1.413 15.795 1.038
v -1.863 16.376 0.808
v -1.75 16.81 0.555
v -1.224 17.055 0.311
v -0.79 16.75 0.499
v -1.093 16.654 0.861
v -0.666 16.271 0.773
v -1.087 15.689 1.139
v -1.55 16.341 1.035
v -1.527 16.808 0.717
v -1.022 17.055 0.167
v -0.569 16.717 -0.035
v -0.466 16.661 0.464
v -0.247 16.22 0.092
v -0.211 15.652 0.736
v -0.62 16.367 0.984
v -0.879 16.839 0.709
v -1.384 16.962 0.305
v -1.033 16.962 0.191
v -1.287 16.746 0.007
v -1.033 16.962 -0.177
v -1.6 16.962 0.007
v -1.384 16.962 -0.291
v -0.974 17.311 0.007
v -1.19 17.311 0.305
v -1.54 17.311 0.191
v -1.54 17.311 -0.177
v -1.19 17.311 -0.291
v -1.287 17.527 0.007
v -3.418 16.267 -1.341
v -3.697 16.352 -1.568
v -3.487 16.573 -1.657
v -3.762 16.475 -1.903
v -3.46 16.648 -2.296
v -3.171 16.653 -1.858
v -3.204 16.5 -1.53
v -3.541 16.267 -1.254
v -3.912 16.367 -1.127
v -3.873 16.607 -1.376
v -4.263 16.506 -1.261
v -4.457 16.691 -1.771
v -3.881 16.688 -1.788
v -3.594 16.52 -1.566
v -3.524 16.267 -1.091
v -3.501 16.472 -0.695
v -3.771 16.674 -0.891
v -3.749 16.676 -0.423
v -4.353 16.842 -0.456
v -4.211 16.704 -1.051
v -3.886 16.495 -1.218
v -3.415 16.267 -1.032
v -3.109 16.458 -0.769
v -3.435 16.667 -0.713
v -3.083 16.655 -0.401
v -3.529 16.828 0.004
v -3.86 16.707 -0.514
v -3.756 16.501 -0.863
v -3.251 16.267 -1.145
v -3.002 16.494 -1.323
v -2.917 16.576 -1.02
v -2.646 16.636 -1.296
v -2.242 16.62 -0.929
v -2.715 16.471 -0.701
v -3.06 16.356 -0.827
v -3.267 16.267 -1.265
v -3.246 16.528 -1.639
v -2.915 16.615 -1.433
v -2.956 16.691 -1.906
v -2.316 16.672 -1.893
v -2.47 16.494 -1.298
v -2.841 16.364 -1.132
v -3.544 16.163 -1.448
v -3.974 16.071 -1.595
v -3.771 15.967 -1.922
v -4.208 15.779 -1.857
v -4.042 15.278 -2.254
v -3.499 15.635 -2.137
v -3.383 15.951 -1.828
v -3.684 16.163 -1.282
v -4.052 15.946 -1.068
v -4.226 15.964 -1.434
v -4.402 15.617 -1.139
v -4.635 15.237 -1.662
v -4.246 15.76 -1.878
v -3.922 16.066 -1.684
v -3.684 16.163 -1.093
v -3.886 16.05 -0.705
v -4.181 15.978 -0.944
v -4.182 15.761 -0.532
v -4.564 15.3 -0.771
v -4.367 15.681 -1.251
v -4.04 15.984 -1.304
v -3.598 16.163 -0.963
v -3.51 15.887 -0.537
v -3.948 15.942 -0.496
v -3.722 15.531 -0.242
v -4.371 15.19 -0.231
v -4.433 15.786 -0.653
v -4.103 16.1 -0.88
v -3.298 16.163 -0.907
v -2.826 16.125 -0.656
v -3.126 16 -0.323
v -2.589 15.844 -0.297
v -2.824 15.283 0.153
v -3.458 15.603 -0.108
v -3.551 15.924 -0.499
v -3.142 16.163 -1.04
v -2.59 16.078 -1.193
v -2.608 15.956 -0.702
v -2.174 15.75 -1.076
v -2.098 15.159 -0.524
v -2.76 15.555 -0.27
v -3.079 15.915 -0.521
v -3.107 16.163 -1.233
v -2.757 16.16 -1.645
v -2.467 16.062 -1.293
v -2.318 15.916 -1.814
v -1.851 15.385 -1.512
v -2.273 15.673 -0.938
v -2.72 15.958 -0.915
v -3.183 16.163 -1.389
v -3.144 16.152 -1.914
v -2.72 16.05 -1.77
v -2.9 15.909 -2.273
v -2.368 15.396 -2.244
v -2.37 15.677 -1.56
v -2.703 15.958 -1.32
v -3.316 16.163 -1.472
v -3.567 15.984 -1.819
v -3.185 15.973 -1.955
v -3.534 15.682 -2.135
v -3.036 15.305 -2.32
v -2.747 15.758 -1.951
v -2.91 16.047 -1.666
v -3.693 15.865 -1.249
v -4.03 15.537 -0.908
v -4.239 15.428 -1.348
v -4.312 15.035 -0.898
v -4.451 14.432 -1.449
v -4.198 15.108 -1.855
v -3.935 15.598 -1.705
v -3.685 15.865 -1.094
v -3.899 15.705 -0.68
v -4.148 15.532 -0.982
v -4.131 15.328 -0.509
v -4.353 14.735 -0.802
v -4.212 15.162 -1.335
v -3.966 15.566 -1.368
v -3.65 15.865 -1.022
v -3.632 15.507 -0.574
v -4.116 15.486 -0.655
v -3.873 15.031 -0.364
v -4.491 14.54 -0.589
v -4.547 15.255 -0.987
v -4.193 15.694 -1.093
v -3.47 15.865 -0.896
v -3.162 15.623 -0.457
v -3.624 15.463 -0.328
v -3.145 15.15 -0.119
v -3.635 14.478 -0.021
v -4.071 15.063 -0.432
v -3.933 15.55 -0.718
v -3.382 15.865 -0.889
v -2.946 15.608 -0.601
v -3.365 15.442 -0.365
v -2.834 15.138 -0.338
v -3.303 14.491 -0.162
v -3.848 15.067 -0.362
v -3.791 15.549 -0.621
v -3.148 15.865 -1.028
v -2.686 15.654 -1.133
v -2.743 15.47 -0.734
v -2.408 15.22 -1.066
v -2.502 14.578 -0.706
v -2.985 15.083 -0.457
v -3.167 15.54 -0.625
v -3.105 15.865 -1.153
v -2.684 15.651 -1.492
v -2.549 15.452 -1.052
v -2.359 15.187 -1.559
v -2.263 14.484 -1.136
v -2.649 15.022 -0.641
v -2.925 15.513 -0.727
v -3.123 15.865 -1.293
v -3.079 15.532 -1.729
v -2.652 15.489 -1.514
v -2.853 15.082 -1.87
v -2.367 14.607 -1.498
v -2.339 15.263 -1.086
v -2.651 15.683 -1.076
v -3.197 15.865 -1.404
v -3.224 15.647 -1.873
v -2.835 15.474 -1.749
v -3.105 15.214 -2.129
v -2.751 14.585 -1.966
v -2.591 15.098 -1.458
v -2.795 15.551 -1.314
v -3.419 15.865 -1.484
v -3.851 15.643 -1.827
v -3.414 15.435 -2.017
v -3.976 15.176 -2.108
v -3.539 14.475 -2.234
v -2.957 15.01 -1.965
v -3.002 15.505 -1.708
v -3.54 15.865 -1.45
v -4.052 15.658 -1.626
v -3.778 15.46 -1.988
v -4.3 15.195 -1.875
v -4.033 14.483 -2.205
v -3.405 15.02 -2.139
v -3.306 15.513 -1.846
v -3.494 15.775 -0.9
v -3.157 15.775 -1.009
v -3.401 15.567 -1.186
v -3.157 15.775 -1.364
v -3.702 15.775 -1.186
v -3.494 15.775 -1.473
v -3.1 16.111 -1.186
v -3.308 16.111 -0.9
v -3.645 16.111 -1.009
v -3.645 16.111 -1.364
v -3.308 16.111 -1.473
v -3.401 16.319 -1.186
v -0.782 16.173 3.125
v -0.582 16.344 2.767
v -0.404 16.545 3.039
v -0.196 16.499 2.632
v 0.36 16.611 2.911
v -0.077 16.548 3.363
v -0.484 16.384 3.377
v -0.896 16.173 2.99
v -1.083 16.41 2.659
v -0.75 16.593 2.643
v -0.995 16.612 2.257
v -0.48 16.724 1.884
v -0.32 16.572 2.49
v -0.52 16.377 2.854
v -1.068 16.173 3.01
v -1.52 16.403 2.997
v -1.297 16.619 2.685
v -1.827 16.613 2.681
v -1.781 16.758 1.981
v -1.109 16.622 2.189
v -0.921 16.411 2.587
v -1.147 16.173 3.173
v -1.307 16.49 3.492
v -1.518 16.602 3.155
v -1.69 16.724 3.605
v -2.303 16.775 3.326
v -1.9 16.511 2.852
v -1.482 16.313 2.864
v -0.993 16.173 3.343
v -0.705 16.443 3.639
v -1.07 16.633 3.73
v -0.701 16.671 4.076
v -1.171 16.793 4.586
v -1.503 16.606 3.994
v -1.374 16.388 3.57
v -0.824 16.173 3.282
v -0.417 16.26 3.246
v -0.53 16.502 3.491
v -0.11 16.386 3.466
v -0.069 16.568 4.024
v -0.645 16.585 3.904
v -0.863 16.426 3.611
v -0.714 16.05 2.911
v -0.696 15.906 2.325
v -0.188 15.928 2.37
v -0.379 15.58 1.9
v 0.349 15.103 1.863
v 0.311 15.623 2.562
v -0.121 15.942 2.876
v -0.941 16.05 2.809
v -1.347 15.789 2.452
v -0.946 15.885 2.131
v -1.374 15.443 2
v -0.773 15.106 1.512
v -0.373 15.724 1.926
v -0.513 16.023 2.39
v -1.161 16.05 2.87
v -1.719 15.855 2.77
v -1.551 15.795 2.291
v -2.037 15.452 2.45
v -1.868 14.872 1.839
v -1.226 15.438 1.909
v -1.043 15.844 2.319
v -1.252 16.05 2.959
v -1.756 15.75 3.115
v -1.844 15.814 2.603
v -2.142 15.348 2.905
v -2.237 14.945 2.148
v -1.716 15.62 2.017
v -1.402 15.977 2.375
v -1.309 16.05 3.231
v -1.563 15.886 3.651
v -1.898 15.878 3.358
v -1.938 15.569 3.794
v -2.415 15.137 3.436
v -2.133 15.616 2.954
v -1.726 15.925 2.951
v -1.202 16.05 3.421
v -1.116 15.849 4.045
v -1.687 15.818 3.954
v -1.362 15.453 4.45
v -2.104 14.901 4.384
v -2.229 15.483 3.675
v -1.839 15.874 3.398
v -0.932 16.05 3.513
v -0.435 15.933 3.917
v -0.883 15.866 4.255
v -0.288 15.577 4.409
v -0.772 14.985 4.917
v -1.399 15.472 4.455
v -1.362 15.845 3.955
v -0.676 16.05 3.367
v -0.185 15.935 3.307
v -0.186 15.881 3.735
v 0.191 15.627 3.484
v 0.273 15.135 4.018
v -0.311 15.56 4.123
v -0.604 15.879 3.84
v -0.622 16.05 3.253
v -0.21 15.816 2.989
v 0.018 15.875 3.386
v 0.217 15.474 3.056
v 0.557 15.1 3.65
v 0.098 15.679 3.899
v -0.309 15.987 3.692
v -0.764 15.697 2.87
v -0.92 15.429 2.309
v -0.389 15.278 2.345
v -0.799 14.924 1.959
v -0.228 14.22 2.039
v 0.056 14.864 2.616
v -0.208 15.379 2.858
v -1.009 15.697 2.812
v -1.479 15.321 2.606
v -1.125 15.232 2.201
v -1.584 14.774 2.306
v -1.062 14.151 1.902
v -0.583 14.915 2.009
v -0.646 15.438 2.359
v -1.201 15.697 2.901
v -1.743 15.297 3.043
v -1.668 15.231 2.451
v -2.016 14.738 2.848
v -1.793 14.127 2.131
v -1.3 14.93 1.907
v -1.146 15.457 2.259
v -1.292 15.697 3.035
v -1.841 15.477 3.232
v -1.867 15.247 2.757
v -2.223 14.971 3.206
v -2.238 14.18 2.786
v -1.667 14.755 2.405
v -1.377 15.298 2.565
v -1.271 15.697 3.333
v -1.294 15.334 3.939
v -1.852 15.252 3.685
v -1.568 14.784 4.189
v -2.208 14.138 3.795
v -2.278 14.912 3.18
v -1.886 15.44 3.097
v -1.168 15.697 3.449
v -0.911 15.299 3.986
v -1.528 15.2 4.006
v -1.036 14.715 4.304
v -1.777 14.043 4.198
v -2.132 14.855 3.72
v -1.824 15.415 3.499
v -0.977 15.697 3.514
v -0.612 15.453 3.916
v -1.04 15.244 4.092
v -0.522 14.954 4.234
v -0.933 14.217 4.354
v -1.453 14.801 4.014
v -1.388 15.326 3.732
v -0.815 15.697 3.482
v -0.298 15.298 3.56
v -0.477 15.267 4.09
v -0.095 14.751 3.881
v -0.449 14.17 4.536
v -0.925 14.985 4.509
v -0.99 15.493 4.083
v -0.668 15.697 3.355
v -0.217 15.351 3.172
v -0.124 15.294 3.668
v 0.094 14.849 3.31
v 0.109 14.28 3.952
v -0.292 15.004 4.179
v -0.538 15.48 3.896
v -0.626 15.697 3.056
v -0.366 15.421 2.445
v 0.062 15.243 2.863
v -0.016 14.873 2.214
v 0.418 14.085 2.685
v 0.254 14.771 3.415
v -0.141 15.336 3.446
v -0.726 15.697 2.9
v -0.712 15.528 2.342
v -0.281 15.32 2.484
v -0.546 15.087 1.998
v -0.147 14.363 2.108
v -0.021 14.858 2.767
v -0.274 15.338 2.983
v -1.073 15.59 3.501
v -0.674 15.59 3.371
v -0.963 15.344 3.162
v -0.674 15.59 2.952
v -1.32 15.59 3.162
v -1.073 15.59 2.822
v -0.606 15.988 3.162
v -0.853 15.988 3.501
v -1.252 15.988 3.371
v -1.252 15.988 2.952
v -0.853 15.988 2.822
v -0.963 16.234 3.162
v 1.467 16.621 -2.024
v 1.282 16.745 -2.31
v 1.536 16.923 -2.334
v 1.329 16.869 -2.641
v 1.741 16.979 -2.932
v 1.895 16.944 -2.441
v 1.753 16.807 -2.143
v 1.32 16.621 -1.992
v 0.951 16.795 -1.978
v 1.091 16.941 -2.269
v 0.669 16.926 -2.217
v 0.63 16.974 -2.79
v 1.191 16.898 -2.681
v 1.386 16.771 -2.365
v 1.267 16.621 -1.832
v 1.125 16.81 -1.549
v 0.943 16.939 -1.771
v 0.806 16.953 -1.418
v 0.308 16.999 -1.589
v 0.637 16.891 -1.989
v 0.984 16.759 -2.025
v 1.369 16.621 -1.717
v 1.529 16.795 -1.434
v 1.245 16.925 -1.4
v 1.464 16.922 -1.091
v 1.046 16.958 -0.771
v 0.893 16.875 -1.269
v 1.054 16.755 -1.583
v 1.523 16.621 -1.74
v 1.833 16.791 -1.727
v 1.703 16.952 -1.509
v 2.065 16.947 -1.5
v 2.083 17.057 -1.003
v 1.609 16.957 -1.159
v 1.453 16.799 -1.442
v 1.586 16.621 -1.858
v 1.799 16.802 -2.103
v 1.885 16.957 -1.835
v 2.129 16.962 -2.135
v 2.528 17.061 -1.8
v 2.097 16.949 -1.513
v 1.773 16.791 -1.585
v 1.42 16.513 -2.178
v 1.033 16.331 -2.501
v 1.392 16.353 -2.793
v 0.963 16.015 -2.906
v 1.437 15.616 -3.343
v 1.866 16.12 -2.974
v 1.786 16.418 -2.557
v 1.19 16.513 -2.071
v 0.705 16.291 -1.985
v 0.714 16.303 -2.452
v 0.374 15.939 -2.191
v 0.382 15.519 -2.832
v 0.904 16.072 -2.928
v 1.147 16.402 -2.598
v 1.127 16.513 -1.955
v 0.686 16.268 -1.632
v 0.474 16.36 -2.103
v 0.242 15.933 -1.7
v -0.092 15.598 -2.393
v 0.409 16.193 -2.707
v 0.826 16.484 -2.471
v 1.201 16.513 -1.654
v 1.194 16.376 -1.218
v 0.815 16.321 -1.292
v 0.996 16.073 -0.937
v 0.525 15.623 -0.987
v 0.495 16.039 -1.49
v 0.776 16.347 -1.68
v 1.375 16.513 -1.563
v 1.645 16.288 -1.219
v 1.318 16.344 -0.967
v 1.62 15.968 -0.828
v 1.117 15.629 -0.46
v 0.864 16.17 -0.843
v 1.015 16.456 -1.231
v 1.595 16.513 -1.61
v 2.076 16.374 -1.512
v 1.945 16.392 -1.098
v 2.361 16.089 -1.192
v 2.244 15.692 -0.59
v 1.685 16.145 -0.717
v 1.512 16.42 -1.116
v 1.73 16.513 -1.819
v 2.167 16.379 -2.129
v 2.397 16.398 -1.718
v 2.639 16.084 -2.123
v 3.039 15.655 -1.592
v 2.512 16.125 -1.235
v 2.062 16.414 -1.389
v 1.732 16.513 -1.904
v 1.98 16.233 -2.331
v 2.357 16.313 -2.024
v 2.379 15.875 -2.423
v 2.924 15.536 -1.945
v 2.642 16.158 -1.527
v 2.199 16.47 -1.584
v 1.523 16.513 -2.162
v 1.303 16.393 -2.581
v 1.709 16.332 -2.681
v 1.345 16.095 -2.947
v 1.823 15.628 -3.125
v 2.119 16.032 -2.648
v 1.947 16.341 -2.332
v 1.214 16.203 -2.096
v 0.779 15.904 -1.984
v 0.861 15.83 -2.442
v 0.565 15.467 -2.121
v 0.76 14.965 -2.653
v 1.166 15.573 -2.846
v 1.28 15.992 -2.588
v 1.155 16.203 -2.021
v 0.738 15.824 -1.769
v 0.616 15.751 -2.28
v 0.452 15.293 -1.866
v 0.434 14.711 -2.525
v 0.772 15.464 -2.829
v 1.004 15.966 -2.571
v 1.117 16.203 -1.831
v 0.776 15.979 -1.385
v 0.485 15.816 -1.78
v 0.426 15.507 -1.242
v 0.132 14.809 -1.657
v 0.418 15.389 -2.228
v 0.77 15.881 -2.206
v 1.223 16.203 -1.633
v 1.35 15.914 -1.202
v 0.889 15.871 -1.203
v 1.199 15.491 -0.94
v 0.619 15.01 -1.015
v 0.443 15.623 -1.424
v 0.719 16.024 -1.605
v 1.393 16.203 -1.56
v 1.791 15.863 -1.28
v 1.376 15.842 -0.972
v 1.815 15.401 -0.958
v 1.217 14.915 -0.634
v 0.81 15.608 -0.86
v 0.954 16.036 -1.198
v 1.537 16.203 -1.58
v 1.972 15.812 -1.537
v 1.791 15.752 -1.074
v 2.109 15.292 -1.297
v 1.738 14.749 -0.776
v 1.361 15.498 -0.737
v 1.348 15.984 -1.07
v 1.625 16.203 -1.633
v 2.077 15.917 -1.712
v 1.984 15.87 -1.25
v 2.307 15.499 -1.538
v 2.117 15.023 -0.978
v 1.677 15.625 -0.838
v 1.553 16.022 -1.128
v 1.729 16.203 -1.814
v 1.965 15.863 -2.145
v 2.217 15.803 -1.769
v 2.201 15.405 -2.148
v 2.401 14.92 -1.612
v 2.257 15.573 -1.271
v 2.011 16.003 -1.414
v 1.71 16.203 -1.989
v 1.815 15.963 -2.431
v 2.177 15.868 -2.191
v 2.041 15.555 -2.604
v 2.428 15.027 -2.287
v 2.398 15.571 -1.804
v 2.112 15.975 -1.765
v 1.616 16.203 -2.112
v 1.578 15.976 -2.646
v 2.003 15.752 -2.527
v 1.687 15.487 -2.957
v 2.044 14.745 -2.817
v 2.25 15.3 -2.228
v 2.047 15.82 -2.039
v 1.333 16.203 -2.164
v 0.834 15.944 -2.375
v 1.192 15.757 -2.702
v 0.652 15.451 -2.623
v 1.054 14.754 -2.894
v 1.655 15.347 -2.798
v 1.669 15.857 -2.521
v 1.328 16.109 -1.571
v 1.678 16.109 -1.684
v 1.424 15.893 -1.868
v 1.678 16.109 -2.053
v 1.111 16.109 -1.868
v 1.328 16.109 -2.166
v 1.738 16.458 -1.868
v 1.521 16.458 -1.571
v 1.171 16.458 -1.684
v 1.171 16.458 -2.053
v 1.521 16.458 -2.166
v 1.424 16.674 -1.868
v 2.035 14.928 4.53
v 2.345 15.201 4.765
v 1.976 15.359 4.869
v 2.381 15.428 5.152
v 1.945 15.537 5.646
v 1.561 15.324 5.142
v 1.662 15.114 4.757
v 2.155 14.928 4.5
v 2.513 15.186 4.505
v 2.34 15.324 4.813
v 2.791 15.383 4.78
v 2.83 15.448 5.404
v 2.248 15.263 5.255
v 2.06 15.086 4.901
v 2.231 14.928 4.349
v 2.408 15.175 4.037
v 2.572 15.292 4.361
v 2.761 15.357 3.948
v 3.279 15.401 4.268
v 2.88 15.221 4.693
v 2.507 15.062 4.658
v 2.111 14.928 4.188
v 1.931 15.069 3.816
v 2.208 15.315 3.809
v 2.028 15.23 3.41
v 2.542 15.409 3.093
v 2.64 15.376 3.714
v 2.441 15.19 4.069
v 1.913 14.928 4.252
v 1.542 15.139 4.355
v 1.635 15.349 4.057
v 1.198 15.347 4.175
v 1.026 15.512 3.593
v 1.639 15.375 3.605
v 1.91 15.163 3.88
v 1.879 14.928 4.361
v 1.586 15.094 4.678
v 1.528 15.38 4.413
v 1.177 15.316 4.726
v 0.729 15.591 4.321
v 1.308 15.501 4.01
v 1.695 15.248 4.082
v 2.078 14.811 4.692
v 2.499 14.73 5.072
v 2.106 14.68 5.366
v 2.621 14.435 5.533
v 2.203 13.921 6.004
v 1.664 14.328 5.551
v 1.701 14.641 5.087
v 2.352 14.811 4.516
v 2.944 14.748 4.403
v 2.938 14.575 4.894
v 3.412 14.393 4.527
v 3.538 13.705 5.034
v 2.807 14.096 5.278
v 2.44 14.501 5.029
v 2.385 14.811 4.283
v 2.729 14.736 3.754
v 3.09 14.63 4.161
v 3.182 14.402 3.541
v 3.701 13.785 3.929
v 3.318 14.203 4.621
v 2.842 14.571 4.654
v 2.329 14.811 4.158
v 2.487 14.746 3.6
v 2.921 14.599 3.791
v 2.808 14.404 3.238
v 3.33 13.754 3.316
v 3.217 14.147 4.047
v 2.828 14.531 4.274
v 2.022 14.811 4.019
v 1.586 14.722 3.678
v 1.964 14.716 3.37
v 1.457 14.455 3.23
v 1.885 14.016 2.729
v 2.421 14.42 3.149
v 2.388 14.694 3.61
v 1.866 14.811 4.076
v 1.289 14.723 3.933
v 1.537 14.55 3.507
v 0.954 14.356 3.639
v 1.126 13.681 3.154
v 1.866 14.091 3.233
v 2.049 14.501 3.594
v 1.727 14.811 4.28
v 1.268 14.642 4.615
v 1.068 14.656 4.14
v 0.81 14.315 4.59
v 0.474 13.871 3.969
v 1.007 14.386 3.585
v 1.432 14.701 3.777
v 1.77 14.811 4.536
v 1.632 14.745 5.028
v 1.235 14.677 4.847
v 1.317 14.469 5.329
v 0.785 13.97 5.217
v 0.921 14.333 4.59
v 1.303 14.632 4.412
v 1.933 14.811 4.669
v 2.204 14.667 5.186
v 1.695 14.699 5.31
v 2.107 14.369 5.656
v 1.423 13.952 5.921
v 1.12 14.438 5.302
v 1.381 14.725 4.89
v 2.288 14.474 4.599
v 2.742 14.095 4.475
v 2.744 14.079 4.996
v 2.995 13.602 4.674
v 2.869 13.109 5.363
v 2.476 13.855 5.518
v 2.31 14.305 5.178
v 2.382 14.474 4.437
v 2.71 14.172 4.127
v 2.906 14.098 4.544
v 2.993 13.721 4.136
v 3.146 13.192 4.675
v 2.881 13.821 5.033
v 2.617 14.256 4.875
v 2.386 14.474 4.288
v 2.666 14.193 3.818
v 3.005 14.027 4.18
v 2.98 13.674 3.66
v 3.292 12.955 4.072
v 3.104 13.608 4.639
v 2.769 14.138 4.634
v 2.289 14.474 4.112
v 2.206 14.174 3.704
v 2.639 14.117 3.705
v 2.369 13.735 3.466
v 2.905 13.236 3.56
v 3.037 13.861 3.931
v 2.763 14.278 4.091
v 2.067 14.474 4.018
v 1.631 14.138 3.701
v 2.068 14.044 3.386
v 1.567 13.617 3.366
v 2.14 12.988 3.066
v 2.629 13.707 3.307
v 2.516 14.213 3.652
v 1.899 14.474 4.056
v 1.311 14.279 3.859
v 1.674 14.026 3.501
v 1.04 13.79 3.61
v 1.385 12.999 3.313
v 2.127 13.527 3.382
v 2.217 14.059 3.668
v 1.776 14.474 4.166
v 1.315 14.21 4.326
v 1.306 14.118 3.857
v 1.019 13.77 4.214
v 1.061 13.205 3.668
v 1.514 13.801 3.425
v 1.728 14.237 3.668
v 1.726 14.474 4.427
v 1.384 14.233 4.938
v 1.107 13.984 4.507
v 1.072 13.701 5.131
v 0.862 12.884 4.722
v 1.103 13.482 4.041
v 1.41 14.051 4.03
v 1.822 14.474 4.599
v 1.874 14.252 5.135
v 1.434 14.065 4.963
v 1.749 13.797 5.414
v 1.335 13.126 5.197
v 1.14 13.66 4.611
v 1.367 14.138 4.465
v 1.878 14.474 4.642
v 2.056 14.147 5.04
v 1.608 14.113 5.155
v 1.928 13.691 5.33
v 1.323 13.195 5.381
v 1.123 13.868 5.032
v 1.385 14.295 4.792
v 2.117 14.474 4.687
v 2.559 14.229 4.995
v 2.202 14.049 5.296
v 2.717 13.735 5.314
v 2.347 13.017 5.588
v 1.785 13.617 5.36
v 1.783 14.131 5.034
v 1.95 14.371 4.679
v 2.331 14.371 4.556
v 2.055 14.136 4.355
v 2.331 14.371 4.155
v 1.714 14.371 4.355
v 1.95 14.371 4.031
v 2.396 14.752 4.355
v 2.161 14.752 4.679
v 1.779 14.752 4.556
v 1.779 14.752 4.155
v 2.161 14.752 4.031
v 2.055 14.987 4.355
v 3.886 15.546 -1.243
v 3.906 15.833 -0.832
v 3.538 15.977 -1.009
v 3.615 16.042 -0.498
v 2.909 16.091 -0.419
v 3.03 15.893 -1.092
v 3.418 15.708 -1.327
v 4.038 15.546 -1.171
v 4.39 15.677 -0.849
v 4.083 15.948 -0.733
v 4.448 15.832 -0.392
v 4.008 16.017 0.124
v 3.643 16.015 -0.478
v 3.719 15.829 -0.92
v 4.212 15.546 -1.306
v 4.55 15.776 -1.553
v 4.584 15.98 -1.198
v 4.974 15.982 -1.501
v 5.384 16.115 -0.974
v 4.76 15.976 -0.737
v 4.372 15.772 -0.916
v 4.168 15.546 -1.485
v 4.139 15.802 -1.886
v 4.475 15.985 -1.758
v 4.406 16.01 -2.239
v 5.071 16.107 -2.379
v 4.958 15.945 -1.721
v 4.599 15.748 -1.455
v 3.978 15.546 -1.535
v 3.608 15.776 -1.633
v 3.892 15.951 -1.838
v 3.436 15.985 -1.953
v 3.661 16.12 -2.522
v 4.178 15.95 -2.211
v 4.226 15.748 -1.848
v 3.849 15.546 -1.386
v 3.621 15.825 -1.118
v 3.516 15.96 -1.465
v 3.242 16.044 -1.097
v 2.757 16.126 -1.5
v 3.246 15.904 -1.842
v 3.624 15.708 -1.739
v 3.891 15.422 -1.03
v 4.111 15.206 -0.556
v 3.654 15.266 -0.403
v 3.984 14.873 -0.124
v 3.32 14.493 0.126
v 3.109 15.057 -0.408
v 3.382 15.36 -0.793
v 4.098 15.422 -1.006
v 4.506 15.177 -0.751
v 4.244 15.188 -0.377
v 4.629 14.795 -0.362
v 4.248 14.347 0.151
v 3.824 14.943 -0.12
v 3.836 15.3 -0.549
v 4.373 15.422 -1.247
v 4.836 15.274 -1.521
v 4.974 15.257 -1.055
v 5.259 14.956 -1.467
v 5.504 14.498 -0.877
v 4.97 14.971 -0.547
v 4.594 15.286 -0.754
v 4.386 15.422 -1.407
v 4.683 15.242 -1.854
v 5.036 15.273 -1.518
v 5.111 14.921 -1.984
v 5.646 14.51 -1.549
v 5.296 15.03 -1.049
v 4.836 15.333 -1.076
v 4.253 15.422 -1.638
v 4.115 15.102 -2.203
v 4.679 15.175 -2.266
v 4.369 14.67 -2.617
v 5.202 14.232 -2.681
v 5.311 14.962 -2.094
v 4.9 15.346 -1.767
v 3.985 15.422 -1.711
v 3.52 15.287 -2.096
v 3.906 15.204 -2.446
v 3.359 14.908 -2.57
v 3.757 14.29 -3.068
v 4.35 14.798 -2.644
v 4.347 15.195 -2.158
v 3.74 15.422 -1.561
v 3.234 15.289 -1.488
v 3.219 15.244 -1.934
v 2.841 14.963 -1.67
v 2.746 14.46 -2.233
v 3.341 14.921 -2.348
v 3.65 15.254 -2.054
v 3.677 15.422 -1.383
v 3.264 15.246 -0.998
v 2.977 15.28 -1.418
v 2.784 14.918 -0.962
v 2.322 14.485 -1.518
v 2.811 15.019 -1.947
v 3.287 15.331 -1.818
v 3.699 15.422 -1.232
v 3.478 15.296 -0.765
v 3.103 15.255 -1.018
v 3.108 14.981 -0.544
v 2.586 14.491 -0.799
v 2.825 14.938 -1.367
v 3.242 15.26 -1.45
v 4.194 15.065 -1.038
v 4.834 14.84 -0.853
v 4.471 14.63 -0.405
v 5.126 14.323 -0.551
v 4.752 13.522 -0.106
v 3.976 14.132 -0.179
v 3.876 14.681 -0.543
v 4.235 15.065 -1.063
v 4.867 14.729 -1.047
v 4.656 14.625 -0.473
v 5.171 14.174 -0.77
v 4.86 13.47 -0.111
v 4.199 14.233 -0.032
v 4.056 14.778 -0.432
v 4.389 15.065 -1.377
v 4.668 14.775 -1.828
v 4.993 14.692 -1.425
v 4.995 14.306 -1.924
v 5.337 13.723 -1.404
v 5.117 14.372 -0.896
v 4.769 14.829 -0.971
v 4.337 15.065 -1.544
v 4.372 14.68 -2.095
v 4.917 14.599 -1.944
v 4.656 14.107 -2.347
v 5.294 13.441 -2.052
v 5.338 14.252 -1.525
v 4.941 14.801 -1.41
v 4.248 15.065 -1.642
v 4.104 14.744 -2.135
v 4.599 14.597 -2.111
v 4.216 14.215 -2.417
v 4.744 13.538 -2.292
v 5.01 14.223 -1.83
v 4.766 14.751 -1.646
v 3.95 15.065 -1.704
v 3.463 14.814 -1.92
v 3.83 14.668 -2.247
v 3.303 14.351 -2.188
v 3.735 13.715 -2.496
v 4.31 14.298 -2.37
v 4.302 14.769 -2.071
v 3.916 15.065 -1.694
v 3.416 14.662 -1.75
v 3.672 14.604 -2.244
v 3.266 14.121 -2.009
v 3.718 13.553 -2.557
v 4.181 14.335 -2.594
v 4.179 14.841 -2.237
v 3.76 15.065 -1.587
v 3.219 14.743 -1.425
v 3.282 14.627 -1.976
v 2.917 14.223 -1.566
v 3.076 13.573 -2.19
v 3.602 14.271 -2.461
v 3.79 14.783 -2.171
v 3.682 15.065 -1.292
v 3.38 14.749 -0.767
v 2.987 14.596 -1.169
v 3.019 14.184 -0.602
v 2.629 13.426 -1.085
v 2.841 14.16 -1.698
v 3.232 14.728 -1.681
v 3.736 15.065 -1.159
v 3.639 14.774 -0.576
v 3.157 14.597 -0.796
v 3.383 14.223 -0.286
v 2.902 13.451 -0.556
v 2.873 14.143 -1.203
v 3.214 14.708 -1.341
v 3.898 15.065 -1.027
v 4.167 14.814 -0.498
v 3.635 14.661 -0.431
v 4.121 14.319 -0.118
v 3.542 13.614 -0.072
v 3.142 14.239 -0.604
v 3.351 14.747 -0.903
v 3.922 14.957 -1.014
v 4.325 14.957 -1.145
v 4.033 14.708 -1.357
v 4.325 14.957 -1.569
v 3.672 14.957 -1.357
v 3.922 14.957 -1.7
v 4.394 15.36 -1.357
v 4.145 15.36 -1.014
v 3.741 15.36 -1.145
v 3.741 15.36 -1.569
v 4.145 15.36 -1.7
v 4.033 15.608 -1.357
v 6.113 14.037 -0.79
v 6.228 14.231 -0.387
v 5.928 14.467 -0.509
v 6.044 14.442 -0.041
v 5.437 14.647 0.082
v 5.453 14.528 -0.559
v 5.736 14.302 -0.819
v 6.297 14.037 -0.777
v 6.629 14.234 -0.693
v 6.46 14.369 -0.438
v 6.859 14.373 -0.386
v 6.834 14.402 0.182
v 6.329 14.305 -0.064
v 6.187 14.177 -0.424
v 6.388 14.037 -0.909
v 6.682 14.199 -1.168
v 6.739 14.417 -0.882
v 7.068 14.37 -1.167
v 7.465 14.529 -0.739
v 6.921 14.457 -0.486
v 6.559 14.273 -0.6
v 6.316 14.037 -1.073
v 6.218 14.227 -1.417
v 6.505 14.408 -1.344
v 6.382 14.401 -1.744
v 6.919 14.523 -1.92
v 6.923 14.412 -1.352
v 6.669 14.236 -1.091
v 6.19 14.037 -1.103
v 5.814 14.239 -1.311
v 6.13 14.442 -1.481
v 5.688 14.421 -1.708
v 6.024 14.547 -2.274
v 6.5 14.443 -1.813
v 6.49 14.257 -1.399
v 6.048 14.037 -0.975
v 5.806 14.294 -0.753
v 5.75 14.435 -1.077
v 5.452 14.507 -0.773
v 5.045 14.605 -1.195
v 5.54 14.399 -1.451
v 5.88 14.205 -1.318
v 6.261 13.921 -0.6
v 6.651 13.811 -0.291
v 6.323 13.736 -0.011
v 6.785 13.501 0.086
v 6.444 12.991 0.478
v 5.945 13.401 0.142
v 5.952 13.728 -0.243
v 6.405 13.921 -0.656
v 6.999 13.736 -0.584
v 6.811 13.713 -0.075
v 7.333 13.361 -0.251
v 7.144 12.833 0.434
v 6.458 13.39 0.371
v 6.27 13.76 -0.066
v 6.521 13.921 -0.796
v 6.999 13.663 -1.024
v 7.169 13.717 -0.552
v 7.431 13.286 -0.891
v 7.676 12.872 -0.2
v 7.157 13.5 0.015
v 6.771 13.841 -0.268
v 6.543 13.921 -0.993
v 6.78 13.68 -1.411
v 7.15 13.706 -1.14
v 7.158 13.318 -1.535
v 7.675 12.906 -1.142
v 7.418 13.486 -0.709
v 6.997 13.821 -0.722
v 6.436 13.921 -1.18
v 6.433 13.89 -1.8
v 6.953 13.808 -1.711
v 6.701 13.601 -2.265
v 7.362 13.02 -2.333
v 7.407 13.39 -1.534
v 7.021 13.714 -1.19
v 6.15 13.921 -1.258
v 5.68 13.744 -1.545
v 6.03 13.674 -1.895
v 5.517 13.363 -1.93
v 5.913 12.806 -2.386
v 6.477 13.329 -2.099
v 6.481 13.715 -1.685
v 5.915 13.921 -1.074
v 5.446 13.66 -0.869
v 5.289 13.688 -1.331
v 5.037 13.268 -1.005
v 4.829 12.822 -1.667
v 5.324 13.45 -1.868
v 5.685 13.812 -1.588
v 5.883 13.921 -0.955
v 5.477 13.816 -0.644
v 5.292 13.69 -1.032
v 5.085 13.48 -0.581
v 4.816 12.901 -0.967
v 5.26 13.305 -1.409
v 5.624 13.671 -1.333
v 6.009 13.921 -0.669
v 6.009 13.828 -0.109
v 5.563 13.659 -0.188
v 5.824 13.462 0.294
v 5.357 12.794 0.316
v 5.248 13.207 -0.378
v 5.53 13.616 -0.669
v 6.27 13.588 -0.602
v 6.692 13.295 -0.354
v 6.365 13.161 -0.027
v 6.816 12.798 -0.066
v 6.409 12.151 0.236
v 5.925 12.797 0.079
v 5.95 13.294 -0.233
v 6.498 13.588 -0.754
v 6.86 13.253 -0.942
v 6.978 13.222 -0.509
v 7.118 12.804 -0.825
v 7.157 12.338 -0.232
v 6.861 13.002 -0.027
v 6.645 13.417 -0.277
v 6.549 13.588 -0.919
v 6.995 13.388 -1.303
v 7.18 13.176 -0.85
v 7.371 12.908 -1.402
v 7.546 12.15 -0.977
v 7.127 12.7 -0.421
v 6.792 13.214 -0.485
v 6.53 13.588 -1.042
v 6.807 13.401 -1.582
v 7.11 13.156 -1.189
v 7.095 12.925 -1.814
v 7.35 12.148 -1.452
v 7.171 12.664 -0.744
v 6.871 13.184 -0.691
v 6.414 13.588 -1.199
v 6.28 13.34 -1.668
v 6.734 13.212 -1.622
v 6.383 12.9 -1.945
v 6.871 12.307 -1.837
v 7.114 12.872 -1.366
v 6.89 13.317 -1.186
v 6.247 13.588 -1.263
v 5.811 13.244 -1.592
v 6.287 13.125 -1.864
v 5.757 12.709 -1.9
v 6.358 12.058 -2.116
v 6.866 12.777 -1.878
v 6.735 13.301 -1.574
v 6.027 13.588 -1.205
v 5.523 13.221 -1.165
v 5.656 13.149 -1.683
v 5.298 12.698 -1.382
v 5.578 12.113 -1.985
v 6.047 12.855 -2.109
v 6.147 13.352 -1.771
v 5.899 13.588 -1.036
v 5.337 13.348 -0.789
v 5.325 13.084 -1.289
v 4.966 12.808 -0.782
v 4.999 11.97 -1.207
v 5.566 12.567 -1.661
v 5.836 13.148 -1.522
v 5.925 13.588 -0.767
v 5.893 13.252 -0.214
v 5.405 13.122 -0.461
v 5.671 12.715 0.01
v 5.168 12.048 -0.363
v 5.079 12.759 -0.932
v 5.399 13.288 -0.999
v 6.062 13.588 -0.635
v 6.326 13.274 -0.209
v 5.825 13.176 -0.139
v 6.264 12.792 0.071
v 5.665 12.214 0.056
v 5.316 12.87 -0.318
v 5.536 13.339 -0.534
v 6.229 13.588 -0.598
v 6.637 13.411 -0.251
v 6.219 13.237 -0.055
v 6.75 13 0.06
v 6.328 12.358 0.244
v 5.781 12.837 -0.065
v 5.828 13.275 -0.355
v 6.112 13.487 -0.61
v 6.488 13.487 -0.733
v 6.216 13.255 -0.931
v 6.488 13.487 -1.129
v 5.879 13.487 -0.931
v 6.112 13.487 -1.251
v 6.553 13.863 -0.931
v 6.32 13.863 -0.61
v 5.943 13.863 -0.733
v 5.943 13.863 -1.129
v 6.32 13.863 -1.251
v 6.216 14.095 -0.931
v -5.528 14.971 1.567
v -5.539 15.105 1.944
v -5.733 15.34 1.779
v -5.777 15.283 2.19
v -6.294 15.504 2.135
v -6.102 15.436 1.607
v -5.81 15.232 1.458
v -5.341 14.971 1.619
v -4.966 15.247 1.713
v -5.247 15.391 1.979
v -4.762 15.461 2.062
v -4.924 15.534 2.71
v -5.488 15.328 2.409
v -5.571 15.137 2.001
v -5.224 14.971 1.464
v -4.989 15.215 1.199
v -4.837 15.342 1.507
v -4.589 15.387 1.145
v -4.062 15.416 1.467
v -4.542 15.26 1.824
v -4.95 15.109 1.765
v -5.302 14.971 1.313
v -5.445 15.178 0.968
v -5.123 15.348 1.048
v -5.305 15.363 0.638
v -4.745 15.481 0.456
v -4.674 15.344 1.036
v -4.92 15.162 1.3
v -5.453 14.971 1.294
v -5.865 15.165 1.15
v -5.588 15.394 0.944
v -6.057 15.361 0.779
v -5.819 15.531 0.17
v -5.275 15.428 0.558
v -5.213 15.221 0.966
v -5.55 14.971 1.379
v -5.901 15.159 1.516
v -5.89 15.341 1.209
v -6.282 15.318 1.387
v -6.573 15.411 0.861
v -5.976 15.324 0.787
v -5.646 15.164 1.017
v -5.434 14.856 1.784
v -5.134 14.743 2.26
v -5.555 14.602 2.456
v -5.087 14.367 2.716
v -5.495 13.712 3.02
v -5.941 14.165 2.487
v -5.846 14.575 2.069
v -5.203 14.856 1.723
v -4.708 14.755 1.828
v -4.844 14.709 2.242
v -4.394 14.459 2.13
v -4.472 13.972 2.685
v -5.08 14.386 2.584
v -5.28 14.694 2.207
v -5.094 14.856 1.589
v -4.693 14.654 1.38
v -4.57 14.691 1.789
v -4.339 14.349 1.478
v -4.154 14.003 2.058
v -4.593 14.506 2.271
v -4.905 14.785 2.041
v -5.068 14.856 1.433
v -4.71 14.763 1.021
v -4.455 14.656 1.417
v -4.312 14.443 0.897
v -3.949 13.883 1.298
v -4.34 14.28 1.842
v -4.733 14.627 1.809
v -5.239 14.856 1.167
v -5.421 14.683 0.636
v -4.921 14.689 0.558
v -5.268 14.343 0.196
v -4.598 13.876 0.028
v -4.389 14.403 0.64
v -4.688 14.733 1.006
v -5.371 14.856 1.128
v -5.727 14.811 0.661
v -5.285 14.728 0.429
v -5.79 14.52 0.159
v -5.332 13.954 -0.259
v -4.842 14.327 0.311
v -4.937 14.65 0.788
v -5.633 14.856 1.228
v -6.164 14.598 1.3
v -6.145 14.657 0.789
v -6.518 14.23 1.04
v -6.489 13.836 0.298
v -5.923 14.454 0.246
v -5.668 14.785 0.639
v -5.725 14.856 1.442
v -6.165 14.72 1.853
v -6.407 14.609 1.388
v -6.612 14.34 1.936
v -6.958 13.715 1.437
v -6.479 14.201 0.895
v -6.054 14.604 0.985
v -5.697 14.856 1.591
v -5.9 14.769 2.054
v -6.227 14.63 1.788
v -6.198 14.45 2.291
v -6.587 13.877 2.073
v -6.415 14.244 1.47
v -6.081 14.598 1.371
v -5.373 14.527 1.785
v -4.921 14.201 2.061
v -5.307 14.124 2.422
v -4.827 13.697 2.402
v -5.35 13.091 2.783
v -5.84 13.799 2.573
v -5.766 14.286 2.203
v -5.176 14.527 1.702
v -4.734 14.141 1.571
v -4.758 14.103 2.09
v -4.51 13.638 1.75
v -4.684 13.128 2.407
v -5.055 13.87 2.591
v -5.189 14.334 2.271
v -5.071 14.527 1.512
v -4.592 14.314 1.235
v -4.493 14.081 1.669
v -4.237 13.824 1.185
v -4.167 13.056 1.554
v -4.631 13.604 2.016
v -4.921 14.132 1.928
v -5.096 14.527 1.321
v -5.007 14.172 0.765
v -4.526 14.039 1.051
v -4.754 13.611 0.558
v -4.268 12.918 0.978
v -4.235 13.665 1.555
v -4.574 14.217 1.596
v -5.256 14.527 1.158
v -5.524 14.2 0.69
v -5.004 14.064 0.611
v -5.471 13.668 0.378
v -4.879 12.994 0.387
v -4.5 13.693 0.802
v -4.716 14.221 1.043
v -5.334 14.527 1.133
v -5.725 14.136 0.793
v -5.256 14.073 0.498
v -5.722 13.59 0.461
v -5.067 12.992 0.204
v -4.653 13.777 0.459
v -4.835 14.292 0.791
v -5.605 14.527 1.201
v -6.104 14.206 1.245
v -5.982 14.092 0.761
v -6.347 13.7 1.063
v -6.113 13.077 0.536
v -5.625 13.756 0.389
v -5.503 14.253 0.682
v -5.67 14.527 1.273
v -6.095 14.275 1.419
v -6.113 14.189 0.985
v -6.372 13.858 1.313
v -6.339 13.327 0.806
v -5.925 13.893 0.584
v -5.723 14.304 0.811
v -5.722 14.527 1.503
v -5.892 14.142 1.972
v -6.331 14.132 1.645
v -6.214 13.642 2.069
v -6.723 13.143 1.538
v -6.612 13.905 1.094
v -6.223 14.361 1.16
v -5.612 14.527 1.705
v -5.462 14.205 2.232
v -5.996 14.08 2.162
v -5.597 13.685 2.518
v -6.189 13.035 2.345
v -6.453 13.725 1.837
v -6.176 14.238 1.664
v -5.428 14.527 1.784
v -5.035 14.186 2.038
v -5.443 14.135 2.331
v -5.005 13.716 2.319
v -5.58 13.209 2.593
v -5.991 13.889 2.415
v -5.857 14.33 2.118
v -5.499 14.427 1.773
v -5.127 14.427 1.652
v -5.396 14.197 1.456
v -5.127 14.427 1.261
v -5.729 14.427 1.456
v -5.499 14.427 1.14
v -5.063 14.799 1.456
v -5.293 14.799 1.773
v -5.666 14.799 1.652
v -5.666 14.799 1.261
v -5.293 14.799 1.14
v -5.396 15.028 1.456
v -6.821 13.287 -0.847
v -7.076 13.583 -1.091
v -6.735 13.723 -1.219
v -7.099 13.811 -1.503
v -6.72 13.884 -2.043
v -6.381 13.654 -1.521
v -6.478 13.452 -1.106
v -6.983 13.287 -0.782
v -7.334 13.544 -0.668
v -7.266 13.644 -1.041
v -7.688 13.713 -0.841
v -7.913 13.713 -1.433
v -7.307 13.539 -1.498
v -7.017 13.399 -1.216
v -7.007 13.287 -0.61
v -7.103 13.539 -0.294
v -7.37 13.647 -0.497
v -7.43 13.711 -0.082
v -8.027 13.725 -0.128
v -7.759 13.552 -0.635
v -7.377 13.407 -0.755
v -6.92 13.287 -0.518
v -6.747 13.582 -0.197
v -7.128 13.701 -0.167
v -6.849 13.79 0.215
v -7.38 13.82 0.626
v -7.561 13.601 0.017
v -7.34 13.425 -0.362
v -6.739 13.287 -0.537
v -6.378 13.534 -0.565
v -6.547 13.69 -0.265
v -6.098 13.74 -0.319
v -6.059 13.844 0.292
v -6.641 13.661 0.18
v -6.831 13.468 -0.149
v -6.684 13.287 -0.739
v -6.565 13.528 -1.126
v -6.281 13.673 -0.878
v -6.194 13.696 -1.355
v -5.534 13.725 -1.237
v -5.854 13.59 -0.662
v -6.282 13.44 -0.548
v -6.881 13.171 -1.006
v -7.262 13.046 -1.325
v -6.933 12.984 -1.607
v -7.381 12.728 -1.711
v -7.024 12.227 -2.11
v -6.547 12.661 -1.762
v -6.566 12.99 -1.368
v -7.104 13.171 -0.886
v -7.617 13.063 -0.813
v -7.571 13.046 -1.272
v -7.988 12.785 -1.015
v -8.017 12.354 -1.623
v -7.402 12.765 -1.718
v -7.128 13.045 -1.399
v -7.173 13.171 -0.616
v -7.442 12.95 -0.129
v -7.834 12.988 -0.47
v -7.867 12.595 0.017
v -8.437 12.174 -0.44
v -8.128 12.753 -0.972
v -7.66 13.081 -0.953
v -7.143 13.171 -0.524
v -7.257 12.924 0.025
v -7.745 12.996 -0.175
v -7.639 12.566 0.288
v -8.361 12.18 0.012
v -8.204 12.794 -0.575
v -7.728 13.114 -0.694
v -6.929 13.171 -0.352
v -6.643 13.106 0.163
v -7.128 13.033 0.314
v -6.668 12.805 0.656
v -7.218 12.253 0.973
v -7.61 12.649 0.343
v -7.428 12.976 -0.098
v -6.696 13.171 -0.377
v -6.129 13.073 -0.16
v -6.424 12.922 0.256
v -5.826 12.701 0.196
v -6.06 12.031 0.702
v -6.791 12.468 0.519
v -6.933 12.879 0.109
v -6.547 13.171 -0.527
v -6.051 12.901 -0.729
v -5.886 12.975 -0.25
v -5.61 12.522 -0.564
v -5.372 12.125 0.162
v -5.91 12.774 0.333
v -6.301 13.111 0.018
v -6.564 13.171 -0.854
v -6.391 13.107 -1.372
v -5.979 13.001 -1.182
v -6.054 12.797 -1.7
v -5.525 12.215 -1.607
v -5.681 12.597 -0.931
v -6.081 12.94 -0.731
v -6.742 13.171 -0.992
v -6.984 13.134 -1.51
v -6.507 12.999 -1.582
v -6.951 12.84 -1.959
v -6.448 12.247 -2.166
v -6.076 12.579 -1.534
v -6.256 12.917 -1.156
v -7.035 12.838 -0.949
v -7.522 12.589 -1.016
v -7.338 12.435 -1.417
v -7.762 12.124 -1.215
v -7.531 11.476 -1.605
v -6.995 12.055 -1.652
v -6.882 12.532 -1.38
v -7.178 12.838 -0.696
v -7.532 12.57 -0.286
v -7.762 12.438 -0.739
v -7.853 12.094 -0.216
v -8.056 11.455 -0.742
v -7.76 12.07 -1.253
v -7.454 12.55 -1.15
v -7.138 12.838 -0.516
v -7.297 12.658 -0.07
v -7.623 12.49 -0.294
v -7.526 12.251 0.154
v -7.833 11.625 -0.057
v -7.766 12.101 -0.604
v -7.497 12.533 -0.702
v -7.064 12.838 -0.424
v -6.958 12.561 0.023
v -7.398 12.437 -0.037
v -7.072 12.104 0.265
v -7.541 11.52 0.116
v -7.755 12.114 -0.315
v -7.527 12.569 -0.46
v -6.923 12.838 -0.351
v -6.526 12.488 0.053
v -7.055 12.353 0.246
v -6.511 11.935 0.369
v -7.146 11.252 0.479
v -7.64 11.984 0.159
v -7.467 12.529 -0.121
v -6.736 12.838 -0.36
v -6.246 12.589 -0.107
v -6.561 12.399 0.247
v -6.037 12.082 0.193
v -6.361 11.338 0.518
v -6.966 11.951 0.366
v -7.02 12.48 0.037
v -6.591 12.838 -0.46
v -5.958 12.565 -0.569
v -6.118 12.354 -0.021
v -5.614 12.02 -0.435
v -5.834 11.229 0.099
v -6.511 11.881 0.377
v -6.706 12.449 0.108
v -6.512 12.838 -0.668
v -6.26 12.495 -1.105
v -5.921 12.461 -0.695
v -5.944 12.02 -1.161
v -5.587 11.51 -0.575
v -5.777 12.21 -0.121
v -6.12 12.653 -0.239
v -6.532 12.838 -0.788
v -6.271 12.609 -1.332
v -5.895 12.411 -0.978
v -5.948 12.104 -1.566
v -5.584 11.337 -1.21
v -5.752 11.938 -0.533
v -6.107 12.47 -0.471
v -6.631 12.838 -0.93
v -6.723 12.579 -1.473
v -6.226 12.434 -1.395
v -6.574 12.093 -1.794
v -6.044 11.42 -1.669
v -5.834 12.039 -1.1
v -6.106 12.533 -0.895
v -6.868 12.838 -1.008
v -7.308 12.515 -1.315
v -6.92 12.392 -1.656
v -7.41 11.98 -1.656
v -6.917 11.299 -1.984
v -6.414 12.013 -1.758
v -6.478 12.542 -1.4
v -6.95 12.737 -0.354
v -6.573 12.737 -0.477
v -6.845 12.504 -0.675
v -6.573 12.737 -0.873
v -7.182 12.737 -0.675
v -6.95 12.737 -0.995
v -6.508 13.113 -0.675
v -6.741 13.113 -0.354
v -7.118 13.113 -0.477
v -7.118 13.113 -0.873
v -6.741 13.113 -0.995
v -6.845 13.345 -0.675
v -3.671 13.671 4.148
v -3.377 13.8 3.714
v -3.22 14.116 4.017
v -2.9 13.978 3.578
v -2.29 14.22 3.974
v -2.886 14.223 4.455
v -3.366 14.004 4.445
v -3.779 13.671 4.008
v -3.947 13.855 3.652
v -3.656 14.085 3.702
v -3.831 14.058 3.288
v -3.294 14.254 3.048
v -3.212 14.143 3.653
v -3.431 13.927 3.956
v -3.948 13.671 4.011
v -4.379 13.947 3.958
v -4.112 14.102 3.631
v -4.65 14.155 3.61
v -4.551 14.218 2.895
v -3.895 14.031 3.141
v -3.75 13.844 3.567
v -4.053 13.671 4.149
v -4.31 13.968 4.396
v -4.438 14.081 4.038
v -4.728 14.176 4.405
v -5.259 14.203 4.005
v -4.728 13.978 3.673
v -4.31 13.803 3.786
v -4.001 13.671 4.32
v -3.963 13.883 4.722
v -4.29 14.055 4.591
v -4.211 14.051 5.057
v -4.849 14.127 5.159
v -4.756 14.017 4.525
v -4.417 13.854 4.279
v -3.732 13.671 4.329
v -3.394 13.947 4.271
v -3.529 14.088 4.596
v -3.093 14.17 4.493
v -2.97 14.264 5.101
v -3.553 14.041 5.048
v -3.778 13.839 4.733
v -3.537 13.541 4.001
v -3.373 13.437 3.408
v -2.901 13.371 3.664
v -2.995 13.1 3.079
v -2.356 12.528 3.291
v -2.522 12.987 4.027
v -2.979 13.343 4.198
v -3.772 13.541 3.823
v -4.145 13.364 3.268
v -3.589 13.376 3.044
v -4.105 12.991 2.718
v -3.384 12.462 2.323
v -2.951 13.045 2.978
v -3.184 13.409 3.485
v -3.982 13.541 3.832
v -4.532 13.371 3.606
v -4.19 13.294 3.195
v -4.761 12.986 3.233
v -4.388 12.407 2.704
v -3.729 12.93 2.918
v -3.671 13.324 3.344
v -4.178 13.541 3.988
v -4.755 13.452 4.091
v -4.713 13.294 3.605
v -5.181 13.093 3.955
v -5.234 12.436 3.435
v -4.537 12.847 3.215
v -4.218 13.247 3.475
v -4.233 13.541 4.214
v -4.598 13.317 4.748
v -4.965 13.265 4.277
v -5.052 12.884 4.882
v -5.539 12.286 4.312
v -5.162 12.906 3.684
v -4.69 13.335 3.749
v -4.065 13.541 4.497
v -3.968 13.449 5.114
v -4.492 13.307 5.079
v -4.137 13.078 5.579
v -4.723 12.404 5.659
v -4.927 12.848 4.907
v -4.626 13.257 4.553
v -3.795 13.541 4.551
v -3.257 13.368 4.921
v -3.664 13.308 5.329
v -3.067 12.957 5.415
v -3.516 12.328 5.989
v -4.173 12.907 5.586
v -4.178 13.326 5.064
v -3.692 13.541 4.516
v -3.057 13.334 4.676
v -3.307 13.403 5.213
v -2.737 12.975 5.127
v -3.026 12.529 5.937
v -3.745 13.14 5.717
v -3.897 13.472 5.168
v -3.493 13.541 4.242
v -2.969 13.392 3.88
v -2.702 13.376 4.367
v -2.415 13.024 3.875
v -1.96 12.46 4.475
v -2.582 13.011 4.915
v -3.109 13.381 4.746
v -3.671 13.169 3.864
v -3.776 12.929 3.319
v -3.323 12.695 3.38
v -3.702 12.415 2.98
v -3.319 11.637 3.071
v -3.032 12.221 3.65
v -3.218 12.768 3.877
v -3.868 13.169 3.812
v -4.398 12.705 3.567
v -3.945 12.681 3.102
v -4.465 12.105 3.2
v -3.761 11.508 2.703
v -3.251 12.411 2.86
v -3.386 12.959 3.284
v -4.113 13.169 3.909
v -4.675 12.903 3.896
v -4.51 12.711 3.431
v -4.977 12.382 3.715
v -4.771 11.635 3.274
v -4.155 12.267 3.143
v -3.99 12.807 3.419
v -4.224 13.169 4.099
v -4.671 12.771 4.542
v -4.953 12.704 3.964
v -5.08 12.186 4.531
v -5.339 11.515 3.765
v -4.954 12.357 3.268
v -4.567 12.914 3.49
v -4.224 13.169 4.269
v -4.531 12.968 4.791
v -4.836 12.766 4.371
v -4.856 12.498 4.984
v -5.147 11.762 4.563
v -4.913 12.306 3.89
v -4.578 12.808 3.879
v -4.147 13.169 4.424
v -4.204 12.978 5.02
v -4.64 12.757 4.774
v -4.399 12.511 5.336
v -4.802 11.761 5.095
v -4.886 12.284 4.386
v -4.609 12.79 4.229
v -3.941 13.169 4.549
v -3.632 12.932 5.087
v -4.134 12.713 5.219
v -3.605 12.4 5.505
v -4.08 11.581 5.63
v -4.567 12.206 5.097
v -4.433 12.771 4.746
v -3.812 13.169 4.554
v -3.309 12.903 4.867
v -3.753 12.721 5.164
v -3.159 12.391 5.181
v -3.649 11.662 5.439
v -4.277 12.289 5.214
v -4.24 12.819 4.895
v -3.542 13.169 4.376
v -3.017 12.916 4.181
v -3.016 12.791 4.7
v -2.671 12.447 4.28
v -2.705 11.804 4.863
v -3.242 12.414 5.17
v -3.493 12.888 4.922
v -3.489 13.169 4.186
v -3.256 12.722 3.718
v -2.829 12.676 4.126
v -2.925 12.138 3.668
v -2.495 11.544 4.312
v -2.629 12.404 4.755
v -3.009 12.944 4.623
v -3.498 13.169 4.102
v -3.152 12.923 3.558
v -2.784 12.728 3.976
v -2.766 12.387 3.353
v -2.392 11.58 3.781
v -2.665 12.231 4.471
v -3.068 12.792 4.49
v -3.978 13.056 4.543
v -3.557 13.056 4.406
v -3.861 12.796 4.185
v -3.557 13.056 3.963
v -4.238 13.056 4.185
v -3.978 13.056 3.826
v -3.485 13.476 4.185
v -3.745 13.476 4.543
v -4.166 13.476 4.406
v -4.166 13.476 3.963
v -3.745 13.476 3.826
v -3.861 13.735 4.185
v -2.032 13.786 -4.708
v -2.328 13.887 -4.48
v -2.337 14.12 -4.722
v -2.665 14.035 -4.501
v -2.949 14.241 -4.917
v -2.437 14.217 -5.102
v -2.138 14.038 -4.981
v -1.921 13.786 -4.523
v -1.727 14.068 -4.288
v -2.055 14.19 -4.234
v -1.768 14.293 -3.937
v -2.19 14.376 -3.525
v -2.419 14.136 -4.019
v -2.27 13.937 -4.357
v -1.798 13.786 -4.529
v -1.379 13.931 -4.4
v -1.627 14.19 -4.217
v -1.176 14.115 -4.057
v -1.398 14.336 -3.488
v -1.932 14.279 -3.853
v -2.009 14.068 -4.231
v -1.701 13.786 -4.712
v -1.553 14.009 -5.002
v -1.354 14.117 -4.75
v -1.217 14.163 -5.132
v -0.687 14.182 -4.941
v -1.029 14.037 -4.516
v -1.397 13.904 -4.489
v -1.812 13.786 -4.841
v -2.008 13.912 -5.195
v -1.736 14.158 -5.156
v -1.926 14.082 -5.551
v -1.421 14.3 -5.782
v -1.303 14.254 -5.199
v -1.489 14.055 -4.901
v -1.936 13.786 -4.835
v -2.302 13.981 -4.926
v -2.084 14.139 -5.174
v -2.518 14.134 -5.248
v -2.406 14.199 -5.838
v -1.878 14.1 -5.562
v -1.768 13.953 -5.188
v -2.136 13.674 -4.507
v -2.252 13.561 -3.977
v -2.668 13.453 -4.192
v -2.539 13.221 -3.678
v -3.046 12.65 -3.855
v -2.971 13.076 -4.509
v -2.612 13.44 -4.669
v -2.048 13.674 -4.416
v -1.963 13.536 -3.959
v -2.372 13.57 -3.915
v -2.15 13.269 -3.589
v -2.734 12.913 -3.463
v -2.809 13.352 -3.998
v -2.513 13.605 -4.3
v -1.815 13.674 -4.365
v -1.417 13.53 -4.097
v -1.713 13.527 -3.785
v -1.289 13.237 -3.721
v -1.647 12.826 -3.262
v -2.109 13.273 -3.568
v -2.101 13.56 -3.97
v -1.566 13.674 -4.567
v -1.085 13.532 -4.771
v -0.955 13.506 -4.331
v -0.65 13.207 -4.684
v -0.408 12.719 -4.128
v -0.967 13.195 -3.871
v -1.35 13.523 -4.094
v -1.547 13.674 -4.641
v -1.115 13.661 -4.953
v -0.957 13.549 -4.528
v -0.683 13.411 -4.998
v -0.373 12.881 -4.569
v -0.902 13.165 -4.123
v -1.298 13.456 -4.224
v -1.707 13.674 -4.961
v -1.887 13.403 -5.378
v -1.45 13.446 -5.499
v -1.741 13.038 -5.719
v -1.101 12.669 -5.854
v -0.936 13.268 -5.431
v -1.215 13.595 -5.138
v -1.911 13.674 -5
v -2.354 13.575 -5.349
v -1.963 13.439 -5.625
v -2.512 13.229 -5.74
v -2.137 12.617 -6.108
v -1.545 13.028 -5.746
v -1.548 13.408 -5.353
v -2.029 13.674 -4.96
v -2.479 13.568 -5.102
v -2.29 13.47 -5.457
v -2.732 13.257 -5.377
v -2.582 12.737 -5.809
v -2.021 13.128 -5.698
v -1.886 13.46 -5.37
v -2.188 13.674 -4.689
v -2.539 13.611 -4.373
v -2.75 13.556 -4.72
v -2.929 13.361 -4.303
v -3.278 12.915 -4.674
v -2.861 13.249 -5.09
v -2.483 13.518 -5.029
v -2.066 13.352 -4.43
v -1.92 13.031 -3.934
v -2.427 12.911 -3.955
v -2.049 12.516 -3.647
v -2.619 11.873 -3.764
v -2.869 12.56 -4.23
v -2.603 13.068 -4.421
v -1.916 13.352 -4.364
v -1.558 13 -4.13
v -1.949 12.957 -3.851
v -1.551 12.536 -3.875
v -2.122 12.061 -3.631
v -2.483 12.738 -3.78
v -2.335 13.168 -4.051
v -1.639 13.352 -4.455
v -1.135 13.14 -4.453
v -1.279 12.956 -4.048
v -0.855 12.692 -4.308
v -1.019 12.026 -3.935
v -1.582 12.551 -3.802
v -1.741 13.022 -4.032
v -1.586 13.352 -4.525
v -1.119 13.101 -4.699
v -1.079 12.984 -4.239
v -0.798 12.65 -4.611
v -0.794 12.041 -4.094
v -1.257 12.632 -3.822
v -1.501 13.087 -4.042
v -1.546 13.352 -4.708
v -1.308 13.051 -5.162
v -0.978 12.966 -4.77
v -1.013 12.582 -5.262
v -0.683 12.014 -4.744
v -0.848 12.661 -4.24
v -1.17 13.117 -4.311
v -1.606 13.352 -4.871
v -1.512 13.139 -5.481
v -1.05 12.938 -5.225
v -1.268 12.646 -5.8
v -0.812 11.882 -5.542
v -0.781 12.461 -4.82
v -1.106 12.985 -4.665
v -1.848 13.352 -5.003
v -2.242 13.007 -5.32
v -1.842 12.93 -5.644
v -2.284 12.487 -5.664
v -1.733 11.879 -5.983
v -1.31 12.611 -5.736
v -1.431 13.11 -5.38
v -1.972 13.352 -4.986
v -2.387 13.023 -5.04
v -2.176 12.984 -5.45
v -2.514 12.582 -5.266
v -2.144 12.123 -5.733
v -1.757 12.768 -5.747
v -1.756 13.178 -5.441
v -2.148 13.352 -4.837
v -2.714 13.165 -4.689
v -2.658 12.951 -5.172
v -3.082 12.703 -4.763
v -3.028 11.962 -5.215
v -2.407 12.483 -5.528
v -2.151 12.982 -5.327
v -2.186 13.352 -4.65
v -2.326 12.988 -4.232
v -2.706 12.943 -4.551
v -2.577 12.51 -4.159
v -2.966 12.019 -4.665
v -2.913 12.717 -5.064
v -2.607 13.161 -4.986
v -2.154 13.352 -4.538
v -2.214 13.028 -4.05
v -2.672 12.953 -4.252
v -2.464 12.541 -3.854
v -2.982 11.969 -4.183
v -3.001 12.653 -4.669
v -2.662 13.122 -4.729
v -1.967 13.255 -4.373
v -1.603 13.255 -4.491
v -1.867 13.031 -4.682
v -1.603 13.255 -4.873
v -2.192 13.255 -4.682
v -1.967 13.255 -4.991
v -1.541 13.618 -4.682
v -1.766 13.618 -4.373
v -2.13 13.618 -4.491
v -2.13 13.618 -4.873
v -1.766 13.618 -4.991
v -1.867 13.842 -4.682
v 4.099 12.869 4.606
v 4.64 13.049 4.658
v 4.394 13.346 4.974
v 4.983 13.25 5.034
v 4.879 13.463 5.806
v 4.13 13.413 5.508
v 3.93 13.184 5.053
v 4.182 12.869 4.471
v 4.43 13.214 4.126
v 4.555 13.365 4.563
v 4.861 13.488 4.09
v 5.433 13.591 4.591
v 4.88 13.299 5.035
v 4.446 13.056 4.913
v 4.123 12.869 4.295
v 4.109 12.98 3.813
v 4.385 13.271 3.968
v 4.389 13.142 3.467
v 5.048 13.371 3.463
v 4.863 13.377 4.136
v 4.504 13.176 4.37
v 3.892 12.869 4.259
v 3.532 13.099 4.175
v 3.735 13.259 3.91
v 3.295 13.279 3.844
v 3.351 13.352 3.224
v 3.897 13.213 3.498
v 4.034 13.044 3.886
v 3.781 12.869 4.419
v 3.47 13.061 4.691
v 3.39 13.29 4.391
v 3.042 13.251 4.697
v 2.576 13.41 4.262
v 3.165 13.318 3.985
v 3.572 13.117 4.098
v 3.885 12.869 4.618
v 4.098 13.084 5.104
v 3.687 13.355 5.015
v 3.929 13.304 5.564
v 3.192 13.502 5.815
v 3.085 13.4 5.025
v 3.395 13.164 4.655
v 4.298 12.734 4.666
v 4.903 12.502 4.492
v 4.9 12.494 5.08
v 5.334 12.092 4.692
v 5.364 11.56 5.467
v 4.693 12.183 5.68
v 4.368 12.578 5.315
v 4.37 12.734 4.452
v 4.887 12.599 3.951
v 5.163 12.451 4.51
v 5.411 12.165 3.839
v 5.811 11.42 4.424
v 5.243 11.955 5.095
v 4.748 12.424 4.998
v 4.261 12.734 4.17
v 4.261 12.577 3.616
v 4.735 12.483 3.734
v 4.492 12.201 3.266
v 5.059 11.617 3.353
v 5.122 12.112 4.001
v 4.786 12.504 4.228
v 3.995 12.734 4.052
v 3.488 12.601 3.553
v 4.022 12.609 3.218
v 3.403 12.252 2.965
v 4.049 11.708 2.394
v 4.657 12.25 3.007
v 4.533 12.6 3.588
v 3.702 12.734 4.171
v 3.071 12.647 4.189
v 3.174 12.621 3.646
v 2.625 12.341 3.897
v 2.617 11.817 3.165
v 3.4 12.262 3.134
v 3.717 12.581 3.553
v 3.606 12.734 4.345
v 3.056 12.704 4.583
v 2.904 12.578 4.114
v 2.527 12.393 4.56
v 2.182 11.758 4.087
v 2.867 12.123 3.706
v 3.34 12.479 3.872
v 3.652 12.734 4.644
v 3.604 12.366 5.28
v 2.99 12.464 5.125
v 3.195 11.895 5.603
v 2.296 11.451 5.335
v 2.384 12.263 4.694
v 2.928 12.672 4.523
v 3.746 12.734 4.749
v 3.825 12.594 5.365
v 3.28 12.589 5.36
v 3.573 12.251 5.839
v 2.836 11.726 5.942
v 2.741 12.249 5.203
v 3.132 12.593 4.835
v 4.11 12.734 4.807
v 4.742 12.543 5.072
v 4.404 12.614 5.585
v 5.014 12.188 5.591
v 4.611 11.726 6.389
v 3.889 12.333 6.041
v 3.805 12.664 5.447
v 4.364 12.346 4.51
v 4.753 11.873 4.069
v 5.124 11.801 4.589
v 5.148 11.219 4.08
v 5.478 10.513 4.831
v 5.193 11.457 5.278
v 4.791 12.071 5.068
v 4.337 12.346 4.283
v 4.445 12.029 3.751
v 4.894 11.904 4.028
v 4.702 11.509 3.545
v 5.165 10.849 3.931
v 5.163 11.54 4.497
v 4.829 12.055 4.544
v 4.087 12.346 4.067
v 3.723 11.943 3.723
v 4.208 11.875 3.463
v 3.752 11.391 3.417
v 4.423 10.801 3.226
v 4.811 11.591 3.472
v 4.606 12.109 3.77
v 3.945 12.346 4.054
v 3.414 12.063 3.675
v 3.922 11.826 3.412
v 3.256 11.495 3.347
v 3.783 10.664 3.161
v 4.479 11.328 3.438
v 4.432 11.925 3.751
v 3.733 12.346 4.142
v 3.16 12.018 4.18
v 3.294 11.91 3.636
v 2.863 11.483 3.955
v 3.093 10.811 3.337
v 3.674 11.54 3.203
v 3.836 12.065 3.552
v 3.616 12.346 4.312
v 3.116 12.08 4.62
v 3.065 11.89 4.093
v 2.783 11.568 4.617
v 2.8 10.841 4.075
v 3.272 11.46 3.611
v 3.523 11.99 3.782
v 3.596 12.346 4.48
v 3.263 11.961 5.091
v 2.874 11.77 4.551
v 2.911 11.309 5.245
v 2.586 10.461 4.59
v 2.788 11.294 3.871
v 3.161 11.948 3.946
v 3.733 12.346 4.739
v 3.996 11.869 5.309
v 3.314 11.775 5.318
v 3.837 11.209 5.623
v 3.005 10.494 5.458
v 2.645 11.427 4.976
v 3.002 12.05 4.769
v 3.919 12.346 4.824
v 4.343 12.002 5.337
v 3.775 11.769 5.524
v 4.401 11.362 5.722
v 3.814 10.472 5.82
v 3.219 11.25 5.386
v 3.357 11.908 5.057
v 4.084 12.346 4.815
v 4.632 12.025 5.075
v 4.238 11.821 5.459
v 4.826 11.438 5.378
v 4.372 10.631 5.703
v 3.72 11.353 5.572
v 3.711 11.954 5.237
v 4.314 12.346 4.642
v 4.897 12.099 4.455
v 4.813 11.887 4.986
v 5.241 11.586 4.528
v 5.103 10.826 5.042
v 4.494 11.428 5.4
v 4.275 11.967 5.182
v 3.861 12.228 4.814
v 4.3 12.228 4.671
v 3.982 11.958 4.44
v 4.3 12.228 4.21
v 3.589 12.228 4.44
v 3.861 12.228 4.067
v 4.375 12.666 4.44
v 4.103 12.666 4.814
v 3.664 12.666 4.671
v 3.664 12.666 4.21
v 4.103 12.666 4.067
v 3.982 12.937 4.44
v 7.446 12.153 -0.276
v 7.39 12.34 -0.546
v 7.625 12.476 -0.457
v 7.548 12.507 -0.79
v 8.002 12.608 -0.898
v 7.968 12.469 -0.442
v 7.74 12.309 -0.256
v 7.303 12.153 -0.312
v 6.976 12.358 -0.436
v 7.231 12.511 -0.623
v 6.83 12.53 -0.755
v 7.039 12.623 -1.281
v 7.492 12.489 -0.955
v 7.528 12.324 -0.603
v 7.193 12.153 -0.202
v 6.937 12.367 0.033
v 6.888 12.498 -0.295
v 6.593 12.535 0.014
v 6.229 12.6 -0.423
v 6.716 12.455 -0.686
v 7.04 12.3 -0.55
v 7.278 12.153 -0.023
v 7.437 12.385 0.235
v 7.131 12.502 0.249
v 7.362 12.563 0.563
v 6.923 12.622 0.88
v 6.766 12.448 0.388
v 6.94 12.289 0.09
v 7.427 12.153 -0.036
v 7.757 12.346 -0.013
v 7.601 12.504 0.227
v 7.994 12.513 0.239
v 7.99 12.612 0.778
v 7.485 12.492 0.603
v 7.333 12.328 0.29
v 7.488 12.153 -0.12
v 7.751 12.317 -0.289
v 7.777 12.477 -0.037
v 8.075 12.465 -0.24
v 8.382 12.567 0.149
v 7.906 12.478 0.299
v 7.61 12.327 0.161
v 7.426 12.051 -0.445
v 7.222 11.993 -0.904
v 7.63 11.845 -0.968
v 7.239 11.695 -1.29
v 7.64 11.125 -1.449
v 7.975 11.451 -0.908
v 7.836 11.789 -0.585
v 7.129 12.051 -0.367
v 6.662 11.884 -0.351
v 6.675 11.936 -0.77
v 6.328 11.604 -0.602
v 6.305 11.261 -1.226
v 6.834 11.737 -1.21
v 7.083 11.996 -0.858
v 7.052 12.051 -0.22
v 6.68 12.002 -0.015
v 6.557 11.913 -0.348
v 6.323 11.76 -0.008
v 6.089 11.307 -0.348
v 6.534 11.598 -0.654
v 6.856 11.867 -0.553
v 7.076 12.051 -0.035
v 6.877 12.057 0.355
v 6.569 11.969 0.166
v 6.558 11.855 0.598
v 6.124 11.405 0.515
v 6.344 11.635 -0.029
v 6.699 11.874 -0.169
v 7.25 12.051 0.116
v 7.426 11.905 0.462
v 7.099 11.862 0.58
v 7.384 11.614 0.77
v 6.983 11.205 0.938
v 6.757 11.614 0.565
v 6.904 11.904 0.291
v 7.479 12.051 0.096
v 7.957 12.01 0.256
v 7.717 11.906 0.611
v 8.221 11.75 0.558
v 8.046 11.242 1.021
v 7.423 11.548 0.87
v 7.292 11.842 0.516
v 7.542 12.051 0.051
v 8.001 11.956 0.059
v 7.868 11.854 0.433
v 8.282 11.669 0.239
v 8.186 11.183 0.671
v 7.632 11.534 0.724
v 7.46 11.843 0.463
v 7.632 12.051 -0.208
v 7.907 11.93 -0.58
v 8.171 11.85 -0.274
v 8.241 11.623 -0.708
v 8.589 11.133 -0.388
v 8.306 11.535 0.083
v 7.961 11.857 0.079
v 7.508 12.051 -0.405
v 7.365 11.81 -0.834
v 7.804 11.842 -0.893
v 7.527 11.469 -1.154
v 8.148 11.102 -1.217
v 8.289 11.656 -0.772
v 8.001 11.966 -0.515
v 7.177 11.757 -0.408
v 6.664 11.468 -0.393
v 6.862 11.368 -0.858
v 6.438 11.005 -0.587
v 6.739 10.43 -1.096
v 7.267 11.054 -1.208
v 7.355 11.509 -0.911
v 7.077 11.757 -0.294
v 6.597 11.587 -0.176
v 6.624 11.387 -0.573
v 6.275 11.172 -0.226
v 6.298 10.507 -0.57
v 6.822 10.967 -0.844
v 7.053 11.417 -0.69
v 7.048 11.757 -0.19
v 6.818 11.418 0.198
v 6.535 11.355 -0.2
v 6.565 10.951 0.232
v 6.32 10.445 -0.325
v 6.462 11.108 -0.734
v 6.732 11.549 -0.607
v 7.153 11.757 0.063
v 7.214 11.56 0.502
v 6.836 11.407 0.406
v 7.115 11.166 0.75
v 6.754 10.594 0.616
v 6.572 11.065 0.146
v 6.762 11.476 -0.001
v 7.251 11.757 0.117
v 7.555 11.413 0.398
v 7.14 11.362 0.605
v 7.524 10.955 0.642
v 6.948 10.478 0.783
v 6.626 11.139 0.586
v 6.806 11.566 0.352
v 7.406 11.757 0.124
v 7.772 11.492 0.284
v 7.516 11.382 0.58
v 7.881 11.066 0.498
v 7.537 10.533 0.767
v 7.14 11.091 0.697
v 7.154 11.513 0.45
v 7.57 11.757 0.021
v 8.021 11.597 -0.001
v 7.902 11.409 0.346
v 8.284 11.217 0.095
v 8.164 10.614 0.389
v 7.649 11.032 0.546
v 7.492 11.443 0.375
v 7.63 11.757 -0.108
v 7.943 11.493 -0.415
v 8.12 11.395 -0.023
v 8.208 11.068 -0.432
v 8.341 10.535 0.044
v 8.086 11.103 0.419
v 7.842 11.522 0.294
v 7.632 11.757 -0.208
v 7.926 11.597 -0.594
v 8.135 11.421 -0.246
v 8.203 11.211 -0.731
v 8.395 10.597 -0.401
v 8.15 11.035 0.121
v 7.882 11.45 0.116
v 7.519 11.757 -0.397
v 7.459 11.542 -0.83
v 7.831 11.376 -0.76
v 7.548 11.123 -1.081
v 7.886 10.52 -0.97
v 8.077 11.018 -0.517
v 7.9 11.455 -0.36
v 7.313 11.757 -0.456
v 6.976 11.576 -0.774
v 7.302 11.401 -0.975
v 6.86 11.169 -1.062
v 7.16 10.542 -1.242
v 7.629 11.014 -0.972
v 7.617 11.447 -0.699
v 7.249 11.668 0.119
v 7.582 11.668 0.011
v 7.341 11.463 -0.163
v 7.582 11.668 -0.338
v 7.044 11.668 -0.163
v 7.249 11.668 -0.446
v 7.638 11.999 -0.163
v 7.433 11.999 0.119
v 7.1 11.999 0.011
v 7.1 11.999 -0.338
v 7.433 11.999 -0.446
v 7.341 12.204 -0.163
v 5.343 11.637 -2.888
v 5.073 11.768 -3.091
v 5.283 11.985 -3.162
v 5.006 11.935 -3.407
v 5.293 12.135 -3.791
v 5.584 12.068 -3.367
v 5.554 11.878 -3.058
v 5.21 11.637 -2.79
v 4.866 11.856 -2.618
v 4.879 12.053 -2.938
v 4.479 12.055 -2.727
v 4.162 12.191 -3.261
v 4.772 12.056 -3.377
v 5.11 11.857 -3.16
v 5.205 11.637 -2.666
v 5.118 11.844 -2.327
v 4.9 11.981 -2.573
v 4.82 12.009 -2.153
v 4.279 12.08 -2.322
v 4.545 11.943 -2.809
v 4.889 11.789 -2.873
v 5.35 11.637 -2.554
v 5.631 11.779 -2.269
v 5.345 12.001 -2.205
v 5.649 11.937 -1.89
v 5.229 12.1 -1.493
v 4.946 12.051 -2.021
v 5.045 11.874 -2.378
v 5.526 11.637 -2.682
v 5.877 11.798 -2.9
v 5.937 12.011 -2.598
v 6.306 11.943 -2.847
v 6.715 12.053 -2.368
v 6.106 12.014 -2.181
v 5.71 11.857 -2.344
v 5.517 11.637 -2.788
v 5.617 11.811 -3.15
v 5.823 12.001 -2.929
v 5.931 11.976 -3.344
v 6.484 12.104 -3.192
v 6.183 12.016 -2.695
v 5.827 11.844 -2.609
v 5.169 11.525 -2.977
v 4.65 11.25 -2.965
v 4.749 11.296 -3.465
v 4.361 10.868 -3.25
v 4.522 10.469 -3.956
v 5.059 11.097 -3.958
v 5.231 11.441 -3.555
v 5.046 11.525 -2.775
v 4.624 11.283 -2.429
v 4.348 11.355 -2.856
v 4.155 10.928 -2.453
v 3.731 10.539 -3.079
v 4.213 11.149 -3.424
v 4.673 11.468 -3.238
v 5.048 11.525 -2.658
v 4.749 11.447 -2.238
v 4.43 11.413 -2.549
v 4.336 11.178 -2.075
v 3.845 10.717 -2.392
v 4.201 11.1 -2.922
v 4.636 11.382 -2.944
v 5.228 11.525 -2.429
v 5.365 11.471 -1.921
v 4.931 11.336 -1.893
v 5.279 11.169 -1.503
v 4.823 10.587 -1.356
v 4.572 10.93 -1.978
v 4.777 11.272 -2.317
v 5.363 11.525 -2.399
v 5.731 11.309 -2.076
v 5.38 11.301 -1.781
v 5.792 10.946 -1.688
v 5.325 10.489 -1.287
v 4.918 11.041 -1.628
v 5.003 11.389 -2.027
v 5.631 11.525 -2.544
v 6.17 11.329 -2.708
v 6.191 11.323 -2.188
v 6.572 10.968 -2.536
v 6.641 10.492 -1.848
v 6.036 11.04 -1.651
v 5.724 11.389 -1.97
v 5.684 11.525 -2.741
v 6.033 11.458 -3.081
v 6.264 11.353 -2.744
v 6.418 11.171 -3.191
v 6.762 10.646 -2.874
v 6.37 10.993 -2.404
v 5.993 11.309 -2.425
v 5.611 11.525 -2.926
v 5.643 11.358 -3.396
v 6.057 11.32 -3.296
v 5.885 11.025 -3.683
v 6.42 10.56 -3.587
v 6.413 11.037 -3.053
v 6.083 11.367 -2.872
v 5.442 11.525 -3.033
v 5.163 11.326 -3.43
v 5.555 11.434 -3.636
v 5.222 11.056 -3.854
v 5.821 10.794 -4.206
v 6.079 11.304 -3.732
v 5.876 11.532 -3.328
v 5.047 11.204 -2.782
v 4.666 10.907 -2.412
v 4.478 10.779 -2.888
v 4.355 10.411 -2.386
v 4.221 9.774 -2.947
v 4.538 10.424 -3.412
v 4.819 10.918 -3.267
v 5.042 11.204 -2.722
v 4.759 10.889 -2.31
v 4.467 10.777 -2.71
v 4.466 10.39 -2.238
v 4.208 9.775 -2.75
v 4.405 10.445 -3.219
v 4.709 10.934 -3.128
v 5.085 11.204 -2.56
v 5.012 10.954 -2.06
v 4.589 10.844 -2.275
v 4.778 10.511 -1.831
v 4.319 9.919 -2.112
v 4.307 10.503 -2.659
v 4.62 10.948 -2.749
v 5.235 11.204 -2.426
v 5.549 10.807 -2.061
v 5.046 10.736 -1.878
v 5.489 10.269 -1.786
v 4.818 9.696 -1.706
v 4.464 10.462 -1.972
v 4.695 10.968 -2.216
v 5.433 11.204 -2.407
v 5.908 10.956 -2.185
v 5.553 10.84 -1.846
v 6.061 10.51 -1.893
v 5.632 9.908 -1.542
v 5.079 10.492 -1.694
v 5.09 10.941 -2.02
v 5.631 11.204 -2.542
v 6.225 11.012 -2.617
v 6.144 10.788 -2.135
v 6.614 10.528 -2.497
v 6.556 9.746 -2.054
v 5.881 10.292 -1.813
v 5.615 10.816 -2.048
v 5.68 11.204 -2.664
v 6.059 10.921 -3.021
v 6.27 10.822 -2.566
v 6.395 10.449 -3.041
v 6.587 9.846 -2.486
v 6.253 10.484 -2.05
v 5.941 10.95 -2.196
v 5.674 11.204 -2.805
v 5.819 10.876 -3.235
v 6.225 10.823 -2.99
v 6.104 10.404 -3.365
v 6.562 9.874 -2.972
v 6.481 10.554 -2.551
v 6.133 11.001 -2.557
v 5.552 11.204 -2.982
v 5.353 10.794 -3.405
v 5.867 10.726 -3.509
v 5.493 10.238 -3.675
v 6.164 9.647 -3.645
v 6.405 10.444 -3.316
v 6.113 10.965 -3.106
v 5.3 11.204 -3.036
v 4.901 10.89 -3.187
v 5.159 10.844 -3.558
v 4.799 10.447 -3.457
v 5.206 9.959 -3.868
v 5.596 10.601 -3.778
v 5.566 11.019 -3.456
v 5.198 11.204 -2.997
v 4.745 10.858 -2.963
v 4.886 10.814 -3.437
v 4.559 10.391 -3.168
v 4.85 9.898 -3.733
v 5.265 10.579 -3.835
v 5.333 11.015 -3.518
v 5.263 11.106 -2.412
v 5.626 11.106 -2.53
v 5.363 10.882 -2.721
v 5.626 11.106 -2.912
v 5.038 11.106 -2.721
v 5.263 11.106 -3.03
v 5.688 11.469 -2.721
v 5.464 11.469 -2.412
v 5.1 11.469 -2.53
v 5.1 11.469 -2.912
v 5.464 11.469 -3.03
v 5.363 11.693 -2.721
v 7.759 10.324 0.331
v 7.415 10.601 0.186
v 7.705 10.699 -0.074
v 7.242 10.78 -0.192
v 7.428 10.77 -0.824
v 7.952 10.578 -0.473
v 8.006 10.433 -0.048
v 7.61 10.324 0.536
v 7.339 10.55 0.914
v 7.222 10.83 0.594
v 6.893 10.801 1.009
v 6.323 11.049 0.607
v 6.907 10.908 0.174
v 7.351 10.639 0.218
v 7.709 10.324 0.687
v 7.879 10.583 1.092
v 7.512 10.809 1.043
v 7.723 10.82 1.521
v 7.082 10.984 1.831
v 6.996 10.815 1.126
v 7.274 10.578 0.763
v 7.899 10.324 0.684
v 8.287 10.497 0.783
v 8.101 10.758 0.963
v 8.518 10.708 1.106
v 8.411 10.949 1.677
v 7.888 10.851 1.341
v 7.762 10.616 0.978
v 7.993 10.324 0.501
v 8.184 10.62 0.203
v 8.406 10.736 0.504
v 8.593 10.826 0.082
v 9.218 10.849 0.309
v 8.784 10.631 0.763
v 8.343 10.458 0.771
v 7.923 10.324 0.369
v 7.786 10.6 -0.013
v 8.168 10.758 0.099
v 7.972 10.823 -0.374
v 8.629 10.919 -0.562
v 8.682 10.713 0.094
v 8.378 10.508 0.377
v 7.5 10.196 0.307
v 6.942 9.991 0.437
v 6.929 9.956 -0.086
v 6.534 9.597 0.25
v 6.481 9.055 -0.423
v 7.104 9.63 -0.598
v 7.417 10.019 -0.269
v 7.433 10.196 0.531
v 7.047 10.116 0.882
v 6.794 10.026 0.524
v 6.617 9.809 0.985
v 6.227 9.263 0.632
v 6.669 9.653 0.155
v 7.09 9.986 0.191
v 7.552 10.196 0.79
v 7.566 10.053 1.404
v 7.052 9.918 1.286
v 7.338 9.647 1.809
v 6.75 8.974 1.752
v 6.647 9.478 1.019
v 6.99 9.912 0.746
v 7.719 10.196 0.878
v 8.049 10.078 1.437
v 7.522 9.975 1.619
v 8.041 9.693 1.961
v 7.456 9.035 2.287
v 7 9.534 1.636
v 7.181 9.945 1.165
v 8.041 10.196 0.799
v 8.72 9.991 0.8
v 8.561 9.971 1.398
v 9.134 9.576 1.131
v 8.992 8.995 1.931
v 8.209 9.614 1.949
v 7.949 10.022 1.481
v 8.133 10.196 0.68
v 8.65 9.856 0.385
v 8.816 9.906 0.957
v 9.085 9.398 0.524
v 9.279 8.931 1.343
v 8.752 9.681 1.638
v 8.373 10.092 1.313
v 8.163 10.196 0.445
v 8.545 10.163 -0.027
v 8.857 9.995 0.36
v 8.994 9.835 -0.237
v 9.44 9.164 0.072
v 9.021 9.517 0.74
v 8.567 9.897 0.787
v 7.919 10.196 0.169
v 7.636 10.039 -0.317
v 8.116 10.092 -0.476
v 7.717 9.746 -0.784
v 8.379 9.365 -1.09
v 8.682 9.862 -0.507
v 8.441 10.135 -0.086
v 7.742 10.196 0.155
v 7.216 9.964 -0.184
v 7.586 10.012 -0.619
v 7.059 9.574 -0.693
v 7.551 9.093 -1.348
v 8.126 9.735 -0.946
v 8.106 10.099 -0.395
v 7.454 9.828 0.397
v 6.815 9.586 0.686
v 6.778 9.329 0.102
v 6.368 9.016 0.673
v 6.344 8.117 0.125
v 7.007 8.767 -0.372
v 7.348 9.379 -0.184
v 7.495 9.828 0.724
v 7.435 9.564 1.223
v 7.014 9.419 1.035
v 7.227 9.087 1.464
v 6.805 8.438 1.214
v 6.754 9.043 0.673
v 7.041 9.527 0.564
v 7.597 9.828 0.826
v 7.668 9.607 1.338
v 7.255 9.383 1.248
v 7.589 9.131 1.644
v 7.252 8.406 1.529
v 7.009 8.94 0.973
v 7.184 9.449 0.779
v 7.817 9.828 0.887
v 8.291 9.528 1.196
v 7.852 9.426 1.522
v 8.391 9.03 1.54
v 7.84 8.396 1.872
v 7.293 9.072 1.627
v 7.376 9.563 1.269
v 7.961 9.828 0.851
v 8.534 9.559 1.012
v 8.201 9.353 1.418
v 8.777 9.029 1.261
v 8.401 8.265 1.622
v 7.728 8.898 1.594
v 7.66 9.45 1.289
v 8.152 9.828 0.632
v 8.645 9.446 0.267
v 8.877 9.365 0.835
v 9.061 8.861 0.318
v 9.261 8.164 1.052
v 8.82 8.994 1.48
v 8.445 9.557 1.235
v 8.163 9.828 0.445
v 8.305 9.436 -0.064
v 8.776 9.425 0.266
v 8.627 8.925 -0.189
v 9.179 8.413 0.343
v 9.098 9.19 0.832
v 8.697 9.657 0.787
v 8.076 9.828 0.273
v 8.057 9.523 -0.233
v 8.533 9.402 -0.143
v 8.253 9.014 -0.508
v 8.774 8.36 -0.335
v 8.893 9.037 0.171
v 8.59 9.542 0.333
v 7.823 9.828 0.151
v 7.347 9.482 -0.171
v 7.848 9.346 -0.447
v 7.273 8.936 -0.47
v 7.892 8.261 -0.679
v 8.453 8.982 -0.458
v 8.331 9.52 -0.161
v 7.734 9.828 0.156
v 7.318 9.594 -0.144
v 7.658 9.415 -0.424
v 7.167 9.12 -0.446
v 7.512 8.427 -0.695
v 8.048 8.998 -0.474
v 8.052 9.492 -0.167
v 7.466 9.828 0.365
v 6.91 9.601 0.572
v 6.883 9.414 0.062
v 6.52 9.106 0.512
v 6.5 8.359 -0.001
v 7.082 8.954 -0.361
v 7.379 9.474 -0.155
v 7.686 9.716 0.873
v 8.103 9.716 0.738
v 7.801 9.459 0.519
v 8.103 9.716 0.3
v 7.429 9.716 0.519
v 7.686 9.716 0.164
v 8.174 10.132 0.519
v 7.917 10.132 0.873
v 7.5 10.132 0.738
v 7.5 10.132 0.3
v 7.917 10.132 0.164
v 7.801 10.389 0.519
v -0.67 11.778 6.881
v -0.944 12.003 6.903
v -0.842 12.118 6.644
v -1.193 12.18 6.703
v -1.305 12.245 6.208
v -0.829 12.072 6.285
v -0.641 11.913 6.554
v -0.724 11.778 7.007
v -0.868 12.056 7.285
v -1.046 12.167 6.992
v -1.208 12.268 7.382
v -1.745 12.331 7.133
v -1.38 12.099 6.723
v -1.012 11.915 6.736
v -0.585 11.778 7.151
v -0.355 12.016 7.352
v -0.643 12.126 7.474
v -0.32 12.191 7.698
v -0.627 12.232 8.158
v -0.937 12.056 7.733
v -0.87 11.904 7.381
v -0.47 11.778 7.114
v -0.066 11.862 7.14
v -0.207 12.106 7.36
v 0.205 11.988 7.402
v 0.168 12.174 7.953
v -0.377 12.194 7.747
v -0.551 12.033 7.428
v -0.422 11.778 6.96
v -0.272 11.916 6.656
v -0.117 12.086 6.872
v 0.04 12.045 6.529
v 0.506 12.144 6.739
v 0.163 12.094 7.128
v -0.169 11.957 7.155
v -0.543 11.778 6.847
v -0.806 12.014 6.614
v -0.47 12.151 6.542
v -0.814 12.205 6.265
v -0.393 12.289 5.855
v -0.081 12.113 6.328
v -0.195 11.937 6.667
v -0.844 11.676 6.89
v -1.218 11.491 7.076
v -1.354 11.509 6.712
v -1.559 11.194 6.991
v -1.759 10.835 6.482
v -1.351 11.308 6.288
v -1.044 11.587 6.49
v -0.84 11.676 7.117
v -0.96 11.487 7.543
v -1.333 11.512 7.359
v -1.264 11.187 7.735
v -1.794 10.834 7.49
v -1.654 11.316 7.029
v -1.285 11.594 6.955
v -0.611 11.676 7.289
v -0.326 11.559 7.656
v -0.696 11.501 7.83
v -0.302 11.267 8.021
v -0.727 10.808 8.288
v -1.093 11.206 7.877
v -0.986 11.509 7.536
v -0.43 11.676 7.256
v -0.029 11.441 7.308
v -0.152 11.475 7.692
v 0.16 11.123 7.568
v -0.046 10.795 8.105
v -0.449 11.316 8.044
v -0.536 11.602 7.705
v -0.326 11.676 7.162
v 0.126 11.55 7.079
v 0.175 11.592 7.479
v 0.501 11.3 7.265
v 0.642 10.961 7.844
v 0.105 11.382 7.912
v -0.204 11.618 7.619
v -0.277 11.676 6.992
v 0.002 11.449 6.63
v 0.305 11.498 6.946
v 0.377 11.126 6.575
v 0.813 10.78 7.037
v 0.502 11.32 7.405
v 0.107 11.611 7.322
v -0.421 11.676 6.745
v -0.547 11.602 6.25
v -0.104 11.537 6.246
v -0.415 11.328 5.858
v 0.121 10.847 5.749
v 0.31 11.208 6.352
v 0.057 11.502 6.662
v -0.551 11.676 6.705
v -0.824 11.584 6.38
v -0.515 11.587 6.175
v -0.857 11.355 6.008
v -0.479 11.003 5.661
v -0.152 11.357 6.056
v -0.236 11.586 6.419
v -0.728 11.676 6.749
v -1.159 11.405 6.704
v -1.081 11.461 6.277
v -1.386 11.052 6.412
v -1.223 10.709 5.788
v -0.801 11.301 5.861
v -0.672 11.612 6.245
v -0.862 11.382 7.035
v -1.202 11.21 7.475
v -1.428 11.014 7.066
v -1.518 10.784 7.624
v -1.732 10.1 7.229
v -1.441 10.582 6.636
v -1.137 11.042 6.652
v -0.775 11.382 7.21
v -0.687 11.094 7.551
v -1.067 11.03 7.558
v -0.815 10.685 7.739
v -1.276 10.23 7.64
v -1.416 10.803 7.353
v -1.188 11.192 7.23
v -0.536 11.382 7.29
v -0.096 11.175 7.588
v -0.491 11.025 7.849
v 0.036 10.747 7.894
v -0.392 10.117 8.151
v -0.948 10.643 7.908
v -0.916 11.089 7.599
v -0.472 11.382 7.275
v 0.025 11.09 7.382
v -0.284 10.976 7.775
v 0.192 10.621 7.61
v -0.228 10.035 8.001
v -0.764 10.657 7.996
v -0.772 11.12 7.704
v -0.356 11.382 7.199
v 0.072 11.096 7.088
v 0.024 11.01 7.532
v 0.303 10.659 7.218
v 0.159 10.135 7.728
v -0.243 10.732 7.921
v -0.383 11.157 7.674
v -0.277 11.382 6.99
v 0.13 11.217 6.58
v 0.293 10.993 7.026
v 0.465 10.78 6.456
v 0.607 10.057 6.865
v 0.232 10.53 7.452
v -0.064 11.009 7.41
v -0.34 11.382 6.816
v -0.303 11.164 6.324
v 0.071 10.979 6.532
v -0.152 10.724 6.084
v 0.174 10.079 6.329
v 0.272 10.592 6.887
v 0.05 11.054 6.993
v -0.498 11.382 6.713
v -0.766 11.053 6.424
v -0.412 11.029 6.175
v -0.726 10.613 6.134
v -0.191 10.158 5.9
v 0.063 10.814 6.129
v -0.109 11.22 6.42
v -0.637 11.382 6.711
v -1.102 11.01 6.6
v -0.808 10.959 6.166
v -1.22 10.508 6.335
v -0.742 9.978 5.863
v -0.296 10.707 5.89
v -0.332 11.176 6.23
v -0.714 11.382 6.741
v -1.161 11.129 6.711
v -0.96 11.042 6.319
v -1.347 10.722 6.521
v -1.054 10.215 6.095
v -0.587 10.764 6.043
v -0.528 11.164 6.314
v -0.855 11.382 6.922
v -1.176 11.131 7.177
v -1.337 11.055 6.807
v -1.447 10.731 7.164
v -1.579 10.237 6.703
v -1.3 10.785 6.394
v -1.054 11.176 6.536
v -0.663 11.292 7.281
v -0.33 11.292 7.173
v -0.571 11.087 6.998
v -0.33 11.292 6.823
v -0.868 11.292 6.998
v -0.663 11.292 6.715
v -0.273 11.624 6.998
v -0.479 11.624 7.281
v -0.811 11.624 7.173
v -0.811 11.624 6.823
v -0.479 11.624 6.715
v -0.571 11.829 6.998
v 2.086 10.977 5.957
v 1.809 11.222 5.594
v 2.175 11.471 5.57
v 1.856 11.465 5.141
v 2.42 11.666 4.707
v 2.675 11.508 5.384
v 2.491 11.257 5.796
v 1.903 10.977 6.005
v 1.557 11.243 6.063
v 1.665 11.334 5.708
v 1.234 11.417 5.845
v 1.074 11.411 5.242
v 1.668 11.221 5.262
v 1.918 11.08 5.577
v 1.848 10.977 6.186
v 1.655 11.173 6.535
v 1.502 11.398 6.272
v 1.276 11.373 6.668
v 0.727 11.549 6.394
v 1.175 11.437 5.955
v 1.572 11.226 5.941
v 1.943 10.977 6.315
v 2.07 11.09 6.716
v 1.786 11.33 6.657
v 1.913 11.23 7.081
v 1.349 11.401 7.26
v 1.337 11.396 6.643
v 1.59 11.228 6.351
v 2.159 10.977 6.298
v 2.595 11.238 6.308
v 2.432 11.395 6.679
v 2.951 11.418 6.627
v 3.043 11.445 7.348
v 2.348 11.303 7.186
v 2.092 11.142 6.774
v 2.232 10.977 6.135
v 2.491 11.116 5.828
v 2.606 11.335 6.096
v 2.882 11.262 5.763
v 3.354 11.404 6.118
v 2.852 11.37 6.457
v 2.466 11.206 6.407
v 1.941 10.847 5.786
v 1.435 10.626 5.549
v 1.728 10.692 5.125
v 1.252 10.286 5.117
v 1.651 9.898 4.476
v 2.197 10.479 4.768
v 2.222 10.787 5.259
v 1.807 10.847 5.853
v 1.154 10.549 5.872
v 1.303 10.554 5.264
v 0.789 10.081 5.547
v 0.991 9.526 4.731
v 1.691 10.25 4.693
v 1.907 10.69 5.16
v 1.689 10.847 6.016
v 1.117 10.589 6.348
v 0.914 10.691 5.773
v 0.574 10.207 6.224
v 0.224 9.793 5.385
v 0.885 10.469 5.064
v 1.377 10.807 5.38
v 1.744 10.847 6.374
v 1.745 10.609 6.926
v 1.237 10.621 6.799
v 1.459 10.228 7.24
v 0.765 9.771 7.077
v 0.758 10.368 6.477
v 1.161 10.725 6.291
v 1.933 10.847 6.503
v 2.168 10.79 7.032
v 1.699 10.68 7.157
v 2.13 10.476 7.52
v 1.63 9.876 7.804
v 1.272 10.259 7.159
v 1.453 10.61 6.73
v 2.256 10.847 6.448
v 2.927 10.578 6.472
v 2.732 10.572 7.074
v 3.292 10.123 6.821
v 3.054 9.551 7.625
v 2.313 10.245 7.619
v 2.111 10.68 7.137
v 2.373 10.847 6.308
v 2.999 10.633 6.038
v 3.107 10.64 6.651
v 3.524 10.225 6.189
v 3.74 9.672 7.003
v 3.022 10.306 7.314
v 2.581 10.701 6.976
v 2.404 10.847 6.074
v 2.699 10.535 5.496
v 3.19 10.696 5.856
v 3.233 10.152 5.331
v 4.014 9.824 5.882
v 3.623 10.556 6.46
v 3.024 10.871 6.437
v 2.247 10.847 5.837
v 2.108 10.572 5.255
v 2.641 10.717 5.147
v 2.376 10.216 4.775
v 3.235 9.886 4.586
v 3.296 10.562 5.236
v 2.874 10.86 5.64
v 1.763 10.474 5.895
v 1.239 10.129 6.034
v 1.31 9.998 5.499
v 0.963 9.585 5.895
v 1.156 8.915 5.307
v 1.649 9.637 5.048
v 1.81 10.172 5.329
v 1.736 10.474 5.927
v 1.277 10.113 6.16
v 1.261 10.018 5.619
v 1.014 9.59 6.058
v 1.124 8.993 5.416
v 1.52 9.715 5.093
v 1.699 10.217 5.355
v 1.666 10.474 6.135
v 1.231 10.207 6.564
v 0.985 10.016 6.087
v 0.847 9.668 6.661
v 0.626 8.885 6.163
v 1.005 9.545 5.589
v 1.363 10.105 5.67
v 1.734 10.474 6.361
v 1.792 10.098 6.92
v 1.223 10.047 6.771
v 1.551 9.566 7.178
v 0.862 8.979 6.886
v 0.731 9.754 6.35
v 1.108 10.254 6.23
v 2.028 10.474 6.518
v 2.518 10.222 6.979
v 1.969 9.99 7.182
v 2.636 9.676 7.354
v 2.082 8.849 7.51
v 1.411 9.484 7.106
v 1.497 10.062 6.773
v 2.073 10.474 6.516
v 2.573 10.069 6.757
v 2.184 10.02 7.201
v 2.67 9.505 7.117
v 2.079 8.893 7.599
v 1.581 9.719 7.435
v 1.666 10.247 7.023
v 2.352 10.474 6.346
v 2.84 10.122 6.105
v 2.884 10.025 6.658
v 3.146 9.59 6.209
v 3.091 8.961 6.872
v 2.653 9.694 7.201
v 2.429 10.209 6.932
v 2.409 10.474 6.11
v 2.676 10.096 5.624
v 3.099 10.032 6.007
v 3.043 9.541 5.524
v 3.502 8.909 6.082
v 3.307 9.707 6.581
v 2.896 10.234 6.505
v 2.385 10.474 6.009
v 2.643 10.233 5.387
v 3.003 9.965 5.825
v 2.928 9.682 5.13
v 3.213 8.823 5.566
v 3.089 9.434 6.353
v 2.777 10.026 6.406
v 2.249 10.474 5.839
v 1.995 10.075 5.347
v 2.579 9.985 5.295
v 2.113 9.504 5.049
v 2.829 8.864 5.125
v 3.166 9.664 5.544
v 2.873 10.208 5.76
v 2.064 10.474 5.774
v 1.688 10.239 5.274
v 2.171 9.976 5.122
v 1.589 9.694 4.891
v 2.007 8.839 4.785
v 2.588 9.445 5.246
v 2.521 10.032 5.569
v 1.922 10.362 6.504
v 2.343 10.362 6.367
v 2.038 10.102 6.146
v 2.343 10.362 5.924
v 1.661 10.362 6.146
v 1.922 10.362 5.787
v 2.415 10.782 6.146
v 2.155 10.782 6.504
v 1.733 10.782 6.367
v 1.733 10.782 5.924
v 2.155 10.782 5.787
v 2.038 11.041 6.146
v -5.242 10.734 3.721
v -5.677 10.981 3.457
v -5.286 11.249 3.319
v -5.788 11.236 3
v -5.322 11.462 2.397
v -4.802 11.302 2.977
v -4.856 11.036 3.438
v -5.423 10.734 3.862
v -5.771 11.066 4.146
v -5.808 11.258 3.706
v -6.236 11.344 4.087
v -6.722 11.479 3.476
v -6.037 11.218 3.174
v -5.604 10.961 3.385
v -5.356 10.734 4.091
v -5.233 11.065 4.495
v -5.66 11.216 4.411
v -5.449 11.312 4.914
v -6.155 11.376 5.199
v -6.202 11.126 4.478
v -5.861 10.91 4.132
v -5.226 10.734 4.138
v -4.888 11.098 4.346
v -5.272 11.246 4.555
v -4.79 11.38 4.796
v -5.138 11.469 5.478
v -5.63 11.162 4.97
v -5.588 10.917 4.492
v -5.029 10.734 4
v -4.633 11.032 3.697
v -4.631 11.251 4.155
v -4.157 11.293 3.772
v -3.725 11.446 4.448
v -4.458 11.235 4.74
v -4.884 10.984 4.504
v -5.034 10.734 3.845
v -4.952 11.016 3.426
v -4.646 11.183 3.698
v -4.583 11.235 3.172
v -3.872 11.317 3.291
v -4.168 11.123 3.924
v -4.606 10.922 4.053
v -5.426 10.595 3.583
v -6.103 10.474 3.419
v -5.825 10.441 2.872
v -6.479 10.116 2.985
v -6.243 9.527 2.215
v -5.413 10.047 2.401
v -5.214 10.417 2.932
v -5.621 10.595 3.871
v -6.08 10.372 4.278
v -6.33 10.32 3.772
v -6.537 9.946 4.304
v -6.876 9.359 3.681
v -6.39 9.968 3.191
v -5.957 10.39 3.351
v -5.608 10.595 4.045
v -5.969 10.477 4.632
v -6.435 10.409 4.27
v -6.501 10.088 4.905
v -7.178 9.425 4.569
v -6.768 9.961 3.824
v -6.191 10.371 3.731
v -5.366 10.595 4.303
v -5.125 10.592 4.942
v -5.694 10.451 5.026
v -5.205 10.278 5.515
v -5.819 9.596 5.811
v -6.199 9.95 4.999
v -5.954 10.318 4.512
v -5.182 10.595 4.326
v -4.705 10.356 4.679
v -5.06 10.428 5.087
v -4.588 9.983 5.188
v -5.091 9.554 5.819
v -5.591 10.191 5.394
v -5.541 10.529 4.85
v -4.951 10.595 4.22
v -4.278 10.43 4.222
v -4.419 10.36 4.801
v -3.844 10.02 4.527
v -3.931 9.38 5.266
v -4.729 9.948 5.308
v -5.015 10.37 4.872
v -4.836 10.595 3.837
v -4.537 10.423 3.382
v -4.171 10.355 3.688
v -4.13 10.039 3.203
v -3.643 9.465 3.535
v -3.949 9.995 4.086
v -4.386 10.386 4.118
v -5.028 10.595 3.581
v -5.214 10.371 3.026
v -4.682 10.349 2.947
v -5.056 9.961 2.586
v -4.361 9.416 2.452
v -4.134 10.026 3.064
v -4.446 10.425 3.424
v -5.238 10.595 3.529
v -5.702 10.559 3.03
v -5.213 10.418 2.733
v -5.843 10.216 2.478
v -5.385 9.52 1.986
v -4.733 9.92 2.578
v -4.777 10.312 3.114
v -5.613 10.194 3.827
v -6.086 9.855 4.214
v -6.298 9.744 3.66
v -6.481 9.299 4.203
v -6.662 8.596 3.527
v -6.236 9.355 3.051
v -5.882 9.902 3.253
v -5.624 10.194 3.966
v -5.948 9.91 4.426
v -6.27 9.766 4.018
v -6.294 9.395 4.55
v -6.607 8.695 4.073
v -6.355 9.36 3.518
v -5.999 9.882 3.566
v -5.457 10.194 4.255
v -5.209 9.776 4.851
v -5.863 9.657 4.872
v -5.353 9.14 5.211
v -6.129 8.383 5.109
v -6.487 9.257 4.567
v -6.154 9.874 4.314
v -5.31 10.194 4.32
v -4.989 9.942 4.86
v -5.502 9.704 4.976
v -4.953 9.389 5.262
v -5.429 8.546 5.346
v -5.938 9.187 4.824
v -5.81 9.774 4.495
v -5.16 10.194 4.323
v -4.684 9.908 4.639
v -5.083 9.709 4.95
v -4.528 9.363 4.952
v -4.957 8.594 5.208
v -5.553 9.257 4.996
v -5.539 9.82 4.675
v -4.97 10.194 4.236
v -4.462 9.782 4.134
v -4.514 9.741 4.701
v -4.207 9.231 4.357
v -4.415 8.658 5.071
v -4.859 9.47 5.23
v -5.006 9.982 4.862
v -4.828 10.194 3.886
v -4.598 9.75 3.391
v -4.115 9.715 3.746
v -4.223 9.155 3.301
v -3.682 8.54 3.888
v -3.836 9.424 4.347
v -4.276 9.974 4.263
v -4.85 10.194 3.791
v -4.656 9.83 3.089
v -4.135 9.644 3.536
v -4.322 9.189 2.835
v -3.812 8.333 3.394
v -3.868 9.154 4.187
v -4.277 9.801 4.216
v -4.982 10.194 3.612
v -5.142 9.861 3.068
v -4.602 9.696 3.123
v -5.027 9.3 2.765
v -4.46 8.572 2.927
v -4.16 9.29 3.447
v -4.42 9.853 3.636
v -5.296 10.194 3.535
v -5.794 9.812 3.361
v -5.444 9.738 2.926
v -5.915 9.269 3.061
v -5.386 8.664 2.607
v -4.887 9.435 2.687
v -4.937 9.951 3.049
v -5.409 10.194 3.573
v -5.957 9.746 3.531
v -5.801 9.707 2.949
v -6.179 9.143 3.208
v -5.826 8.513 2.491
v -5.34 9.407 2.474
v -5.258 9.966 2.919
v -5.351 10.073 4.314
v -4.898 10.073 4.167
v -5.226 9.794 3.929
v -4.898 10.073 3.691
v -5.63 10.073 3.929
v -5.351 10.073 3.544
v -4.821 10.524 3.929
v -5.101 10.524 4.314
v -5.553 10.524 4.167
v -5.553 10.524 3.691
v -5.101 10.524 3.544
v -5.226 10.803 3.929
v -7.712 10.341 0.751
v -7.523 10.657 0.429
v -7.28 10.783 0.741
v -7.096 10.881 0.288
v -6.427 10.914 0.51
v -6.87 10.677 1.005
v -7.335 10.488 1.027
v -7.808 10.341 0.607
v -7.966 10.638 0.271
v -7.595 10.796 0.287
v -7.832 10.875 -0.13
v -7.256 10.97 -0.486
v -7.133 10.741 0.146
v -7.383 10.527 0.501
v -8.037 10.341 0.637
v -8.51 10.529 0.647
v -8.357 10.806 0.351
v -8.874 10.737 0.348
v -8.931 10.948 -0.348
v -8.233 10.87 -0.151
v -7.975 10.641 0.231
v -8.09 10.341 0.819
v -8.339 10.504 1.228
v -8.538 10.765 0.95
v -8.798 10.669 1.389
v -9.44 10.826 1.086
v -8.909 10.8 0.589
v -8.432 10.613 0.562
v -8.023 10.341 0.924
v -7.917 10.571 1.382
v -8.302 10.779 1.267
v -8.15 10.763 1.79
v -8.862 10.869 1.966
v -8.847 10.754 1.234
v -8.498 10.564 0.919
v -7.812 10.341 0.944
v -7.357 10.522 1.063
v -7.594 10.811 1.278
v -7.104 10.742 1.436
v -7.272 10.993 2.088
v -7.875 10.907 1.705
v -7.999 10.659 1.287
v -7.648 10.213 0.508
v -7.657 10.042 -0.029
v -7.185 9.986 0.028
v -7.418 9.671 -0.395
v -6.821 9.124 -0.375
v -6.772 9.645 0.243
v -7.119 10.021 0.502
v -7.768 10.213 0.431
v -7.996 10.141 -0.135
v -7.483 9.987 -0.176
v -7.938 9.795 -0.594
v -7.396 9.141 -0.748
v -7.031 9.536 -0.073
v -7.241 9.925 0.299
v -8.044 10.213 0.434
v -8.58 10.179 0.15
v -8.269 10.031 -0.243
v -8.873 9.858 -0.264
v -8.661 9.206 -0.791
v -7.931 9.566 -0.499
v -7.794 9.935 -0.046
v -8.186 10.213 0.539
v -8.754 10.094 0.576
v -8.733 10.087 0.081
v -9.185 9.783 0.322
v -9.266 9.296 -0.351
v -8.579 9.767 -0.397
v -8.249 10.081 -0.024
v -8.238 10.213 0.928
v -8.452 10.121 1.483
v -8.857 9.995 1.176
v -8.811 9.774 1.765
v -9.326 9.154 1.502
v -9.129 9.575 0.792
v -8.717 9.955 0.672
v -8.133 10.213 1.062
v -8.069 10.157 1.756
v -8.654 10.019 1.643
v -8.307 9.801 2.254
v -9.001 9.108 2.279
v -9.152 9.531 1.407
v -8.773 9.932 1.05
v -7.82 10.213 1.134
v -7.303 9.983 1.42
v -7.643 9.961 1.844
v -7.121 9.565 1.857
v -7.548 9.012 2.433
v -8.132 9.635 2.133
v -8.145 10.042 1.651
v -7.715 10.213 1.092
v -7.187 10.003 1.177
v -7.364 10.026 1.642
v -6.912 9.654 1.508
v -7.131 9.225 2.163
v -7.715 9.782 2.064
v -7.856 10.11 1.639
v -7.534 10.213 0.763
v -7.165 9.938 0.293
v -6.777 10.098 0.682
v -6.64 9.601 0.226
v -6 9.315 0.834
v -6.469 9.975 1.287
v -7.023 10.25 1.177
v -7.67 9.845 0.489
v -7.721 9.623 -0.076
v -7.268 9.401 0.067
v -7.602 9.134 -0.397
v -7.201 8.386 -0.232
v -6.984 8.941 0.395
v -7.206 9.462 0.584
v -7.909 9.845 0.406
v -8.352 9.424 0.181
v -7.972 9.357 -0.222
v -8.408 8.855 -0.127
v -7.818 8.252 -0.518
v -7.392 9.069 -0.397
v -7.505 9.603 -0.044
v -8.083 9.845 0.453
v -8.625 9.413 0.463
v -8.468 9.38 -0.114
v -8.848 8.842 0.18
v -8.502 8.258 -0.53
v -8.014 9.108 -0.604
v -7.931 9.635 -0.19
v -8.266 9.845 0.712
v -8.729 9.6 1.079
v -8.854 9.397 0.577
v -9.073 9.096 1.133
v -9.148 8.352 0.626
v -8.723 8.948 0.097
v -8.437 9.477 0.217
v -8.27 9.845 0.808
v -8.477 9.416 1.318
v -8.945 9.409 0.932
v -8.835 8.865 1.406
v -9.371 8.322 0.788
v -9.23 9.165 0.305
v -8.805 9.666 0.4
v -8.075 9.845 1.1
v -7.833 9.52 1.657
v -8.402 9.379 1.72
v -7.927 8.957 2.037
v -8.572 8.216 2.041
v -8.932 8.957 1.506
v -8.671 9.52 1.214
v -7.918 9.845 1.143
v -7.479 9.594 1.556
v -7.966 9.426 1.789
v -7.388 9.093 1.925
v -7.915 8.368 2.143
v -8.489 8.991 1.776
v -8.397 9.509 1.432
v -7.676 9.845 1.065
v -7.127 9.532 1.069
v -7.276 9.404 1.571
v -6.849 9.005 1.29
v -7.085 8.322 1.834
v -7.65 9.021 1.937
v -7.794 9.546 1.609
v -7.609 9.845 0.997
v -7.062 9.568 0.92
v -7.147 9.357 1.392
v -6.744 9.031 1.032
v -6.884 8.263 1.462
v -7.453 8.903 1.706
v -7.653 9.461 1.481
v -7.534 9.845 0.755
v -7.316 9.468 0.283
v -6.921 9.429 0.679
v -6.998 8.956 0.205
v -6.578 8.414 0.793
v -6.721 9.169 1.267
v -7.085 9.646 1.168
v -7.601 9.845 0.562
v -7.537 9.576 -0.093
v -7.05 9.347 0.218
v -7.32 9.022 -0.398
v -6.875 8.204 -0.041
v -6.78 8.854 0.71
v -7.087 9.436 0.831
v -8.018 9.733 1.129
v -7.601 9.733 0.994
v -7.903 9.476 0.774
v -7.601 9.733 0.555
v -8.275 9.733 0.774
v -8.018 9.733 0.42
v -7.53 10.149 0.774
v -7.787 10.149 1.129
v -8.204 10.149 0.994
v -8.204 10.149 0.555
v -7.787 10.149 0.42
v -7.903 10.406 0.774
v -3.065 9.544 -4.361
v -2.771 9.749 -4.534
v -2.775 9.9 -4.225
v -2.43 9.92 -4.451
v -2.139 10.009 -3.974
v -2.669 9.876 -3.827
v -2.97 9.712 -4.013
v -3.071 9.544 -4.503
v -3.026 9.819 -4.856
v -2.698 9.889 -4.658
v -2.721 9.982 -5.117
v -2.087 9.939 -5.122
v -2.265 9.747 -4.544
v -2.646 9.623 -4.378
v -3.195 9.544 -4.587
v -3.457 9.745 -4.863
v -3.15 9.927 -4.953
v -3.47 9.918 -5.26
v -3.064 10.02 -5.712
v -2.77 9.912 -5.181
v -2.874 9.74 -4.797
v -3.359 9.544 -4.497
v -3.617 9.792 -4.332
v -3.625 9.894 -4.657
v -3.941 9.976 -4.41
v -4.254 10.02 -4.868
v -3.761 9.824 -5.037
v -3.467 9.666 -4.855
v -3.367 9.544 -4.375
v -3.513 9.678 -4.026
v -3.68 9.882 -4.251
v -3.839 9.821 -3.87
v -4.345 9.963 -4.086
v -3.99 9.922 -4.528
v -3.639 9.762 -4.574
v -3.234 9.544 -4.266
v -3.016 9.802 -4.067
v -3.308 9.901 -3.942
v -2.987 9.987 -3.718
v -3.293 10.022 -3.248
v -3.596 9.82 -3.675
v -3.524 9.662 -4.031
v -2.905 9.437 -4.403
v -2.46 9.407 -4.752
v -2.282 9.265 -4.312
v -2.019 9.116 -4.826
v -1.706 8.522 -4.401
v -2.23 8.841 -3.897
v -2.636 9.177 -3.978
v -2.94 9.437 -4.572
v -2.713 9.42 -5.082
v -2.323 9.284 -4.844
v -2.344 9.134 -5.398
v -1.832 8.53 -5.283
v -2.057 8.848 -4.584
v -2.473 9.182 -4.404
v -3.132 9.437 -4.725
v -3.419 9.197 -5.142
v -3.007 9.319 -5.366
v -3.343 8.895 -5.584
v -2.695 8.623 -5.95
v -2.445 9.196 -5.464
v -2.67 9.448 -5.042
v -3.406 9.437 -4.669
v -3.945 9.293 -4.691
v -3.797 9.287 -5.156
v -4.268 8.987 -4.971
v -4.139 8.549 -5.608
v -3.507 9.013 -5.588
v -3.312 9.314 -5.206
v -3.499 9.437 -4.547
v -3.983 9.315 -4.353
v -4.04 9.211 -4.8
v -4.372 8.976 -4.421
v -4.501 8.419 -4.92
v -3.948 8.847 -5.212
v -3.629 9.208 -5.013
v -3.506 9.437 -4.324
v -3.711 9.276 -3.808
v -4.116 9.257 -4.108
v -4.087 8.942 -3.591
v -4.652 8.467 -3.931
v -4.428 8.963 -4.535
v -3.995 9.293 -4.595
v -3.384 9.437 -4.167
v -3.288 9.255 -3.758
v -3.671 9.259 -3.698
v -3.442 8.948 -3.437
v -3.968 8.562 -3.343
v -4.071 9.038 -3.788
v -3.813 9.33 -4.051
v -3.167 9.437 -4.12
v -2.76 9.302 -3.817
v -3.069 9.302 -3.492
v -2.627 9.005 -3.4
v -2.992 8.571 -2.906
v -3.472 9.027 -3.263
v -3.464 9.32 -3.702
v -3.037 9.437 -4.171
v -2.535 9.194 -4.154
v -2.671 9.202 -3.687
v -2.269 8.823 -3.881
v -2.464 8.393 -3.252
v -2.997 8.971 -3.26
v -3.141 9.317 -3.636
v -2.934 9.127 -4.56
v -2.763 8.936 -5.059
v -2.422 8.753 -4.767
v -2.521 8.506 -5.286
v -2.201 7.841 -4.991
v -2.275 8.342 -4.379
v -2.558 8.8 -4.303
v -3.035 9.127 -4.679
v -3.226 8.75 -5.11
v -2.722 8.722 -5.215
v -3.074 8.247 -5.404
v -2.389 7.724 -5.417
v -2.176 8.475 -5.052
v -2.478 8.941 -4.816
v -3.173 9.127 -4.733
v -3.518 8.933 -5.185
v -3.055 8.74 -5.323
v -3.579 8.48 -5.547
v -3.126 7.771 -5.675
v -2.622 8.297 -5.236
v -2.721 8.781 -4.926
v -3.345 9.127 -4.707
v -3.823 8.903 -4.826
v -3.53 8.735 -5.158
v -4.015 8.471 -5.019
v -3.675 7.855 -5.308
v -3.117 8.371 -5.302
v -3.074 8.82 -5.062
v -3.512 9.127 -4.509
v -3.924 8.934 -4.263
v -3.965 8.751 -4.671
v -4.203 8.522 -4.243
v -4.198 7.901 -4.629
v -3.801 8.373 -5.021
v -3.589 8.81 -4.911
v -3.503 9.127 -4.315
v -3.734 8.926 -3.832
v -4.065 8.742 -4.14
v -4.016 8.476 -3.617
v -4.331 7.784 -3.918
v -4.187 8.313 -4.525
v -3.876 8.791 -4.589
v -3.481 9.127 -4.27
v -3.563 8.828 -3.783
v -3.977 8.671 -3.989
v -3.771 8.315 -3.568
v -4.163 7.64 -3.858
v -4.206 8.291 -4.375
v -3.925 8.807 -4.455
v -3.292 9.127 -4.126
v -2.98 8.827 -3.802
v -3.398 8.786 -3.595
v -3 8.397 -3.506
v -3.566 7.919 -3.318
v -3.908 8.545 -3.594
v -3.737 8.95 -3.875
v -3.09 9.127 -4.142
v -2.693 8.846 -4.07
v -2.861 8.801 -3.687
v -2.542 8.439 -3.839
v -2.827 7.98 -3.389
v -3.212 8.567 -3.408
v -3.252 8.953 -3.712
v -2.968 9.127 -4.237
v -2.489 8.867 -4.322
v -2.542 8.705 -3.887
v -2.208 8.39 -4.212
v -2.319 7.731 -3.784
v -2.803 8.322 -3.569
v -2.985 8.811 -3.786
v -2.906 9.127 -4.467
v -2.666 8.854 -4.872
v -2.338 8.769 -4.555
v -2.361 8.406 -4.98
v -2.015 7.843 -4.563
v -2.197 8.456 -4.113
v -2.528 8.895 -4.151
v -3.31 9.033 -4.128
v -2.96 9.033 -4.242
v -3.214 8.817 -4.426
v -2.96 9.033 -4.61
v -3.527 9.033 -4.426
v -3.31 9.033 -4.724
v -2.9 9.382 -4.426
v -3.117 9.382 -4.128
v -3.467 9.382 -4.242
v -3.467 9.382 -4.61
v -3.117 9.382 -4.724
v -3.214 9.598 -4.426
v -6.613 8.368 -0.878
v -6.244 8.679 -0.943
v -6.411 8.806 -0.575
v -5.928 8.916 -0.697
v -5.825 8.987 -0.022
v -6.46 8.73 -0.073
v -6.687 8.524 -0.423
v -6.548 8.368 -1.021
v -6.315 8.538 -1.347
v -6.202 8.73 -1.037
v -5.946 8.699 -1.416
v -5.484 8.823 -1.035
v -5.953 8.742 -0.652
v -6.322 8.574 -0.711
v -6.679 8.368 -1.188
v -6.917 8.635 -1.44
v -6.564 8.759 -1.504
v -6.897 8.84 -1.807
v -6.447 8.906 -2.227
v -6.164 8.697 -1.718
v -6.307 8.516 -1.365
v -6.813 8.368 -1.171
v -7.212 8.614 -1.252
v -7.012 8.766 -1.569
v -7.498 8.786 -1.606
v -7.485 8.814 -2.29
v -6.868 8.681 -2.027
v -6.687 8.527 -1.602
v -6.904 8.368 -1.011
v -7.154 8.57 -0.652
v -7.285 8.774 -0.996
v -7.563 8.754 -0.573
v -8.084 8.883 -0.985
v -7.571 8.777 -1.414
v -7.161 8.589 -1.353
v -6.787 8.368 -0.849
v -6.581 8.574 -0.491
v -6.926 8.764 -0.47
v -6.666 8.746 -0.073
v -7.205 8.843 0.295
v -7.381 8.743 -0.332
v -7.177 8.571 -0.707
v -6.409 8.249 -0.89
v -5.95 8.059 -1.101
v -5.82 8.018 -0.662
v -5.553 7.691 -1.019
v -5.361 7.184 -0.467
v -5.861 7.713 -0.204
v -6.207 8.077 -0.421
v -6.39 8.249 -1.073
v -6.112 8.046 -1.477
v -5.754 8.086 -1.208
v -5.696 7.716 -1.6
v -5.16 7.319 -1.224
v -5.487 7.862 -0.794
v -5.938 8.168 -0.806
v -6.562 8.249 -1.315
v -6.661 8.181 -1.877
v -6.19 8.063 -1.91
v -6.519 7.852 -2.346
v -5.996 7.235 -2.526
v -5.798 7.636 -1.828
v -6.061 8.001 -1.445
v -6.684 8.249 -1.355
v -7.011 8.183 -1.821
v -6.568 8.068 -2.008
v -7.057 7.866 -2.282
v -6.603 7.275 -2.609
v -6.139 7.658 -2.061
v -6.246 8.009 -1.636
v -7.021 8.249 -1.188
v -7.606 8.15 -1.095
v -7.588 7.977 -1.578
v -8.051 7.767 -1.227
v -8.138 7.071 -1.724
v -7.431 7.506 -1.947
v -7.089 7.933 -1.694
v -7.05 8.249 -1.123
v -7.493 8.092 -0.91
v -7.664 8.117 -1.31
v -7.925 7.791 -0.991
v -8.222 7.386 -1.541
v -7.704 7.87 -1.771
v -7.309 8.158 -1.559
v -7.035 8.249 -0.871
v -7.206 8.11 -0.395
v -7.596 8.071 -0.614
v -7.543 7.79 -0.155
v -8.073 7.309 -0.377
v -7.897 7.766 -0.944
v -7.501 8.09 -1.052
v -6.828 8.249 -0.69
v -6.551 8.006 -0.304
v -6.97 8.064 -0.112
v -6.617 7.672 0.075
v -7.23 7.329 0.346
v -7.502 7.894 -0.071
v -7.289 8.191 -0.426
v -6.642 8.249 -0.685
v -6.167 8.066 -0.393
v -6.475 8.008 -0.007
v -5.979 7.674 0.022
v -6.324 7.101 0.539
v -6.89 7.652 0.239
v -6.926 8.048 -0.213
v -6.389 7.908 -0.962
v -5.969 7.616 -1.364
v -5.803 7.438 -0.852
v -5.648 7.088 -1.417
v -5.555 6.367 -0.859
v -5.906 7.022 -0.322
v -6.184 7.561 -0.451
v -6.416 7.908 -1.157
v -6.317 7.628 -1.609
v -5.931 7.512 -1.384
v -6.096 7.166 -1.787
v -5.706 6.579 -1.469
v -5.707 7.187 -0.991
v -5.994 7.645 -0.946
v -6.675 7.908 -1.353
v -7.081 7.533 -1.69
v -6.615 7.453 -1.985
v -7.098 6.99 -2.021
v -6.466 6.372 -2.278
v -6.024 7.139 -2.026
v -6.186 7.657 -1.695
v -6.821 7.908 -1.344
v -7.289 7.593 -1.51
v -7.005 7.503 -1.915
v -7.442 7.101 -1.797
v -7.036 6.503 -2.229
v -6.545 7.181 -2.143
v -6.541 7.66 -1.799
v -7.016 7.908 -1.195
v -7.452 7.564 -0.95
v -7.532 7.515 -1.471
v -7.745 7.08 -1.057
v -7.742 6.551 -1.727
v -7.357 7.252 -2.025
v -7.129 7.707 -1.757
v -7.062 7.908 -1.073
v -7.42 7.622 -0.688
v -7.641 7.547 -1.156
v -7.749 7.168 -0.665
v -7.96 6.61 -1.254
v -7.646 7.242 -1.707
v -7.334 7.684 -1.556
v -7.063 7.908 -0.96
v -7.307 7.668 -0.527
v -7.591 7.528 -0.884
v -7.576 7.226 -0.395
v -7.838 6.616 -0.806
v -7.672 7.173 -1.328
v -7.386 7.624 -1.304
v -6.861 7.908 -0.703
v -6.532 7.557 -0.243
v -7.089 7.438 -0.133
v -6.575 7.013 0.073
v -7.238 6.353 0.092
v -7.666 7.086 -0.303
v -7.441 7.618 -0.557
v -6.784 7.908 -0.68
v -6.404 7.485 -0.359
v -6.846 7.387 -0.043
v -6.403 6.891 -0.048
v -7.029 6.232 0.196
v -7.424 7.061 -0.008
v -7.255 7.627 -0.326
v -6.496 7.908 -0.764
v -5.908 7.683 -0.74
v -6.137 7.45 -0.302
v -5.603 7.185 -0.579
v -5.852 6.418 -0.202
v -6.53 6.979 -0.064
v -6.68 7.512 -0.31
v -6.399 7.908 -0.92
v -5.99 7.59 -1.251
v -5.835 7.459 -0.762
v -5.682 7.073 -1.247
v -5.601 6.421 -0.673
v -5.942 7.1 -0.245
v -6.207 7.613 -0.416
v -6.833 7.805 -0.688
v -6.447 7.805 -0.813
v -6.726 7.567 -1.016
v -6.447 7.805 -1.219
v -7.071 7.805 -1.016
v -6.833 7.805 -1.344
v -6.381 8.189 -1.016
v -6.619 8.189 -0.688
v -7.005 8.189 -0.813
v -7.005 8.189 -1.219
v -6.619 8.189 -1.344
v -6.726 8.427 -1.016
v -5.983 7.017 0.865
v -6.119 7.26 1.117
v -6.279 7.345 0.845
v -6.424 7.435 1.199
v -6.897 7.464 0.96
v -6.569 7.267 0.592
v -6.24 7.12 0.611
v -5.915 7.017 0.981
v -5.828 7.198 1.21
v -6.064 7.302 1.191
v -5.929 7.341 1.469
v -6.312 7.395 1.679
v -6.365 7.264 1.263
v -6.191 7.135 1.039
v -5.761 7.017 0.98
v -5.498 7.255 0.983
v -5.632 7.372 1.225
v -5.279 7.449 1.204
v -5.223 7.533 1.706
v -5.679 7.334 1.581
v -5.83 7.159 1.297
v -5.697 7.017 0.847
v -5.526 7.217 0.571
v -5.356 7.316 0.836
v -5.194 7.349 0.475
v -4.71 7.351 0.716
v -5.071 7.233 1.1
v -5.424 7.121 1.092
v -5.779 7.017 0.73
v -5.925 7.14 0.417
v -5.671 7.329 0.456
v -5.828 7.277 0.11
v -5.368 7.418 -0.078
v -5.29 7.372 0.431
v -5.477 7.219 0.685
v -5.916 7.017 0.739
v -6.249 7.128 0.665
v -6.104 7.335 0.493
v -6.453 7.265 0.401
v -6.377 7.426 -0.08
v -5.932 7.397 0.174
v -5.815 7.238 0.476
v -6.079 6.921 0.993
v -6.176 6.785 1.433
v -6.537 6.744 1.244
v -6.436 6.494 1.656
v -6.905 6.07 1.456
v -6.823 6.481 0.942
v -6.498 6.774 0.838
v -5.967 6.921 1.103
v -5.779 6.739 1.538
v -6.216 6.73 1.604
v -5.886 6.42 1.883
v -6.46 6.008 1.991
v -6.683 6.491 1.514
v -6.443 6.798 1.23
v -5.696 6.921 1.094
v -5.319 6.791 1.172
v -5.423 6.841 1.501
v -5.105 6.574 1.438
v -5.221 6.312 1.943
v -5.645 6.69 1.823
v -5.768 6.888 1.492
v -5.594 6.921 0.982
v -5.25 6.732 0.817
v -5.154 6.764 1.173
v -4.959 6.459 0.916
v -4.828 6.162 1.423
v -5.195 6.611 1.587
v -5.447 6.858 1.377
v -5.583 6.921 0.761
v -5.362 6.852 0.312
v -5.039 6.739 0.586
v -5.037 6.56 0.09
v -4.62 6.027 0.32
v -4.837 6.374 0.907
v -5.195 6.696 0.993
v -5.67 6.921 0.644
v -5.711 6.839 0.252
v -5.368 6.809 0.273
v -5.558 6.613 -0.041
v -5.116 6.249 -0.084
v -5.048 6.569 0.388
v -5.286 6.802 0.609
v -5.896 6.921 0.591
v -6.195 6.715 0.43
v -6.022 6.737 0.142
v -6.282 6.427 0.155
v -6.004 6.121 -0.24
v -5.714 6.583 -0.07
v -5.721 6.845 0.243
v -6.022 6.921 0.655
v -6.418 6.839 0.63
v -6.348 6.839 0.29
v -6.686 6.628 0.413
v -6.665 6.302 -0.065
v -6.187 6.626 -0.032
v -6.002 6.837 0.259
v -6.113 6.921 0.887
v -6.364 6.783 1.252
v -6.638 6.835 0.956
v -6.723 6.548 1.343
v -7.161 6.261 0.953
v -6.848 6.667 0.549
v -6.469 6.882 0.59
v -5.898 6.647 1.128
v -5.586 6.426 1.532
v -6.031 6.28 1.65
v -5.561 5.995 1.842
v -6.038 5.38 1.93
v -6.472 5.913 1.552
v -6.345 6.358 1.29
v -5.808 6.647 1.132
v -5.422 6.391 1.362
v -5.738 6.303 1.66
v -5.324 5.968 1.641
v -5.729 5.432 1.946
v -6.163 6.005 1.776
v -6.122 6.421 1.475
v -5.633 6.647 1.041
v -5.277 6.417 0.958
v -5.304 6.338 1.319
v -5.074 6.052 1.066
v -5.169 5.6 1.476
v -5.509 6.092 1.628
v -5.639 6.451 1.426
v -5.581 6.647 0.951
v -5.18 6.428 0.714
v -5.109 6.296 1.132
v -4.894 6.016 0.73
v -4.859 5.443 1.18
v -5.241 5.959 1.526
v -5.47 6.38 1.377
v -5.572 6.647 0.796
v -5.345 6.487 0.458
v -5.121 6.344 0.717
v -5.107 6.133 0.323
v -4.895 5.596 0.573
v -5.067 6.013 1.012
v -5.312 6.386 1.032
v -5.692 6.647 0.628
v -5.83 6.441 0.263
v -5.46 6.352 0.26
v -5.757 6.088 0.033
v -5.341 5.624 0.075
v -5.126 6.089 0.431
v -5.304 6.442 0.596
v -5.865 6.647 0.586
v -6.203 6.377 0.406
v -5.932 6.317 0.117
v -6.273 5.98 0.165
v -5.882 5.521 -0.129
v -5.532 6.081 -0.012
v -5.585 6.461 0.259
v -5.965 6.647 0.616
v -6.419 6.448 0.523
v -6.174 6.323 0.179
v -6.615 6.064 0.322
v -6.324 5.519 -0.026
v -5.803 5.999 -0.019
v -5.743 6.394 0.239
v -6.087 6.647 0.741
v -6.458 6.335 0.969
v -6.581 6.258 0.534
v -6.728 5.874 0.9
v -6.777 5.34 0.352
v -6.466 5.983 0.072
v -6.24 6.425 0.278
v -6.112 6.647 0.893
v -6.427 6.477 1.251
v -6.652 6.314 0.923
v -6.732 6.08 1.377
v -6.957 5.46 1.069
v -6.682 5.926 0.582
v -6.385 6.349 0.588
v -6.099 6.647 0.949
v -6.183 6.411 1.335
v -6.489 6.317 1.09
v -6.357 6.036 1.462
v -6.653 5.57 1.126
v -6.654 6.065 0.711
v -6.43 6.435 0.709
v -5.925 6.563 1.124
v -5.615 6.563 1.023
v -5.839 6.372 0.86
v -5.615 6.563 0.697
v -6.117 6.563 0.86
v -5.925 6.563 0.596
v -5.562 6.873 0.86
v -5.754 6.873 1.124
v -6.064 6.873 1.023
v -6.064 6.873 0.697
v -5.754 6.873 0.596
v -5.839 7.064 0.86
v -4.43 6.927 -2.647
v -4.726 7.036 -2.64
v -4.631 7.186 -2.845
v -4.953 7.139 -2.828
v -4.988 7.222 -3.268
v -4.552 7.195 -3.162
v -4.392 7.083 -2.919
v -4.462 6.927 -2.499
v -4.53 7.087 -2.281
v -4.705 7.169 -2.415
v -4.752 7.198 -2.137
v -5.152 7.214 -2.171
v -4.966 7.113 -2.512
v -4.708 7.016 -2.594
v -4.373 6.927 -2.422
v -4.175 7.111 -2.175
v -4.455 7.255 -2.141
v -4.204 7.269 -1.854
v -4.602 7.358 -1.53
v -4.806 7.24 -1.994
v -4.677 7.087 -2.292
v -4.258 6.927 -2.445
v -3.943 7.057 -2.41
v -4.078 7.259 -2.247
v -3.734 7.218 -2.184
v -3.775 7.401 -1.729
v -4.217 7.33 -1.932
v -4.346 7.151 -2.2
v -4.222 6.927 -2.614
v -4.178 7.079 -2.893
v -3.979 7.196 -2.739
v -3.951 7.199 -3.071
v -3.503 7.251 -3.017
v -3.675 7.167 -2.604
v -3.948 7.052 -2.504
v -4.324 6.927 -2.683
v -4.545 7.169 -2.834
v -4.265 7.263 -2.939
v -4.58 7.359 -3.124
v -4.283 7.421 -3.536
v -3.981 7.21 -3.182
v -4.046 7.046 -2.882
v -4.58 6.838 -2.635
v -4.938 6.813 -2.512
v -5 6.723 -2.817
v -5.262 6.608 -2.551
v -5.433 6.195 -2.864
v -4.987 6.43 -3.074
v -4.71 6.665 -2.947
v -4.569 6.838 -2.441
v -4.666 6.669 -2.109
v -4.972 6.702 -2.22
v -4.92 6.419 -1.95
v -5.367 6.14 -2.116
v -5.246 6.554 -2.462
v -4.938 6.782 -2.536
v -4.469 6.838 -2.331
v -4.375 6.736 -1.914
v -4.743 6.66 -1.902
v -4.482 6.456 -1.593
v -4.907 6 -1.519
v -5.067 6.362 -2.006
v -4.862 6.658 -2.258
v -4.259 6.838 -2.309
v -3.865 6.726 -2.136
v -4.098 6.716 -1.828
v -3.698 6.478 -1.833
v -3.958 6.116 -1.391
v -4.423 6.488 -1.587
v -4.469 6.734 -1.932
v -4.148 6.838 -2.381
v -3.802 6.694 -2.416
v -3.798 6.719 -2.096
v -3.555 6.46 -2.247
v -3.534 6.179 -1.787
v -3.915 6.561 -1.763
v -4.103 6.778 -2.013
v -4.084 6.838 -2.538
v -3.784 6.671 -2.862
v -3.561 6.65 -2.519
v -3.451 6.366 -2.908
v -3.144 5.961 -2.475
v -3.463 6.411 -2.099
v -3.795 6.708 -2.188
v -4.2 6.838 -2.765
v -4.249 6.796 -3.129
v -3.942 6.717 -3.117
v -4.142 6.587 -3.415
v -3.795 6.194 -3.486
v -3.688 6.444 -3.033
v -3.87 6.677 -2.811
v -4.401 6.838 -2.798
v -4.775 6.702 -3.008
v -4.55 6.739 -3.319
v -4.915 6.455 -3.356
v -4.629 6.139 -3.838
v -4.211 6.55 -3.575
v -4.188 6.781 -3.19
v -4.453 6.838 -2.778
v -4.906 6.783 -2.922
v -4.686 6.748 -3.274
v -5.147 6.556 -3.231
v -4.963 6.15 -3.734
v -4.393 6.467 -3.569
v -4.277 6.709 -3.204
v -4.567 6.583 -2.437
v -4.584 6.287 -2.065
v -4.964 6.231 -2.204
v -4.768 5.875 -1.927
v -5.197 5.426 -2.199
v -5.249 6.011 -2.539
v -4.984 6.4 -2.576
v -4.531 6.583 -2.383
v -4.52 6.387 -1.975
v -4.856 6.246 -2.123
v -4.634 6.015 -1.775
v -4.946 5.491 -1.973
v -5.067 5.939 -2.414
v -4.881 6.324 -2.507
v -4.366 6.583 -2.297
v -4.085 6.292 -2.088
v -4.376 6.265 -1.831
v -4.08 5.902 -1.844
v -4.526 5.499 -1.589
v -4.794 6.075 -1.741
v -4.681 6.436 -2.002
v -4.236 6.583 -2.317
v -3.877 6.409 -2.216
v -4.087 6.3 -1.949
v -3.73 6.081 -2.046
v -3.978 5.62 -1.789
v -4.393 6.029 -1.817
v -4.429 6.366 -2.025
v -4.094 6.583 -2.479
v -3.768 6.347 -2.728
v -3.625 6.279 -2.353
v -3.496 5.967 -2.709
v -3.374 5.495 -2.243
v -3.669 6.02 -1.938
v -3.912 6.391 -2.086
v -4.085 6.583 -2.527
v -3.767 6.406 -2.774
v -3.658 6.246 -2.454
v -3.524 6.035 -2.829
v -3.454 5.482 -2.532
v -3.735 5.911 -2.162
v -3.943 6.303 -2.218
v -4.177 6.583 -2.747
v -4.22 6.399 -3.109
v -3.903 6.273 -3.051
v -4.132 6.049 -3.318
v -3.828 5.554 -3.224
v -3.685 5.982 -2.847
v -3.848 6.343 -2.716
v -4.19 6.583 -2.758
v -4.318 6.349 -3.128
v -3.932 6.28 -3.139
v -4.22 5.978 -3.361
v -3.761 5.521 -3.315
v -3.57 6.031 -2.963
v -3.777 6.394 -2.796
v -4.386 6.583 -2.801
v -4.727 6.368 -2.942
v -4.472 6.3 -3.203
v -4.822 6.028 -3.144
v -4.482 5.608 -3.41
v -4.108 6.073 -3.328
v -4.133 6.406 -3.095
v -4.531 6.583 -2.718
v -4.939 6.46 -2.682
v -4.826 6.325 -3.013
v -5.176 6.154 -2.785
v -5.064 5.663 -3.114
v -4.596 6.015 -3.246
v -4.456 6.344 -3.066
v -4.576 6.583 -2.645
v -4.958 6.345 -2.43
v -5.067 6.262 -2.833
v -5.253 5.942 -2.479
v -5.339 5.422 -2.961
v -4.978 5.97 -3.244
v -4.728 6.368 -3.068
v -4.419 6.506 -2.305
v -4.13 6.506 -2.399
v -4.339 6.328 -2.551
v -4.13 6.506 -2.702
v -4.597 6.506 -2.551
v -4.419 6.506 -2.796
v -4.081 6.794 -2.551
v -4.259 6.794 -2.305
v -4.547 6.794 -2.399
v -4.547 6.794 -2.702
v -4.259 6.794 -2.796
v -4.339 6.971 -2.551
v -1.777 7.583 4.4
v -1.907 7.754 4.105
v -1.645 7.921 4.163
v -1.796 7.921 3.814
v -1.329 8.054 3.639
v -1.267 7.942 4.139
v -1.466 7.772 4.376
v -1.922 7.583 4.4
v -2.192 7.737 4.347
v -2.059 7.864 4.154
v -2.378 7.863 4.114
v -2.355 7.924 3.665
v -1.95 7.841 3.852
v -1.835 7.72 4.129
v -1.995 7.583 4.524
v -2.173 7.748 4.757
v -2.288 7.851 4.51
v -2.471 7.864 4.809
v -2.86 7.887 4.538
v -2.503 7.797 4.238
v -2.2 7.692 4.281
v -1.918 7.583 4.654
v -1.769 7.812 4.892
v -2.063 7.923 4.875
v -1.851 7.997 5.179
v -2.289 8.075 5.435
v -2.424 7.885 4.978
v -2.247 7.718 4.725
v -1.772 7.583 4.648
v -1.458 7.732 4.674
v -1.619 7.871 4.889
v -1.255 7.859 4.901
v -1.309 7.935 5.382
v -1.766 7.86 5.223
v -1.884 7.733 4.942
v -1.711 7.583 4.568
v -1.452 7.801 4.398
v -1.388 7.913 4.691
v -1.098 7.954 4.44
v -0.713 7.98 4.825
v -1.203 7.841 5.021
v -1.54 7.706 4.882
v -1.816 7.487 4.249
v -2.112 7.271 3.949
v -1.787 7.345 3.708
v -2.108 6.988 3.591
v -1.614 6.713 3.231
v -1.33 7.214 3.572
v -1.463 7.46 3.933
v -2.011 7.487 4.299
v -2.452 7.3 4.234
v -2.351 7.273 3.839
v -2.707 6.961 3.975
v -2.588 6.513 3.456
v -2.102 7.01 3.506
v -1.948 7.34 3.843
v -2.112 7.487 4.432
v -2.478 7.419 4.585
v -2.571 7.387 4.257
v -2.818 7.2 4.529
v -3.018 6.83 4.133
v -2.574 7.138 3.928
v -2.275 7.367 4.084
v -2.099 7.487 4.65
v -2.234 7.352 5.052
v -2.576 7.335 4.891
v -2.523 7.073 5.261
v -2.995 6.677 5.089
v -2.851 7.089 4.622
v -2.507 7.365 4.52
v -1.98 7.487 4.772
v -1.867 7.355 5.223
v -2.265 7.28 5.276
v -1.978 7.03 5.587
v -2.443 6.522 5.708
v -2.625 6.955 5.19
v -2.406 7.292 4.892
v -1.816 7.487 4.802
v -1.435 7.473 5.109
v -1.778 7.398 5.355
v -1.3 7.257 5.49
v -1.629 6.806 5.891
v -2.142 7.071 5.519
v -2.136 7.318 5.133
v -1.6 7.487 4.649
v -1.134 7.384 4.498
v -1.095 7.305 4.921
v -0.758 7.083 4.594
v -0.637 6.583 5.085
v -1.185 6.975 5.313
v -1.489 7.294 5.098
v -1.573 7.487 4.558
v -1.263 7.307 4.281
v -1.041 7.328 4.598
v -0.915 7.018 4.274
v -0.592 6.671 4.714
v -0.935 7.134 5.007
v -1.28 7.404 4.892
v -1.609 7.487 4.385
v -1.482 7.369 3.933
v -1.101 7.352 4.09
v -1.172 7.089 3.676
v -0.639 6.665 3.814
v -0.781 7.08 4.354
v -1.156 7.361 4.498
v -1.99 7.208 4.285
v -2.43 6.897 4.299
v -2.288 6.878 3.851
v -2.616 6.478 4.082
v -2.346 6.04 3.527
v -1.929 6.669 3.465
v -1.857 7.056 3.786
v -2.034 7.208 4.317
v -2.505 7.045 4.241
v -2.345 6.853 3.894
v -2.78 6.643 4.072
v -2.65 5.997 3.769
v -2.082 6.446 3.724
v -1.923 6.881 3.951
v -2.127 7.208 4.55
v -2.381 6.984 4.936
v -2.643 6.881 4.593
v -2.661 6.582 5.036
v -2.926 6.04 4.626
v -2.724 6.568 4.166
v -2.434 6.972 4.212
v -2.08 7.208 4.682
v -2.033 6.908 5.035
v -2.422 6.855 4.959
v -2.186 6.501 5.185
v -2.644 6.069 4.977
v -2.752 6.649 4.675
v -2.504 7.031 4.609
v -1.968 7.208 4.777
v -1.811 6.978 5.129
v -2.165 6.85 5.175
v -1.849 6.577 5.36
v -2.218 6.044 5.343
v -2.474 6.548 5.025
v -2.332 6.954 4.85
v -1.776 7.208 4.794
v -1.361 6.996 4.971
v -1.667 6.86 5.248
v -1.218 6.598 5.189
v -1.571 6.045 5.439
v -2.066 6.536 5.345
v -2.067 6.943 5.101
v -1.659 7.208 4.729
v -1.244 6.851 4.607
v -1.257 6.815 5.091
v -1.025 6.381 4.775
v -1.172 5.898 5.391
v -1.524 6.591 5.56
v -1.659 7.027 5.261
v -1.62 7.208 4.683
v -1.185 6.996 4.56
v -1.204 6.891 4.977
v -0.908 6.605 4.661
v -0.959 6.07 5.123
v -1.406 6.578 5.337
v -1.6 6.973 5.123
v -1.572 7.208 4.543
v -1.35 6.959 4.259
v -1.143 6.872 4.557
v -1.135 6.573 4.222
v -0.967 6.105 4.607
v -1.119 6.623 4.93
v -1.337 7 4.849
v -1.644 7.208 4.338
v -1.693 6.961 3.978
v -1.336 6.868 4.042
v -1.573 6.573 3.797
v -1.189 6.097 3.949
v -1.058 6.612 4.287
v -1.264 6.994 4.386
v -1.803 7.208 4.251
v -2.174 6.89 3.97
v -1.742 6.809 3.745
v -2.197 6.428 3.713
v -1.632 5.9 3.543
v -1.212 6.54 3.743
v -1.353 6.983 3.994
v -1.936 7.124 4.793
v -1.622 7.124 4.691
v -1.849 6.93 4.526
v -1.622 7.124 4.36
v -2.131 7.124 4.526
v -1.936 7.124 4.258
v -1.568 7.438 4.526
v -1.762 7.438 4.793
v -2.077 7.438 4.691
v -2.077 7.438 4.36
v -1.762 7.438 4.258
v -1.849 7.632 4.526
v 2.862 8.521 -4.777
v 2.807 8.628 -5.028
v 2.991 8.768 -4.96
v 2.932 8.74 -5.242
v 3.305 8.844 -5.318
v 3.277 8.793 -4.927
v 3.095 8.673 -4.766
v 2.728 8.521 -4.787
v 2.41 8.621 -4.866
v 2.573 8.833 -4.996
v 2.24 8.768 -5.11
v 2.372 8.969 -5.531
v 2.78 8.928 -5.272
v 2.86 8.754 -5.001
v 2.669 8.521 -4.667
v 2.52 8.613 -4.458
v 2.461 8.769 -4.624
v 2.286 8.728 -4.404
v 1.998 8.865 -4.624
v 2.306 8.824 -4.854
v 2.536 8.693 -4.833
v 2.714 8.521 -4.587
v 2.78 8.676 -4.366
v 2.565 8.767 -4.414
v 2.668 8.796 -4.148
v 2.299 8.839 -4.015
v 2.281 8.733 -4.394
v 2.458 8.624 -4.571
v 2.843 8.521 -4.574
v 3.129 8.652 -4.498
v 2.973 8.831 -4.358
v 3.288 8.801 -4.257
v 3.181 8.957 -3.834
v 2.796 8.884 -4.081
v 2.719 8.721 -4.352
v 2.909 8.521 -4.679
v 3.088 8.633 -4.859
v 3.147 8.779 -4.685
v 3.348 8.748 -4.882
v 3.646 8.855 -4.638
v 3.298 8.804 -4.447
v 3.047 8.679 -4.497
v 2.746 8.441 -4.909
v 2.409 8.304 -5.099
v 2.642 8.351 -5.366
v 2.306 8.085 -5.404
v 2.617 7.83 -5.818
v 2.985 8.208 -5.583
v 2.975 8.406 -5.248
v 2.619 8.441 -4.84
v 2.27 8.342 -4.816
v 2.298 8.367 -5.127
v 2.023 8.15 -4.987
v 2.012 7.894 -5.435
v 2.42 8.21 -5.447
v 2.601 8.392 -5.2
v 2.572 8.441 -4.763
v 2.269 8.295 -4.594
v 2.168 8.291 -4.901
v 2.001 8.047 -4.647
v 1.856 7.736 -5.056
v 2.183 8.113 -5.248
v 2.421 8.349 -5.095
v 2.564 8.441 -4.626
v 2.405 8.344 -4.311
v 2.165 8.349 -4.522
v 2.148 8.146 -4.195
v 1.793 7.87 -4.445
v 1.979 8.178 -4.812
v 2.265 8.37 -4.825
v 2.675 8.441 -4.48
v 2.789 8.25 -4.144
v 2.464 8.28 -4.045
v 2.666 7.974 -3.861
v 2.186 7.672 -3.735
v 2.087 8.123 -4.086
v 2.306 8.374 -4.332
v 2.832 8.441 -4.455
v 3.118 8.359 -4.247
v 2.92 8.374 -4.012
v 3.222 8.169 -3.946
v 2.991 7.887 -3.572
v 2.653 8.192 -3.829
v 2.644 8.378 -4.15
v 2.943 8.441 -4.51
v 3.273 8.428 -4.46
v 3.196 8.372 -4.191
v 3.51 8.267 -4.284
v 3.517 7.935 -3.939
v 3.082 8.132 -3.973
v 2.916 8.315 -4.201
v 3.019 8.441 -4.706
v 3.238 8.259 -5.039
v 3.516 8.318 -4.788
v 3.566 8.002 -5.115
v 3.988 7.734 -4.747
v 3.727 8.181 -4.406
v 3.372 8.408 -4.448
v 2.959 8.441 -4.838
v 2.947 8.27 -5.175
v 3.268 8.296 -5.155
v 3.131 8.018 -5.39
v 3.593 7.74 -5.353
v 3.593 8.15 -5.001
v 3.331 8.379 -4.85
v 2.666 8.209 -4.879
v 2.315 8.012 -4.92
v 2.462 7.909 -5.217
v 2.157 7.668 -5.064
v 2.359 7.21 -5.355
v 2.736 7.649 -5.396
v 2.797 7.996 -5.197
v 2.596 8.209 -4.81
v 2.275 7.967 -4.639
v 2.244 7.92 -5.018
v 2.074 7.619 -4.714
v 2.111 7.227 -5.183
v 2.396 7.722 -5.404
v 2.544 8.053 -5.214
v 2.558 8.209 -4.705
v 2.315 7.972 -4.388
v 2.123 7.895 -4.737
v 2.085 7.6 -4.351
v 1.921 7.146 -4.791
v 2.108 7.651 -5.16
v 2.334 8.015 -5.063
v 2.59 8.209 -4.563
v 2.567 8.023 -4.235
v 2.289 7.933 -4.382
v 2.443 7.709 -4.097
v 2.167 7.303 -4.306
v 2.113 7.707 -4.651
v 2.293 8.021 -4.697
v 2.749 8.209 -4.454
v 2.945 8.084 -4.168
v 2.662 7.958 -4.1
v 2.975 7.798 -3.951
v 2.707 7.352 -3.896
v 2.41 7.681 -4.173
v 2.474 7.987 -4.353
v 2.843 8.209 -4.457
v 3.203 7.975 -4.321
v 2.952 7.882 -4.039
v 3.313 7.596 -4.122
v 2.978 7.121 -3.853
v 2.584 7.623 -3.912
v 2.596 7.997 -4.146
v 2.909 8.209 -4.484
v 3.263 8.079 -4.42
v 3.084 7.966 -4.162
v 3.429 7.793 -4.277
v 3.235 7.362 -4.023
v 2.818 7.7 -4.017
v 2.754 8.001 -4.204
v 3.003 8.209 -4.594
v 3.272 7.998 -4.762
v 3.381 7.955 -4.459
v 3.488 7.68 -4.715
v 3.569 7.308 -4.321
v 3.331 7.76 -4.125
v 3.142 8.065 -4.27
v 3.016 8.209 -4.723
v 3.163 7.982 -5.029
v 3.428 7.919 -4.813
v 3.372 7.631 -5.111
v 3.645 7.211 -4.804
v 3.555 7.695 -4.483
v 3.315 8.035 -4.505
v 2.934 8.209 -4.862
v 2.808 7.933 -5.195
v 3.187 7.861 -5.213
v 2.905 7.535 -5.385
v 3.357 7.081 -5.304
v 3.543 7.632 -5.024
v 3.339 8.014 -4.894
v 2.78 8.209 -4.913
v 2.472 7.978 -5.116
v 2.753 7.907 -5.35
v 2.412 7.615 -5.344
v 2.782 7.169 -5.57
v 3.126 7.666 -5.423
v 3.067 8.021 -5.182
v 2.716 8.139 -4.459
v 2.978 8.139 -4.544
v 2.788 7.978 -4.682
v 2.978 8.139 -4.819
v 2.554 8.139 -4.682
v 2.716 8.139 -4.904
v 3.022 8.4 -4.682
v 2.861 8.4 -4.459
v 2.599 8.4 -4.544
v 2.599 8.4 -4.819
v 2.861 8.4 -4.904
v 2.788 8.562 -4.682
v 5.019 9.101 2.888
v 4.726 9.309 2.489
v 5.116 9.56 2.456
v 4.778 9.51 2.012
v 5.382 9.675 1.579
v 5.649 9.584 2.285
v 5.451 9.37 2.717
v 4.858 9.101 2.918
v 4.394 9.297 2.86
v 4.582 9.536 2.554
v 4.068 9.477 2.506
v 4.086 9.612 1.791
v 4.757 9.543 2.064
v 4.968 9.352 2.492
v 4.785 9.101 3.133
v 4.587 9.295 3.573
v 4.389 9.566 3.278
v 4.161 9.505 3.762
v 3.514 9.713 3.471
v 3.994 9.626 2.916
v 4.448 9.396 2.868
v 4.848 9.101 3.227
v 4.932 9.332 3.634
v 4.564 9.486 3.552
v 4.715 9.496 4.02
v 4.071 9.53 4.229
v 4.078 9.411 3.562
v 4.402 9.262 3.252
v 5.082 9.101 3.236
v 5.466 9.361 3.262
v 5.303 9.491 3.598
v 5.776 9.538 3.566
v 5.844 9.555 4.227
v 5.221 9.394 4.057
v 5.004 9.241 3.671
v 5.162 9.101 3.114
v 5.418 9.372 2.853
v 5.514 9.501 3.212
v 5.81 9.575 2.85
v 6.285 9.63 3.283
v 5.766 9.429 3.608
v 5.38 9.25 3.485
v 4.969 8.971 2.704
v 4.617 8.915 2.295
v 5 8.818 2.054
v 4.52 8.622 1.847
v 4.894 8.068 1.452
v 5.383 8.431 1.933
v 5.335 8.756 2.367
v 4.694 8.971 2.827
v 4.044 8.869 2.825
v 4.179 8.698 2.3
v 3.603 8.468 2.589
v 3.639 7.74 2.007
v 4.442 8.204 1.907
v 4.743 8.649 2.256
v 4.599 8.971 3.057
v 4.227 8.652 3.456
v 3.861 8.678 3.064
v 3.771 8.195 3.484
v 3.29 7.696 2.894
v 3.671 8.423 2.501
v 4.143 8.842 2.637
v 4.667 8.971 3.291
v 4.588 8.821 3.828
v 4.136 8.768 3.659
v 4.291 8.475 4.14
v 3.705 7.952 3.988
v 3.763 8.437 3.355
v 4.147 8.79 3.174
v 4.896 8.971 3.441
v 5.291 8.802 4.005
v 4.718 8.687 4.2
v 5.303 8.362 4.52
v 4.658 7.661 4.822
v 4.13 8.235 4.197
v 4.314 8.695 3.735
v 5.18 8.971 3.385
v 5.77 8.886 3.538
v 5.568 8.791 4.013
v 6.138 8.543 3.898
v 6.025 7.926 4.517
v 5.275 8.369 4.381
v 5.05 8.74 3.94
v 5.268 8.971 3.301
v 5.906 8.777 3.194
v 5.92 8.816 3.773
v 6.393 8.407 3.461
v 6.496 7.912 4.279
v 5.753 8.515 4.381
v 5.373 8.867 3.961
v 5.34 8.971 3.022
v 5.641 8.786 2.539
v 5.995 8.754 2.922
v 6.051 8.418 2.394
v 6.537 7.905 2.854
v 6.216 8.442 3.42
v 5.779 8.805 3.394
v 5.227 8.971 2.806
v 5.233 8.858 2.171
v 5.778 8.827 2.241
v 5.541 8.515 1.708
v 6.272 7.948 1.668
v 6.28 8.447 2.447
v 5.85 8.802 2.786
v 4.711 8.599 2.809
v 4.181 8.186 2.949
v 4.191 8.173 2.354
v 3.881 7.641 2.721
v 4.02 7.087 1.935
v 4.497 7.915 1.759
v 4.694 8.414 2.148
v 4.626 8.599 2.936
v 3.985 8.363 3.177
v 4.004 8.088 2.616
v 3.561 7.799 3.152
v 3.602 6.901 2.653
v 4.277 7.526 2.195
v 4.581 8.136 2.38
v 4.599 8.599 3.063
v 4.311 8.199 3.526
v 3.965 8.088 3.072
v 4.003 7.615 3.588
v 3.712 6.942 2.968
v 3.884 7.743 2.467
v 4.212 8.306 2.592
v 4.681 8.599 3.31
v 4.647 8.366 3.935
v 4.153 8.174 3.696
v 4.429 7.863 4.259
v 3.934 7.108 3.994
v 3.835 7.712 3.279
v 4.152 8.239 3.118
v 4.947 8.599 3.448
v 5.409 8.29 3.91
v 4.884 8.113 4.185
v 5.492 7.707 4.326
v 4.909 6.894 4.578
v 4.313 7.634 4.176
v 4.426 8.229 3.785
v 5.046 8.599 3.441
v 5.595 8.248 3.709
v 5.204 8.127 4.15
v 5.762 7.668 4.076
v 5.248 6.934 4.537
v 4.641 7.719 4.359
v 4.661 8.29 3.944
v 5.243 8.599 3.331
v 5.789 8.186 3.203
v 5.795 8.111 3.791
v 6.107 7.591 3.414
v 5.984 6.919 4.145
v 5.494 7.77 4.341
v 5.279 8.335 3.975
v 5.342 8.599 3.11
v 5.742 8.231 2.615
v 6.024 8.074 3.168
v 6.097 7.628 2.545
v 6.312 6.862 3.211
v 6.01 7.652 3.811
v 5.669 8.251 3.67
v 5.313 8.599 2.928
v 5.423 8.215 2.391
v 5.919 8.091 2.639
v 5.704 7.623 2.189
v 6.218 6.911 2.585
v 6.222 7.712 3.121
v 5.855 8.289 3.168
v 5.111 8.599 2.731
v 4.865 8.397 2.089
v 5.434 8.151 2.081
v 4.905 7.87 1.636
v 5.442 7.008 1.614
v 5.884 7.6 2.31
v 5.681 8.172 2.65
v 4.868 8.599 2.718
v 4.368 8.419 2.413
v 4.751 8.192 2.125
v 4.159 7.957 2.102
v 4.505 7.206 1.842
v 5.17 7.715 2.07
v 5.212 8.216 2.386
v 4.855 8.486 3.435
v 5.276 8.486 3.298
v 4.971 8.226 3.076
v 5.276 8.486 2.855
v 4.594 8.486 3.076
v 4.855 8.486 2.718
v 5.348 8.906 3.076
v 5.087 8.906 3.435
v 4.666 8.906 3.298
v 4.666 8.906 2.855
v 5.087 8.906 2.718
v 4.971 9.166 3.076
v 7.148 7.997 -0.636
v 7.328 8.197 -0.997
v 7.532 8.401 -0.749
v 7.72 8.374 -1.167
v 8.323 8.492 -0.957
v 7.9 8.397 -0.474
v 7.477 8.216 -0.421
v 7.027 7.997 -0.756
v 6.787 8.284 -1.029
v 7.17 8.36 -1.131
v 6.803 8.463 -1.433
v 7.251 8.434 -1.907
v 7.567 8.223 -1.375
v 7.423 8.084 -0.981
v 6.839 7.997 -0.683
v 6.485 8.287 -0.523
v 6.522 8.394 -0.931
v 6.094 8.484 -0.67
v 5.79 8.495 -1.282
v 6.425 8.283 -1.418
v 6.76 8.12 -1.146
v 6.845 7.997 -0.487
v 6.824 8.135 -0.106
v 6.569 8.317 -0.268
v 6.563 8.261 0.152
v 6 8.358 0.117
v 6.175 8.322 -0.427
v 6.501 8.186 -0.589
v 6.986 7.997 -0.418
v 7.269 8.306 -0.245
v 6.954 8.427 -0.058
v 7.36 8.542 0.137
v 7.09 8.61 0.723
v 6.669 8.351 0.302
v 6.693 8.147 -0.107
v 7.148 7.997 -0.541
v 7.497 8.193 -0.79
v 7.535 8.374 -0.424
v 7.917 8.351 -0.736
v 8.301 8.43 -0.199
v 7.688 8.344 0.045
v 7.307 8.187 -0.139
v 7.076 7.882 -0.906
v 6.821 7.734 -1.344
v 7.253 7.653 -1.466
v 6.847 7.388 -1.724
v 7.344 6.861 -1.912
v 7.688 7.32 -1.43
v 7.522 7.676 -1.098
v 6.922 7.882 -0.913
v 6.481 7.849 -1.299
v 6.84 7.712 -1.619
v 6.283 7.537 -1.765
v 6.567 6.903 -2.242
v 7.192 7.26 -1.803
v 7.238 7.618 -1.331
v 6.7 7.882 -0.758
v 6.187 7.764 -0.618
v 6.159 7.728 -1.087
v 5.778 7.458 -0.766
v 5.657 6.979 -1.36
v 6.266 7.416 -1.548
v 6.593 7.729 -1.269
v 6.662 7.882 -0.514
v 6.32 7.8 -0.017
v 5.989 7.649 -0.399
v 5.902 7.443 0.195
v 5.463 6.783 -0.142
v 5.816 7.197 -0.81
v 6.248 7.595 -0.855
v 6.763 7.882 -0.344
v 6.829 7.673 0.156
v 6.361 7.653 0.126
v 6.621 7.307 0.49
v 6.006 6.833 0.463
v 5.912 7.378 -0.083
v 6.239 7.733 -0.321
v 6.871 7.882 -0.28
v 7.131 7.627 0.127
v 6.698 7.676 0.311
v 7.046 7.273 0.511
v 6.415 6.901 0.76
v 6.16 7.491 0.328
v 6.393 7.809 -0.025
v 7.072 7.882 -0.272
v 7.473 7.822 -0.011
v 7.203 7.748 0.291
v 7.658 7.559 0.35
v 7.421 7.079 0.785
v 6.894 7.416 0.494
v 6.836 7.703 0.108
v 7.286 7.882 -0.46
v 7.661 7.616 -0.697
v 7.821 7.673 -0.279
v 8 7.274 -0.599
v 8.197 6.947 0.021
v 7.812 7.524 0.242
v 7.505 7.825 0.004
v 7.263 7.882 -0.762
v 7.335 7.664 -1.175
v 7.723 7.679 -1.079
v 7.61 7.332 -1.395
v 8.153 6.951 -1.243
v 8.072 7.475 -0.816
v 7.72 7.782 -0.692
v 7.008 7.553 -0.918
v 6.555 7.232 -1.253
v 7.045 7.105 -1.51
v 6.488 6.713 -1.561
v 7.086 6.061 -1.766
v 7.625 6.747 -1.516
v 7.503 7.26 -1.215
v 6.85 7.553 -0.891
v 6.396 7.349 -1.045
v 6.655 7.206 -1.382
v 6.198 6.937 -1.282
v 6.486 6.339 -1.615
v 7.023 6.846 -1.545
v 7.083 7.273 -1.264
v 6.668 7.553 -0.686
v 6.337 7.259 -0.399
v 6.188 7.158 -0.817
v 6.084 6.807 -0.41
v 6.007 6.262 -0.919
v 6.269 6.868 -1.273
v 6.491 7.31 -1.119
v 6.676 7.553 -0.471
v 6.595 7.214 0.054
v 6.142 7.113 -0.242
v 6.352 6.7 0.232
v 5.881 6.091 -0.206
v 5.856 6.793 -0.747
v 6.182 7.291 -0.761
v 6.758 7.553 -0.349
v 6.812 7.332 0.18
v 6.345 7.197 0.07
v 6.648 6.893 0.488
v 6.147 6.264 0.35
v 5.986 6.82 -0.227
v 6.26 7.271 -0.415
v 6.912 7.553 -0.268
v 7.238 7.299 0.191
v 6.757 7.119 0.323
v 7.265 6.798 0.54
v 6.767 6.078 0.63
v 6.298 6.69 0.206
v 6.432 7.209 -0.087
v 7.083 7.553 -0.276
v 7.614 7.149 -0.196
v 7.317 7.097 0.308
v 7.771 6.603 0.086
v 7.279 6.026 0.651
v 6.769 6.822 0.66
v 6.779 7.332 0.282
v 7.238 7.553 -0.382
v 7.732 7.19 -0.554
v 7.727 7.084 -0.017
v 8.012 6.646 -0.418
v 7.885 6.006 0.21
v 7.444 6.751 0.477
v 7.259 7.277 0.192
v 7.311 7.553 -0.623
v 7.562 7.307 -1.036
v 7.85 7.205 -0.679
v 7.85 6.881 -1.143
v 8.14 6.319 -0.706
v 7.948 6.885 -0.224
v 7.644 7.311 -0.27
v 7.305 7.553 -0.661
v 7.588 7.301 -1.143
v 7.914 7.125 -0.772
v 7.9 6.802 -1.315
v 8.203 6.085 -0.913
v 8.007 6.697 -0.317
v 7.677 7.213 -0.312
v 7.16 7.553 -0.868
v 7.014 7.278 -1.263
v 7.427 7.191 -1.317
v 7.114 6.843 -1.525
v 7.605 6.31 -1.513
v 7.818 6.902 -1.153
v 7.601 7.327 -0.953
v 6.88 7.453 -0.273
v 7.252 7.453 -0.394
v 6.983 7.224 -0.59
v 7.252 7.453 -0.785
v 6.65 7.453 -0.59
v 6.88 7.453 -0.906
v 7.316 7.825 -0.59
v 7.086 7.825 -0.273
v 6.714 7.825 -0.394
v 6.714 7.825 -0.785
v 7.086 7.825 -0.906
v 6.983 8.054 -0.59
v 4.329 6.91 -2.015
v 4.147 7.07 -2.353
v 4.443 7.269 -2.346
v 4.235 7.226 -2.72
v 4.736 7.357 -3.003
v 4.865 7.29 -2.431
v 4.672 7.123 -2.112
v 4.206 6.91 -2.012
v 3.856 7.064 -2.129
v 4.052 7.3 -2.279
v 3.676 7.255 -2.438
v 3.837 7.473 -2.945
v 4.29 7.385 -2.602
v 4.368 7.173 -2.266
v 4.12 6.91 -1.912
v 3.823 7.121 -1.688
v 3.787 7.294 -2.011
v 3.444 7.304 -1.73
v 3.071 7.41 -2.2
v 3.623 7.28 -2.422
v 3.972 7.101 -2.264
v 4.179 6.91 -1.741
v 4.285 7.191 -1.445
v 3.942 7.294 -1.478
v 4.134 7.394 -1.103
v 3.603 7.431 -0.816
v 3.531 7.207 -1.373
v 3.783 7.035 -1.67
v 4.354 6.91 -1.734
v 4.641 7.138 -1.729
v 4.485 7.245 -1.477
v 4.857 7.313 -1.5
v 4.871 7.37 -0.983
v 4.399 7.192 -1.111
v 4.259 7.037 -1.404
v 4.429 6.91 -1.853
v 4.641 7.106 -2.099
v 4.706 7.273 -1.825
v 4.963 7.292 -2.122
v 5.346 7.427 -1.767
v 4.907 7.285 -1.487
v 4.594 7.101 -1.57
v 4.304 6.805 -2.169
v 4.026 6.74 -2.574
v 4.391 6.692 -2.778
v 3.995 6.478 -3.009
v 4.394 6.01 -3.373
v 4.766 6.369 -2.88
v 4.669 6.649 -2.466
v 4.053 6.805 -2.076
v 3.581 6.715 -2.078
v 3.637 6.686 -2.483
v 3.242 6.452 -2.301
v 3.221 6.023 -2.838
v 3.796 6.4 -2.852
v 4.043 6.671 -2.537
v 3.971 6.805 -1.889
v 3.664 6.66 -1.604
v 3.436 6.708 -1.904
v 3.295 6.416 -1.583
v 2.925 6.12 -2.002
v 3.294 6.537 -2.303
v 3.662 6.761 -2.205
v 3.981 6.805 -1.789
v 3.711 6.733 -1.39
v 3.389 6.696 -1.644
v 3.32 6.474 -1.207
v 2.835 6.023 -1.442
v 3.154 6.388 -1.951
v 3.572 6.662 -2.011
v 4.134 6.805 -1.6
v 4.316 6.584 -1.127
v 3.866 6.658 -0.998
v 4.158 6.261 -0.712
v 3.484 5.911 -0.5
v 3.327 6.473 -1.03
v 3.623 6.761 -1.393
v 4.339 6.805 -1.574
v 4.693 6.577 -1.407
v 4.49 6.621 -1.077
v 4.8 6.27 -1.097
v 4.477 5.961 -0.631
v 4.128 6.472 -0.818
v 4.133 6.745 -1.174
v 4.491 6.805 -1.661
v 4.937 6.561 -1.712
v 4.953 6.611 -1.279
v 5.243 6.222 -1.479
v 5.244 5.868 -0.84
v 4.783 6.434 -0.816
v 4.554 6.738 -1.159
v 4.552 6.805 -1.981
v 4.797 6.81 -2.454
v 5.144 6.696 -2.173
v 5.172 6.569 -2.713
v 5.667 6.032 -2.523
v 5.394 6.301 -1.874
v 4.982 6.586 -1.755
v 4.428 6.805 -2.127
v 4.247 6.52 -2.565
v 4.71 6.567 -2.677
v 4.405 6.14 -2.915
v 5.082 5.758 -3.032
v 5.249 6.385 -2.589
v 4.95 6.724 -2.294
v 4.108 6.503 -2.122
v 3.599 6.235 -2.175
v 3.788 6.117 -2.617
v 3.357 5.767 -2.402
v 3.617 5.147 -2.878
v 4.162 5.763 -2.918
v 4.27 6.232 -2.606
v 3.991 6.503 -1.98
v 3.585 6.242 -1.738
v 3.497 6.122 -2.178
v 3.296 5.795 -1.772
v 3.262 5.208 -2.268
v 3.633 5.791 -2.606
v 3.866 6.239 -2.434
v 3.97 6.503 -1.875
v 3.675 6.305 -1.584
v 3.48 6.189 -1.9
v 3.398 5.926 -1.522
v 3.211 5.392 -1.867
v 3.468 5.873 -2.244
v 3.733 6.261 -2.186
v 4.005 6.503 -1.727
v 3.973 6.218 -1.335
v 3.586 6.159 -1.473
v 3.771 5.804 -1.175
v 3.328 5.333 -1.429
v 3.297 5.919 -1.802
v 3.578 6.314 -1.858
v 4.169 6.503 -1.585
v 4.459 6.17 -1.232
v 4.012 6.141 -1.035
v 4.401 5.713 -0.927
v 3.783 5.229 -0.764
v 3.474 5.907 -1.063
v 3.686 6.331 -1.345
v 4.335 6.503 -1.573
v 4.833 6.159 -1.424
v 4.48 6.076 -1.015
v 4.964 5.655 -1.155
v 4.457 5.077 -0.737
v 3.939 5.78 -0.792
v 3.978 6.263 -1.121
v 4.485 6.503 -1.654
v 4.92 6.247 -1.725
v 4.833 6.137 -1.308
v 5.148 5.822 -1.595
v 4.981 5.277 -1.148
v 4.549 5.834 -0.98
v 4.421 6.257 -1.213
v 4.569 6.503 -1.812
v 4.89 6.233 -2.149
v 5.085 6.159 -1.729
v 5.177 5.811 -2.163
v 5.348 5.298 -1.634
v 5.075 5.882 -1.237
v 4.805 6.293 -1.377
v 4.558 6.503 -1.966
v 4.701 6.188 -2.447
v 5.132 6.119 -2.189
v 4.997 5.705 -2.617
v 5.487 5.131 -2.233
v 5.41 5.814 -1.738
v 5.045 6.279 -1.715
v 4.44 6.503 -2.12
v 4.322 6.304 -2.582
v 4.748 6.178 -2.552
v 4.423 5.906 -2.88
v 4.877 5.331 -2.832
v 5.099 5.832 -2.342
v 4.886 6.243 -2.134
v 4.253 6.503 -2.17
v 3.845 6.286 -2.526
v 4.263 6.071 -2.713
v 3.72 5.817 -2.817
v 4.12 5.104 -2.943
v 4.684 5.636 -2.657
v 4.649 6.136 -2.393
v 4.178 6.411 -1.578
v 4.519 6.411 -1.689
v 4.272 6.201 -1.868
v 4.519 6.411 -2.048
v 3.967 6.411 -1.868
v 4.178 6.411 -2.159
v 4.577 6.752 -1.868
v 4.366 6.752 -1.578
v 4.025 6.752 -1.689
v 4.025 6.752 -2.048
v 4.366 6.752 -2.159
v 4.272 6.962 -1.868
v 5.852 6.39 1.118
v 5.92 6.488 1.364
v 5.721 6.609 1.328
v 5.81 6.574 1.595
v 5.445 6.632 1.718
v 5.437 6.606 1.33
v 5.609 6.515 1.143
v 5.972 6.39 1.113
v 6.19 6.494 1.124
v 6.092 6.618 1.258
v 6.341 6.604 1.276
v 6.326 6.705 1.606
v 6.006 6.644 1.491
v 5.911 6.527 1.303
v 6.008 6.39 1.063
v 6.201 6.546 0.908
v 6.219 6.647 1.141
v 6.447 6.674 0.938
v 6.689 6.734 1.267
v 6.325 6.624 1.428
v 6.099 6.505 1.316
v 5.969 6.39 0.945
v 5.914 6.534 0.767
v 6.108 6.587 0.782
v 6.002 6.629 0.569
v 6.299 6.628 0.41
v 6.336 6.527 0.729
v 6.192 6.449 0.901
v 5.844 6.39 0.949
v 5.622 6.549 0.949
v 5.706 6.63 0.749
v 5.431 6.664 0.783
v 5.362 6.688 0.397
v 5.732 6.581 0.475
v 5.873 6.48 0.693
v 5.805 6.39 1.037
v 5.677 6.497 1.21
v 5.619 6.62 1.057
v 5.467 6.609 1.252
v 5.199 6.711 1.062
v 5.47 6.646 0.862
v 5.68 6.528 0.885
v 5.904 6.32 1.23
v 6.117 6.25 1.484
v 5.876 6.182 1.627
v 6.167 6.035 1.746
v 5.923 5.67 1.955
v 5.631 5.94 1.675
v 5.67 6.171 1.425
v 5.978 6.32 1.218
v 6.266 6.295 1.376
v 6.084 6.214 1.579
v 6.412 6.118 1.596
v 6.274 5.765 1.867
v 5.885 5.965 1.705
v 5.826 6.168 1.466
v 6.086 6.32 1.123
v 6.407 6.239 1.003
v 6.426 6.2 1.307
v 6.657 6.033 1.071
v 6.724 5.712 1.44
v 6.353 5.993 1.605
v 6.153 6.204 1.448
v 6.073 6.32 0.916
v 6.119 6.235 0.586
v 6.399 6.24 0.685
v 6.316 6.051 0.392
v 6.715 5.786 0.479
v 6.658 6.073 0.868
v 6.404 6.253 0.983
v 6.001 6.32 0.853
v 5.885 6.158 0.581
v 6.158 6.195 0.493
v 5.977 5.936 0.346
v 6.386 5.709 0.23
v 6.486 6.083 0.516
v 6.309 6.281 0.723
v 5.823 6.32 0.849
v 5.505 6.155 0.779
v 5.628 6.181 0.488
v 5.362 5.917 0.56
v 5.544 5.66 0.149
v 5.875 6.049 0.23
v 5.933 6.265 0.505
v 5.746 6.32 0.914
v 5.507 6.168 0.986
v 5.461 6.195 0.741
v 5.326 5.966 0.883
v 5.283 5.764 0.521
v 5.523 6.099 0.462
v 5.671 6.279 0.635
v 5.718 6.32 1.091
v 5.575 6.209 1.392
v 5.324 6.212 1.225
v 5.326 5.998 1.518
v 4.965 5.712 1.317
v 5.129 6.039 0.974
v 5.411 6.244 0.939
v 5.755 6.32 1.158
v 5.724 6.249 1.478
v 5.452 6.224 1.4
v 5.554 6.061 1.683
v 5.194 5.763 1.635
v 5.216 6.029 1.248
v 5.442 6.222 1.116
v 6.018 6.12 1.198
v 6.386 5.953 1.238
v 6.234 5.862 1.542
v 6.562 5.638 1.394
v 6.373 5.202 1.718
v 5.964 5.606 1.745
v 5.888 5.926 1.53
v 6.049 6.12 1.173
v 6.396 5.948 1.134
v 6.301 5.848 1.443
v 6.576 5.635 1.232
v 6.436 5.207 1.546
v 6.071 5.6 1.669
v 5.975 5.919 1.498
v 6.104 6.12 1.076
v 6.322 5.918 0.857
v 6.448 5.855 1.144
v 6.503 5.609 0.854
v 6.591 5.239 1.214
v 6.42 5.66 1.474
v 6.252 5.96 1.373
v 6.044 6.12 0.883
v 5.97 5.946 0.589
v 6.268 5.897 0.626
v 6.061 5.671 0.425
v 6.411 5.336 0.512
v 6.535 5.715 0.8
v 6.365 5.983 0.902
v 6.026 6.12 0.868
v 5.914 5.94 0.556
v 6.231 5.854 0.589
v 5.973 5.636 0.38
v 6.314 5.239 0.47
v 6.504 5.631 0.773
v 6.356 5.937 0.883
v 5.854 6.12 0.838
v 5.52 5.996 0.654
v 5.781 5.849 0.472
v 5.388 5.695 0.469
v 5.64 5.215 0.317
v 6.076 5.548 0.442
v 6.093 5.873 0.631
v 5.761 6.12 0.895
v 5.468 5.989 0.905
v 5.548 5.874 0.669
v 5.306 5.719 0.832
v 5.403 5.319 0.627
v 5.726 5.633 0.53
v 5.819 5.917 0.653
v 5.715 6.12 0.982
v 5.485 5.947 1.19
v 5.377 5.893 0.906
v 5.294 5.668 1.19
v 5.204 5.323 0.84
v 5.406 5.704 0.587
v 5.579 5.977 0.687
v 5.713 6.12 1.071
v 5.601 5.957 1.32
v 5.406 5.892 1.14
v 5.45 5.689 1.394
v 5.261 5.35 1.158
v 5.323 5.705 0.882
v 5.496 5.97 0.894
v 5.753 6.12 1.156
v 5.768 5.931 1.512
v 5.451 5.838 1.397
v 5.647 5.602 1.686
v 5.317 5.168 1.514
v 5.223 5.592 1.142
v 5.415 5.922 1.059
v 5.858 6.12 1.224
v 6.05 5.95 1.5
v 5.754 5.848 1.581
v 6.056 5.636 1.707
v 5.74 5.203 1.754
v 5.467 5.595 1.504
v 5.56 5.916 1.331
v 5.846 6.06 1.223
v 6.072 6.06 1.149
v 5.909 5.92 1.03
v 6.072 6.06 0.911
v 5.707 6.06 1.03
v 5.846 6.06 0.838
v 6.111 6.285 1.03
v 5.971 6.285 1.223
v 5.745 6.285 1.149
v 5.745 6.285 0.911
v 5.971 6.285 0.838
v 5.909 6.425 1.03
v -3.493 12.52 -3.558
v -3.181 12.722 -3.874
v -3.101 12.964 -3.54
v -2.744 12.929 -3.897
v -2.262 13.11 -3.429
v -2.864 13.003 -3.096
v -3.28 12.785 -3.206
v -3.615 12.52 -3.757
v -3.775 12.702 -4.098
v -3.509 12.935 -4.065
v -3.669 12.906 -4.46
v -3.167 13.113 -4.723
v -3.093 13.002 -4.135
v -3.295 12.781 -3.827
v -3.748 12.52 -3.764
v -4.155 12.681 -3.998
v -3.91 12.985 -4.152
v -4.32 12.892 -4.431
v -4.038 13.154 -5.034
v -3.563 13.096 -4.502
v -3.523 12.851 -4.057
v -3.889 12.52 -3.567
v -4.107 12.857 -3.201
v -4.32 13.009 -3.59
v -4.56 13.112 -3.089
v -5.238 13.185 -3.452
v -4.729 12.923 -3.97
v -4.247 12.7 -3.935
v -3.78 12.52 -3.396
v -3.637 12.706 -2.979
v -3.913 12.995 -3.049
v -3.796 12.939 -2.577
v -4.387 13.211 -2.348
v -4.389 13.104 -3.029
v -4.131 12.843 -3.355
v -3.619 12.52 -3.389
v -3.303 12.817 -3.308
v -3.522 12.922 -3.022
v -3.085 13.029 -2.975
v -3.122 13.061 -2.342
v -3.652 12.825 -2.6
v -3.775 12.647 -2.995
v -3.353 12.387 -3.747
v -3.245 12.076 -4.349
v -2.692 12.136 -4.138
v -2.842 11.637 -4.63
v -2.052 11.173 -4.314
v -2.185 11.901 -3.689
v -2.698 12.296 -3.565
v -3.549 12.387 -3.927
v -3.842 12.138 -4.463
v -3.304 12.228 -4.642
v -3.714 11.772 -4.961
v -2.927 11.376 -5.262
v -2.645 12.018 -4.649
v -2.951 12.343 -4.204
v -3.716 12.387 -3.953
v -4.135 12.303 -4.421
v -3.717 12.153 -4.72
v -4.281 11.923 -4.931
v -3.913 11.217 -5.377
v -3.315 11.667 -4.853
v -3.329 12.089 -4.356
v -3.993 12.387 -3.805
v -4.622 12.125 -3.67
v -4.635 12.126 -4.269
v -5.074 11.678 -3.912
v -5.115 11.114 -4.721
v -4.425 11.802 -4.879
v -4.082 12.228 -4.476
v -4.07 12.387 -3.538
v -4.396 12.126 -3.05
v -4.794 12.168 -3.436
v -4.86 11.725 -2.938
v -5.432 11.265 -3.476
v -5.067 11.918 -3.994
v -4.569 12.287 -3.93
v -4.001 12.387 -3.353
v -4.083 12.205 -2.789
v -4.573 12.186 -2.941
v -4.415 11.836 -2.457
v -5.08 11.318 -2.603
v -5.001 11.868 -3.253
v -4.571 12.232 -3.452
v -3.73 12.387 -3.195
v -3.352 12.286 -2.665
v -3.825 12.272 -2.373
v -3.318 11.953 -2.074
v -3.875 11.39 -1.548
v -4.348 11.89 -2.203
v -4.211 12.234 -2.773
v -3.453 12.387 -3.277
v -2.905 12.287 -3.194
v -3.02 12.28 -2.73
v -2.537 11.995 -2.862
v -2.576 11.523 -2.205
v -3.248 11.964 -2.306
v -3.497 12.261 -2.73
v -3.351 12.387 -3.402
v -2.827 12.135 -3.595
v -2.679 12.159 -3.099
v -2.376 11.728 -3.435
v -2.158 11.24 -2.732
v -2.727 11.887 -2.538
v -3.12 12.267 -2.848
v -3.432 12.007 -3.852
v -3.528 11.67 -4.416
v -2.976 11.55 -4.356
v -3.341 11.118 -4.739
v -2.714 10.419 -4.589
v -2.514 11.164 -4.033
v -2.838 11.708 -3.828
v -3.685 12.007 -3.954
v -4.205 11.67 -4.359
v -3.666 11.502 -4.667
v -4.308 11.076 -4.741
v -3.679 10.284 -5.008
v -3.04 11.048 -4.688
v -3.148 11.646 -4.315
v -3.85 12.007 -3.919
v -4.47 11.76 -4.154
v -4.075 11.495 -4.542
v -4.744 11.201 -4.435
v -4.355 10.336 -4.752
v -3.58 10.961 -4.659
v -3.5 11.559 -4.34
v -4.043 12.007 -3.719
v -4.635 11.746 -3.499
v -4.696 11.533 -4.033
v -5.061 11.188 -3.551
v -5.11 10.351 -4.07
v -4.502 11.02 -4.462
v -4.169 11.607 -4.258
v -4.06 12.007 -3.48
v -4.295 11.689 -2.929
v -4.721 11.56 -3.309
v -4.632 11.145 -2.747
v -5.073 10.436 -3.229
v -4.927 11.16 -3.849
v -4.541 11.701 -3.847
v -3.939 12.007 -3.285
v -3.878 11.789 -2.694
v -4.373 11.597 -2.833
v -4.028 11.307 -2.349
v -4.518 10.573 -2.505
v -4.723 11.144 -3.164
v -4.457 11.653 -3.373
v -3.749 12.007 -3.198
v -3.415 11.802 -2.74
v -3.877 11.615 -2.598
v -3.365 11.339 -2.372
v -3.821 10.626 -2.239
v -4.309 11.173 -2.684
v -4.202 11.663 -2.999
v -3.516 12.007 -3.236
v -3.007 11.644 -3.218
v -3.212 11.571 -2.721
v -2.811 11.125 -2.979
v -3.171 10.544 -2.417
v -3.659 11.279 -2.347
v -3.714 11.772 -2.691
v -3.388 12.007 -3.343
v -2.838 11.614 -3.518
v -2.802 11.509 -2.934
v -2.497 11.014 -3.351
v -2.57 10.303 -2.648
v -3.07 11.132 -2.387
v -3.316 11.712 -2.714
v -3.311 12.007 -3.567
v -2.807 11.747 -4.011
v -2.548 11.519 -3.508
v -2.362 11.169 -4.127
v -2.112 10.288 -3.641
v -2.573 10.975 -3.016
v -2.983 11.585 -3.086
v -3.356 12.007 -3.754
v -3.303 11.682 -4.325
v -2.79 11.602 -4.08
v -3.028 11.173 -4.566
v -2.438 10.555 -4.203
v -2.409 11.268 -3.61
v -2.787 11.761 -3.528
v -3.81 11.892 -3.208
v -3.38 11.892 -3.348
v -3.691 11.627 -3.574
v -3.38 11.892 -3.8
v -4.076 11.892 -3.574
v -3.81 11.892 -3.939
v -3.306 12.321 -3.574
v -3.572 12.321 -3.208
v -4.002 12.321 -3.348
v -4.002 12.321 -3.8
v -3.572 12.321 -3.939
v -3.691 12.586 -3.574
v 0.181 14.097 -5.225
v -0.299 14.274 -5.391
v -0.013 14.568 -5.611
v -0.53 14.484 -5.809
v -0.274 14.719 -6.486
v 0.339 14.653 -6.039
v 0.426 14.415 -5.583
v 0.055 14.097 -5.085
v -0.392 14.336 -4.796
v -0.436 14.595 -5.221
v -0.926 14.548 -4.876
v -1.413 14.693 -5.534
v -0.628 14.592 -5.791
v -0.144 14.372 -5.559
v 0.107 14.097 -4.872
v 0.146 14.401 -4.462
v -0.25 14.538 -4.579
v -0.129 14.611 -4.074
v -0.835 14.634 -3.87
v -0.763 14.428 -4.572
v -0.382 14.249 -4.877
v 0.341 14.097 -4.818
v 0.838 14.332 -4.637
v 0.522 14.636 -4.404
v 1.075 14.589 -4.183
v 0.802 14.839 -3.446
v 0.154 14.709 -3.938
v 0.07 14.433 -4.433
v 0.482 14.097 -4.992
v 0.82 14.46 -5.321
v 1.013 14.576 -4.863
v 1.367 14.685 -5.354
v 2.062 14.654 -4.867
v 1.391 14.405 -4.41
v 0.84 14.226 -4.534
v 0.362 14.097 -5.219
v 0.126 14.402 -5.621
v 0.587 14.554 -5.614
v 0.246 14.621 -6.084
v 0.92 14.666 -6.478
v 1.145 14.459 -5.758
v 0.875 14.267 -5.349
v 0.009 13.951 -5.356
v -0.628 13.729 -5.385
v -0.446 13.679 -5.941
v -0.99 13.296 -5.699
v -0.795 12.697 -6.413
v -0.072 13.317 -6.421
v 0.136 13.746 -5.987
v -0.145 13.951 -4.934
v -0.37 13.604 -4.39
v -0.858 13.677 -4.725
v -0.808 13.154 -4.235
v -1.489 12.72 -4.756
v -1.244 13.476 -5.296
v -0.733 13.872 -5.274
v -0.096 13.951 -4.808
v -0.345 13.913 -4.062
v -0.89 13.694 -4.416
v -0.792 13.498 -3.621
v -1.465 12.64 -3.835
v -1.255 13.082 -4.832
v -0.731 13.566 -5.071
v 0.208 13.951 -4.607
v 0.685 13.707 -4.041
v 0.104 13.733 -3.703
v 0.696 13.256 -3.426
v -0.07 12.662 -2.892
v -0.605 13.377 -3.545
v -0.4 13.808 -4.141
v 0.456 13.951 -4.65
v 1.155 13.809 -4.382
v 0.815 13.641 -3.85
v 1.534 13.335 -3.93
v 1.264 12.511 -3.275
v 0.374 13.09 -3.504
v 0.188 13.605 -4.027
v 0.663 13.951 -4.891
v 1.208 13.626 -5.24
v 1.456 13.65 -4.67
v 1.718 13.136 -5.148
v 2.047 12.575 -4.349
v 1.475 13.35 -3.983
v 1.005 13.805 -4.27
v 0.668 13.951 -5.14
v 0.927 13.628 -5.821
v 1.493 13.657 -5.416
v 1.43 13.128 -6.063
v 2.212 12.543 -5.516
v 1.935 13.338 -4.78
v 1.347 13.803 -4.751
v 0.525 13.951 -5.352
v 0.483 13.833 -5.985
v 1.022 13.726 -5.93
v 0.716 13.448 -6.45
v 1.359 12.789 -6.503
v 1.477 13.284 -5.733
v 1.117 13.696 -5.387
v 0.18 13.951 -5.434
v -0.333 13.703 -5.762
v 0.013 13.654 -6.194
v -0.511 13.24 -6.223
v -0.084 12.612 -6.791
v 0.501 13.281 -6.46
v 0.51 13.737 -5.96
v -0.139 13.531 -5.136
v -0.62 13.106 -4.692
v -0.844 12.957 -5.312
v -0.991 12.449 -4.694
v -1.113 11.652 -5.449
v -0.734 12.533 -5.997
v -0.406 13.176 -5.777
v -0.08 13.531 -4.784
v -0.189 13.278 -4.18
v -0.668 13.089 -4.416
v -0.453 12.75 -3.865
v -0.932 11.967 -4.118
v -0.947 12.614 -4.817
v -0.601 13.165 -4.973
v 0.028 13.531 -4.677
v 0.28 13.164 -3.971
v -0.417 12.962 -4.047
v 0.158 12.507 -3.563
v -0.585 11.62 -3.738
v -1.014 12.452 -4.441
v -0.696 13.118 -4.703
v 0.369 13.531 -4.617
v 1.011 13.075 -4.43
v 0.594 12.956 -3.88
v 1.196 12.399 -4.078
v 0.582 11.614 -3.514
v -0.077 12.549 -3.572
v -0.05 13.2 -4.009
v 0.432 13.531 -4.638
v 1.104 13.119 -4.554
v 0.749 13.002 -3.969
v 1.347 12.488 -4.245
v 0.824 11.736 -3.616
v 0.129 12.603 -3.577
v 0.089 13.214 -3.997
v 0.623 13.531 -4.804
v 1.34 13.285 -4.926
v 1.256 13.004 -4.338
v 1.806 12.683 -4.806
v 1.735 11.723 -4.278
v 0.937 12.399 -3.944
v 0.615 13.048 -4.207
v 0.684 13.531 -5.044
v 0.981 13.089 -5.604
v 1.448 13.027 -5.129
v 1.383 12.463 -5.7
v 1.879 11.773 -5.009
v 1.669 12.682 -4.435
v 1.219 13.271 -4.549
v 0.612 13.531 -5.259
v 0.703 13.248 -5.985
v 1.27 13.036 -5.67
v 0.995 12.655 -6.343
v 1.572 11.778 -5.991
v 1.622 12.503 -5.155
v 1.226 13.121 -4.995
v 0.339 13.531 -5.436
v -0.211 13.077 -5.897
v 0.452 12.932 -6.199
v -0.25 12.386 -6.292
v 0.581 11.559 -6.507
v 1.231 12.496 -6.16
v 1.023 13.169 -5.787
v 0.154 13.531 -5.428
v -0.445 13.256 -5.699
v 0.013 13.038 -6.063
v -0.656 12.703 -6.006
v -0.156 11.898 -6.32
v 0.58 12.556 -6.166
v 0.585 13.134 -5.832
v -0.093 13.531 -5.241
v -0.647 13.077 -4.929
v -0.751 12.984 -5.592
v -1.01 12.427 -5.056
v -0.988 11.7 -5.888
v -0.515 12.619 -6.282
v -0.235 13.236 -5.951
v 0.134 13.404 -4.619
v 0.608 13.404 -4.774
v 0.265 13.112 -5.023
v 0.608 13.404 -5.272
v -0.159 13.404 -5.023
v 0.134 13.404 -5.426
v 0.689 13.877 -5.023
v 0.396 13.877 -4.619
v -0.078 13.877 -4.774
v -0.078 13.877 -5.272
v 0.396 13.877 -5.426
v 0.265 14.17 -5.023
v 3.89 12.093 -3.7
v 3.526 12.255 -3.41
v 3.459 12.477 -3.77
v 3.075 12.402 -3.434
v 2.643 12.513 -3.969
v 3.279 12.481 -4.253
v 3.695 12.321 -4.092
v 3.967 12.093 -3.491
v 4.043 12.25 -3.017
v 3.721 12.518 -3.139
v 3.799 12.426 -2.628
v 3.118 12.616 -2.516
v 3.208 12.578 -3.224
v 3.551 12.377 -3.514
v 4.131 12.093 -3.446
v 4.515 12.297 -3.201
v 4.207 12.566 -3.074
v 4.627 12.526 -2.778
v 4.255 12.76 -2.219
v 3.806 12.642 -2.758
v 3.831 12.393 -3.184
v 4.303 12.093 -3.584
v 4.669 12.351 -3.81
v 4.669 12.576 -3.448
v 5.105 12.591 -3.721
v 5.495 12.762 -3.143
v 4.823 12.588 -2.957
v 4.434 12.348 -3.173
v 4.283 12.093 -3.774
v 4.394 12.303 -4.299
v 4.652 12.643 -4.058
v 4.811 12.561 -4.62
v 5.573 12.86 -4.494
v 5.16 12.759 -3.783
v 4.685 12.468 -3.602
v 4.059 12.093 -3.87
v 3.648 12.393 -4.069
v 3.99 12.577 -4.33
v 3.465 12.623 -4.53
v 3.737 12.703 -5.259
v 4.322 12.508 -4.78
v 4.362 12.297 -4.277
v 3.69 11.95 -3.632
v 3.237 11.878 -3.174
v 2.94 11.738 -3.627
v 2.735 11.517 -3.025
v 2.286 10.835 -3.453
v 2.8 11.265 -4.086
v 3.29 11.668 -4.058
v 3.894 11.95 -3.303
v 3.992 11.853 -2.734
v 3.509 11.729 -2.721
v 3.845 11.496 -2.281
v 3.307 10.86 -2.15
v 3.108 11.299 -2.841
v 3.379 11.689 -3.201
v 4.041 11.95 -3.251
v 4.498 11.732 -2.709
v 3.916 11.654 -2.444
v 4.531 11.263 -2.177
v 3.84 10.575 -1.798
v 3.271 11.226 -2.387
v 3.447 11.701 -2.884
v 4.333 11.95 -3.318
v 4.932 11.696 -3.246
v 4.775 11.695 -2.706
v 5.265 11.265 -2.891
v 5.069 10.724 -2.155
v 4.412 11.385 -2.225
v 4.222 11.796 -2.691
v 4.499 11.95 -3.553
v 5.024 11.772 -3.859
v 5.189 11.673 -3.351
v 5.49 11.352 -3.836
v 5.741 10.708 -3.256
v 5.165 11.265 -2.841
v 4.752 11.699 -3.03
v 4.414 11.95 -3.927
v 4.396 11.712 -4.634
v 5.029 11.802 -4.5
v 4.778 11.329 -5.075
v 5.715 10.881 -4.957
v 5.688 11.549 -4.154
v 5.155 11.896 -3.866
v 4.254 11.95 -4.041
v 3.96 11.606 -4.598
v 4.507 11.722 -4.852
v 4.12 11.158 -5.134
v 4.978 10.732 -5.498
v 5.22 11.524 -4.893
v 4.876 11.91 -4.397
v 4.007 11.95 -4.06
v 3.465 11.903 -4.45
v 3.87 11.777 -4.839
v 3.223 11.56 -4.96
v 3.567 10.882 -5.534
v 4.301 11.295 -5.09
v 4.364 11.683 -4.559
v 3.714 11.95 -3.797
v 3.068 11.894 -3.547
v 2.976 11.734 -4.117
v 2.505 11.521 -3.613
v 2.239 10.785 -4.213
v 3.029 11.215 -4.616
v 3.505 11.64 -4.383
v 3.778 11.538 -3.404
v 3.867 11.127 -2.742
v 3.208 11.044 -2.913
v 3.612 10.516 -2.422
v 2.831 9.809 -2.738
v 2.642 10.676 -3.388
v 3.059 11.26 -3.547
v 4.003 11.538 -3.259
v 4.362 11.203 -2.721
v 3.804 10.975 -2.576
v 4.386 10.574 -2.332
v 3.819 9.697 -2.269
v 3.287 10.462 -2.745
v 3.447 11.109 -3.065
v 4.333 11.538 -3.319
v 4.976 11.013 -3.434
v 4.823 10.956 -2.72
v 5.251 10.324 -3.161
v 4.869 9.621 -2.296
v 4.304 10.632 -2.086
v 4.187 11.27 -2.538
v 4.478 11.538 -3.492
v 5.087 11.235 -3.774
v 5.116 11.016 -3.177
v 5.489 10.639 -3.729
v 5.457 9.786 -3.125
v 4.857 10.509 -2.665
v 4.56 11.126 -2.887
v 4.507 11.538 -3.59
v 5.009 11.31 -3.989
v 5.153 11.113 -3.446
v 5.404 10.806 -4.041
v 5.532 10.041 -3.482
v 5.046 10.642 -2.919
v 4.711 11.173 -3.053
v 4.42 11.538 -3.92
v 4.41 11.199 -4.582
v 5.008 11.058 -4.403
v 4.67 10.607 -4.928
v 5.334 9.825 -4.667
v 5.462 10.611 -3.969
v 5.07 11.203 -3.783
v 4.309 11.538 -4.015
v 4.027 11.194 -4.668
v 4.688 10.993 -4.634
v 4.111 10.57 -5.06
v 4.811 9.719 -4.934
v 5.266 10.501 -4.293
v 4.989 11.136 -4.028
v 4.139 11.538 -4.069
v 3.569 11.108 -4.487
v 4.18 11.018 -4.865
v 3.509 10.464 -4.919
v 4.316 9.713 -5.284
v 4.953 10.624 -4.949
v 4.772 11.242 -4.513
v 3.804 11.538 -3.944
v 3.161 11.222 -3.872
v 3.325 11.015 -4.435
v 2.82 10.63 -4.04
v 3.061 9.805 -4.593
v 3.739 10.533 -4.831
v 3.927 11.141 -4.532
v 3.757 11.538 -3.885
v 3.199 11.004 -3.537
v 3.076 10.911 -4.256
v 2.848 10.283 -3.675
v 2.901 9.519 -4.595
v 3.339 10.548 -5.02
v 3.607 11.225 -4.658
v 3.692 11.538 -3.61
v 3.47 11.137 -3.138
v 3.048 11.044 -3.493
v 3.153 10.558 -3.038
v 2.735 9.901 -3.574
v 2.853 10.711 -4.046
v 3.221 11.265 -3.978
v 3.973 11.414 -3.263
v 4.438 11.414 -3.414
v 4.101 11.127 -3.659
v 4.438 11.414 -3.904
v 3.685 11.414 -3.659
v 3.973 11.414 -4.055
v 4.518 11.878 -3.659
v 4.23 11.878 -3.263
v 3.765 11.878 -3.414
v 3.765 11.878 -3.904
v 4.23 11.878 -4.055
v 4.101 12.165 -3.659
v 0.923 13.999 6.088
v 0.816 14.142 5.728
v 1.074 14.357 5.823
v 0.97 14.31 5.419
v 1.494 14.491 5.304
v 1.487 14.421 5.866
v 1.247 14.235 6.101
v 0.762 13.999 6.072
v 0.478 14.266 6.021
v 0.677 14.377 5.775
v 0.286 14.474 5.742
v 0.326 14.543 5.184
v 0.799 14.317 5.395
v 0.905 14.136 5.732
v 0.662 13.999 6.186
v 0.343 14.14 6.368
v 0.358 14.382 6.137
v -0.006 14.326 6.303
v -0.275 14.554 5.861
v 0.275 14.48 5.754
v 0.577 14.268 5.911
v 0.756 13.999 6.387
v 0.886 14.15 6.72
v 0.613 14.332 6.719
v 0.77 14.284 7.079
v 0.29 14.379 7.353
v 0.225 14.331 6.798
v 0.432 14.189 6.486
v 0.936 13.999 6.364
v 1.282 14.21 6.365
v 1.15 14.365 6.642
v 1.563 14.38 6.614
v 1.632 14.458 7.187
v 1.08 14.331 7.049
v 0.88 14.169 6.727
v 0.995 13.999 6.269
v 1.302 14.137 6.045
v 1.329 14.341 6.328
v 1.666 14.282 6.082
v 1.991 14.423 6.532
v 1.454 14.378 6.728
v 1.126 14.216 6.584
v 0.768 13.884 5.907
v 0.33 13.736 5.654
v 0.665 13.702 5.338
v 0.186 13.422 5.298
v 0.578 12.97 4.861
v 1.098 13.422 5.132
v 1.09 13.735 5.515
v 0.581 13.884 6.013
v 0.053 13.789 6.047
v 0.101 13.792 5.587
v -0.335 13.524 5.806
v -0.38 13.104 5.169
v 0.264 13.513 5.133
v 0.553 13.779 5.486
v 0.498 13.884 6.232
v 0.148 13.791 6.617
v -0.095 13.754 6.225
v -0.257 13.517 6.702
v -0.643 13.068 6.257
v -0.232 13.455 5.776
v 0.169 13.739 5.845
v 0.536 13.884 6.384
v 0.345 13.811 6.95
v -0.061 13.659 6.65
v 0.011 13.469 7.251
v -0.487 12.829 7.012
v -0.329 13.219 6.279
v 0.062 13.602 6.14
v 0.631 13.884 6.495
v 0.775 13.651 7.051
v 0.238 13.705 7.073
v 0.555 13.291 7.462
v -0.211 12.877 7.523
v -0.348 13.478 6.905
v 0.022 13.807 6.588
v 0.968 13.884 6.529
v 1.409 13.673 6.665
v 1.247 13.685 7.065
v 1.62 13.331 6.992
v 1.397 12.916 7.55
v 0.925 13.453 7.4
v 0.83 13.775 7.005
v 1.113 13.884 6.395
v 1.595 13.796 6.316
v 1.597 13.668 6.718
v 1.971 13.478 6.43
v 2.063 12.912 6.855
v 1.482 13.287 7.035
v 1.188 13.637 6.819
v 1.155 13.884 6.193
v 1.435 13.709 5.778
v 1.754 13.722 6.11
v 1.824 13.396 5.667
v 2.291 12.991 6.093
v 1.972 13.484 6.561
v 1.558 13.782 6.523
v 1.072 13.884 6.01
v 1.082 13.78 5.528
v 1.498 13.792 5.619
v 1.335 13.532 5.208
v 1.925 13.161 5.246
v 1.903 13.552 5.824
v 1.556 13.797 6.042
v 0.628 13.555 5.969
v 0.168 13.187 6.063
v 0.243 13.172 5.548
v -0.051 12.713 5.859
v 0.168 12.243 5.202
v 0.577 12.96 5.061
v 0.691 13.393 5.399
v 0.539 13.555 6.071
v 0.084 13.173 6.342
v -0.034 13.1 5.796
v -0.232 12.628 6.243
v -0.255 12.018 5.545
v 0.132 12.792 5.213
v 0.387 13.31 5.484
v 0.5 13.555 6.197
v 0.183 13.273 6.541
v -0.036 13.153 6.147
v -0.099 12.806 6.585
v -0.272 12.21 6.111
v -0.027 12.822 5.692
v 0.243 13.286 5.797
v 0.577 13.555 6.444
v 0.594 13.269 6.92
v 0.139 13.179 6.832
v 0.395 12.805 7.175
v -0.127 12.224 7.008
v -0.222 12.859 6.533
v 0.08 13.314 6.385
v 0.653 13.555 6.51
v 0.862 13.269 6.981
v 0.355 13.198 7.016
v 0.754 12.817 7.294
v 0.135 12.265 7.277
v -0.148 12.898 6.821
v 0.111 13.336 6.586
v 0.817 13.555 6.56
v 1.18 13.277 6.858
v 0.807 13.176 7.118
v 1.238 12.82 7.157
v 0.772 12.241 7.4
v 0.349 12.855 7.166
v 0.439 13.306 6.865
v 1.033 13.555 6.488
v 1.51 13.33 6.542
v 1.326 13.144 6.911
v 1.753 12.879 6.7
v 1.541 12.221 7.018
v 1 12.75 7.098
v 0.883 13.223 6.874
v 1.124 13.555 6.374
v 1.654 13.306 6.176
v 1.696 13.14 6.674
v 2.025 12.809 6.246
v 2.044 12.09 6.764
v 1.505 12.709 7.097
v 1.221 13.223 6.886
v 1.143 13.555 6.137
v 1.452 13.353 5.591
v 1.742 13.099 6.019
v 1.753 12.856 5.37
v 1.987 12.053 5.77
v 1.776 12.594 6.492
v 1.472 13.136 6.526
v 1.018 13.555 5.962
v 0.835 13.283 5.511
v 1.319 13.221 5.508
v 0.95 12.861 5.227
v 1.54 12.352 5.284
v 1.792 12.947 5.723
v 1.537 13.355 5.924
v 0.946 13.555 5.923
v 0.677 13.237 5.481
v 1.159 13.095 5.36
v 0.712 12.708 5.165
v 1.259 12.029 5.123
v 1.632 12.717 5.507
v 1.444 13.245 5.765
v 0.725 13.455 6.548
v 1.097 13.455 6.427
v 0.828 13.225 6.231
v 1.097 13.455 6.035
v 0.494 13.455 6.231
v 0.725 13.455 5.914
v 1.161 13.827 6.231
v 0.93 13.827 6.548
v 0.558 13.827 6.427
v 0.558 13.827 6.035
v 0.93 13.827 5.914
v 0.828 14.056 6.231
v -1.363 9.391 5.886
v -1.679 9.584 6.004
v -1.627 9.749 5.719
v -1.999 9.757 5.871
v -2.208 9.868 5.368
v -1.668 9.745 5.32
v -1.403 9.575 5.545
v -1.378 9.391 6.033
v -1.505 9.584 6.409
v -1.691 9.802 6.16
v -1.845 9.783 6.591
v -2.411 9.96 6.385
v -2.052 9.844 5.883
v -1.678 9.635 5.82
v -1.267 9.391 6.138
v -1.037 9.601 6.456
v -1.355 9.815 6.459
v -1.091 9.812 6.838
v -1.594 9.988 7.182
v -1.794 9.85 6.596
v -1.622 9.632 6.255
v -1.089 9.391 6.084
v -0.765 9.667 5.973
v -0.846 9.773 6.331
v -0.437 9.868 6.143
v -0.226 9.908 6.725
v -0.804 9.689 6.781
v -1.071 9.518 6.505
v -1.065 9.391 5.903
v -1.001 9.596 5.583
v -0.789 9.755 5.78
v -0.722 9.778 5.389
v -0.19 9.891 5.478
v -0.432 9.749 5.951
v -0.759 9.572 6.052
v -1.215 9.391 5.805
v -1.452 9.596 5.617
v -1.194 9.718 5.494
v -1.506 9.753 5.288
v -1.23 9.808 4.846
v -0.918 9.671 5.244
v -0.963 9.528 5.58
v -1.527 9.278 5.871
v -1.978 9.19 6.066
v -2.118 9.19 5.668
v -2.417 8.934 5.99
v -2.712 8.522 5.479
v -2.157 8.914 5.243
v -1.761 9.173 5.443
v -1.53 9.278 6.069
v -1.779 9.17 6.528
v -2.126 9.108 6.232
v -2.151 8.863 6.727
v -2.631 8.357 6.432
v -2.363 8.774 5.86
v -1.956 9.097 5.804
v -1.324 9.278 6.283
v -1.063 9.055 6.654
v -1.473 9.098 6.814
v -1.127 8.74 7.002
v -1.711 8.406 7.225
v -1.977 8.928 6.827
v -1.771 9.212 6.508
v -1.147 9.278 6.293
v -0.739 9.225 6.626
v -1.047 9.108 6.931
v -0.55 8.926 7.039
v -0.795 8.351 7.477
v -1.361 8.706 7.108
v -1.415 9.041 6.684
v -0.92 9.278 6.105
v -0.481 9.194 5.94
v -0.406 9.162 6.342
v -0.095 8.939 6.03
v 0.094 8.518 6.527
v -0.437 8.88 6.745
v -0.766 9.144 6.536
v -0.894 9.278 5.992
v -0.547 9.099 5.625
v -0.286 9.108 6.01
v -0.146 8.779 5.579
v 0.241 8.365 6.08
v -0.149 8.864 6.495
v -0.55 9.169 6.389
v -0.989 9.278 5.744
v -0.981 9.134 5.165
v -0.49 9.033 5.274
v -0.736 8.752 4.782
v -0.148 8.138 4.836
v -0.092 8.635 5.526
v -0.444 9.036 5.785
v -1.248 9.278 5.651
v -1.617 9.215 5.283
v -1.282 9.153 4.999
v -1.742 8.936 4.838
v -1.416 8.426 4.384
v -0.925 8.799 4.821
v -0.935 9.101 5.269
v -1.469 9.278 5.767
v -2.056 9.198 5.822
v -1.976 9.123 5.316
v -2.478 8.888 5.601
v -2.503 8.337 4.969
v -1.778 8.745 4.862
v -1.472 9.078 5.207
v -1.535 8.952 6.051
v -1.685 8.565 6.539
v -2.122 8.458 6.224
v -1.957 8.001 6.672
v -2.386 7.353 6.187
v -2.351 8.128 5.7
v -2.013 8.671 5.729
v -1.387 8.952 6.254
v -1.263 8.723 6.754
v -1.7 8.524 6.7
v -1.331 8.253 7.058
v -1.728 7.557 6.963
v -2.009 8.105 6.442
v -1.828 8.601 6.241
v -1.185 8.952 6.299
v -0.754 8.672 6.547
v -1.129 8.54 6.839
v -0.644 8.199 6.816
v -1.102 7.583 7.072
v -1.605 8.195 6.913
v -1.555 8.669 6.627
v -1.071 8.952 6.265
v -0.569 8.797 6.449
v -0.862 8.596 6.775
v -0.326 8.387 6.693
v -0.592 7.713 6.997
v -1.229 8.165 6.906
v -1.321 8.612 6.626
v -0.98 8.952 6.196
v -0.448 8.686 6.16
v -0.523 8.543 6.637
v -0.131 8.191 6.337
v -0.247 7.506 6.844
v -0.806 8.142 6.992
v -1.011 8.645 6.706
v -0.897 8.952 6.027
v -0.551 8.584 5.623
v -0.245 8.547 6.091
v -0.192 8.069 5.619
v 0.114 7.509 6.278
v -0.172 8.27 6.701
v -0.535 8.752 6.525
v -0.939 8.952 5.808
v -0.788 8.742 5.26
v -0.412 8.521 5.549
v -0.559 8.263 4.994
v -0.234 7.519 5.279
v -0.256 8.06 5.948
v -0.535 8.573 6.055
v -1.07 8.952 5.686
v -1.28 8.675 5.202
v -0.791 8.533 5.16
v -1.212 8.182 4.879
v -0.679 7.519 4.894
v -0.351 8.152 5.359
v -0.563 8.65 5.602
v -1.247 8.952 5.651
v -1.622 8.719 5.34
v -1.263 8.538 5.119
v -1.737 8.259 5.064
v -1.374 7.594 4.896
v -0.876 8.142 5.129
v -0.905 8.622 5.394
v -1.459 8.952 5.756
v -1.893 8.573 5.898
v -1.924 8.514 5.395
v -2.141 8.055 5.734
v -2.04 7.502 5.096
v -1.68 8.248 4.903
v -1.508 8.734 5.206
v -1.518 8.952 5.847
v -1.887 8.623 6.103
v -2.051 8.572 5.657
v -2.18 8.157 6.033
v -2.288 7.64 5.438
v -1.977 8.313 5.149
v -1.718 8.754 5.366
v -1.32 8.854 6.288
v -0.952 8.854 6.168
v -1.219 8.627 5.975
v -0.952 8.854 5.782
v -1.548 8.854 5.975
v -1.32 8.854 5.662
v -0.889 9.221 5.975
v -1.117 9.221 6.288
v -1.485 9.221 6.168
v -1.485 9.221 5.782
v -1.117 9.221 5.662
v -1.219 9.447 5.975
v -1.242 11.416 -6.523
v -1.578 11.596 -6.294
v -1.632 11.782 -6.621
v -1.992 11.745 -6.341
v -2.39 11.828 -6.828
v -1.799 11.761 -7.048
v -1.416 11.609 -6.883
v -1.138 11.416 -6.293
v -0.968 11.68 -5.974
v -1.308 11.853 -5.993
v -1.079 11.908 -5.598
v -1.617 12.034 -5.271
v -1.749 11.833 -5.866
v -1.527 11.617 -6.198
v -0.944 11.416 -6.301
v -0.473 11.614 -6.236
v -0.717 11.861 -5.954
v -0.186 11.814 -5.884
v -0.305 11.988 -5.188
v -0.965 11.896 -5.479
v -1.123 11.682 -5.898
v -0.867 11.416 -6.387
v -0.485 11.634 -6.599
v -0.536 11.852 -6.237
v -0.089 11.846 -6.486
v 0.185 12.013 -5.879
v -0.471 11.877 -5.73
v -0.804 11.659 -5.969
v -0.92 11.416 -6.626
v -0.994 11.575 -7.067
v -0.705 11.833 -6.926
v -0.77 11.766 -7.414
v -0.139 11.979 -7.481
v -0.226 11.912 -6.82
v -0.541 11.697 -6.573
v -1.094 11.416 -6.667
v -1.512 11.612 -6.89
v -1.212 11.9 -7.037
v -1.663 11.846 -7.312
v -1.323 12.105 -7.904
v -0.821 11.996 -7.385
v -0.811 11.736 -6.951
v -1.43 11.282 -6.427
v -1.768 11.057 -5.962
v -2.155 11.073 -6.319
v -2.235 10.668 -5.838
v -2.795 10.175 -6.31
v -2.415 10.787 -6.822
v -1.918 11.156 -6.783
v -1.263 11.282 -6.153
v -1.119 11.133 -5.513
v -1.7 11.087 -5.518
v -1.324 10.756 -5.026
v -2.065 10.166 -4.93
v -2.264 10.705 -5.689
v -1.902 11.091 -6.065
v -1.028 11.282 -6.088
v -0.529 11.241 -5.58
v -1.034 11.106 -5.252
v -0.371 10.885 -5.002
v -0.848 10.17 -4.466
v -1.541 10.596 -5.07
v -1.504 11 -5.637
v -0.749 11.282 -6.231
v -0.134 11.104 -6.343
v -0.166 11.129 -5.777
v 0.31 10.757 -6.094
v 0.347 10.286 -5.311
v -0.37 10.841 -5.193
v -0.7 11.174 -5.591
v -0.672 11.282 -6.55
v -0.275 11.225 -7.034
v 0.062 11.064 -6.646
v 0.196 10.871 -7.25
v 0.671 10.176 -6.936
v 0.24 10.577 -6.258
v -0.239 10.981 -6.208
v -0.819 11.282 -6.781
v -0.927 11.153 -7.468
v -0.34 10.988 -7.363
v -0.737 10.727 -7.936
v -0.081 9.986 -7.909
v 0.146 10.494 -7.09
v -0.191 10.959 -6.762
v -0.977 11.282 -6.85
v -1.347 11.141 -7.411
v -0.805 11.032 -7.62
v -1.36 10.727 -7.943
v -0.761 10.039 -8.288
v -0.258 10.578 -7.648
v -0.428 11.017 -7.165
v -1.309 11.282 -6.754
v -1.975 11.054 -6.737
v -1.865 11.047 -7.336
v -2.398 10.627 -7.061
v -2.305 10.052 -7.871
v -1.55 10.703 -7.902
v -1.268 11.118 -7.438
v -1.387 11.282 -6.653
v -1.887 10.937 -6.413
v -2.055 10.989 -6.948
v -2.306 10.48 -6.578
v -2.49 10.023 -7.366
v -1.99 10.774 -7.587
v -1.624 11.182 -7.254
v -1.23 10.898 -6.134
v -0.895 10.497 -5.573
v -1.554 10.439 -5.458
v -1.011 9.913 -5.172
v -1.857 9.25 -5.125
v -2.263 10.099 -5.645
v -1.938 10.652 -5.967
v -1.181 10.898 -6.112
v -0.835 10.526 -5.598
v -1.417 10.428 -5.408
v -0.894 9.94 -5.191
v -1.622 9.226 -5.046
v -2.047 10.041 -5.51
v -1.795 10.61 -5.864
v -0.826 10.898 -6.158
v -0.376 10.502 -6.197
v -0.434 10.438 -5.696
v -0.168 9.963 -5.975
v -0.394 9.389 -5.365
v -0.771 10.164 -5.265
v -0.878 10.669 -5.605
v -0.775 10.898 -6.202
v -0.051 10.626 -6.204
v -0.304 10.341 -5.653
v 0.336 10.017 -6.022
v 0.059 9.075 -5.542
v -0.767 9.76 -5.336
v -0.971 10.412 -5.633
v -0.664 10.898 -6.453
v -0.212 10.685 -6.85
v -0.019 10.479 -6.379
v 0.171 10.194 -6.944
v 0.354 9.431 -6.488
v -0.07 10.003 -5.924
v -0.413 10.526 -6
v -0.784 10.898 -6.751
v -0.826 10.645 -7.506
v -0.207 10.413 -7.298
v -0.607 10.061 -7.94
v 0.02 9.155 -7.725
v 0.23 9.847 -6.866
v -0.129 10.467 -6.611
v -0.927 10.898 -6.837
v -1.316 10.536 -7.295
v -0.739 10.479 -7.499
v -1.274 10.001 -7.677
v -0.523 9.388 -7.851
v -0.074 10.161 -7.438
v -0.316 10.669 -7.096
v -1.046 10.898 -6.857
v -1.451 10.594 -7.175
v -1.05 10.482 -7.47
v -1.525 10.093 -7.503
v -1.023 9.455 -7.782
v -0.552 10.128 -7.534
v -0.641 10.623 -7.201
v -1.283 10.898 -6.776
v -1.877 10.562 -6.723
v -1.665 10.415 -7.264
v -2.146 10.01 -6.91
v -1.813 9.307 -7.473
v -1.206 10.027 -7.663
v -1.094 10.576 -7.35
v -1.42 10.898 -6.567
v -1.752 10.436 -6.193
v -2.074 10.363 -6.668
v -2.07 9.823 -6.229
v -2.313 9.185 -6.928
v -2.104 10.065 -7.297
v -1.78 10.638 -7.083
v -1.387 10.898 -6.29
v -1.424 10.492 -5.686
v -2.007 10.419 -5.915
v -1.725 9.901 -5.437
v -2.404 9.229 -5.829
v -2.455 10.074 -6.421
v -2.032 10.636 -6.506
v -1.168 10.781 -6.103
v -0.734 10.781 -6.244
v -1.048 10.513 -6.472
v -0.734 10.781 -6.701
v -1.437 10.781 -6.472
v -1.168 10.781 -6.842
v -0.659 11.215 -6.472
v -0.928 11.215 -6.103
v -1.362 11.215 -6.244
v -1.362 11.215 -6.701
v -0.928 11.215 -6.842
v -1.048 11.483 -6.472
v 1.577 9.651 -5.614
v 1.672 9.828 -5.985
v 1.895 10.033 -5.792
v 1.996 9.997 -6.211
v 2.581 10.131 -6.116
v 2.28 10.049 -5.595
v 1.908 9.871 -5.472
v 1.381 9.651 -5.701
v 1.061 9.839 -5.855
v 1.298 9.977 -6.063
v 0.907 9.974 -6.202
v 1.089 10.006 -6.746
v 1.537 9.918 -6.397
v 1.586 9.793 -6.017
v 1.266 9.651 -5.602
v 0.932 9.777 -5.442
v 0.976 9.994 -5.7
v 0.604 9.933 -5.54
v 0.405 10.113 -6.023
v 0.95 10.064 -6.103
v 1.22 9.887 -5.911
v 1.303 9.651 -5.412
v 1.391 9.926 -5.05
v 1.046 10.082 -5.182
v 1.18 10.154 -4.724
v 0.546 10.259 -4.585
v 0.565 10.043 -5.205
v 0.879 9.834 -5.451
v 1.416 9.651 -5.363
v 1.735 9.761 -5.014
v 1.435 10.046 -4.944
v 1.752 9.918 -4.572
v 1.273 10.138 -4.131
v 0.979 10.146 -4.752
v 1.091 9.951 -5.164
v 1.574 9.651 -5.451
v 1.891 9.849 -5.609
v 1.832 10.021 -5.305
v 2.211 10.035 -5.498
v 2.417 10.167 -4.981
v 1.871 10.03 -4.882
v 1.607 9.845 -5.096
v 1.629 9.536 -5.792
v 1.545 9.363 -6.324
v 2.029 9.314 -6.293
v 1.737 9.001 -6.695
v 2.348 8.48 -6.701
v 2.48 8.993 -6.098
v 2.164 9.356 -5.826
v 1.295 9.536 -5.837
v 0.808 9.298 -5.946
v 1.037 9.316 -6.372
v 0.605 8.941 -6.26
v 0.923 8.535 -6.838
v 1.442 9.1 -6.73
v 1.505 9.431 -6.337
v 1.182 9.536 -5.758
v 0.558 9.503 -5.749
v 0.689 9.386 -6.265
v 0.117 9.201 -6.001
v 0.115 8.589 -6.632
v 0.914 8.948 -6.7
v 1.222 9.293 -6.332
v 1.101 9.536 -5.472
v 0.786 9.379 -4.974
v 0.44 9.28 -5.362
v 0.385 8.991 -4.796
v -0.064 8.384 -5.212
v 0.251 8.892 -5.832
v 0.675 9.296 -5.837
v 1.252 9.536 -5.254
v 1.331 9.473 -4.687
v 0.85 9.395 -4.663
v 1.151 9.167 -4.214
v 0.574 8.597 -4.034
v 0.426 8.998 -4.746
v 0.727 9.332 -5.131
v 1.319 9.536 -5.222
v 1.584 9.366 -4.726
v 1.099 9.306 -4.591
v 1.528 8.992 -4.291
v 0.941 8.439 -4.071
v 0.597 8.961 -4.626
v 0.809 9.34 -5.005
v 1.602 9.536 -5.257
v 2.154 9.397 -5.145
v 1.959 9.352 -4.687
v 2.468 9.056 -4.815
v 2.295 8.532 -4.202
v 1.635 9.015 -4.307
v 1.46 9.362 -4.722
v 1.732 9.536 -5.418
v 2.133 9.342 -5.653
v 2.268 9.363 -5.238
v 2.494 9.031 -5.579
v 2.697 8.659 -5.009
v 2.257 9.156 -4.755
v 1.936 9.446 -4.967
v 1.707 9.536 -5.704
v 1.78 9.309 -6.201
v 2.229 9.404 -6.066
v 2.122 9.001 -6.464
v 2.814 8.699 -6.273
v 2.684 9.256 -5.744
v 2.249 9.521 -5.601
v 1.345 9.207 -5.854
v 0.938 8.826 -5.967
v 1.156 8.768 -6.392
v 0.834 8.314 -6.231
v 1.244 7.776 -6.696
v 1.601 8.514 -6.663
v 1.577 8.993 -6.327
v 1.254 9.207 -5.816
v 0.663 8.982 -5.921
v 0.966 8.792 -6.353
v 0.39 8.501 -6.157
v 0.723 7.779 -6.577
v 1.416 8.351 -6.593
v 1.518 8.857 -6.284
v 1.113 9.207 -5.642
v 0.733 8.845 -5.354
v 0.543 8.734 -5.811
v 0.438 8.304 -5.392
v 0.339 7.667 -5.968
v 0.629 8.403 -6.315
v 0.891 8.928 -6.123
v 1.095 9.207 -5.524
v 0.756 8.956 -5.112
v 0.544 8.766 -5.535
v 0.468 8.47 -5.004
v 0.32 7.774 -5.444
v 0.579 8.355 -5.988
v 0.848 8.86 -5.933
v 1.156 9.207 -5.343
v 1.079 9.015 -4.798
v 0.662 8.845 -5.029
v 0.86 8.58 -4.517
v 0.441 7.912 -4.757
v 0.411 8.43 -5.398
v 0.705 8.889 -5.532
v 1.396 9.207 -5.206
v 1.733 8.98 -4.826
v 1.317 8.791 -4.684
v 1.804 8.521 -4.535
v 1.395 7.85 -4.448
v 0.915 8.388 -4.775
v 0.992 8.869 -5.026
v 1.58 9.207 -5.244
v 2.062 8.955 -5.098
v 1.816 8.764 -4.737
v 2.284 8.465 -4.881
v 2.011 7.763 -4.573
v 1.448 8.349 -4.592
v 1.365 8.858 -4.857
v 1.66 9.207 -5.304
v 2.159 9.03 -5.262
v 2.016 8.827 -4.885
v 2.457 8.602 -5.108
v 2.335 7.921 -4.78
v 1.745 8.4 -4.685
v 1.566 8.861 -4.91
v 1.741 9.207 -5.444
v 2.075 8.901 -5.744
v 2.27 8.842 -5.322
v 2.365 8.453 -5.719
v 2.524 7.944 -5.161
v 2.247 8.581 -4.824
v 1.977 9.007 -4.997
v 1.728 9.207 -5.663
v 1.952 8.987 -6.161
v 2.31 8.798 -5.87
v 2.238 8.508 -6.391
v 2.577 7.786 -6.105
v 2.45 8.354 -5.49
v 2.128 8.858 -5.409
v 1.501 9.207 -5.855
v 1.162 8.869 -6.202
v 1.61 8.787 -6.426
v 1.17 8.37 -6.505
v 1.755 7.79 -6.678
v 2.142 8.487 -6.406
v 1.972 8.967 -6.119
v 1.321 9.107 -5.218
v 1.694 9.107 -5.339
v 1.424 8.877 -5.534
v 1.694 9.107 -5.73
v 1.091 9.107 -5.534
v 1.321 9.107 -5.851
v 1.757 9.479 -5.534
v 1.527 9.479 -5.218
v 1.155 9.479 -5.339
v 1.155 9.479 -5.73
v 1.527 9.479 -5.851
v 1.424 9.708 -5.534
v -1.482 8.278 -4.423
v -1.796 8.432 -4.686
v -1.523 8.665 -4.791
v -1.86 8.6 -5.082
v -1.493 8.771 -5.556
v -1.15 8.716 -5.038
v -1.205 8.528 -4.649
v -1.584 8.278 -4.382
v -1.994 8.458 -4.393
v -1.86 8.651 -4.692
v -2.316 8.607 -4.675
v -2.379 8.692 -5.309
v -1.762 8.63 -5.139
v -1.532 8.477 -4.779
v -1.636 8.278 -4.211
v -1.711 8.56 -3.885
v -1.953 8.675 -4.155
v -2.023 8.777 -3.715
v -2.614 8.847 -3.872
v -2.348 8.611 -4.375
v -1.982 8.421 -4.435
v -1.493 8.278 -4.089
v -1.194 8.536 -3.856
v -1.554 8.67 -3.742
v -1.156 8.734 -3.476
v -1.573 8.798 -2.99
v -1.951 8.609 -3.474
v -1.856 8.432 -3.855
v -1.349 8.278 -4.144
v -1.026 8.471 -4.225
v -1.135 8.624 -3.948
v -0.748 8.642 -4.055
v -0.648 8.748 -3.533
v -1.174 8.617 -3.547
v -1.381 8.45 -3.802
v -1.333 8.278 -4.345
v -1.235 8.427 -4.757
v -1.024 8.69 -4.58
v -0.898 8.609 -5.013
v -0.293 8.82 -4.923
v -0.625 8.77 -4.37
v -1.007 8.562 -4.222
v -1.631 8.166 -4.536
v -2.094 7.964 -4.608
v -1.936 8.027 -5.02
v -2.324 7.672 -4.913
v -2.111 7.361 -5.523
v -1.612 7.865 -5.417
v -1.5 8.124 -5.028
v -1.72 8.166 -4.463
v -2.139 7.961 -4.41
v -2.171 7.995 -4.805
v -2.444 7.651 -4.614
v -2.486 7.299 -5.19
v -2.04 7.806 -5.225
v -1.802 8.09 -4.919
v -1.787 8.166 -4.179
v -2.053 8.083 -3.711
v -2.383 8.021 -4.05
v -2.435 7.798 -3.524
v -2.91 7.305 -3.866
v -2.611 7.687 -4.457
v -2.199 7.991 -4.489
v -1.669 8.166 -3.999
v -1.549 7.992 -3.498
v -2.021 7.939 -3.537
v -1.705 7.645 -3.16
v -2.289 7.155 -3.181
v -2.466 7.641 -3.74
v -2.183 7.989 -3.982
v -1.452 8.166 -3.935
v -1.058 7.974 -3.609
v -1.398 7.952 -3.292
v -0.962 7.612 -3.202
v -1.389 7.124 -2.762
v -1.841 7.66 -3.112
v -1.791 8.014 -3.534
v -1.272 8.166 -4.006
v -0.84 8.061 -3.926
v -0.96 7.957 -3.578
v -0.567 7.757 -3.709
v -0.637 7.248 -3.309
v -1.167 7.623 -3.337
v -1.341 7.95 -3.616
v -1.153 8.166 -4.242
v -0.836 7.91 -4.628
v -0.526 7.992 -4.257
v -0.426 7.573 -4.66
v 0.03 7.248 -4.104
v -0.329 7.839 -3.723
v -0.755 8.131 -3.846
v -1.182 8.166 -4.39
v -0.991 8.116 -4.809
v -0.661 8.047 -4.603
v -0.669 7.87 -5.043
v -0.213 7.41 -4.895
v -0.419 7.727 -4.349
v -0.782 7.997 -4.23
v -1.308 8.166 -4.531
v -1.409 8.097 -5.051
v -0.965 7.967 -5.025
v -1.284 7.787 -5.445
v -0.798 7.212 -5.517
v -0.598 7.572 -4.883
v -0.838 7.917 -4.582
v -1.685 7.845 -4.499
v -2.217 7.668 -4.597
v -2.037 7.454 -4.99
v -2.533 7.218 -4.8
v -2.394 6.489 -5.153
v -1.745 6.992 -5.186
v -1.561 7.479 -4.918
v -1.784 7.845 -4.341
v -2.079 7.509 -4.067
v -2.318 7.471 -4.44
v -2.36 7.055 -4.106
v -2.565 6.575 -4.651
v -2.34 7.242 -4.923
v -2.062 7.665 -4.747
v -1.741 7.845 -4.076
v -1.711 7.483 -3.601
v -2.213 7.44 -3.707
v -1.941 6.986 -3.384
v -2.556 6.454 -3.634
v -2.645 7.181 -4.067
v -2.297 7.646 -4.17
v -1.689 7.845 -4.017
v -1.484 7.443 -3.524
v -2.063 7.367 -3.538
v -1.63 6.888 -3.261
v -2.334 6.289 -3.425
v -2.622 7.076 -3.848
v -2.311 7.599 -4.013
v -1.414 7.845 -3.94
v -1.019 7.578 -3.737
v -1.324 7.445 -3.446
v -0.9 7.127 -3.501
v -1.277 6.538 -3.251
v -1.733 7.115 -3.359
v -1.712 7.568 -3.618
v -1.347 7.845 -3.96
v -0.842 7.468 -3.935
v -1.073 7.421 -3.437
v -0.668 6.959 -3.685
v -1.075 6.421 -3.112
v -1.552 7.164 -3.057
v -1.579 7.64 -3.411
v -1.156 7.845 -4.213
v -0.745 7.55 -4.6
v -0.563 7.367 -4.116
v -0.425 7.016 -4.658
v -0.316 6.285 -4.135
v -0.653 6.945 -3.615
v -0.935 7.491 -3.731
v -1.18 7.845 -4.386
v -1.171 7.475 -4.859
v -0.691 7.431 -4.651
v -0.941 6.983 -5.021
v -0.386 6.475 -4.637
v -0.317 7.194 -4.2
v -0.652 7.651 -4.175
v -1.274 7.845 -4.507
v -1.457 7.516 -5.036
v -0.91 7.38 -4.975
v -1.342 6.984 -5.324
v -0.742 6.318 -5.152
v -0.435 7.015 -4.649
v -0.701 7.541 -4.474
v -1.335 7.845 -4.545
v -1.63 7.517 -5.007
v -1.087 7.441 -5.11
v -1.558 7.019 -5.336
v -0.884 6.428 -5.377
v -0.513 7.128 -4.957
v -0.759 7.609 -4.691
v -1.6 7.845 -4.552
v -2.109 7.593 -4.728
v -1.832 7.454 -5.13
v -2.327 7.115 -5.016
v -2.003 6.447 -5.434
v -1.418 7.06 -5.344
v -1.351 7.547 -5.001
v -1.575 7.747 -3.946
v -1.211 7.747 -4.065
v -1.474 7.523 -4.256
v -1.211 7.747 -4.447
v -1.799 7.747 -4.256
v -1.575 7.747 -4.565
v -1.149 8.11 -4.256
v -1.374 8.11 -3.946
v -1.737 8.11 -4.065
v -1.737 8.11 -4.447
v -1.374 8.11 -4.565
v -1.474 8.334 -4.256
v -1.067 15.167 5.086
v -0.729 15.292 4.892
v -0.744 15.52 5.163
v -0.373 15.447 4.965
v -0.113 15.63 5.45
v -0.676 15.591 5.579
v -0.982 15.412 5.403
v -1.108 15.167 4.922
v -1.197 15.408 4.584
v -0.877 15.546 4.708
v -1.01 15.604 4.287
v -0.431 15.691 4.171
v -0.434 15.509 4.74
v -0.717 15.328 4.962
v -1.266 15.167 4.885
v -1.592 15.295 4.745
v -1.374 15.486 4.594
v -1.733 15.433 4.439
v -1.518 15.568 3.97
v -1.107 15.523 4.307
v -1.071 15.371 4.635
v -1.376 15.167 5.013
v -1.599 15.404 5.224
v -1.716 15.498 4.93
v -1.957 15.563 5.24
v -2.409 15.57 4.918
v -1.962 15.405 4.633
v -1.603 15.272 4.718
v -1.327 15.167 5.154
v -1.289 15.375 5.427
v -1.563 15.46 5.37
v -1.46 15.513 5.703
v -1.924 15.515 5.881
v -1.904 15.375 5.404
v -1.658 15.26 5.178
v -1.169 15.167 5.189
v -0.858 15.282 5.351
v -1.043 15.483 5.503
v -0.717 15.408 5.677
v -0.904 15.543 6.156
v -1.287 15.524 5.788
v -1.333 15.378 5.444
v -0.917 15.061 4.985
v -0.727 14.832 4.654
v -0.413 14.854 4.863
v -0.42 14.51 4.565
v 0.007 14.165 4.895
v -0.191 14.68 5.22
v -0.537 14.974 5.199
v -1.019 15.061 4.805
v -1.074 14.886 4.344
v -0.653 14.946 4.336
v -0.847 14.608 4.004
v -0.219 14.284 3.955
v -0.195 14.764 4.476
v -0.53 15.016 4.737
v -1.203 15.061 4.732
v -1.548 14.881 4.409
v -1.203 14.955 4.148
v -1.58 14.612 4.008
v -1.086 14.317 3.586
v -0.729 14.796 3.975
v -0.839 15.034 4.382
v -1.48 15.061 4.878
v -1.949 14.95 4.975
v -1.98 14.903 4.56
v -2.326 14.656 4.831
v -2.446 14.187 4.317
v -1.889 14.596 4.172
v -1.585 14.9 4.425
v -1.522 15.061 4.998
v -1.878 14.857 5.293
v -2.129 14.891 4.946
v -2.279 14.534 5.29
v -2.651 14.154 4.795
v -2.252 14.679 4.49
v -1.855 14.978 4.627
v -1.407 15.061 5.278
v -1.356 14.947 5.807
v -1.811 14.85 5.753
v -1.537 14.612 6.185
v -2.072 14.053 6.202
v -2.194 14.481 5.569
v -1.903 14.838 5.295
v -1.253 15.061 5.341
v -0.923 14.943 5.757
v -1.343 14.851 5.947
v -0.88 14.61 6.165
v -1.337 14.062 6.453
v -1.778 14.491 5.99
v -1.672 14.844 5.611
v -1.132 15.061 5.331
v -0.77 14.951 5.544
v -0.991 14.914 5.836
v -0.612 14.683 5.86
v -0.843 14.271 6.27
v -1.283 14.649 6.039
v -1.329 14.922 5.692
v -0.925 15.061 5.124
v -0.457 15.06 4.906
v -0.367 14.947 5.331
v -0.024 14.822 4.933
v 0.224 14.301 5.378
v -0.366 14.565 5.713
v -0.742 14.846 5.556
v -1.021 14.755 4.804
v -1.129 14.459 4.441
v -0.728 14.402 4.407
v -0.997 14.037 4.223
v -0.494 13.565 4.282
v -0.342 14.165 4.592
v -0.583 14.566 4.75
v -1.222 14.755 4.731
v -1.578 14.541 4.404
v -1.198 14.367 4.224
v -1.672 14.109 4.13
v -1.288 13.476 3.997
v -0.805 13.987 4.264
v -0.856 14.44 4.516
v -1.358 14.755 4.765
v -1.843 14.514 4.672
v -1.572 14.355 4.312
v -2.042 14.07 4.482
v -1.71 13.453 4.155
v -1.16 13.996 4.131
v -1.109 14.453 4.38
v -1.483 14.755 4.884
v -1.993 14.525 5.014
v -1.957 14.328 4.567
v -2.313 14.047 4.943
v -2.243 13.34 4.529
v -1.713 13.901 4.243
v -1.493 14.402 4.431
v -1.513 14.755 4.956
v -1.921 14.452 5.297
v -2.093 14.347 4.807
v -2.249 13.961 5.29
v -2.376 13.343 4.698
v -2.019 14.007 4.272
v -1.73 14.49 4.449
v -1.474 14.755 5.206
v -1.575 14.533 5.709
v -1.973 14.372 5.506
v -1.799 14.08 5.966
v -2.191 13.417 5.744
v -2.196 13.971 5.164
v -1.906 14.442 5.04
v -1.378 14.755 5.298
v -1.214 14.453 5.746
v -1.675 14.355 5.813
v -1.323 13.969 6.05
v -1.871 13.366 6.052
v -2.111 14.025 5.638
v -1.87 14.5 5.403
v -1.188 14.755 5.342
v -0.784 14.435 5.582
v -1.101 14.364 5.937
v -0.696 13.952 5.896
v -1.149 13.383 6.272
v -1.569 14.064 6.098
v -1.512 14.529 5.75
v -0.998 14.755 5.249
v -0.536 14.419 5.111
v -0.555 14.382 5.62
v -0.274 13.952 5.281
v -0.397 13.449 5.928
v -0.822 14.135 6.117
v -0.992 14.571 5.807
v -0.914 14.755 5.065
v -0.71 14.426 4.741
v -0.426 14.383 5.066
v -0.467 13.989 4.725
v -0.204 13.537 5.219
v -0.329 14.172 5.534
v -0.595 14.578 5.415
v -0.917 14.755 4.988
v -0.749 14.389 4.549
v -0.35 14.314 4.857
v -0.473 13.873 4.449
v -0.067 13.3 4.927
v -0.141 14.029 5.358
v -0.473 14.519 5.307
v -1.314 14.662 5.331
v -0.968 14.662 5.219
v -1.219 14.449 5.037
v -0.968 14.662 4.855
v -1.528 14.662 5.037
v -1.314 14.662 4.743
v -0.909 15.007 5.037
v -1.123 15.007 5.331
v -1.469 15.007 5.219
v -1.469 15.007 4.855
v -1.123 15.007 4.743
v -1.219 15.22 5.037
v -0.976 15.508 -3.818
v -1.288 15.739 -3.976
v -0.985 15.862 -4.141
v -1.389 15.915 -4.31
v -1.098 15.972 -4.817
v -0.673 15.807 -4.448
v -0.691 15.648 -4.09
v -1.122 15.508 -3.668
v -1.347 15.651 -3.452
v -1.389 15.846 -3.665
v -1.656 15.816 -3.439
v -1.988 15.99 -3.76
v -1.55 15.905 -3.971
v -1.259 15.725 -3.896
v -1.081 15.508 -3.552
v -1.047 15.678 -3.135
v -1.36 15.86 -3.295
v -1.295 15.823 -2.825
v -1.922 15.911 -2.802
v -1.817 15.846 -3.422
v -1.482 15.698 -3.633
v -0.955 15.508 -3.499
v -0.671 15.749 -3.358
v -0.965 15.857 -3.203
v -0.584 15.934 -3.045
v -0.861 15.991 -2.563
v -1.256 15.799 -2.907
v -1.232 15.637 -3.243
v -0.805 15.508 -3.633
v -0.56 15.74 -3.861
v -0.454 15.859 -3.552
v -0.185 15.905 -3.869
v 0.27 15.936 -3.504
v -0.215 15.784 -3.216
v -0.585 15.639 -3.316
v -0.871 15.508 -3.79
v -0.986 15.709 -4.106
v -0.675 15.836 -4.046
v -0.845 15.862 -4.419
v -0.328 15.915 -4.61
v -0.269 15.789 -4.074
v -0.506 15.648 -3.818
v -1.143 15.402 -3.906
v -1.585 15.358 -4.007
v -1.456 15.31 -4.37
v -1.877 15.131 -4.282
v -1.832 14.705 -4.776
v -1.264 15.011 -4.672
v -1.074 15.258 -4.332
v -1.266 15.402 -3.701
v -1.693 15.328 -3.413
v -1.902 15.306 -3.801
v -2.153 15.065 -3.399
v -2.54 14.614 -3.852
v -2.013 14.997 -4.219
v -1.576 15.271 -4.097
v -1.192 15.402 -3.457
v -1.253 15.285 -2.928
v -1.701 15.234 -3.027
v -1.536 14.962 -2.57
v -2.123 14.441 -2.601
v -2.082 14.891 -3.243
v -1.707 15.226 -3.488
v -1.034 15.402 -3.361
v -0.748 15.23 -2.98
v -1.149 15.262 -2.8
v -0.778 14.942 -2.596
v -1.325 14.587 -2.307
v -1.636 15.058 -2.743
v -1.463 15.327 -3.103
v -0.879 15.402 -3.365
v -0.484 15.331 -3.094
v -0.75 15.235 -2.795
v -0.297 15.045 -2.736
v -0.52 14.529 -2.325
v -1.046 14.882 -2.613
v -1.109 15.195 -2.991
v -0.707 15.402 -3.491
v -0.255 15.258 -3.623
v -0.235 15.28 -3.195
v 0.094 14.991 -3.469
v 0.177 14.637 -2.881
v -0.346 15.067 -2.738
v -0.622 15.321 -3.013
v -0.659 15.402 -3.693
v -0.439 15.186 -4.023
v -0.136 15.245 -3.79
v -0.101 14.895 -4.096
v 0.344 14.605 -3.729
v 0.09 15.104 -3.408
v -0.28 15.359 -3.45
v -0.839 15.402 -3.938
v -0.966 15.35 -4.378
v -0.588 15.243 -4.417
v -0.893 15.088 -4.747
v -0.49 14.59 -4.894
v -0.267 14.897 -4.356
v -0.445 15.191 -4.053
v -1.027 15.402 -3.958
v -1.513 15.222 -4.221
v -1.157 15.165 -4.577
v -1.68 14.853 -4.595
v -1.267 14.322 -5.06
v -0.69 14.839 -4.797
v -0.688 15.211 -4.39
v -1.254 15.096 -3.752
v -1.752 14.851 -3.458
v -1.799 14.646 -3.962
v -2.086 14.352 -3.45
v -2.076 13.618 -3.945
v -1.597 14.205 -4.405
v -1.344 14.728 -4.254
v -1.22 15.096 -3.493
v -1.317 14.887 -3.011
v -1.661 14.698 -3.252
v -1.494 14.452 -2.783
v -1.787 13.803 -3.044
v -1.816 14.305 -3.611
v -1.584 14.765 -3.701
v -1.183 15.096 -3.447
v -1.185 14.881 -2.926
v -1.604 14.699 -3.087
v -1.34 14.43 -2.642
v -1.733 13.756 -2.827
v -1.865 14.289 -3.411
v -1.623 14.764 -3.567
v -0.916 15.096 -3.357
v -0.506 14.758 -3.177
v -0.803 14.665 -2.816
v -0.409 14.26 -2.916
v -0.85 13.683 -2.567
v -1.267 14.368 -2.652
v -1.221 14.848 -2.956
v -0.848 15.096 -3.375
v -0.419 14.864 -3.271
v -0.665 14.768 -2.927
v -0.256 14.47 -3.057
v -0.579 13.958 -2.698
v -1.052 14.479 -2.726
v -1.082 14.872 -2.995
v -0.719 15.096 -3.474
v -0.222 14.826 -3.625
v -0.3 14.674 -3.144
v 0.05 14.351 -3.532
v -0.112 13.715 -3.034
v -0.605 14.312 -2.751
v -0.768 14.793 -2.975
v -0.657 15.096 -3.647
v -0.325 14.8 -4.025
v -0.036 14.705 -3.634
v 0.018 14.314 -4.081
v 0.306 13.7 -3.584
v 0.03 14.364 -3.149
v -0.314 14.842 -3.248
v -0.716 15.096 -3.839
v -0.692 14.871 -4.263
v -0.316 14.772 -4.131
v -0.512 14.477 -4.476
v -0.106 13.956 -4.288
v -0.05 14.474 -3.84
v -0.307 14.868 -3.733
v -0.786 15.096 -3.909
v -0.931 14.872 -4.358
v -0.503 14.728 -4.287
v -0.858 14.458 -4.609
v -0.422 13.886 -4.473
v -0.156 14.395 -4.02
v -0.346 14.819 -3.867
v -1.071 15.096 -3.945
v -1.598 14.843 -4.11
v -1.258 14.683 -4.482
v -1.798 14.368 -4.361
v -1.398 13.703 -4.715
v -0.785 14.293 -4.655
v -0.754 14.781 -4.354
v -1.134 15.096 -3.913
v -1.577 14.854 -3.925
v -1.39 14.728 -4.302
v -1.772 14.439 -4.08
v -1.507 13.89 -4.45
v -1.037 14.418 -4.545
v -0.965 14.837 -4.313
v -1.058 15.003 -3.365
v -0.713 15.003 -3.477
v -0.963 14.79 -3.659
v -0.713 15.003 -3.841
v -1.272 15.003 -3.659
v -1.058 15.003 -3.953
v -0.654 15.348 -3.659
v -0.867 15.348 -3.365
v -1.213 15.348 -3.477
v -1.213 15.348 -3.841
v -0.867 15.348 -3.953
v -0.963 15.561 -3.659
v 3.144 7.545 4.082
v 3.103 7.732 3.767
v 3.384 7.848 3.855
v 3.293 7.865 3.486
v 3.803 7.892 3.363
v 3.76 7.787 3.876
v 3.491 7.668 4.093
v 2.987 7.545 4.053
v 2.704 7.718 3.98
v 2.882 7.866 3.804
v 2.542 7.875 3.723
v 2.64 7.98 3.258
v 3.049 7.866 3.497
v 3.127 7.711 3.791
v 2.904 7.545 4.215
v 2.744 7.664 4.479
v 2.625 7.838 4.293
v 2.45 7.79 4.578
v 2.039 7.91 4.373
v 2.388 7.869 4.055
v 2.693 7.73 4.043
v 2.944 7.545 4.287
v 2.985 7.743 4.628
v 2.682 7.867 4.533
v 2.777 7.881 4.931
v 2.227 7.906 5.061
v 2.279 7.8 4.509
v 2.57 7.675 4.276
v 3.119 7.545 4.307
v 3.387 7.727 4.341
v 3.255 7.826 4.564
v 3.588 7.857 4.567
v 3.6 7.885 5.033
v 3.172 7.769 4.883
v 3.041 7.654 4.604
v 3.183 7.545 4.219
v 3.382 7.765 4.046
v 3.454 7.86 4.314
v 3.688 7.928 4.059
v 4.056 7.968 4.382
v 3.649 7.799 4.601
v 3.35 7.657 4.498
v 2.983 7.45 3.917
v 2.631 7.369 3.694
v 2.893 7.298 3.446
v 2.491 7.118 3.4
v 2.751 6.694 3.063
v 3.201 7.016 3.298
v 3.223 7.283 3.608
v 2.922 7.45 3.939
v 2.577 7.249 3.867
v 2.688 7.276 3.538
v 2.417 6.968 3.624
v 2.602 6.672 3.162
v 2.949 7.128 3.246
v 3.02 7.381 3.551
v 2.771 7.45 4.158
v 2.454 7.369 4.42
v 2.274 7.364 4.109
v 2.103 7.153 4.446
v 1.791 6.813 4.068
v 2.175 7.141 3.75
v 2.514 7.358 3.84
v 2.796 7.45 4.303
v 2.627 7.339 4.766
v 2.253 7.298 4.552
v 2.297 7.047 5.007
v 1.782 6.584 4.807
v 1.961 6.995 4.242
v 2.347 7.296 4.128
v 3.011 7.45 4.457
v 3.306 7.217 4.715
v 2.988 7.258 4.949
v 3.31 6.912 5.02
v 2.835 6.612 5.328
v 2.545 7.117 5.063
v 2.669 7.388 4.751
v 3.117 7.45 4.449
v 3.501 7.231 4.584
v 3.275 7.257 4.918
v 3.627 6.925 4.865
v 3.296 6.602 5.319
v 2.899 7.096 5.181
v 2.895 7.373 4.847
v 3.259 7.45 4.356
v 3.706 7.288 4.292
v 3.695 7.254 4.701
v 4.023 6.97 4.463
v 4.039 6.526 4.986
v 3.537 6.984 5.085
v 3.301 7.3 4.81
v 3.304 7.45 4.095
v 3.449 7.222 3.665
v 3.831 7.263 3.879
v 3.775 6.897 3.5
v 4.318 6.548 3.813
v 4.152 7.084 4.259
v 3.763 7.378 4.298
v 3.167 7.45 3.939
v 3.074 7.391 3.479
v 3.459 7.291 3.438
v 3.178 7.116 3.089
v 3.597 6.601 2.927
v 3.777 6.935 3.495
v 3.574 7.24 3.818
v 2.896 7.175 3.953
v 2.445 7.017 3.849
v 2.696 6.823 3.561
v 2.232 6.641 3.69
v 2.48 6.042 3.46
v 3.034 6.45 3.452
v 3.113 6.858 3.65
v 2.788 7.175 4.086
v 2.442 6.928 4.306
v 2.333 6.84 3.921
v 2.183 6.527 4.271
v 2.119 6.024 3.811
v 2.426 6.564 3.524
v 2.645 6.959 3.684
v 2.783 7.175 4.27
v 2.641 6.927 4.648
v 2.316 6.835 4.43
v 2.41 6.519 4.784
v 2.076 6.003 4.485
v 2.146 6.549 4.08
v 2.421 6.952 4.061
v 2.801 7.175 4.312
v 2.736 6.961 4.723
v 2.408 6.847 4.511
v 2.564 6.584 4.892
v 2.243 6.077 4.619
v 2.218 6.557 4.167
v 2.447 6.939 4.118
v 2.992 7.175 4.454
v 3.259 6.958 4.735
v 2.911 6.857 4.865
v 3.281 6.593 4.957
v 2.878 6.118 5.042
v 2.535 6.592 4.811
v 2.638 6.957 4.612
v 3.062 7.175 4.459
v 3.47 6.906 4.706
v 3.113 6.835 5.01
v 3.558 6.477 5.005
v 3.09 5.95 5.328
v 2.635 6.547 5.133
v 2.701 6.964 4.813
v 3.257 7.175 4.358
v 3.708 6.994 4.298
v 3.631 6.861 4.691
v 3.981 6.615 4.417
v 3.889 6.055 4.822
v 3.396 6.52 4.985
v 3.221 6.915 4.772
v 3.312 7.175 4.243
v 3.584 6.864 3.97
v 3.829 6.839 4.31
v 3.863 6.445 3.995
v 4.097 6.004 4.502
v 3.882 6.628 4.767
v 3.6 7.018 4.613
v 3.272 7.175 4.031
v 3.341 6.929 3.572
v 3.72 6.776 3.749
v 3.528 6.474 3.349
v 3.886 5.847 3.576
v 3.931 6.411 4.079
v 3.677 6.876 4.18
v 3.213 7.175 3.968
v 3.086 6.926 3.605
v 3.471 6.837 3.618
v 3.174 6.537 3.398
v 3.609 6.062 3.493
v 3.814 6.582 3.826
v 3.619 6.964 3.961
v 3.015 7.175 3.912
v 2.708 7.027 3.637
v 3.01 6.857 3.49
v 2.601 6.679 3.407
v 2.873 6.13 3.295
v 3.306 6.515 3.522
v 3.296 6.89 3.733
v 2.958 7.092 4.449
v 3.269 7.092 4.348
v 3.044 6.901 4.185
v 3.269 7.092 4.021
v 2.767 7.092 4.185
v 2.958 7.092 3.921
v 3.322 7.401 4.185
v 3.13 7.401 4.449
v 2.82 7.401 4.348
v 2.82 7.401 4.021
v 3.13 7.401 3.921
v 3.044 7.593 4.185
vt 0.1 0.137
vt 0.041 0.163
vt 0.1 0.18
vt 0.03 0.199
vt 0.1 0.238
vt 0.17 0.199
vt 0.158 0.163
vt 0.1 0.012
vt 0.041 0.038
vt 0.1 0.055
vt 0.03 0.074
vt 0.1 0.113
vt 0.17 0.074
vt 0.158 0.038
vt 0.1 0.262
vt 0.041 0.288
vt 0.1 0.305
vt 0.03 0.324
vt 0.1 0.363
vt 0.17 0.324
vt 0.158 0.288
vt 0.1 0.387
vt 0.041 0.413
vt 0.1 0.43
vt 0.03 0.449
vt 0.1 0.488
vt 0.17 0.449
vt 0.158 0.413
vt 0.1 0.312
vt 0.3 0.262
vt 0.241 0.288
vt 0.3 0.305
vt 0.229 0.324
vt 0.3 0.363
vt 0.371 0.324
vt 0.359 0.288
vt 0.3 0.137
vt 0.241 0.163
vt 0.3 0.18
vt 0.229 0.199
vt 0.3 0.238
vt 0.371 0.199
vt 0.359 0.163
vt 0.3 0.012
vt 0.241 0.038
vt 0.3 0.055
vt 0.229 0.074
vt 0.3 0.113
vt 0.371 0.074
vt 0.359 0.038
vt 0.3 0.387
vt 0.241 0.413
vt 0.3 0.43
vt 0.229 0.449
vt 0.3 0.488
vt 0.371 0.449
vt 0.359 0.413
vt 0.3 0.312
vt 0.5 0.137
vt 0.442 0.163
vt 0.5 0.18
vt 0.43 0.199
vt 0.5 0.238
vt 0.57 0.199
vt 0.558 0.163
vt 0.5 0.012
vt 0.442 0.038
vt 0.5 0.055
vt 0.43 0.074
vt 0.5 0.113
vt 0.57 0.074
vt 0.558 0.038
vt 0.5 0.262
vt 0.442 0.288
vt 0.5 0.305
vt 0.43 0.324
vt 0.5 0.363
vt 0.57 0.324
vt 0.558 0.288
vt 0.5 0.387
vt 0.442 0.413
vt 0.5 0.43
vt 0.43 0.449
vt 0.5 0.488
vt 0.57 0.449
vt 0.558 0.413
vt 0.5 0.312
vt 0.7 0.262
vt 0.641 0.288
vt 0.7 0.305
vt 0.629 0.324
vt 0.7 0.363
vt 0.771 0.324
vt 0.759 0.288
vt 0.7 0.012
vt 0.641 0.038
vt 0.7 0.055
vt 0.629 0.074
vt 0.7 0.113
vt 0.771 0.074
vt 0.759 0.038
vt 0.7 0.137
vt 0.641 0.163
vt 0.7 0.18
vt 0.629 0.199
vt 0.7 0.238
vt 0.771 0.199
vt 0.759 0.163
vt 0.7 0.387
vt 0.641 0.413
vt 0.7 0.43
vt 0.629 0.449
vt 0.7 0.488
vt 0.771 0.449
vt 0.759 0.413
vt 0.7 0.312
vt 0.9 0.137
vt 0.842 0.163
vt 0.9 0.18
vt 0.83 0.199
vt 0.9 0.238
vt 0.97 0.199
vt 0.959 0.163
vt 0.9 0.012
vt 0.842 0.038
vt 0.9 0.055
vt 0.83 0.074
vt 0.9 0.113
vt 0.97 0.074
vt 0.959 0.038
vt 0.9 0.387
vt 0.842 0.413
vt 0.9 0.43
vt 0.83 0.449
vt 0.9 0.488
vt 0.97 0.449
vt 0.959 0.413
vt 0.9 0.262
vt 0.842 0.288
vt 0.9 0.305
vt 0.83 0.324
vt 0.9 0.363
vt 0.97 0.324
vt 0.959 0.288
vt 0.9 0.312
f 1/1 2/2 3/3
f 2/2 4/4 3/3
f 4/4 5/5 3/3
f 5/5 6/6 3/3
f 6/6 7/7 3/3
f 7/7 1/1 3/3
f 7/7 6/6 1/1
f 6/6 5/5 1/1
f 5/5 4/4 1/1
f 4/4 2/2 1/1
f 8/1 9/2 10/3
f 9/2 11/4 10/3
f 11/4 12/5 10/3
f 12/5 13/6 10/3
f 13/6 14/7 10/3
f 14/7 8/1 10/3
f 14/7 13/6 8/1
f 13/6 12/5 8/1
f 12/5 11/4 8/1
f 11/4 9/2 8/1
f 15/8 16/9 17/10
f 16/9 18/11 17/10
f 18/11 19/12 17/10
f 19/12 20/13 17/10
f 20/13 21/14 17/10
f 21/14 15/8 17/10
f 21/14 20/13 15/8
f 20/13 19/12 15/8
f 19/12 18/11 15/8
f 18/11 16/9 15/8
f 22/15 23/16 24/17
f 23/16 25/18 24/17
f 25/18 26/19 24/17
f 26/19 27/20 24/17
f 27/20 28/21 24/17
f 28/21 22/15 24/17
f 28/21 27/20 22/15
f 27/20 26/19 22/15
f 26/19 25/18 22/15
f 25/18 23/16 22/15
f 29/15 30/16 31/17
f 30/16 32/18 31/17
f 32/18 33/19 31/17
f 33/19 34/20 31/17
f 34/20 35/21 31/17
f 35/21 29/15 31/17
f 35/21 34/20 29/15
f 34/20 33/19 29/15
f 33/19 32/18 29/15
f 32/18 30/16 29/15
f 36/22 37/23 38/24
f 37/23 39/25 38/24
f 39/25 40/26 38/24
f 40/26 41/27 38/24
f 41/27 42/28 38/24
f 42/28 36/22 38/24
f 42/28 41/27 36/22
f 41/27 40/26 36/22
f 40/26 39/25 36/22
f 39/25 37/23 36/22
f 43/8 44/9 45/10
f 44/9 46/11 45/10
f 46/11 47/12 45/10
f 47/12 48/13 45/10
f 48/13 49/14 45/10
f 49/14 43/8 45/10
f 49/14 48/13 43/8
f 48/13 47/12 43/8
f 47/12 46/11 43/8
f 46/11 44/9 43/8
f 50/1 51/2 52/3
f 51/2 53/4 52/3
f 53/4 54/5 52/3
f 54/5 55/6 52/3
f 55/6 56/7 52/3
f 56/7 50/1 52/3
f 56/7 55/6 50/1
f 55/6 54/5 50/1
f 54/5 53/4 50/1
f 53/4 51/2 50/1
f 57/1 58/2 59/3
f 58/2 60/4 59/3
f 60/4 61/5 59/3
f 61/5 62/6 59/3
f 62/6 63/7 59/3
f 63/7 57/1 59/3
f 63/7 62/6 57/1
f 62/6 61/5 57/1
f 61/5 60/4 57/1
f 60/4 58/2 57/1
f 64/8 65/9 66/10
f 65/9 67/11 66/10
f 67/11 68/12 66/10
f 68/12 69/13 66/10
f 69/13 70/14 66/10
f 70/14 64/8 66/10
f 70/14 69/13 64/8
f 69/13 68/12 64/8
f 68/12 67/11 64/8
f 67/11 65/9 64/8
f 71/15 72/16 73/17
f 72/16 74/18 73/17
f 74/18 75/19 73/17
f 75/19 76/20 73/17
f 76/20 77/21 73/17
f 77/21 71/15 73/17
f 77/21 76/20 71/15
f 76/20 75/19 71/15
f 75/19 74/18 71/15
f 74/18 72/16 71/15
f 78/1 79/2 80/3
f 79/2 81/4 80/3
f 81/4 82/5 80/3
f 82/5 83/6 80/3
f 83/6 84/7 80/3
f 84/7 78/1 80/3
f 84/7 83/6 78/1
f 83/6 82/5 78/1
f 82/5 81/4 78/1
f 81/4 79/2 78/1
f 85/1 86/2 87/3
f 86/2 88/4 87/3
f 88/4 89/5 87/3
f 89/5 90/6 87/3
f 90/6 91/7 87/3
f 91/7 85/1 87/3
f 91/7 90/6 85/1
f 90/6 89/5 85/1
f 89/5 88/4 85/1
f 88/4 86/2 85/1
f 92/15 93/16 94/17
f 93/16 95/18 94/17
f 95/18 96/19 94/17
f 96/19 97/20 94/17
f 97/20 98/21 94/17
f 98/21 92/15 94/17
f 98/21 97/20 92/15
f 97/20 96/19 92/15
f 96/19 95/18 92/15
f 95/18 93/16 92/15
f 99/1 100/2 101/3
f 100/2 102/4 101/3
f 102/4 103/5 101/3
f 103/5 104/6 101/3
f 104/6 105/7 101/3
f 105/7 99/1 101/3
f 105/7 104/6 99/1
f 104/6 103/5 99/1
f 103/5 102/4 99/1
f 102/4 100/2 99/1
f 106/8 107/9 108/10
f 107/9 109/11 108/10
f 109/11 110/12 108/10
f 110/12 111/13 108/10
f 111/13 112/14 108/10
f 112/14 106/8 108/10
f 112/14 111/13 106/8
f 111/13 110/12 106/8
f 110/12 109/11 106/8
f 109/11 107/9 106/8
f 113/1 114/2 115/3
f 114/2 116/4 115/3
f 116/4 117/5 115/3
f 117/5 118/6 115/3
f 118/6 119/7 115/3
f 119/7 113/1 115/3
f 119/7 118/6 113/1
f 118/6 117/5 113/1
f 117/5 116/4 113/1
f 116/4 114/2 113/1
f 120/15 121/16 122/17
f 121/16 123/18 122/17
f 123/18 124/19 122/17
f 124/19 125/20 122/17
f 125/20 126/21 122/17
f 126/21 120/15 122/17
f 126/21 125/20 120/15
f 125/20 124/19 120/15
f 124/19 123/18 120/15
f 123/18 121/16 120/15
f 127/15 128/16 129/17
f 128/16 130/18 129/17
f 130/18 131/19 129/17
f 131/19 132/20 129/17
f 132/20 133/21 129/17
f 133/21 127/15 129/17
f 133/21 132/20 127/15
f 132/20 131/19 127/15
f 131/19 130/18 127/15
f 130/18 128/16 127/15
f 134/15 135/16 136/17
f 135/16 137/18 136/17
f 137/18 138/19 136/17
f 138/19 139/20 136/17
f 139/20 140/21 136/17
f 140/21 134/15 136/17
f 140/21 139/20 134/15
f 139/20 138/19 134/15
f 138/19 137/18 134/15
f 137/18 135/16 134/15
f 141/15 142/16 143/17
f 142/16 144/18 143/17
f 144/18 145/19 143/17
f 145/19 146/20 143/17
f 146/20 147/21 143/17
f 147/21 141/15 143/17
f 147/21 146/20 141/15
f 146/20 145/19 141/15
f 145/19 144/18 141/15
f 144/18 142/16 141/15
f 148/1 149/2 150/3
f 149/2 151/4 150/3
f 151/4 152/5 150/3
f 152/5 153/6 150/3
f 153/6 154/7 150/3
f 154/7 148/1 150/3
f 154/7 153/6 148/1
f 153/6 152/5 148/1
f 152/5 151/4 148/1
f 151/4 149/2 148/1
f 155/8 156/9 157/10
f 156/9 158/11 157/10
f 158/11 159/12 157/10
f 159/12 160/13 157/10
f 160/13 161/14 157/10
f 161/14 155/8 157/10
f 161/14 160/13 155/8
f 160/13 159/12 155/8
f 159/12 158/11 155/8
f 158/11 156/9 155/8
f 162/1 163/2 164/3
f 163/2 165/4 164/3
f 165/4 166/5 164/3
f 166/5 167/6 164/3
f 167/6 168/7 164/3
f 168/7 162/1 164/3
f 168/7 167/6 162/1
f 167/6 166/5 162/1
f 166/5 165/4 162/1
f 165/4 163/2 162/1
f 169/1 170/2 171/3
f 170/2 172/4 171/3
f 172/4 173/5 171/3
f 173/5 174/6 171/3
f 174/6 175/7 171/3
f 175/7 169/1 171/3
f 175/7 174/6 169/1
f 174/6 173/5 169/1
f 173/5 172/4 169/1
f 172/4 170/2 169/1
f 176/1 177/2 178/3
f 177/2 179/4 178/3
f 179/4 180/5 178/3
f 180/5 181/6 178/3
f 181/6 182/7 178/3
f 182/7 176/1 178/3
f 182/7 181/6 176/1
f 181/6 180/5 176/1
f 180/5 179/4 176/1
f 179/4 177/2 176/1
f 183/29 184/29 185/29
f 186/29 185/29 184/29
f 187/29 183/29 185/29
f 188/29 187/29 185/29
f 186/29 188/29 185/29
f 189/29 186/29 184/29
f 190/29 184/29 183/29
f 191/29 183/29 187/29
f 192/29 187/29 188/29
f 193/29 188/29 186/29
f 190/29 189/29 184/29
f 191/29 190/29 183/29
f 192/29 191/29 187/29
f 193/29 192/29 188/29
f 189/29 193/29 186/29
f 194/29 189/29 190/29
f 194/29 190/29 191/29
f 194/29 191/29 192/29
f 194/29 192/29 193/29
f 194/29 193/29 189/29
f 195/15 196/16 197/17
f 196/16 198/18 197/17
f 198/18 199/19 197/17
f 199/19 200/20 197/17
f 200/20 201/21 197/17
f 201/21 195/15 197/17
f 201/21 200/20 195/15
f 200/20 199/19 195/15
f 199/19 198/18 195/15
f 198/18 196/16 195/15
f 202/1 203/2 204/3
f 203/2 205/4 204/3
f 205/4 206/5 204/3
f 206/5 207/6 204/3
f 207/6 208/7 204/3
f 208/7 202/1 204/3
f 208/7 207/6 202/1
f 207/6 206/5 202/1
f 206/5 205/4 202/1
f 205/4 203/2 202/1
f 209/22 210/23 211/24
f 210/23 212/25 211/24
f 212/25 213/26 211/24
f 213/26 214/27 211/24
f 214/27 215/28 211/24
f 215/28 209/22 211/24
f 215/28 214/27 209/22
f 214/27 213/26 209/22
f 213/26 212/25 209/22
f 212/25 210/23 209/22
f 216/8 217/9 218/10
f 217/9 219/11 218/10
f 219/11 220/12 218/10
f 220/12 221/13 218/10
f 221/13 222/14 218/10
f 222/14 216/8 218/10
f 222/14 221/13 216/8
f 221/13 220/12 216/8
f 220/12 219/11 216/8
f 219/11 217/9 216/8
f 223/15 224/16 225/17
f 224/16 226/18 225/17
f 226/18 227/19 225/17
f 227/19 228/20 225/17
f 228/20 229/21 225/17
f 229/21 223/15 225/17
f 229/21 228/20 223/15
f 228/20 227/19 223/15
f 227/19 226/18 223/15
f 226/18 224/16 223/15
f 230/8 231/9 232/10
f 231/9 233/11 232/10
f 233/11 234/12 232/10
f 234/12 235/13 232/10
f 235/13 236/14 232/10
f 236/14 230/8 232/10
f 236/14 235/13 230/8
f 235/13 234/12 230/8
f 234/12 233/11 230/8
f 233/11 231/9 230/8
f 237/8 238/9 239/10
f 238/9 240/11 239/10
f 240/11 241/12 239/10
f 241/12 242/13 239/10
f 242/13 243/14 239/10
f 243/14 237/8 239/10
f 243/14 242/13 237/8
f 242/13 241/12 237/8
f 241/12 240/11 237/8
f 240/11 238/9 237/8
f 244/1 245/2 246/3
f 245/2 247/4 246/3
f 247/4 248/5 246/3
f 248/5 249/6 246/3
f 249/6 250/7 246/3
f 250/7 244/1 246/3
f 250/7 249/6 244/1
f 249/6 248/5 244/1
f 248/5 247/4 244/1
f 247/4 245/2 244/1
f 251/1 252/2 253/3
f 252/2 254/4 253/3
f 254/4 255/5 253/3
f 255/5 256/6 253/3
f 256/6 257/7 253/3
f 257/7 251/1 253/3
f 257/7 256/6 251/1
f 256/6 255/5 251/1
f 255/5 254/4 251/1
f 254/4 252/2 251/1
f 258/1 259/2 260/3
f 259/2 261/4 260/3
f 261/4 262/5 260/3
f 262/5 263/6 260/3
f 263/6 264/7 260/3
f 264/7 258/1 260/3
f 264/7 263/6 258/1
f 263/6 262/5 258/1
f 262/5 261/4 258/1
f 261/4 259/2 258/1
f 265/8 266/9 267/10
f 266/9 268/11 267/10
f 268/11 269/12 267/10
f 269/12 270/13 267/10
f 270/13 271/14 267/10
f 271/14 265/8 267/10
f 271/14 270/13 265/8
f 270/13 269/12 265/8
f 269/12 268/11 265/8
f 268/11 266/9 265/8
f 272/8 273/9 274/10
f 273/9 275/11 274/10
f 275/11 276/12 274/10
f 276/12 277/13 274/10
f 277/13 278/14 274/10
f 278/14 272/8 274/10
f 278/14 277/13 272/8
f 277/13 276/12 272/8
f 276/12 275/11 272/8
f 275/11 273/9 272/8
f 279/8 280/9 281/10
f 280/9 282/11 281/10
f 282/11 283/12 281/10
f 283/12 284/13 281/10
f 284/13 285/14 281/10
f 285/14 279/8 281/10
f 285/14 284/13 279/8
f 284/13 283/12 279/8
f 283/12 282/11 279/8
f 282/11 280/9 279/8
f 286/1 287/2 288/3
f 287/2 289/4 288/3
f 289/4 290/5 288/3
f 290/5 291/6 288/3
f 291/6 292/7 288/3
f 292/7 286/1 288/3
f 292/7 291/6 286/1
f 291/6 290/5 286/1
f 290/5 289/4 286/1
f 289/4 287/2 286/1
f 293/1 294/2 295/3
f 294/2 296/4 295/3
f 296/4 297/5 295/3
f 297/5 298/6 295/3
f 298/6 299/7 295/3
f 299/7 293/1 295/3
f 299/7 298/6 293/1
f 298/6 297/5 293/1
f 297/5 296/4 293/1
f 296/4 294/2 293/1
f 300/1 301/2 302/3
f 301/2 303/4 302/3
f 303/4 304/5 302/3
f 304/5 305/6 302/3
f 305/6 306/7 302/3
f 306/7 300/1 302/3
f 306/7 305/6 300/1
f 305/6 304/5 300/1
f 304/5 303/4 300/1
f 303/4 301/2 300/1
f 307/15 308/16 309/17
f 308/16 310/18 309/17
f 310/18 311/19 309/17
f 311/19 312/20 309/17
f 312/20 313/21 309/17
f 313/21 307/15 309/17
f 313/21 312/20 307/15
f 312/20 311/19 307/15
f 311/19 310/18 307/15
f 310/18 308/16 307/15
f 314/15 315/16 316/17
f 315/16 317/18 316/17
f 317/18 318/19 316/17
f 318/19 319/20 316/17
f 319/20 320/21 316/17
f 320/21 314/15 316/17
f 320/21 319/20 314/15
f 319/20 318/19 314/15
f 318/19 317/18 314/15
f 317/18 315/16 314/15
f 321/1 322/2 323/3
f 322/2 324/4 323/3
f 324/4 325/5 323/3
f 325/5 326/6 323/3
f 326/6 327/7 323/3
f 327/7 321/1 323/3
f 327/7 326/6 321/1
f 326/6 325/5 321/1
f 325/5 324/4 321/1
f 324/4 322/2 321/1
f 328/22 329/23 330/24
f 329/23 331/25 330/24
f 331/25 332/26 330/24
f 332/26 333/27 330/24
f 333/27 334/28 330/24
f 334/28 328/22 330/24
f 334/28 333/27 328/22
f 333/27 332/26 328/22
f 332/26 331/25 328/22
f 331/25 329/23 328/22
f 335/1 336/2 337/3
f 336/2 338/4 337/3
f 338/4 339/5 337/3
f 339/5 340/6 337/3
f 340/6 341/7 337/3
f 341/7 335/1 337/3
f 341/7 340/6 335/1
f 340/6 339/5 335/1
f 339/5 338/4 335/1
f 338/4 336/2 335/1
f 342/1 343/2 344/3
f 343/2 345/4 344/3
f 345/4 346/5 344/3
f 346/5 347/6 344/3
f 347/6 348/7 344/3
f 348/7 342/1 344/3
f 348/7 347/6 342/1
f 347/6 346/5 342/1
f 346/5 345/4 342/1
f 345/4 343/2 342/1
f 349/15 350/16 351/17
f 350/16 352/18 351/17
f 352/18 353/19 351/17
f 353/19 354/20 351/17
f 354/20 355/21 351/17
f 355/21 349/15 351/17
f 355/21 354/20 349/15
f 354/20 353/19 349/15
f 353/19 352/18 349/15
f 352/18 350/16 349/15
f 356/15 357/16 358/17
f 357/16 359/18 358/17
f 359/18 360/19 358/17
f 360/19 361/20 358/17
f 361/20 362/21 358/17
f 362/21 356/15 358/17
f 362/21 361/20 356/15
f 361/20 360/19 356/15
f 360/19 359/18 356/15
f 359/18 357/16 356/15
f 363/1 364/2 365/3
f 364/2 366/4 365/3
f 366/4 367/5 365/3
f 367/5 368/6 365/3
f 368/6 369/7 365/3
f 369/7 363/1 365/3
f 369/7 368/6 363/1
f 368/6 367/5 363/1
f 367/5 366/4 363/1
f 366/4 364/2 363/1
f 370/1 371/2 372/3
f 371/2 373/4 372/3
f 373/4 374/5 372/3
f 374/5 375/6 372/3
f 375/6 376/7 372/3
f 376/7 370/1 372/3
f 376/7 375/6 370/1
f 375/6 374/5 370/1
f 374/5 373/4 370/1
f 373/4 371/2 370/1
f 377/29 378/29 379/29
f 380/29 379/29 378/29
f 381/29 377/29 379/29
f 382/29 381/29 379/29
f 380/29 382/29 379/29
f 383/29 380/29 378/29
f 384/29 378/29 377/29
f 385/29 377/29 381/29
f 386/29 381/29 382/29
f 387/29 382/29 380/29
f 384/29 383/29 378/29
f 385/29 384/29 377/29
f 386/29 385/29 381/29
f 387/29 386/29 382/29
f 383/29 387/29 380/29
f 388/29 383/29 384/29
f 388/29 384/29 385/29
f 388/29 385/29 386/29
f 388/29 386/29 387/29
f 388/29 387/29 383/29
f 389/30 390/31 391/32
f 390/31 392/33 391/32
f 392/33 393/34 391/32
f 393/34 394/35 391/32
f 394/35 395/36 391/32
f 395/36 389/30 391/32
f 395/36 394/35 389/30
f 394/35 393/34 389/30
f 393/34 392/33 389/30
f 392/33 390/31 389/30
f 396/37 397/38 398/39
f 397/38 399/40 398/39
f 399/40 400/41 398/39
f 400/41 401/42 398/39
f 401/42 402/43 398/39
f 402/43 396/37 398/39
f 402/43 401/42 396/37
f 401/42 400/41 396/37
f 400/41 399/40 396/37
f 399/40 397/38 396/37
f 403/44 404/45 405/46
f 404/45 406/47 405/46
f 406/47 407/48 405/46
f 407/48 408/49 405/46
f 408/49 409/50 405/46
f 409/50 403/44 405/46
f 409/50 408/49 403/44
f 408/49 407/48 403/44
f 407/48 406/47 403/44
f 406/47 404/45 403/44
f 410/37 411/38 412/39
f 411/38 413/40 412/39
f 413/40 414/41 412/39
f 414/41 415/42 412/39
f 415/42 416/43 412/39
f 416/43 410/37 412/39
f 416/43 415/42 410/37
f 415/42 414/41 410/37
f 414/41 413/40 410/37
f 413/40 411/38 410/37
f 417/37 418/38 419/39
f 418/38 420/40 419/39
f 420/40 421/41 419/39
f 421/41 422/42 419/39
f 422/42 423/43 419/39
f 423/43 417/37 419/39
f 423/43 422/42 417/37
f 422/42 421/41 417/37
f 421/41 420/40 417/37
f 420/40 418/38 417/37
f 424/44 425/45 426/46
f 425/45 427/47 426/46
f 427/47 428/48 426/46
f 428/48 429/49 426/46
f 429/49 430/50 426/46
f 430/50 424/44 426/46
f 430/50 429/49 424/44
f 429/49 428/48 424/44
f 428/48 427/47 424/44
f 427/47 425/45 424/44
f 431/37 432/38 433/39
f 432/38 434/40 433/39
f 434/40 435/41 433/39
f 435/41 436/42 433/39
f 436/42 437/43 433/39
f 437/43 431/37 433/39
f 437/43 436/42 431/37
f 436/42 435/41 431/37
f 435/41 434/40 431/37
f 434/40 432/38 431/37
f 438/44 439/45 440/46
f 439/45 441/47 440/46
f 441/47 442/48 440/46
f 442/48 443/49 440/46
f 443/49 444/50 440/46
f 444/50 438/44 440/46
f 444/50 443/49 438/44
f 443/49 442/48 438/44
f 442/48 441/47 438/44
f 441/47 439/45 438/44
f 445/37 446/38 447/39
f 446/38 448/40 447/39
f 448/40 449/41 447/39
f 449/41 450/42 447/39
f 450/42 451/43 447/39
f 451/43 445/37 447/39
f 451/43 450/42 445/37
f 450/42 449/41 445/37
f 449/41 448/40 445/37
f 448/40 446/38 445/37
f 452/37 453/38 454/39
f 453/38 455/40 454/39
f 455/40 456/41 454/39
f 456/41 457/42 454/39
f 457/42 458/43 454/39
f 458/43 452/37 454/39
f 458/43 457/42 452/37
f 457/42 456/41 452/37
f 456/41 455/40 452/37
f 455/40 453/38 452/37
f 459/37 460/38 461/39
f 460/38 462/40 461/39
f 462/40 463/41 461/39
f 463/41 464/42 461/39
f 464/42 465/43 461/39
f 465/43 459/37 461/39
f 465/43 464/42 459/37
f 464/42 463/41 459/37
f 463/41 462/40 459/37
f 462/40 460/38 459/37
f 466/44 467/45 468/46
f 467/45 469/47 468/46
f 469/47 470/48 468/46
f 470/48 471/49 468/46
f 471/49 472/50 468/46
f 472/50 466/44 468/46
f 472/50 471/49 466/44
f 471/49 470/48 466/44
f 470/48 469/47 466/44
f 469/47 467/45 466/44
f 473/37 474/38 475/39
f 474/38 476/40 475/39
f 476/40 477/41 475/39
f 477/41 478/42 475/39
f 478/42 479/43 475/39
f 479/43 473/37 475/39
f 479/43 478/42 473/37
f 478/42 477/41 473/37
f 477/41 476/40 473/37
f 476/40 474/38 473/37
f 480/30 481/31 482/32
f 481/31 483/33 482/32
f 483/33 484/34 482/32
f 484/34 485/35 482/32
f 485/35 486/36 482/32
f 486/36 480/30 482/32
f 486/36 485/35 480/30
f 485/35 484/34 480/30
f 484/34 483/33 480/30
f 483/33 481/31 480/30
f 487/37 488/38 489/39
f 488/38 490/40 489/39
f 490/40 491/41 489/39
f 491/41 492/42 489/39
f 492/42 493/43 489/39
f 493/43 487/37 489/39
f 493/43 492/42 487/37
f 492/42 491/41 487/37
f 491/41 490/40 487/37
f 490/40 488/38 487/37
f 494/30 495/31 496/32
f 495/31 497/33 496/32
f 497/33 498/34 496/32
f 498/34 499/35 496/32
f 499/35 500/36 496/32
f 500/36 494/30 496/32
f 500/36 499/35 494/30
f 499/35 498/34 494/30
f 498/34 497/33 494/30
f 497/33 495/31 494/30
f 501/37 502/38 503/39
f 502/38 504/40 503/39
f 504/40 505/41 503/39
f 505/41 506/42 503/39
f 506/42 507/43 503/39
f 507/43 501/37 503/39
f 507/43 506/42 501/37
f 506/42 505/41 501/37
f 505/41 504/40 501/37
f 504/40 502/38 501/37
f 508/37 509/38 510/39
f 509/38 511/40 510/39
f 511/40 512/41 510/39
f 512/41 513/42 510/39
f 513/42 514/43 510/39
f 514/43 508/37 510/39
f 514/43 513/42 508/37
f 513/42 512/41 508/37
f 512/41 511/40 508/37
f 511/40 509/38 508/37
f 515/37 516/38 517/39
f 516/38 518/40 517/39
f 518/40 519/41 517/39
f 519/41 520/42 517/39
f 520/42 521/43 517/39
f 521/43 515/37 517/39
f 521/43 520/42 515/37
f 520/42 519/41 515/37
f 519/41 518/40 515/37
f 518/40 516/38 515/37
f 522/51 523/52 524/53
f 523/52 525/54 524/53
f 525/54 526/55 524/53
f 526/55 527/56 524/53
f 527/56 528/57 524/53
f 528/57 522/51 524/53
f 528/57 527/56 522/51
f 527/56 526/55 522/51
f 526/55 525/54 522/51
f 525/54 523/52 522/51
f 529/30 530/31 531/32
f 530/31 532/33 531/32
f 532/33 533/34 531/32
f 533/34 534/35 531/32
f 534/35 535/36 531/32
f 535/36 529/30 531/32
f 535/36 534/35 529/30
f 534/35 533/34 529/30
f 533/34 532/33 529/30
f 532/33 530/31 529/30
f 536/37 537/38 538/39
f 537/38 539/40 538/39
f 539/40 540/41 538/39
f 540/41 541/42 538/39
f 541/42 542/43 538/39
f 542/43 536/37 538/39
f 542/43 541/42 536/37
f 541/42 540/41 536/37
f 540/41 539/40 536/37
f 539/40 537/38 536/37
f 543/30 544/31 545/32
f 544/31 546/33 545/32
f 546/33 547/34 545/32
f 547/34 548/35 545/32
f 548/35 549/36 545/32
f 549/36 543/30 545/32
f 549/36 548/35 543/30
f 548/35 547/34 543/30
f 547/34 546/33 543/30
f 546/33 544/31 543/30
f 550/30 551/31 552/32
f 551/31 553/33 552/32
f 553/33 554/34 552/32
f 554/34 555/35 552/32
f 555/35 556/36 552/32
f 556/36 550/30 552/32
f 556/36 555/35 550/30
f 555/35 554/34 550/30
f 554/34 553/33 550/30
f 553/33 551/31 550/30
f 557/37 558/38 559/39
f 558/38 560/40 559/39
f 560/40 561/41 559/39
f 561/41 562/42 559/39
f 562/42 563/43 559/39
f 563/43 557/37 559/39
f 563/43 562/42 557/37
f 562/42 561/41 557/37
f 561/41 560/40 557/37
f 560/40 558/38 557/37
f 564/37 565/38 566/39
f 565/38 567/40 566/39
f 567/40 568/41 566/39
f 568/41 569/42 566/39
f 569/42 570/43 566/39
f 570/43 564/37 566/39
f 570/43 569/42 564/37
f 569/42 568/41 564/37
f 568/41 567/40 564/37
f 567/40 565/38 564/37
f 571/58 572/58 573/58
f 574/58 573/58 572/58
f 575/58 571/58 573/58
f 576/58 575/58 573/58
f 574/58 576/58 573/58
f 577/58 574/58 572/58
f 578/58 572/58 571/58
f 579/58 571/58 575/58
f 580/58 575/58 576/58
f 581/58 576/58 574/58
f 578/58 577/58 572/58
f 579/58 578/58 571/58
f 580/58 579/58 575/58
f 581/58 580/58 576/58
f 577/58 581/58 574/58
f 582/58 577/58 578/58
f 582/58 578/58 579/58
f 582/58 579/58 580/58
f 582/58 580/58 581/58
f 582/58 581/58 577/58
f 583/59 584/60 585/61
f 584/60 586/62 585/61
f 586/62 587/63 585/61
f 587/63 588/64 585/61
f 588/64 589/65 585/61
f 589/65 583/59 585/61
f 589/65 588/64 583/59
f 588/64 587/63 583/59
f 587/63 586/62 583/59
f 586/62 584/60 583/59
f 590/59 591/60 592/61
f 591/60 593/62 592/61
f 593/62 594/63 592/61
f 594/63 595/64 592/61
f 595/64 596/65 592/61
f 596/65 590/59 592/61
f 596/65 595/64 590/59
f 595/64 594/63 590/59
f 594/63 593/62 590/59
f 593/62 591/60 590/59
f 597/59 598/60 599/61
f 598/60 600/62 599/61
f 600/62 601/63 599/61
f 601/63 602/64 599/61
f 602/64 603/65 599/61
f 603/65 597/59 599/61
f 603/65 602/64 597/59
f 602/64 601/63 597/59
f 601/63 600/62 597/59
f 600/62 598/60 597/59
f 604/59 605/60 606/61
f 605/60 607/62 606/61
f 607/62 608/63 606/61
f 608/63 609/64 606/61
f 609/64 610/65 606/61
f 610/65 604/59 606/61
f 610/65 609/64 604/59
f 609/64 608/63 604/59
f 608/63 607/62 604/59
f 607/62 605/60 604/59
f 611/59 612/60 613/61
f 612/60 614/62 613/61
f 614/62 615/63 613/61
f 615/63 616/64 613/61
f 616/64 617/65 613/61
f 617/65 611/59 613/61
f 617/65 616/64 611/59
f 616/64 615/63 611/59
f 615/63 614/62 611/59
f 614/62 612/60 611/59
f 618/66 619/67 620/68
f 619/67 621/69 620/68
f 621/69 622/70 620/68
f 622/70 623/71 620/68
f 623/71 624/72 620/68
f 624/72 618/66 620/68
f 624/72 623/71 618/66
f 623/71 622/70 618/66
f 622/70 621/69 618/66
f 621/69 619/67 618/66
f 625/73 626/74 627/75
f 626/74 628/76 627/75
f 628/76 629/77 627/75
f 629/77 630/78 627/75
f 630/78 631/79 627/75
f 631/79 625/73 627/75
f 631/79 630/78 625/73
f 630/78 629/77 625/73
f 629/77 628/76 625/73
f 628/76 626/74 625/73
f 632/59 633/60 634/61
f 633/60 635/62 634/61
f 635/62 636/63 634/61
f 636/63 637/64 634/61
f 637/64 638/65 634/61
f 638/65 632/59 634/61
f 638/65 637/64 632/59
f 637/64 636/63 632/59
f 636/63 635/62 632/59
f 635/62 633/60 632/59
f 639/59 640/60 641/61
f 640/60 642/62 641/61
f 642/62 643/63 641/61
f 643/63 644/64 641/61
f 644/64 645/65 641/61
f 645/65 639/59 641/61
f 645/65 644/64 639/59
f 644/64 643/63 639/59
f 643/63 642/62 639/59
f 642/62 640/60 639/59
f 646/59 647/60 648/61
f 647/60 649/62 648/61
f 649/62 650/63 648/61
f 650/63 651/64 648/61
f 651/64 652/65 648/61
f 652/65 646/59 648/61
f 652/65 651/64 646/59
f 651/64 650/63 646/59
f 650/63 649/62 646/59
f 649/62 647/60 646/59
f 653/80 654/81 655/82
f 654/81 656/83 655/82
f 656/83 657/84 655/82
f 657/84 658/85 655/82
f 658/85 659/86 655/82
f 659/86 653/80 655/82
f 659/86 658/85 653/80
f 658/85 657/84 653/80
f 657/84 656/83 653/80
f 656/83 654/81 653/80
f 660/73 661/74 662/75
f 661/74 663/76 662/75
f 663/76 664/77 662/75
f 664/77 665/78 662/75
f 665/78 666/79 662/75
f 666/79 660/73 662/75
f 666/79 665/78 660/73
f 665/78 664/77 660/73
f 664/77 663/76 660/73
f 663/76 661/74 660/73
f 667/66 668/67 669/68
f 668/67 670/69 669/68
f 670/69 671/70 669/68
f 671/70 672/71 669/68
f 672/71 673/72 669/68
f 673/72 667/66 669/68
f 673/72 672/71 667/66
f 672/71 671/70 667/66
f 671/70 670/69 667/66
f 670/69 668/67 667/66
f 674/59 675/60 676/61
f 675/60 677/62 676/61
f 677/62 678/63 676/61
f 678/63 679/64 676/61
f 679/64 680/65 676/61
f 680/65 674/59 676/61
f 680/65 679/64 674/59
f 679/64 678/63 674/59
f 678/63 677/62 674/59
f 677/62 675/60 674/59
f 681/59 682/60 683/61
f 682/60 684/62 683/61
f 684/62 685/63 683/61
f 685/63 686/64 683/61
f 686/64 687/65 683/61
f 687/65 681/59 683/61
f 687/65 686/64 681/59
f 686/64 685/63 681/59
f 685/63 684/62 681/59
f 684/62 682/60 681/59
f 688/59 689/60 690/61
f 689/60 691/62 690/61
f 691/62 692/63 690/61
f 692/63 693/64 690/61
f 693/64 694/65 690/61
f 694/65 688/59 690/61
f 694/65 693/64 688/59
f 693/64 692/63 688/59
f 692/63 691/62 688/59
f 691/62 689/60 688/59
f 695/59 696/60 697/61
f 696/60 698/62 697/61
f 698/62 699/63 697/61
f 699/63 700/64 697/61
f 700/64 701/65 697/61
f 701/65 695/59 697/61
f 701/65 700/64 695/59
f 700/64 699/63 695/59
f 699/63 698/62 695/59
f 698/62 696/60 695/59
f 702/59 703/60 704/61
f 703/60 705/62 704/61
f 705/62 706/63 704/61
f 706/63 707/64 704/61
f 707/64 708/65 704/61
f 708/65 702/59 704/61
f 708/65 707/64 702/59
f 707/64 706/63 702/59
f 706/63 705/62 702/59
f 705/62 703/60 702/59
f 709/59 710/60 711/61
f 710/60 712/62 711/61
f 712/62 713/63 711/61
f 713/63 714/64 711/61
f 714/64 715/65 711/61
f 715/65 709/59 711/61
f 715/65 714/64 709/59
f 714/64 713/63 709/59
f 713/63 712/62 709/59
f 712/62 710/60 709/59
f 716/59 717/60 718/61
f 717/60 719/62 718/61
f 719/62 720/63 718/61
f 720/63 721/64 718/61
f 721/64 722/65 718/61
f 722/65 716/59 718/61
f 722/65 721/64 716/59
f 721/64 720/63 716/59
f 720/63 719/62 716/59
f 719/62 717/60 716/59
f 723/59 724/60 725/61
f 724/60 726/62 725/61
f 726/62 727/63 725/61
f 727/63 728/64 725/61
f 728/64 729/65 725/61
f 729/65 723/59 725/61
f 729/65 728/64 723/59
f 728/64 727/63 723/59
f 727/63 726/62 723/59
f 726/62 724/60 723/59
f 730/59 731/60 732/61
f 731/60 733/62 732/61
f 733/62 734/63 732/61
f 734/63 735/64 732/61
f 735/64 736/65 732/61
f 736/65 730/59 732/61
f 736/65 735/64 730/59
f 735/64 734/63 730/59
f 734/63 733/62 730/59
f 733/62 731/60 730/59
f 737/73 738/74 739/75
f 738/74 740/76 739/75
f 740/76 741/77 739/75
f 741/77 742/78 739/75
f 742/78 743/79 739/75
f 743/79 737/73 739/75
f 743/79 742/78 737/73
f 742/78 741/77 737/73
f 741/77 740/76 737/73
f 740/76 738/74 737/73
f 744/59 745/60 746/61
f 745/60 747/62 746/61
f 747/62 748/63 746/61
f 748/63 749/64 746/61
f 749/64 750/65 746/61
f 750/65 744/59 746/61
f 750/65 749/64 744/59
f 749/64 748/63 744/59
f 748/63 747/62 744/59
f 747/62 745/60 744/59
f 751/59 752/60 753/61
f 752/60 754/62 753/61
f 754/62 755/63 753/61
f 755/63 756/64 753/61
f 756/64 757/65 753/61
f 757/65 751/59 753/61
f 757/65 756/64 751/59
f 756/64 755/63 751/59
f 755/63 754/62 751/59
f 754/62 752/60 751/59
f 758/59 759/60 760/61
f 759/60 761/62 760/61
f 761/62 762/63 760/61
f 762/63 763/64 760/61
f 763/64 764/65 760/61
f 764/65 758/59 760/61
f 764/65 763/64 758/59
f 763/64 762/63 758/59
f 762/63 761/62 758/59
f 761/62 759/60 758/59
f 765/87 766/87 767/87
f 768/87 767/87 766/87
f 769/87 765/87 767/87
f 770/87 769/87 767/87
f 768/87 770/87 767/87
f 771/87 768/87 766/87
f 772/87 766/87 765/87
f 773/87 765/87 769/87
f 774/87 769/87 770/87
f 775/87 770/87 768/87
f 772/87 771/87 766/87
f 773/87 772/87 765/87
f 774/87 773/87 769/87
f 775/87 774/87 770/87
f 771/87 775/87 768/87
f 776/87 771/87 772/87
f 776/87 772/87 773/87
f 776/87 773/87 774/87
f 776/87 774/87 775/87
f 776/87 775/87 771/87
f 777/88 778/89 779/90
f 778/89 780/91 779/90
f 780/91 781/92 779/90
f 781/92 782/93 779/90
f 782/93 783/94 779/90
f 783/94 777/88 779/90
f 783/94 782/93 777/88
f 782/93 781/92 777/88
f 781/92 780/91 777/88
f 780/91 778/89 777/88
f 784/95 785/96 786/97
f 785/96 787/98 786/97
f 787/98 788/99 786/97
f 788/99 789/100 786/97
f 789/100 790/101 786/97
f 790/101 784/95 786/97
f 790/101 789/100 784/95
f 789/100 788/99 784/95
f 788/99 787/98 784/95
f 787/98 785/96 784/95
f 791/95 792/96 793/97
f 792/96 794/98 793/97
f 794/98 795/99 793/97
f 795/99 796/100 793/97
f 796/100 797/101 793/97
f 797/101 791/95 793/97
f 797/101 796/100 791/95
f 796/100 795/99 791/95
f 795/99 794/98 791/95
f 794/98 792/96 791/95
f 798/88 799/89 800/90
f 799/89 801/91 800/90
f 801/91 802/92 800/90
f 802/92 803/93 800/90
f 803/93 804/94 800/90
f 804/94 798/88 800/90
f 804/94 803/93 798/88
f 803/93 802/92 798/88
f 802/92 801/91 798/88
f 801/91 799/89 798/88
f 805/102 806/103 807/104
f 806/103 808/105 807/104
f 808/105 809/106 807/104
f 809/106 810/107 807/104
f 810/107 811/108 807/104
f 811/108 805/102 807/104
f 811/108 810/107 805/102
f 810/107 809/106 805/102
f 809/106 808/105 805/102
f 808/105 806/103 805/102
f 812/88 813/89 814/90
f 813/89 815/91 814/90
f 815/91 816/92 814/90
f 816/92 817/93 814/90
f 817/93 818/94 814/90
f 818/94 812/88 814/90
f 818/94 817/93 812/88
f 817/93 816/92 812/88
f 816/92 815/91 812/88
f 815/91 813/89 812/88
f 819/88 820/89 821/90
f 820/89 822/91 821/90
f 822/91 823/92 821/90
f 823/92 824/93 821/90
f 824/93 825/94 821/90
f 825/94 819/88 821/90
f 825/94 824/93 819/88
f 824/93 823/92 819/88
f 823/92 822/91 819/88
f 822/91 820/89 819/88
f 826/95 827/96 828/97
f 827/96 829/98 828/97
f 829/98 830/99 828/97
f 830/99 831/100 828/97
f 831/100 832/101 828/97
f 832/101 826/95 828/97
f 832/101 831/100 826/95
f 831/100 830/99 826/95
f 830/99 829/98 826/95
f 829/98 827/96 826/95
f 833/109 834/110 835/111
f 834/110 836/112 835/111
f 836/112 837/113 835/111
f 837/113 838/114 835/111
f 838/114 839/115 835/111
f 839/115 833/109 835/111
f 839/115 838/114 833/109
f 838/114 837/113 833/109
f 837/113 836/112 833/109
f 836/112 834/110 833/109
f 840/102 841/103 842/104
f 841/103 843/105 842/104
f 843/105 844/106 842/104
f 844/106 845/107 842/104
f 845/107 846/108 842/104
f 846/108 840/102 842/104
f 846/108 845/107 840/102
f 845/107 844/106 840/102
f 844/106 843/105 840/102
f 843/105 841/103 840/102
f 847/88 848/89 849/90
f 848/89 850/91 849/90
f 850/91 851/92 849/90
f 851/92 852/93 849/90
f 852/93 853/94 849/90
f 853/94 847/88 849/90
f 853/94 852/93 847/88
f 852/93 851/92 847/88
f 851/92 850/91 847/88
f 850/91 848/89 847/88
f 854/88 855/89 856/90
f 855/89 857/91 856/90
f 857/91 858/92 856/90
f 858/92 859/93 856/90
f 859/93 860/94 856/90
f 860/94 854/88 856/90
f 860/94 859/93 854/88
f 859/93 858/92 854/88
f 858/92 857/91 854/88
f 857/91 855/89 854/88
f 861/88 862/89 863/90
f 862/89 864/91 863/90
f 864/91 865/92 863/90
f 865/92 866/93 863/90
f 866/93 867/94 863/90
f 867/94 861/88 863/90
f 867/94 866/93 861/88
f 866/93 865/92 861/88
f 865/92 864/91 861/88
f 864/91 862/89 861/88
f 868/95 869/96 870/97
f 869/96 871/98 870/97
f 871/98 872/99 870/97
f 872/99 873/100 870/97
f 873/100 874/101 870/97
f 874/101 868/95 870/97
f 874/101 873/100 868/95
f 873/100 872/99 868/95
f 872/99 871/98 868/95
f 871/98 869/96 868/95
f 875/88 876/89 877/90
f 876/89 878/91 877/90
f 878/91 879/92 877/90
f 879/92 880/93 877/90
f 880/93 881/94 877/90
f 881/94 875/88 877/90
f 881/94 880/93 875/88
f 880/93 879/92 875/88
f 879/92 878/91 875/88
f 878/91 876/89 875/88
f 882/88 883/89 884/90
f 883/89 885/91 884/90
f 885/91 886/92 884/90
f 886/92 887/93 884/90
f 887/93 888/94 884/90
f 888/94 882/88 884/90
f 888/94 887/93 882/88
f 887/93 886/92 882/88
f 886/92 885/91 882/88
f 885/91 883/89 882/88
f 889/95 890/96 891/97
f 890/96 892/98 891/97
f 892/98 893/99 891/97
f 893/99 894/100 891/97
f 894/100 895/101 891/97
f 895/101 889/95 891/97
f 895/101 894/100 889/95
f 894/100 893/99 889/95
f 893/99 892/98 889/95
f 892/98 890/96 889/95
f 896/102 897/103 898/104
f 897/103 899/105 898/104
f 899/105 900/106 898/104
f 900/106 901/107 898/104
f 901/107 902/108 898/104
f 902/108 896/102 898/104
f 902/108 901/107 896/102
f 901/107 900/106 896/102
f 900/106 899/105 896/102
f 899/105 897/103 896/102
f 903/102 904/103 905/104
f 904/103 906/105 905/104
f 906/105 907/106 905/104
f 907/106 908/107 905/104
f 908/107 909/108 905/104
f 909/108 903/102 905/104
f 909/108 908/107 903/102
f 908/107 907/106 903/102
f 907/106 906/105 903/102
f 906/105 904/103 903/102
f 910/102 911/103 912/104
f 911/103 913/105 912/104
f 913/105 914/106 912/104
f 914/106 915/107 912/104
f 915/107 916/108 912/104
f 916/108 910/102 912/104
f 916/108 915/107 910/102
f 915/107 914/106 910/102
f 914/106 913/105 910/102
f 913/105 911/103 910/102
f 917/88 918/89 919/90
f 918/89 920/91 919/90
f 920/91 921/92 919/90
f 921/92 922/93 919/90
f 922/93 923/94 919/90
f 923/94 917/88 919/90
f 923/94 922/93 917/88
f 922/93 921/92 917/88
f 921/92 920/91 917/88
f 920/91 918/89 917/88
f 924/102 925/103 926/104
f 925/103 927/105 926/104
f 927/105 928/106 926/104
f 928/106 929/107 926/104
f 929/107 930/108 926/104
f 930/108 924/102 926/104
f 930/108 929/107 924/102
f 929/107 928/106 924/102
f 928/106 927/105 924/102
f 927/105 925/103 924/102
f 931/95 932/96 933/97
f 932/96 934/98 933/97
f 934/98 935/99 933/97
f 935/99 936/100 933/97
f 936/100 937/101 933/97
f 937/101 931/95 933/97
f 937/101 936/100 931/95
f 936/100 935/99 931/95
f 935/99 934/98 931/95
f 934/98 932/96 931/95
f 938/88 939/89 940/90
f 939/89 941/91 940/90
f 941/91 942/92 940/90
f 942/92 943/93 940/90
f 943/93 944/94 940/90
f 944/94 938/88 940/90
f 944/94 943/93 938/88
f 943/93 942/92 938/88
f 942/92 941/91 938/88
f 941/91 939/89 938/88
f 945/102 946/103 947/104
f 946/103 948/105 947/104
f 948/105 949/106 947/104
f 949/106 950/107 947/104
f 950/107 951/108 947/104
f 951/108 945/102 947/104
f 951/108 950/107 945/102
f 950/107 949/106 945/102
f 949/106 948/105 945/102
f 948/105 946/103 945/102
f 952/88 953/89 954/90
f 953/89 955/91 954/90
f 955/91 956/92 954/90
f 956/92 957/93 954/90
f 957/93 958/94 954/90
f 958/94 952/88 954/90
f 958/94 957/93 952/88
f 957/93 956/92 952/88
f 956/92 955/91 952/88
f 955/91 953/89 952/88
f 959/116 960/116 961/116
f 962/116 961/116 960/116
f 963/116 959/116 961/116
f 964/116 963/116 961/116
f 962/116 964/116 961/116
f 965/116 962/116 960/116
f 966/116 960/116 959/116
f 967/116 959/116 963/116
f 968/116 963/116 964/116
f 969/116 964/116 962/116
f 966/116 965/116 960/116
f 967/116 966/116 959/116
f 968/116 967/116 963/116
f 969/116 968/116 964/116
f 965/116 969/116 962/116
f 970/116 965/116 966/116
f 970/116 966/116 967/116
f 970/116 967/116 968/116
f 970/116 968/116 969/116
f 970/116 969/116 965/116
f 971/117 972/118 973/119
f 972/118 974/120 973/119
f 974/120 975/121 973/119
f 975/121 976/122 973/119
f 976/122 977/123 973/119
f 977/123 971/117 973/119
f 977/123 976/122 971/117
f 976/122 975/121 971/117
f 975/121 974/120 971/117
f 974/120 972/118 971/117
f 978/124 979/125 980/126
f 979/125 981/127 980/126
f 981/127 982/128 980/126
f 982/128 983/129 980/126
f 983/129 984/130 980/126
f 984/130 978/124 980/126
f 984/130 983/129 978/124
f 983/129 982/128 978/124
f 982/128 981/127 978/124
f 981/127 979/125 978/124
f 985/131 986/132 987/133
f 986/132 988/134 987/133
f 988/134 989/135 987/133
f 989/135 990/136 987/133
f 990/136 991/137 987/133
f 991/137 985/131 987/133
f 991/137 990/136 985/131
f 990/136 989/135 985/131
f 989/135 988/134 985/131
f 988/134 986/132 985/131
f 992/117 993/118 994/119
f 993/118 995/120 994/119
f 995/120 996/121 994/119
f 996/121 997/122 994/119
f 997/122 998/123 994/119
f 998/123 992/117 994/119
f 998/123 997/122 992/117
f 997/122 996/121 992/117
f 996/121 995/120 992/117
f 995/120 993/118 992/117
f 999/117 1000/118 1001/119
f 1000/118 1002/120 1001/119
f 1002/120 1003/121 1001/119
f 1003/121 1004/122 1001/119
f 1004/122 1005/123 1001/119
f 1005/123 999/117 1001/119
f 1005/123 1004/122 999/117
f 1004/122 1003/121 999/117
f 1003/121 1002/120 999/117
f 1002/120 1000/118 999/117
f 1006/124 1007/125 1008/126
f 1007/125 1009/127 1008/126
f 1009/127 1010/128 1008/126
f 1010/128 1011/129 1008/126
f 1011/129 1012/130 1008/126
f 1012/130 1006/124 1008/126
f 1012/130 1011/129 1006/124
f 1011/129 1010/128 1006/124
f 1010/128 1009/127 1006/124
f 1009/127 1007/125 1006/124
f 1013/117 1014/118 1015/119
f 1014/118 1016/120 1015/119
f 1016/120 1017/121 1015/119
f 1017/121 1018/122 1015/119
f 1018/122 1019/123 1015/119
f 1019/123 1013/117 1015/119
f 1019/123 1018/122 1013/117
f 1018/122 1017/121 1013/117
f 1017/121 1016/120 1013/117
f 1016/120 1014/118 1013/117
f 1020/117 1021/118 1022/119
f 1021/118 1023/120 1022/119
f 1023/120 1024/121 1022/119
f 1024/121 1025/122 1022/119
f 1025/122 1026/123 1022/119
f 1026/123 1020/117 1022/119
f 1026/123 1025/122 1020/117
f 1025/122 1024/121 1020/117
f 1024/121 1023/120 1020/117
f 1023/120 1021/118 1020/117
f 1027/117 1028/118 1029/119
f 1028/118 1030/120 1029/119
f 1030/120 1031/121 1029/119
f 1031/121 1032/122 1029/119
f 1032/122 1033/123 1029/119
f 1033/123 1027/117 1029/119
f 1033/123 1032/122 1027/117
f 1032/122 1031/121 1027/117
f 1031/121 1030/120 1027/117
f 1030/120 1028/118 1027/117
f 1034/138 1035/139 1036/140
f 1035/139 1037/141 1036/140
f 1037/141 1038/142 1036/140
f 1038/142 1039/143 1036/140
f 1039/143 1040/144 1036/140
f 1040/144 1034/138 1036/140
f 1040/144 1039/143 1034/138
f 1039/143 1038/142 1034/138
f 1038/142 1037/141 1034/138
f 1037/141 1035/139 1034/138
f 1041/124 1042/125 1043/126
f 1042/125 1044/127 1043/126
f 1044/127 1045/128 1043/126
f 1045/128 1046/129 1043/126
f 1046/129 1047/130 1043/126
f 1047/130 1041/124 1043/126
f 1047/130 1046/129 1041/124
f 1046/129 1045/128 1041/124
f 1045/128 1044/127 1041/124
f 1044/127 1042/125 1041/124
f 1048/124 1049/125 1050/126
f 1049/125 1051/127 1050/126
f 1051/127 1052/128 1050/126
f 1052/128 1053/129 1050/126
f 1053/129 1054/130 1050/126
f 1054/130 1048/124 1050/126
f 1054/130 1053/129 1048/124
f 1053/129 1052/128 1048/124
f 1052/128 1051/127 1048/124
f 1051/127 1049/125 1048/124
f 1055/117 1056/118 1057/119
f 1056/118 1058/120 1057/119
f 1058/120 1059/121 1057/119
f 1059/121 1060/122 1057/119
f 1060/122 1061/123 1057/119
f 1061/123 1055/117 1057/119
f 1061/123 1060/122 1055/117
f 1060/122 1059/121 1055/117
f 1059/121 1058/120 1055/117
f 1058/120 1056/118 1055/117
f 1062/131 1063/132 1064/133
f 1063/132 1065/134 1064/133
f 1065/134 1066/135 1064/133
f 1066/135 1067/136 1064/133
f 1067/136 1068/137 1064/133
f 1068/137 1062/131 1064/133
f 1068/137 1067/136 1062/131
f 1067/136 1066/135 1062/131
f 1066/135 1065/134 1062/131
f 1065/134 1063/132 1062/131
f 1069/138 1070/139 1071/140
f 1070/139 1072/141 1071/140
f 1072/141 1073/142 1071/140
f 1073/142 1074/143 1071/140
f 1074/143 1075/144 1071/140
f 1075/144 1069/138 1071/140
f 1075/144 1074/143 1069/138
f 1074/143 1073/142 1069/138
f 1073/142 1072/141 1069/138
f 1072/141 1070/139 1069/138
f 1076/138 1077/139 1078/140
f 1077/139 1079/141 1078/140
f 1079/141 1080/142 1078/140
f 1080/142 1081/143 1078/140
f 1081/143 1082/144 1078/140
f 1082/144 1076/138 1078/140
f 1082/144 1081/143 1076/138
f 1081/143 1080/142 1076/138
f 1080/142 1079/141 1076/138
f 1079/141 1077/139 1076/138
f 1083/124 1084/125 1085/126
f 1084/125 1086/127 1085/126
f 1086/127 1087/128 1085/126
f 1087/128 1088/129 1085/126
f 1088/129 1089/130 1085/126
f 1089/130 1083/124 1085/126
f 1089/130 1088/129 1083/124
f 1088/129 1087/128 1083/124
f 1087/128 1086/127 1083/124
f 1086/127 1084/125 1083/124
f 1090/117 1091/118 1092/119
f 1091/118 1093/120 1092/119
f 1093/120 1094/121 1092/119
f 1094/121 1095/122 1092/119
f 1095/122 1096/123 1092/119
f 1096/123 1090/117 1092/119
f 1096/123 1095/122 1090/117
f 1095/122 1094/121 1090/117
f 1094/121 1093/120 1090/117
f 1093/120 1091/118 1090/117
f 1097/117 1098/118 1099/119
f 1098/118 1100/120 1099/119
f 1100/120 1101/121 1099/119
f 1101/121 1102/122 1099/119
f 1102/122 1103/123 1099/119
f 1103/123 1097/117 1099/119
f 1103/123 1102/122 1097/117
f 1102/122 1101/121 1097/117
f 1101/121 1100/120 1097/117
f 1100/120 1098/118 1097/117
f 1104/138 1105/139 1106/140
f 1105/139 1107/141 1106/140
f 1107/141 1108/142 1106/140
f 1108/142 1109/143 1106/140
f 1109/143 1110/144 1106/140
f 1110/144 1104/138 1106/140
f 1110/144 1109/143 1104/138
f 1109/143 1108/142 1104/138
f 1108/142 1107/141 1104/138
f 1107/141 1105/139 1104/138
f 1111/138 1112/139 1113/140
f 1112/139 1114/141 1113/140
f 1114/141 1115/142 1113/140
f 1115/142 1116/143 1113/140
f 1116/143 1117/144 1113/140
f 1117/144 1111/138 1113/140
f 1117/144 1116/143 1111/138
f 1116/143 1115/142 1111/138
f 1115/142 1114/141 1111/138
f 1114/141 1112/139 1111/138
f 1118/138 1119/139 1120/140
f 1119/139 1121/141 1120/140
f 1121/141 1122/142 1120/140
f 1122/142 1123/143 1120/140
f 1123/143 1124/144 1120/140
f 1124/144 1118/138 1120/140
f 1124/144 1123/143 1118/138
f 1123/143 1122/142 1118/138
f 1122/142 1121/141 1118/138
f 1121/141 1119/139 1118/138
f 1125/138 1126/139 1127/140
f 1126/139 1128/141 1127/140
f 1128/141 1129/142 1127/140
f 1129/142 1130/143 1127/140
f 1130/143 1131/144 1127/140
f 1131/144 1125/138 1127/140
f 1131/144 1130/143 1125/138
f 1130/143 1129/142 1125/138
f 1129/142 1128/141 1125/138
f 1128/141 1126/139 1125/138
f 1132/117 1133/118 1134/119
f 1133/118 1135/120 1134/119
f 1135/120 1136/121 1134/119
f 1136/121 1137/122 1134/119
f 1137/122 1138/123 1134/119
f 1138/123 1132/117 1134/119
f 1138/123 1137/122 1132/117
f 1137/122 1136/121 1132/117
f 1136/121 1135/120 1132/117
f 1135/120 1133/118 1132/117
f 1139/117 1140/118 1141/119
f 1140/118 1142/120 1141/119
f 1142/120 1143/121 1141/119
f 1143/121 1144/122 1141/119
f 1144/122 1145/123 1141/119
f 1145/123 1139/117 1141/119
f 1145/123 1144/122 1139/117
f 1144/122 1143/121 1139/117
f 1143/121 1142/120 1139/117
f 1142/120 1140/118 1139/117
f 1146/124 1147/125 1148/126
f 1147/125 1149/127 1148/126
f 1149/127 1150/128 1148/126
f 1150/128 1151/129 1148/126
f 1151/129 1152/130 1148/126
f 1152/130 1146/124 1148/126
f 1152/130 1151/129 1146/124
f 1151/129 1150/128 1146/124
f 1150/128 1149/127 1146/124
f 1149/127 1147/125 1146/124
f 1153/145 1154/145 1155/145
f 1156/145 1155/145 1154/145
f 1157/145 1153/145 1155/145
f 1158/145 1157/145 1155/145
f 1156/145 1158/145 1155/145
f 1159/145 1156/145 1154/145
f 1160/145 1154/145 1153/145
f 1161/145 1153/145 1157/145
f 1162/145 1157/145 1158/145
f 1163/145 1158/145 1156/145
f 1160/145 1159/145 1154/145
f 1161/145 1160/145 1153/145
f 1162/145 1161/145 1157/145
f 1163/145 1162/145 1158/145
f 1159/145 1163/145 1156/145
f 1164/145 1159/145 1160/145
f 1164/145 1160/145 1161/145
f 1164/145 1161/145 1162/145
f 1164/145 1162/145 1163/145
f 1164/145 1163/145 1159/145
f 1165/95 1166/96 1167/97
f 1166/96 1168/98 1167/97
f 1168/98 1169/99 1167/97
f 1169/99 1170/100 1167/97
f 1170/100 1171/101 1167/97
f 1171/101 1165/95 1167/97
f 1171/101 1170/100 1165/95
f 1170/100 1169/99 1165/95
f 1169/99 1168/98 1165/95
f 1168/98 1166/96 1165/95
f 1172/102 1173/103 1174/104
f 1173/103 1175/105 1174/104
f 1175/105 1176/106 1174/104
f 1176/106 1177/107 1174/104
f 1177/107 1178/108 1174/104
f 1178/108 1172/102 1174/104
f 1178/108 1177/107 1172/102
f 1177/107 1176/106 1172/102
f 1176/106 1175/105 1172/102
f 1175/105 1173/103 1172/102
f 1179/102 1180/103 1181/104
f 1180/103 1182/105 1181/104
f 1182/105 1183/106 1181/104
f 1183/106 1184/107 1181/104
f 1184/107 1185/108 1181/104
f 1185/108 1179/102 1181/104
f 1185/108 1184/107 1179/102
f 1184/107 1183/106 1179/102
f 1183/106 1182/105 1179/102
f 1182/105 1180/103 1179/102
f 1186/88 1187/89 1188/90
f 1187/89 1189/91 1188/90
f 1189/91 1190/92 1188/90
f 1190/92 1191/93 1188/90
f 1191/93 1192/94 1188/90
f 1192/94 1186/88 1188/90
f 1192/94 1191/93 1186/88
f 1191/93 1190/92 1186/88
f 1190/92 1189/91 1186/88
f 1189/91 1187/89 1186/88
f 1193/95 1194/96 1195/97
f 1194/96 1196/98 1195/97
f 1196/98 1197/99 1195/97
f 1197/99 1198/100 1195/97
f 1198/100 1199/101 1195/97
f 1199/101 1193/95 1195/97
f 1199/101 1198/100 1193/95
f 1198/100 1197/99 1193/95
f 1197/99 1196/98 1193/95
f 1196/98 1194/96 1193/95
f 1200/102 1201/103 1202/104
f 1201/103 1203/105 1202/104
f 1203/105 1204/106 1202/104
f 1204/106 1205/107 1202/104
f 1205/107 1206/108 1202/104
f 1206/108 1200/102 1202/104
f 1206/108 1205/107 1200/102
f 1205/107 1204/106 1200/102
f 1204/106 1203/105 1200/102
f 1203/105 1201/103 1200/102
f 1207/102 1208/103 1209/104
f 1208/103 1210/105 1209/104
f 1210/105 1211/106 1209/104
f 1211/106 1212/107 1209/104
f 1212/107 1213/108 1209/104
f 1213/108 1207/102 1209/104
f 1213/108 1212/107 1207/102
f 1212/107 1211/106 1207/102
f 1211/106 1210/105 1207/102
f 1210/105 1208/103 1207/102
f 1214/95 1215/96 1216/97
f 1215/96 1217/98 1216/97
f 1217/98 1218/99 1216/97
f 1218/99 1219/100 1216/97
f 1219/100 1220/101 1216/97
f 1220/101 1214/95 1216/97
f 1220/101 1219/100 1214/95
f 1219/100 1218/99 1214/95
f 1218/99 1217/98 1214/95
f 1217/98 1215/96 1214/95
f 1221/102 1222/103 1223/104
f 1222/103 1224/105 1223/104
f 1224/105 1225/106 1223/104
f 1225/106 1226/107 1223/104
f 1226/107 1227/108 1223/104
f 1227/108 1221/102 1223/104
f 1227/108 1226/107 1221/102
f 1226/107 1225/106 1221/102
f 1225/106 1224/105 1221/102
f 1224/105 1222/103 1221/102
f 1228/102 1229/103 1230/104
f 1229/103 1231/105 1230/104
f 1231/105 1232/106 1230/104
f 1232/106 1233/107 1230/104
f 1233/107 1234/108 1230/104
f 1234/108 1228/102 1230/104
f 1234/108 1233/107 1228/102
f 1233/107 1232/106 1228/102
f 1232/106 1231/105 1228/102
f 1231/105 1229/103 1228/102
f 1235/95 1236/96 1237/97
f 1236/96 1238/98 1237/97
f 1238/98 1239/99 1237/97
f 1239/99 1240/100 1237/97
f 1240/100 1241/101 1237/97
f 1241/101 1235/95 1237/97
f 1241/101 1240/100 1235/95
f 1240/100 1239/99 1235/95
f 1239/99 1238/98 1235/95
f 1238/98 1236/96 1235/95
f 1242/95 1243/96 1244/97
f 1243/96 1245/98 1244/97
f 1245/98 1246/99 1244/97
f 1246/99 1247/100 1244/97
f 1247/100 1248/101 1244/97
f 1248/101 1242/95 1244/97
f 1248/101 1247/100 1242/95
f 1247/100 1246/99 1242/95
f 1246/99 1245/98 1242/95
f 1245/98 1243/96 1242/95
f 1249/88 1250/89 1251/90
f 1250/89 1252/91 1251/90
f 1252/91 1253/92 1251/90
f 1253/92 1254/93 1251/90
f 1254/93 1255/94 1251/90
f 1255/94 1249/88 1251/90
f 1255/94 1254/93 1249/88
f 1254/93 1253/92 1249/88
f 1253/92 1252/91 1249/88
f 1252/91 1250/89 1249/88
f 1256/102 1257/103 1258/104
f 1257/103 1259/105 1258/104
f 1259/105 1260/106 1258/104
f 1260/106 1261/107 1258/104
f 1261/107 1262/108 1258/104
f 1262/108 1256/102 1258/104
f 1262/108 1261/107 1256/102
f 1261/107 1260/106 1256/102
f 1260/106 1259/105 1256/102
f 1259/105 1257/103 1256/102
f 1263/88 1264/89 1265/90
f 1264/89 1266/91 1265/90
f 1266/91 1267/92 1265/90
f 1267/92 1268/93 1265/90
f 1268/93 1269/94 1265/90
f 1269/94 1263/88 1265/90
f 1269/94 1268/93 1263/88
f 1268/93 1267/92 1263/88
f 1267/92 1266/91 1263/88
f 1266/91 1264/89 1263/88
f 1270/102 1271/103 1272/104
f 1271/103 1273/105 1272/104
f 1273/105 1274/106 1272/104
f 1274/106 1275/107 1272/104
f 1275/107 1276/108 1272/104
f 1276/108 1270/102 1272/104
f 1276/108 1275/107 1270/102
f 1275/107 1274/106 1270/102
f 1274/106 1273/105 1270/102
f 1273/105 1271/103 1270/102
f 1277/95 1278/96 1279/97
f 1278/96 1280/98 1279/97
f 1280/98 1281/99 1279/97
f 1281/99 1282/100 1279/97
f 1282/100 1283/101 1279/97
f 1283/101 1277/95 1279/97
f 1283/101 1282/100 1277/95
f 1282/100 1281/99 1277/95
f 1281/99 1280/98 1277/95
f 1280/98 1278/96 1277/95
f 1284/88 1285/89 1286/90
f 1285/89 1287/91 1286/90
f 1287/91 1288/92 1286/90
f 1288/92 1289/93 1286/90
f 1289/93 1290/94 1286/90
f 1290/94 1284/88 1286/90
f 1290/94 1289/93 1284/88
f 1289/93 1288/92 1284/88
f 1288/92 1287/91 1284/88
f 1287/91 1285/89 1284/88
f 1291/88 1292/89 1293/90
f 1292/89 1294/91 1293/90
f 1294/91 1295/92 1293/90
f 1295/92 1296/93 1293/90
f 1296/93 1297/94 1293/90
f 1297/94 1291/88 1293/90
f 1297/94 1296/93 1291/88
f 1296/93 1295/92 1291/88
f 1295/92 1294/91 1291/88
f 1294/91 1292/89 1291/88
f 1298/95 1299/96 1300/97
f 1299/96 1301/98 1300/97
f 1301/98 1302/99 1300/97
f 1302/99 1303/100 1300/97
f 1303/100 1304/101 1300/97
f 1304/101 1298/95 1300/97
f 1304/101 1303/100 1298/95
f 1303/100 1302/99 1298/95
f 1302/99 1301/98 1298/95
f 1301/98 1299/96 1298/95
f 1305/88 1306/89 1307/90
f 1306/89 1308/91 1307/90
f 1308/91 1309/92 1307/90
f 1309/92 1310/93 1307/90
f 1310/93 1311/94 1307/90
f 1311/94 1305/88 1307/90
f 1311/94 1310/93 1305/88
f 1310/93 1309/92 1305/88
f 1309/92 1308/91 1305/88
f 1308/91 1306/89 1305/88
f 1312/88 1313/89 1314/90
f 1313/89 1315/91 1314/90
f 1315/91 1316/92 1314/90
f 1316/92 1317/93 1314/90
f 1317/93 1318/94 1314/90
f 1318/94 1312/88 1314/90
f 1318/94 1317/93 1312/88
f 1317/93 1316/92 1312/88
f 1316/92 1315/91 1312/88
f 1315/91 1313/89 1312/88
f 1319/88 1320/89 1321/90
f 1320/89 1322/91 1321/90
f 1322/91 1323/92 1321/90
f 1323/92 1324/93 1321/90
f 1324/93 1325/94 1321/90
f 1325/94 1319/88 1321/90
f 1325/94 1324/93 1319/88
f 1324/93 1323/92 1319/88
f 1323/92 1322/91 1319/88
f 1322/91 1320/89 1319/88
f 1326/109 1327/110 1328/111
f 1327/110 1329/112 1328/111
f 1329/112 1330/113 1328/111
f 1330/113 1331/114 1328/111
f 1331/114 1332/115 1328/111
f 1332/115 1326/109 1328/111
f 1332/115 1331/114 1326/109
f 1331/114 1330/113 1326/109
f 1330/113 1329/112 1326/109
f 1329/112 1327/110 1326/109
f 1333/102 1334/103 1335/104
f 1334/103 1336/105 1335/104
f 1336/105 1337/106 1335/104
f 1337/106 1338/107 1335/104
f 1338/107 1339/108 1335/104
f 1339/108 1333/102 1335/104
f 1339/108 1338/107 1333/102
f 1338/107 1337/106 1333/102
f 1337/106 1336/105 1333/102
f 1336/105 1334/103 1333/102
f 1340/102 1341/103 1342/104
f 1341/103 1343/105 1342/104
f 1343/105 1344/106 1342/104
f 1344/106 1345/107 1342/104
f 1345/107 1346/108 1342/104
f 1346/108 1340/102 1342/104
f 1346/108 1345/107 1340/102
f 1345/107 1344/106 1340/102
f 1344/106 1343/105 1340/102
f 1343/105 1341/103 1340/102
f 1347/116 1348/116 1349/116
f 1350/116 1349/116 1348/116
f 1351/116 1347/116 1349/116
f 1352/116 1351/116 1349/116
f 1350/116 1352/116 1349/116
f 1353/116 1350/116 1348/116
f 1354/116 1348/116 1347/116
f 1355/116 1347/116 1351/116
f 1356/116 1351/116 1352/116
f 1357/116 1352/116 1350/116
f 1354/116 1353/116 1348/116
f 1355/116 1354/116 1347/116
f 1356/116 1355/116 1351/116
f 1357/116 1356/116 1352/116
f 1353/116 1357/116 1350/116
f 1358/116 1353/116 1354/116
f 1358/116 1354/116 1355/116
f 1358/116 1355/116 1356/116
f 1358/116 1356/116 1357/116
f 1358/116 1357/116 1353/116
f 1359/15 1360/16 1361/17
f 1360/16 1362/18 1361/17
f 1362/18 1363/19 1361/17
f 1363/19 1364/20 1361/17
f 1364/20 1365/21 1361/17
f 1365/21 1359/15 1361/17
f 1365/21 1364/20 1359/15
f 1364/20 1363/19 1359/15
f 1363/19 1362/18 1359/15
f 1362/18 1360/16 1359/15
f 1366/8 1367/9 1368/10
f 1367/9 1369/11 1368/10
f 1369/11 1370/12 1368/10
f 1370/12 1371/13 1368/10
f 1371/13 1372/14 1368/10
f 1372/14 1366/8 1368/10
f 1372/14 1371/13 1366/8
f 1371/13 1370/12 1366/8
f 1370/12 1369/11 1366/8
f 1369/11 1367/9 1366/8
f 1373/15 1374/16 1375/17
f 1374/16 1376/18 1375/17
f 1376/18 1377/19 1375/17
f 1377/19 1378/20 1375/17
f 1378/20 1379/21 1375/17
f 1379/21 1373/15 1375/17
f 1379/21 1378/20 1373/15
f 1378/20 1377/19 1373/15
f 1377/19 1376/18 1373/15
f 1376/18 1374/16 1373/15
f 1380/1 1381/2 1382/3
f 1381/2 1383/4 1382/3
f 1383/4 1384/5 1382/3
f 1384/5 1385/6 1382/3
f 1385/6 1386/7 1382/3
f 1386/7 1380/1 1382/3
f 1386/7 1385/6 1380/1
f 1385/6 1384/5 1380/1
f 1384/5 1383/4 1380/1
f 1383/4 1381/2 1380/1
f 1387/15 1388/16 1389/17
f 1388/16 1390/18 1389/17
f 1390/18 1391/19 1389/17
f 1391/19 1392/20 1389/17
f 1392/20 1393/21 1389/17
f 1393/21 1387/15 1389/17
f 1393/21 1392/20 1387/15
f 1392/20 1391/19 1387/15
f 1391/19 1390/18 1387/15
f 1390/18 1388/16 1387/15
f 1394/1 1395/2 1396/3
f 1395/2 1397/4 1396/3
f 1397/4 1398/5 1396/3
f 1398/5 1399/6 1396/3
f 1399/6 1400/7 1396/3
f 1400/7 1394/1 1396/3
f 1400/7 1399/6 1394/1
f 1399/6 1398/5 1394/1
f 1398/5 1397/4 1394/1
f 1397/4 1395/2 1394/1
f 1401/15 1402/16 1403/17
f 1402/16 1404/18 1403/17
f 1404/18 1405/19 1403/17
f 1405/19 1406/20 1403/17
f 1406/20 1407/21 1403/17
f 1407/21 1401/15 1403/17
f 1407/21 1406/20 1401/15
f 1406/20 1405/19 1401/15
f 1405/19 1404/18 1401/15
f 1404/18 1402/16 1401/15
f 1408/8 1409/9 1410/10
f 1409/9 1411/11 1410/10
f 1411/11 1412/12 1410/10
f 1412/12 1413/13 1410/10
f 1413/13 1414/14 1410/10
f 1414/14 1408/8 1410/10
f 1414/14 1413/13 1408/8
f 1413/13 1412/12 1408/8
f 1412/12 1411/11 1408/8
f 1411/11 1409/9 1408/8
f 1415/15 1416/16 1417/17
f 1416/16 1418/18 1417/17
f 1418/18 1419/19 1417/17
f 1419/19 1420/20 1417/17
f 1420/20 1421/21 1417/17
f 1421/21 1415/15 1417/17
f 1421/21 1420/20 1415/15
f 1420/20 1419/19 1415/15
f 1419/19 1418/18 1415/15
f 1418/18 1416/16 1415/15
f 1422/1 1423/2 1424/3
f 1423/2 1425/4 1424/3
f 1425/4 1426/5 1424/3
f 1426/5 1427/6 1424/3
f 1427/6 1428/7 1424/3
f 1428/7 1422/1 1424/3
f 1428/7 1427/6 1422/1
f 1427/6 1426/5 1422/1
f 1426/5 1425/4 1422/1
f 1425/4 1423/2 1422/1
f 1429/15 1430/16 1431/17
f 1430/16 1432/18 1431/17
f 1432/18 1433/19 1431/17
f 1433/19 1434/20 1431/17
f 1434/20 1435/21 1431/17
f 1435/21 1429/15 1431/17
f 1435/21 1434/20 1429/15
f 1434/20 1433/19 1429/15
f 1433/19 1432/18 1429/15
f 1432/18 1430/16 1429/15
f 1436/22 1437/23 1438/24
f 1437/23 1439/25 1438/24
f 1439/25 1440/26 1438/24
f 1440/26 1441/27 1438/24
f 1441/27 1442/28 1438/24
f 1442/28 1436/22 1438/24
f 1442/28 1441/27 1436/22
f 1441/27 1440/26 1436/22
f 1440/26 1439/25 1436/22
f 1439/25 1437/23 1436/22
f 1443/22 1444/23 1445/24
f 1444/23 1446/25 1445/24
f 1446/25 1447/26 1445/24
f 1447/26 1448/27 1445/24
f 1448/27 1449/28 1445/24
f 1449/28 1443/22 1445/24
f 1449/28 1448/27 1443/22
f 1448/27 1447/26 1443/22
f 1447/26 1446/25 1443/22
f 1446/25 1444/23 1443/22
f 1450/8 1451/9 1452/10
f 1451/9 1453/11 1452/10
f 1453/11 1454/12 1452/10
f 1454/12 1455/13 1452/10
f 1455/13 1456/14 1452/10
f 1456/14 1450/8 1452/10
f 1456/14 1455/13 1450/8
f 1455/13 1454/12 1450/8
f 1454/12 1453/11 1450/8
f 1453/11 1451/9 1450/8
f 1457/8 1458/9 1459/10
f 1458/9 1460/11 1459/10
f 1460/11 1461/12 1459/10
f 1461/12 1462/13 1459/10
f 1462/13 1463/14 1459/10
f 1463/14 1457/8 1459/10
f 1463/14 1462/13 1457/8
f 1462/13 1461/12 1457/8
f 1461/12 1460/11 1457/8
f 1460/11 1458/9 1457/8
f 1464/8 1465/9 1466/10
f 1465/9 1467/11 1466/10
f 1467/11 1468/12 1466/10
f 1468/12 1469/13 1466/10
f 1469/13 1470/14 1466/10
f 1470/14 1464/8 1466/10
f 1470/14 1469/13 1464/8
f 1469/13 1468/12 1464/8
f 1468/12 1467/11 1464/8
f 1467/11 1465/9 1464/8
f 1471/15 1472/16 1473/17
f 1472/16 1474/18 1473/17
f 1474/18 1475/19 1473/17
f 1475/19 1476/20 1473/17
f 1476/20 1477/21 1473/17
f 1477/21 1471/15 1473/17
f 1477/21 1476/20 1471/15
f 1476/20 1475/19 1471/15
f 1475/19 1474/18 1471/15
f 1474/18 1472/16 1471/15
f 1478/8 1479/9 1480/10
f 1479/9 1481/11 1480/10
f 1481/11 1482/12 1480/10
f 1482/12 1483/13 1480/10
f 1483/13 1484/14 1480/10
f 1484/14 1478/8 1480/10
f 1484/14 1483/13 1478/8
f 1483/13 1482/12 1478/8
f 1482/12 1481/11 1478/8
f 1481/11 1479/9 1478/8
f 1485/15 1486/16 1487/17
f 1486/16 1488/18 1487/17
f 1488/18 1489/19 1487/17
f 1489/19 1490/20 1487/17
f 1490/20 1491/21 1487/17
f 1491/21 1485/15 1487/17
f 1491/21 1490/20 1485/15
f 1490/20 1489/19 1485/15
f 1489/19 1488/18 1485/15
f 1488/18 1486/16 1485/15
f 1492/15 1493/16 1494/17
f 1493/16 1495/18 1494/17
f 1495/18 1496/19 1494/17
f 1496/19 1497/20 1494/17
f 1497/20 1498/21 1494/17
f 1498/21 1492/15 1494/17
f 1498/21 1497/20 1492/15
f 1497/20 1496/19 1492/15
f 1496/19 1495/18 1492/15
f 1495/18 1493/16 1492/15
f 1499/22 1500/23 1501/24
f 1500/23 1502/25 1501/24
f 1502/25 1503/26 1501/24
f 1503/26 1504/27 1501/24
f 1504/27 1505/28 1501/24
f 1505/28 1499/22 1501/24
f 1505/28 1504/27 1499/22
f 1504/27 1503/26 1499/22
f 1503/26 1502/25 1499/22
f 1502/25 1500/23 1499/22
f 1506/1 1507/2 1508/3
f 1507/2 1509/4 1508/3
f 1509/4 1510/5 1508/3
f 1510/5 1511/6 1508/3
f 1511/6 1512/7 1508/3
f 1512/7 1506/1 1508/3
f 1512/7 1511/6 1506/1
f 1511/6 1510/5 1506/1
f 1510/5 1509/4 1506/1
f 1509/4 1507/2 1506/1
f 1513/15 1514/16 1515/17
f 1514/16 1516/18 1515/17
f 1516/18 1517/19 1515/17
f 1517/19 1518/20 1515/17
f 1518/20 1519/21 1515/17
f 1519/21 1513/15 1515/17
f 1519/21 1518/20 1513/15
f 1518/20 1517/19 1513/15
f 1517/19 1516/18 1513/15
f 1516/18 1514/16 1513/15
f 1520/8 1521/9 1522/10
f 1521/9 1523/11 1522/10
f 1523/11 1524/12 1522/10
f 1524/12 1525/13 1522/10
f 1525/13 1526/14 1522/10
f 1526/14 1520/8 1522/10
f 1526/14 1525/13 1520/8
f 1525/13 1524/12 1520/8
f 1524/12 1523/11 1520/8
f 1523/11 1521/9 1520/8
f 1527/1 1528/2 1529/3
f 1528/2 1530/4 1529/3
f 1530/4 1531/5 1529/3
f 1531/5 1532/6 1529/3
f 1532/6 1533/7 1529/3
f 1533/7 1527/1 1529/3
f 1533/7 1532/6 1527/1
f 1532/6 1531/5 1527/1
f 1531/5 1530/4 1527/1
f 1530/4 1528/2 1527/1
f 1534/15 1535/16 1536/17
f 1535/16 1537/18 1536/17
f 1537/18 1538/19 1536/17
f 1538/19 1539/20 1536/17
f 1539/20 1540/21 1536/17
f 1540/21 1534/15 1536/17
f 1540/21 1539/20 1534/15
f 1539/20 1538/19 1534/15
f 1538/19 1537/18 1534/15
f 1537/18 1535/16 1534/15
f 1541/29 1542/29 1543/29
f 1544/29 1543/29 1542/29
f 1545/29 1541/29 1543/29
f 1546/29 1545/29 1543/29
f 1544/29 1546/29 1543/29
f 1547/29 1544/29 1542/29
f 1548/29 1542/29 1541/29
f 1549/29 1541/29 1545/29
f 1550/29 1545/29 1546/29
f 1551/29 1546/29 1544/29
f 1548/29 1547/29 1542/29
f 1549/29 1548/29 1541/29
f 1550/29 1549/29 1545/29
f 1551/29 1550/29 1546/29
f 1547/29 1551/29 1544/29
f 1552/29 1547/29 1548/29
f 1552/29 1548/29 1549/29
f 1552/29 1549/29 1550/29
f 1552/29 1550/29 1551/29
f 1552/29 1551/29 1547/29
f 1553/95 1554/96 1555/97
f 1554/96 1556/98 1555/97
f 1556/98 1557/99 1555/97
f 1557/99 1558/100 1555/97
f 1558/100 1559/101 1555/97
f 1559/101 1553/95 1555/97
f 1559/101 1558/100 1553/95
f 1558/100 1557/99 1553/95
f 1557/99 1556/98 1553/95
f 1556/98 1554/96 1553/95
f 1560/102 1561/103 1562/104
f 1561/103 1563/105 1562/104
f 1563/105 1564/106 1562/104
f 1564/106 1565/107 1562/104
f 1565/107 1566/108 1562/104
f 1566/108 1560/102 1562/104
f 1566/108 1565/107 1560/102
f 1565/107 1564/106 1560/102
f 1564/106 1563/105 1560/102
f 1563/105 1561/103 1560/102
f 1567/95 1568/96 1569/97
f 1568/96 1570/98 1569/97
f 1570/98 1571/99 1569/97
f 1571/99 1572/100 1569/97
f 1572/100 1573/101 1569/97
f 1573/101 1567/95 1569/97
f 1573/101 1572/100 1567/95
f 1572/100 1571/99 1567/95
f 1571/99 1570/98 1567/95
f 1570/98 1568/96 1567/95
f 1574/88 1575/89 1576/90
f 1575/89 1577/91 1576/90
f 1577/91 1578/92 1576/90
f 1578/92 1579/93 1576/90
f 1579/93 1580/94 1576/90
f 1580/94 1574/88 1576/90
f 1580/94 1579/93 1574/88
f 1579/93 1578/92 1574/88
f 1578/92 1577/91 1574/88
f 1577/91 1575/89 1574/88
f 1581/95 1582/96 1583/97
f 1582/96 1584/98 1583/97
f 1584/98 1585/99 1583/97
f 1585/99 1586/100 1583/97
f 1586/100 1587/101 1583/97
f 1587/101 1581/95 1583/97
f 1587/101 1586/100 1581/95
f 1586/100 1585/99 1581/95
f 1585/99 1584/98 1581/95
f 1584/98 1582/96 1581/95
f 1588/88 1589/89 1590/90
f 1589/89 1591/91 1590/90
f 1591/91 1592/92 1590/90
f 1592/92 1593/93 1590/90
f 1593/93 1594/94 1590/90
f 1594/94 1588/88 1590/90
f 1594/94 1593/93 1588/88
f 1593/93 1592/92 1588/88
f 1592/92 1591/91 1588/88
f 1591/91 1589/89 1588/88
f 1595/95 1596/96 1597/97
f 1596/96 1598/98 1597/97
f 1598/98 1599/99 1597/97
f 1599/99 1600/100 1597/97
f 1600/100 1601/101 1597/97
f 1601/101 1595/95 1597/97
f 1601/101 1600/100 1595/95
f 1600/100 1599/99 1595/95
f 1599/99 1598/98 1595/95
f 1598/98 1596/96 1595/95
f 1602/95 1603/96 1604/97
f 1603/96 1605/98 1604/97
f 1605/98 1606/99 1604/97
f 1606/99 1607/100 1604/97
f 1607/100 1608/101 1604/97
f 1608/101 1602/95 1604/97
f 1608/101 1607/100 1602/95
f 1607/100 1606/99 1602/95
f 1606/99 1605/98 1602/95
f 1605/98 1603/96 1602/95
f 1609/95 1610/96 1611/97
f 1610/96 1612/98 1611/97
f 1612/98 1613/99 1611/97
f 1613/99 1614/100 1611/97
f 1614/100 1615/101 1611/97
f 1615/101 1609/95 1611/97
f 1615/101 1614/100 1609/95
f 1614/100 1613/99 1609/95
f 1613/99 1612/98 1609/95
f 1612/98 1610/96 1609/95
f 1616/95 1617/96 1618/97
f 1617/96 1619/98 1618/97
f 1619/98 1620/99 1618/97
f 1620/99 1621/100 1618/97
f 1621/100 1622/101 1618/97
f 1622/101 1616/95 1618/97
f 1622/101 1621/100 1616/95
f 1621/100 1620/99 1616/95
f 1620/99 1619/98 1616/95
f 1619/98 1617/96 1616/95
f 1623/95 1624/96 1625/97
f 1624/96 1626/98 1625/97
f 1626/98 1627/99 1625/97
f 1627/99 1628/100 1625/97
f 1628/100 1629/101 1625/97
f 1629/101 1623/95 1625/97
f 1629/101 1628/100 1623/95
f 1628/100 1627/99 1623/95
f 1627/99 1626/98 1623/95
f 1626/98 1624/96 1623/95
f 1630/88 1631/89 1632/90
f 1631/89 1633/91 1632/90
f 1633/91 1634/92 1632/90
f 1634/92 1635/93 1632/90
f 1635/93 1636/94 1632/90
f 1636/94 1630/88 1632/90
f 1636/94 1635/93 1630/88
f 1635/93 1634/92 1630/88
f 1634/92 1633/91 1630/88
f 1633/91 1631/89 1630/88
f 1637/102 1638/103 1639/104
f 1638/103 1640/105 1639/104
f 1640/105 1641/106 1639/104
f 1641/106 1642/107 1639/104
f 1642/107 1643/108 1639/104
f 1643/108 1637/102 1639/104
f 1643/108 1642/107 1637/102
f 1642/107 1641/106 1637/102
f 1641/106 1640/105 1637/102
f 1640/105 1638/103 1637/102
f 1644/88 1645/89 1646/90
f 1645/89 1647/91 1646/90
f 1647/91 1648/92 1646/90
f 1648/92 1649/93 1646/90
f 1649/93 1650/94 1646/90
f 1650/94 1644/88 1646/90
f 1650/94 1649/93 1644/88
f 1649/93 1648/92 1644/88
f 1648/92 1647/91 1644/88
f 1647/91 1645/89 1644/88
f 1651/88 1652/89 1653/90
f 1652/89 1654/91 1653/90
f 1654/91 1655/92 1653/90
f 1655/92 1656/93 1653/90
f 1656/93 1657/94 1653/90
f 1657/94 1651/88 1653/90
f 1657/94 1656/93 1651/88
f 1656/93 1655/92 1651/88
f 1655/92 1654/91 1651/88
f 1654/91 1652/89 1651/88
f 1658/109 1659/110 1660/111
f 1659/110 1661/112 1660/111
f 1661/112 1662/113 1660/111
f 1662/113 1663/114 1660/111
f 1663/114 1664/115 1660/111
f 1664/115 1658/109 1660/111
f 1664/115 1663/114 1658/109
f 1663/114 1662/113 1658/109
f 1662/113 1661/112 1658/109
f 1661/112 1659/110 1658/109
f 1665/102 1666/103 1667/104
f 1666/103 1668/105 1667/104
f 1668/105 1669/106 1667/104
f 1669/106 1670/107 1667/104
f 1670/107 1671/108 1667/104
f 1671/108 1665/102 1667/104
f 1671/108 1670/107 1665/102
f 1670/107 1669/106 1665/102
f 1669/106 1668/105 1665/102
f 1668/105 1666/103 1665/102
f 1672/102 1673/103 1674/104
f 1673/103 1675/105 1674/104
f 1675/105 1676/106 1674/104
f 1676/106 1677/107 1674/104
f 1677/107 1678/108 1674/104
f 1678/108 1672/102 1674/104
f 1678/108 1677/107 1672/102
f 1677/107 1676/106 1672/102
f 1676/106 1675/105 1672/102
f 1675/105 1673/103 1672/102
f 1679/102 1680/103 1681/104
f 1680/103 1682/105 1681/104
f 1682/105 1683/106 1681/104
f 1683/106 1684/107 1681/104
f 1684/107 1685/108 1681/104
f 1685/108 1679/102 1681/104
f 1685/108 1684/107 1679/102
f 1684/107 1683/106 1679/102
f 1683/106 1682/105 1679/102
f 1682/105 1680/103 1679/102
f 1686/102 1687/103 1688/104
f 1687/103 1689/105 1688/104
f 1689/105 1690/106 1688/104
f 1690/106 1691/107 1688/104
f 1691/107 1692/108 1688/104
f 1692/108 1686/102 1688/104
f 1692/108 1691/107 1686/102
f 1691/107 1690/106 1686/102
f 1690/106 1689/105 1686/102
f 1689/105 1687/103 1686/102
f 1693/88 1694/89 1695/90
f 1694/89 1696/91 1695/90
f 1696/91 1697/92 1695/90
f 1697/92 1698/93 1695/90
f 1698/93 1699/94 1695/90
f 1699/94 1693/88 1695/90
f 1699/94 1698/93 1693/88
f 1698/93 1697/92 1693/88
f 1697/92 1696/91 1693/88
f 1696/91 1694/89 1693/88
f 1700/109 1701/110 1702/111
f 1701/110 1703/112 1702/111
f 1703/112 1704/113 1702/111
f 1704/113 1705/114 1702/111
f 1705/114 1706/115 1702/111
f 1706/115 1700/109 1702/111
f 1706/115 1705/114 1700/109
f 1705/114 1704/113 1700/109
f 1704/113 1703/112 1700/109
f 1703/112 1701/110 1700/109
f 1707/102 1708/103 1709/104
f 1708/103 1710/105 1709/104
f 1710/105 1711/106 1709/104
f 1711/106 1712/107 1709/104
f 1712/107 1713/108 1709/104
f 1713/108 1707/102 1709/104
f 1713/108 1712/107 1707/102
f 1712/107 1711/106 1707/102
f 1711/106 1710/105 1707/102
f 1710/105 1708/103 1707/102
f 1714/88 1715/89 1716/90
f 1715/89 1717/91 1716/90
f 1717/91 1718/92 1716/90
f 1718/92 1719/93 1716/90
f 1719/93 1720/94 1716/90
f 1720/94 1714/88 1716/90
f 1720/94 1719/93 1714/88
f 1719/93 1718/92 1714/88
f 1718/92 1717/91 1714/88
f 1717/91 1715/89 1714/88
f 1721/102 1722/103 1723/104
f 1722/103 1724/105 1723/104
f 1724/105 1725/106 1723/104
f 1725/106 1726/107 1723/104
f 1726/107 1727/108 1723/104
f 1727/108 1721/102 1723/104
f 1727/108 1726/107 1721/102
f 1726/107 1725/106 1721/102
f 1725/106 1724/105 1721/102
f 1724/105 1722/103 1721/102
f 1728/102 1729/103 1730/104
f 1729/103 1731/105 1730/104
f 1731/105 1732/106 1730/104
f 1732/106 1733/107 1730/104
f 1733/107 1734/108 1730/104
f 1734/108 1728/102 1730/104
f 1734/108 1733/107 1728/102
f 1733/107 1732/106 1728/102
f 1732/106 1731/105 1728/102
f 1731/105 1729/103 1728/102
f 1735/116 1736/116 1737/116
f 1738/116 1737/116 1736/116
f 1739/116 1735/116 1737/116
f 1740/116 1739/116 1737/116
f 1738/116 1740/116 1737/116
f 1741/116 1738/116 1736/116
f 1742/116 1736/116 1735/116
f 1743/116 1735/116 1739/116
f 1744/116 1739/116 1740/116
f 1745/116 1740/116 1738/116
f 1742/116 1741/116 1736/116
f 1743/116 1742/116 1735/116
f 1744/116 1743/116 1739/116
f 1745/116 1744/116 1740/116
f 1741/116 1745/116 1738/116
f 1746/116 1741/116 1742/116
f 1746/116 1742/116 1743/116
f 1746/116 1743/116 1744/116
f 1746/116 1744/116 1745/116
f 1746/116 1745/116 1741/116
f 1747/30 1748/31 1749/32
f 1748/31 1750/33 1749/32
f 1750/33 1751/34 1749/32
f 1751/34 1752/35 1749/32
f 1752/35 1753/36 1749/32
f 1753/36 1747/30 1749/32
f 1753/36 1752/35 1747/30
f 1752/35 1751/34 1747/30
f 1751/34 1750/33 1747/30
f 1750/33 1748/31 1747/30
f 1754/37 1755/38 1756/39
f 1755/38 1757/40 1756/39
f 1757/40 1758/41 1756/39
f 1758/41 1759/42 1756/39
f 1759/42 1760/43 1756/39
f 1760/43 1754/37 1756/39
f 1760/43 1759/42 1754/37
f 1759/42 1758/41 1754/37
f 1758/41 1757/40 1754/37
f 1757/40 1755/38 1754/37
f 1761/44 1762/45 1763/46
f 1762/45 1764/47 1763/46
f 1764/47 1765/48 1763/46
f 1765/48 1766/49 1763/46
f 1766/49 1767/50 1763/46
f 1767/50 1761/44 1763/46
f 1767/50 1766/49 1761/44
f 1766/49 1765/48 1761/44
f 1765/48 1764/47 1761/44
f 1764/47 1762/45 1761/44
f 1768/51 1769/52 1770/53
f 1769/52 1771/54 1770/53
f 1771/54 1772/55 1770/53
f 1772/55 1773/56 1770/53
f 1773/56 1774/57 1770/53
f 1774/57 1768/51 1770/53
f 1774/57 1773/56 1768/51
f 1773/56 1772/55 1768/51
f 1772/55 1771/54 1768/51
f 1771/54 1769/52 1768/51
f 1775/37 1776/38 1777/39
f 1776/38 1778/40 1777/39
f 1778/40 1779/41 1777/39
f 1779/41 1780/42 1777/39
f 1780/42 1781/43 1777/39
f 1781/43 1775/37 1777/39
f 1781/43 1780/42 1775/37
f 1780/42 1779/41 1775/37
f 1779/41 1778/40 1775/37
f 1778/40 1776/38 1775/37
f 1782/44 1783/45 1784/46
f 1783/45 1785/47 1784/46
f 1785/47 1786/48 1784/46
f 1786/48 1787/49 1784/46
f 1787/49 1788/50 1784/46
f 1788/50 1782/44 1784/46
f 1788/50 1787/49 1782/44
f 1787/49 1786/48 1782/44
f 1786/48 1785/47 1782/44
f 1785/47 1783/45 1782/44
f 1789/37 1790/38 1791/39
f 1790/38 1792/40 1791/39
f 1792/40 1793/41 1791/39
f 1793/41 1794/42 1791/39
f 1794/42 1795/43 1791/39
f 1795/43 1789/37 1791/39
f 1795/43 1794/42 1789/37
f 1794/42 1793/41 1789/37
f 1793/41 1792/40 1789/37
f 1792/40 1790/38 1789/37
f 1796/30 1797/31 1798/32
f 1797/31 1799/33 1798/32
f 1799/33 1800/34 1798/32
f 1800/34 1801/35 1798/32
f 1801/35 1802/36 1798/32
f 1802/36 1796/30 1798/32
f 1802/36 1801/35 1796/30
f 1801/35 1800/34 1796/30
f 1800/34 1799/33 1796/30
f 1799/33 1797/31 1796/30
f 1803/44 1804/45 1805/46
f 1804/45 1806/47 1805/46
f 1806/47 1807/48 1805/46
f 1807/48 1808/49 1805/46
f 1808/49 1809/50 1805/46
f 1809/50 1803/44 1805/46
f 1809/50 1808/49 1803/44
f 1808/49 1807/48 1803/44
f 1807/48 1806/47 1803/44
f 1806/47 1804/45 1803/44
f 1810/37 1811/38 1812/39
f 1811/38 1813/40 1812/39
f 1813/40 1814/41 1812/39
f 1814/41 1815/42 1812/39
f 1815/42 1816/43 1812/39
f 1816/43 1810/37 1812/39
f 1816/43 1815/42 1810/37
f 1815/42 1814/41 1810/37
f 1814/41 1813/40 1810/37
f 1813/40 1811/38 1810/37
f 1817/44 1818/45 1819/46
f 1818/45 1820/47 1819/46
f 1820/47 1821/48 1819/46
f 1821/48 1822/49 1819/46
f 1822/49 1823/50 1819/46
f 1823/50 1817/44 1819/46
f 1823/50 1822/49 1817/44
f 1822/49 1821/48 1817/44
f 1821/48 1820/47 1817/44
f 1820/47 1818/45 1817/44
f 1824/37 1825/38 1826/39
f 1825/38 1827/40 1826/39
f 1827/40 1828/41 1826/39
f 1828/41 1829/42 1826/39
f 1829/42 1830/43 1826/39
f 1830/43 1824/37 1826/39
f 1830/43 1829/42 1824/37
f 1829/42 1828/41 1824/37
f 1828/41 1827/40 1824/37
f 1827/40 1825/38 1824/37
f 1831/30 1832/31 1833/32
f 1832/31 1834/33 1833/32
f 1834/33 1835/34 1833/32
f 1835/34 1836/35 1833/32
f 1836/35 1837/36 1833/32
f 1837/36 1831/30 1833/32
f 1837/36 1836/35 1831/30
f 1836/35 1835/34 1831/30
f 1835/34 1834/33 1831/30
f 1834/33 1832/31 1831/30
f 1838/37 1839/38 1840/39
f 1839/38 1841/40 1840/39
f 1841/40 1842/41 1840/39
f 1842/41 1843/42 1840/39
f 1843/42 1844/43 1840/39
f 1844/43 1838/37 1840/39
f 1844/43 1843/42 1838/37
f 1843/42 1842/41 1838/37
f 1842/41 1841/40 1838/37
f 1841/40 1839/38 1838/37
f 1845/30 1846/31 1847/32
f 1846/31 1848/33 1847/32
f 1848/33 1849/34 1847/32
f 1849/34 1850/35 1847/32
f 1850/35 1851/36 1847/32
f 1851/36 1845/30 1847/32
f 1851/36 1850/35 1845/30
f 1850/35 1849/34 1845/30
f 1849/34 1848/33 1845/30
f 1848/33 1846/31 1845/30
f 1852/37 1853/38 1854/39
f 1853/38 1855/40 1854/39
f 1855/40 1856/41 1854/39
f 1856/41 1857/42 1854/39
f 1857/42 1858/43 1854/39
f 1858/43 1852/37 1854/39
f 1858/43 1857/42 1852/37
f 1857/42 1856/41 1852/37
f 1856/41 1855/40 1852/37
f 1855/40 1853/38 1852/37
f 1859/30 1860/31 1861/32
f 1860/31 1862/33 1861/32
f 1862/33 1863/34 1861/32
f 1863/34 1864/35 1861/32
f 1864/35 1865/36 1861/32
f 1865/36 1859/30 1861/32
f 1865/36 1864/35 1859/30
f 1864/35 1863/34 1859/30
f 1863/34 1862/33 1859/30
f 1862/33 1860/31 1859/30
f 1866/44 1867/45 1868/46
f 1867/45 1869/47 1868/46
f 1869/47 1870/48 1868/46
f 1870/48 1871/49 1868/46
f 1871/49 1872/50 1868/46
f 1872/50 1866/44 1868/46
f 1872/50 1871/49 1866/44
f 1871/49 1870/48 1866/44
f 1870/48 1869/47 1866/44
f 1869/47 1867/45 1866/44
f 1873/30 1874/31 1875/32
f 1874/31 1876/33 1875/32
f 1876/33 1877/34 1875/32
f 1877/34 1878/35 1875/32
f 1878/35 1879/36 1875/32
f 1879/36 1873/30 1875/32
f 1879/36 1878/35 1873/30
f 1878/35 1877/34 1873/30
f 1877/34 1876/33 1873/30
f 1876/33 1874/31 1873/30
f 1880/37 1881/38 1882/39
f 1881/38 1883/40 1882/39
f 1883/40 1884/41 1882/39
f 1884/41 1885/42 1882/39
f 1885/42 1886/43 1882/39
f 1886/43 1880/37 1882/39
f 1886/43 1885/42 1880/37
f 1885/42 1884/41 1880/37
f 1884/41 1883/40 1880/37
f 1883/40 1881/38 1880/37
f 1887/37 1888/38 1889/39
f 1888/38 1890/40 1889/39
f 1890/40 1891/41 1889/39
f 1891/41 1892/42 1889/39
f 1892/42 1893/43 1889/39
f 1893/43 1887/37 1889/39
f 1893/43 1892/42 1887/37
f 1892/42 1891/41 1887/37
f 1891/41 1890/40 1887/37
f 1890/40 1888/38 1887/37
f 1894/30 1895/31 1896/32
f 1895/31 1897/33 1896/32
f 1897/33 1898/34 1896/32
f 1898/34 1899/35 1896/32
f 1899/35 1900/36 1896/32
f 1900/36 1894/30 1896/32
f 1900/36 1899/35 1894/30
f 1899/35 1898/34 1894/30
f 1898/34 1897/33 1894/30
f 1897/33 1895/31 1894/30
f 1901/44 1902/45 1903/46
f 1902/45 1904/47 1903/46
f 1904/47 1905/48 1903/46
f 1905/48 1906/49 1903/46
f 1906/49 1907/50 1903/46
f 1907/50 1901/44 1903/46
f 1907/50 1906/49 1901/44
f 1906/49 1905/48 1901/44
f 1905/48 1904/47 1901/44
f 1904/47 1902/45 1901/44
f 1908/37 1909/38 1910/39
f 1909/38 1911/40 1910/39
f 1911/40 1912/41 1910/39
f 1912/41 1913/42 1910/39
f 1913/42 1914/43 1910/39
f 1914/43 1908/37 1910/39
f 1914/43 1913/42 1908/37
f 1913/42 1912/41 1908/37
f 1912/41 1911/40 1908/37
f 1911/40 1909/38 1908/37
f 1915/51 1916/52 1917/53
f 1916/52 1918/54 1917/53
f 1918/54 1919/55 1917/53
f 1919/55 1920/56 1917/53
f 1920/56 1921/57 1917/53
f 1921/57 1915/51 1917/53
f 1921/57 1920/56 1915/51
f 1920/56 1919/55 1915/51
f 1919/55 1918/54 1915/51
f 1918/54 1916/52 1915/51
f 1922/37 1923/38 1924/39
f 1923/38 1925/40 1924/39
f 1925/40 1926/41 1924/39
f 1926/41 1927/42 1924/39
f 1927/42 1928/43 1924/39
f 1928/43 1922/37 1924/39
f 1928/43 1927/42 1922/37
f 1927/42 1926/41 1922/37
f 1926/41 1925/40 1922/37
f 1925/40 1923/38 1922/37
f 1929/58 1930/58 1931/58
f 1932/58 1931/58 1930/58
f 1933/58 1929/58 1931/58
f 1934/58 1933/58 1931/58
f 1932/58 1934/58 1931/58
f 1935/58 1932/58 1930/58
f 1936/58 1930/58 1929/58
f 1937/58 1929/58 1933/58
f 1938/58 1933/58 1934/58
f 1939/58 1934/58 1932/58
f 1936/58 1935/58 1930/58
f 1937/58 1936/58 1929/58
f 1938/58 1937/58 1933/58
f 1939/58 1938/58 1934/58
f 1935/58 1939/58 1932/58
f 1940/58 1935/58 1936/58
f 1940/58 1936/58 1937/58
f 1940/58 1937/58 1938/58
f 1940/58 1938/58 1939/58
f 1940/58 1939/58 1935/58
f 1941/59 1942/60 1943/61
f 1942/60 1944/62 1943/61
f 1944/62 1945/63 1943/61
f 1945/63 1946/64 1943/61
f 1946/64 1947/65 1943/61
f 1947/65 1941/59 1943/61
f 1947/65 1946/64 1941/59
f 1946/64 1945/63 1941/59
f 1945/63 1944/62 1941/59
f 1944/62 1942/60 1941/59
f 1948/59 1949/60 1950/61
f 1949/60 1951/62 1950/61
f 1951/62 1952/63 1950/61
f 1952/63 1953/64 1950/61
f 1953/64 1954/65 1950/61
f 1954/65 1948/59 1950/61
f 1954/65 1953/64 1948/59
f 1953/64 1952/63 1948/59
f 1952/63 1951/62 1948/59
f 1951/62 1949/60 1948/59
f 1955/59 1956/60 1957/61
f 1956/60 1958/62 1957/61
f 1958/62 1959/63 1957/61
f 1959/63 1960/64 1957/61
f 1960/64 1961/65 1957/61
f 1961/65 1955/59 1957/61
f 1961/65 1960/64 1955/59
f 1960/64 1959/63 1955/59
f 1959/63 1958/62 1955/59
f 1958/62 1956/60 1955/59
f 1962/66 1963/67 1964/68
f 1963/67 1965/69 1964/68
f 1965/69 1966/70 1964/68
f 1966/70 1967/71 1964/68
f 1967/71 1968/72 1964/68
f 1968/72 1962/66 1964/68
f 1968/72 1967/71 1962/66
f 1967/71 1966/70 1962/66
f 1966/70 1965/69 1962/66
f 1965/69 1963/67 1962/66
f 1969/59 1970/60 1971/61
f 1970/60 1972/62 1971/61
f 1972/62 1973/63 1971/61
f 1973/63 1974/64 1971/61
f 1974/64 1975/65 1971/61
f 1975/65 1969/59 1971/61
f 1975/65 1974/64 1969/59
f 1974/64 1973/63 1969/59
f 1973/63 1972/62 1969/59
f 1972/62 1970/60 1969/59
f 1976/66 1977/67 1978/68
f 1977/67 1979/69 1978/68
f 1979/69 1980/70 1978/68
f 1980/70 1981/71 1978/68
f 1981/71 1982/72 1978/68
f 1982/72 1976/66 1978/68
f 1982/72 1981/71 1976/66
f 1981/71 1980/70 1976/66
f 1980/70 1979/69 1976/66
f 1979/69 1977/67 1976/66
f 1983/59 1984/60 1985/61
f 1984/60 1986/62 1985/61
f 1986/62 1987/63 1985/61
f 1987/63 1988/64 1985/61
f 1988/64 1989/65 1985/61
f 1989/65 1983/59 1985/61
f 1989/65 1988/64 1983/59
f 1988/64 1987/63 1983/59
f 1987/63 1986/62 1983/59
f 1986/62 1984/60 1983/59
f 1990/66 1991/67 1992/68
f 1991/67 1993/69 1992/68
f 1993/69 1994/70 1992/68
f 1994/70 1995/71 1992/68
f 1995/71 1996/72 1992/68
f 1996/72 1990/66 1992/68
f 1996/72 1995/71 1990/66
f 1995/71 1994/70 1990/66
f 1994/70 1993/69 1990/66
f 1993/69 1991/67 1990/66
f 1997/59 1998/60 1999/61
f 1998/60 2000/62 1999/61
f 2000/62 2001/63 1999/61
f 2001/63 2002/64 1999/61
f 2002/64 2003/65 1999/61
f 2003/65 1997/59 1999/61
f 2003/65 2002/64 1997/59
f 2002/64 2001/63 1997/59
f 2001/63 2000/62 1997/59
f 2000/62 1998/60 1997/59
f 2004/73 2005/74 2006/75
f 2005/74 2007/76 2006/75
f 2007/76 2008/77 2006/75
f 2008/77 2009/78 2006/75
f 2009/78 2010/79 2006/75
f 2010/79 2004/73 2006/75
f 2010/79 2009/78 2004/73
f 2009/78 2008/77 2004/73
f 2008/77 2007/76 2004/73
f 2007/76 2005/74 2004/73
f 2011/80 2012/81 2013/82
f 2012/81 2014/83 2013/82
f 2014/83 2015/84 2013/82
f 2015/84 2016/85 2013/82
f 2016/85 2017/86 2013/82
f 2017/86 2011/80 2013/82
f 2017/86 2016/85 2011/80
f 2016/85 2015/84 2011/80
f 2015/84 2014/83 2011/80
f 2014/83 2012/81 2011/80
f 2018/59 2019/60 2020/61
f 2019/60 2021/62 2020/61
f 2021/62 2022/63 2020/61
f 2022/63 2023/64 2020/61
f 2023/64 2024/65 2020/61
f 2024/65 2018/59 2020/61
f 2024/65 2023/64 2018/59
f 2023/64 2022/63 2018/59
f 2022/63 2021/62 2018/59
f 2021/62 2019/60 2018/59
f 2025/66 2026/67 2027/68
f 2026/67 2028/69 2027/68
f 2028/69 2029/70 2027/68
f 2029/70 2030/71 2027/68
f 2030/71 2031/72 2027/68
f 2031/72 2025/66 2027/68
f 2031/72 2030/71 2025/66
f 2030/71 2029/70 2025/66
f 2029/70 2028/69 2025/66
f 2028/69 2026/67 2025/66
f 2032/59 2033/60 2034/61
f 2033/60 2035/62 2034/61
f 2035/62 2036/63 2034/61
f 2036/63 2037/64 2034/61
f 2037/64 2038/65 2034/61
f 2038/65 2032/59 2034/61
f 2038/65 2037/64 2032/59
f 2037/64 2036/63 2032/59
f 2036/63 2035/62 2032/59
f 2035/62 2033/60 2032/59
f 2039/59 2040/60 2041/61
f 2040/60 2042/62 2041/61
f 2042/62 2043/63 2041/61
f 2043/63 2044/64 2041/61
f 2044/64 2045/65 2041/61
f 2045/65 2039/59 2041/61
f 2045/65 2044/64 2039/59
f 2044/64 2043/63 2039/59
f 2043/63 2042/62 2039/59
f 2042/62 2040/60 2039/59
f 2046/66 2047/67 2048/68
f 2047/67 2049/69 2048/68
f 2049/69 2050/70 2048/68
f 2050/70 2051/71 2048/68
f 2051/71 2052/72 2048/68
f 2052/72 2046/66 2048/68
f 2052/72 2051/71 2046/66
f 2051/71 2050/70 2046/66
f 2050/70 2049/69 2046/66
f 2049/69 2047/67 2046/66
f 2053/73 2054/74 2055/75
f 2054/74 2056/76 2055/75
f 2056/76 2057/77 2055/75
f 2057/77 2058/78 2055/75
f 2058/78 2059/79 2055/75
f 2059/79 2053/73 2055/75
f 2059/79 2058/78 2053/73
f 2058/78 2057/77 2053/73
f 2057/77 2056/76 2053/73
f 2056/76 2054/74 2053/73
f 2060/73 2061/74 2062/75
f 2061/74 2063/76 2062/75
f 2063/76 2064/77 2062/75
f 2064/77 2065/78 2062/75
f 2065/78 2066/79 2062/75
f 2066/79 2060/73 2062/75
f 2066/79 2065/78 2060/73
f 2065/78 2064/77 2060/73
f 2064/77 2063/76 2060/73
f 2063/76 2061/74 2060/73
f 2067/66 2068/67 2069/68
f 2068/67 2070/69 2069/68
f 2070/69 2071/70 2069/68
f 2071/70 2072/71 2069/68
f 2072/71 2073/72 2069/68
f 2073/72 2067/66 2069/68
f 2073/72 2072/71 2067/66
f 2072/71 2071/70 2067/66
f 2071/70 2070/69 2067/66
f 2070/69 2068/67 2067/66
f 2074/66 2075/67 2076/68
f 2075/67 2077/69 2076/68
f 2077/69 2078/70 2076/68
f 2078/70 2079/71 2076/68
f 2079/71 2080/72 2076/68
f 2080/72 2074/66 2076/68
f 2080/72 2079/71 2074/66
f 2079/71 2078/70 2074/66
f 2078/70 2077/69 2074/66
f 2077/69 2075/67 2074/66
f 2081/66 2082/67 2083/68
f 2082/67 2084/69 2083/68
f 2084/69 2085/70 2083/68
f 2085/70 2086/71 2083/68
f 2086/71 2087/72 2083/68
f 2087/72 2081/66 2083/68
f 2087/72 2086/71 2081/66
f 2086/71 2085/70 2081/66
f 2085/70 2084/69 2081/66
f 2084/69 2082/67 2081/66
f 2088/80 2089/81 2090/82
f 2089/81 2091/83 2090/82
f 2091/83 2092/84 2090/82
f 2092/84 2093/85 2090/82
f 2093/85 2094/86 2090/82
f 2094/86 2088/80 2090/82
f 2094/86 2093/85 2088/80
f 2093/85 2092/84 2088/80
f 2092/84 2091/83 2088/80
f 2091/83 2089/81 2088/80
f 2095/80 2096/81 2097/82
f 2096/81 2098/83 2097/82
f 2098/83 2099/84 2097/82
f 2099/84 2100/85 2097/82
f 2100/85 2101/86 2097/82
f 2101/86 2095/80 2097/82
f 2101/86 2100/85 2095/80
f 2100/85 2099/84 2095/80
f 2099/84 2098/83 2095/80
f 2098/83 2096/81 2095/80
f 2102/73 2103/74 2104/75
f 2103/74 2105/76 2104/75
f 2105/76 2106/77 2104/75
f 2106/77 2107/78 2104/75
f 2107/78 2108/79 2104/75
f 2108/79 2102/73 2104/75
f 2108/79 2107/78 2102/73
f 2107/78 2106/77 2102/73
f 2106/77 2105/76 2102/73
f 2105/76 2103/74 2102/73
f 2109/80 2110/81 2111/82
f 2110/81 2112/83 2111/82
f 2112/83 2113/84 2111/82
f 2113/84 2114/85 2111/82
f 2114/85 2115/86 2111/82
f 2115/86 2109/80 2111/82
f 2115/86 2114/85 2109/80
f 2114/85 2113/84 2109/80
f 2113/84 2112/83 2109/80
f 2112/83 2110/81 2109/80
f 2116/59 2117/60 2118/61
f 2117/60 2119/62 2118/61
f 2119/62 2120/63 2118/61
f 2120/63 2121/64 2118/61
f 2121/64 2122/65 2118/61
f 2122/65 2116/59 2118/61
f 2122/65 2121/64 2116/59
f 2121/64 2120/63 2116/59
f 2120/63 2119/62 2116/59
f 2119/62 2117/60 2116/59
f 2123/87 2124/87 2125/87
f 2126/87 2125/87 2124/87
f 2127/87 2123/87 2125/87
f 2128/87 2127/87 2125/87
f 2126/87 2128/87 2125/87
f 2129/87 2126/87 2124/87
f 2130/87 2124/87 2123/87
f 2131/87 2123/87 2127/87
f 2132/87 2127/87 2128/87
f 2133/87 2128/87 2126/87
f 2130/87 2129/87 2124/87
f 2131/87 2130/87 2123/87
f 2132/87 2131/87 2127/87
f 2133/87 2132/87 2128/87
f 2129/87 2133/87 2126/87
f 2134/87 2129/87 2130/87
f 2134/87 2130/87 2131/87
f 2134/87 2131/87 2132/87
f 2134/87 2132/87 2133/87
f 2134/87 2133/87 2129/87
f 2135/15 2136/16 2137/17
f 2136/16 2138/18 2137/17
f 2138/18 2139/19 2137/17
f 2139/19 2140/20 2137/17
f 2140/20 2141/21 2137/17
f 2141/21 2135/15 2137/17
f 2141/21 2140/20 2135/15
f 2140/20 2139/19 2135/15
f 2139/19 2138/18 2135/15
f 2138/18 2136/16 2135/15
f 2142/22 2143/23 2144/24
f 2143/23 2145/25 2144/24
f 2145/25 2146/26 2144/24
f 2146/26 2147/27 2144/24
f 2147/27 2148/28 2144/24
f 2148/28 2142/22 2144/24
f 2148/28 2147/27 2142/22
f 2147/27 2146/26 2142/22
f 2146/26 2145/25 2142/22
f 2145/25 2143/23 2142/22
f 2149/8 2150/9 2151/10
f 2150/9 2152/11 2151/10
f 2152/11 2153/12 2151/10
f 2153/12 2154/13 2151/10
f 2154/13 2155/14 2151/10
f 2155/14 2149/8 2151/10
f 2155/14 2154/13 2149/8
f 2154/13 2153/12 2149/8
f 2153/12 2152/11 2149/8
f 2152/11 2150/9 2149/8
f 2156/15 2157/16 2158/17
f 2157/16 2159/18 2158/17
f 2159/18 2160/19 2158/17
f 2160/19 2161/20 2158/17
f 2161/20 2162/21 2158/17
f 2162/21 2156/15 2158/17
f 2162/21 2161/20 2156/15
f 2161/20 2160/19 2156/15
f 2160/19 2159/18 2156/15
f 2159/18 2157/16 2156/15
f 2163/15 2164/16 2165/17
f 2164/16 2166/18 2165/17
f 2166/18 2167/19 2165/17
f 2167/19 2168/20 2165/17
f 2168/20 2169/21 2165/17
f 2169/21 2163/15 2165/17
f 2169/21 2168/20 2163/15
f 2168/20 2167/19 2163/15
f 2167/19 2166/18 2163/15
f 2166/18 2164/16 2163/15
f 2170/15 2171/16 2172/17
f 2171/16 2173/18 2172/17
f 2173/18 2174/19 2172/17
f 2174/19 2175/20 2172/17
f 2175/20 2176/21 2172/17
f 2176/21 2170/15 2172/17
f 2176/21 2175/20 2170/15
f 2175/20 2174/19 2170/15
f 2174/19 2173/18 2170/15
f 2173/18 2171/16 2170/15
f 2177/1 2178/2 2179/3
f 2178/2 2180/4 2179/3
f 2180/4 2181/5 2179/3
f 2181/5 2182/6 2179/3
f 2182/6 2183/7 2179/3
f 2183/7 2177/1 2179/3
f 2183/7 2182/6 2177/1
f 2182/6 2181/5 2177/1
f 2181/5 2180/4 2177/1
f 2180/4 2178/2 2177/1
f 2184/1 2185/2 2186/3
f 2185/2 2187/4 2186/3
f 2187/4 2188/5 2186/3
f 2188/5 2189/6 2186/3
f 2189/6 2190/7 2186/3
f 2190/7 2184/1 2186/3
f 2190/7 2189/6 2184/1
f 2189/6 2188/5 2184/1
f 2188/5 2187/4 2184/1
f 2187/4 2185/2 2184/1
f 2191/22 2192/23 2193/24
f 2192/23 2194/25 2193/24
f 2194/25 2195/26 2193/24
f 2195/26 2196/27 2193/24
f 2196/27 2197/28 2193/24
f 2197/28 2191/22 2193/24
f 2197/28 2196/27 2191/22
f 2196/27 2195/26 2191/22
f 2195/26 2194/25 2191/22
f 2194/25 2192/23 2191/22
f 2198/22 2199/23 2200/24
f 2199/23 2201/25 2200/24
f 2201/25 2202/26 2200/24
f 2202/26 2203/27 2200/24
f 2203/27 2204/28 2200/24
f 2204/28 2198/22 2200/24
f 2204/28 2203/27 2198/22
f 2203/27 2202/26 2198/22
f 2202/26 2201/25 2198/22
f 2201/25 2199/23 2198/22
f 2205/15 2206/16 2207/17
f 2206/16 2208/18 2207/17
f 2208/18 2209/19 2207/17
f 2209/19 2210/20 2207/17
f 2210/20 2211/21 2207/17
f 2211/21 2205/15 2207/17
f 2211/21 2210/20 2205/15
f 2210/20 2209/19 2205/15
f 2209/19 2208/18 2205/15
f 2208/18 2206/16 2205/15
f 2212/8 2213/9 2214/10
f 2213/9 2215/11 2214/10
f 2215/11 2216/12 2214/10
f 2216/12 2217/13 2214/10
f 2217/13 2218/14 2214/10
f 2218/14 2212/8 2214/10
f 2218/14 2217/13 2212/8
f 2217/13 2216/12 2212/8
f 2216/12 2215/11 2212/8
f 2215/11 2213/9 2212/8
f 2219/8 2220/9 2221/10
f 2220/9 2222/11 2221/10
f 2222/11 2223/12 2221/10
f 2223/12 2224/13 2221/10
f 2224/13 2225/14 2221/10
f 2225/14 2219/8 2221/10
f 2225/14 2224/13 2219/8
f 2224/13 2223/12 2219/8
f 2223/12 2222/11 2219/8
f 2222/11 2220/9 2219/8
f 2226/15 2227/16 2228/17
f 2227/16 2229/18 2228/17
f 2229/18 2230/19 2228/17
f 2230/19 2231/20 2228/17
f 2231/20 2232/21 2228/17
f 2232/21 2226/15 2228/17
f 2232/21 2231/20 2226/15
f 2231/20 2230/19 2226/15
f 2230/19 2229/18 2226/15
f 2229/18 2227/16 2226/15
f 2233/15 2234/16 2235/17
f 2234/16 2236/18 2235/17
f 2236/18 2237/19 2235/17
f 2237/19 2238/20 2235/17
f 2238/20 2239/21 2235/17
f 2239/21 2233/15 2235/17
f 2239/21 2238/20 2233/15
f 2238/20 2237/19 2233/15
f 2237/19 2236/18 2233/15
f 2236/18 2234/16 2233/15
f 2240/15 2241/16 2242/17
f 2241/16 2243/18 2242/17
f 2243/18 2244/19 2242/17
f 2244/19 2245/20 2242/17
f 2245/20 2246/21 2242/17
f 2246/21 2240/15 2242/17
f 2246/21 2245/20 2240/15
f 2245/20 2244/19 2240/15
f 2244/19 2243/18 2240/15
f 2243/18 2241/16 2240/15
f 2247/22 2248/23 2249/24
f 2248/23 2250/25 2249/24
f 2250/25 2251/26 2249/24
f 2251/26 2252/27 2249/24
f 2252/27 2253/28 2249/24
f 2253/28 2247/22 2249/24
f 2253/28 2252/27 2247/22
f 2252/27 2251/26 2247/22
f 2251/26 2250/25 2247/22
f 2250/25 2248/23 2247/22
f 2254/1 2255/2 2256/3
f 2255/2 2257/4 2256/3
f 2257/4 2258/5 2256/3
f 2258/5 2259/6 2256/3
f 2259/6 2260/7 2256/3
f 2260/7 2254/1 2256/3
f 2260/7 2259/6 2254/1
f 2259/6 2258/5 2254/1
f 2258/5 2257/4 2254/1
f 2257/4 2255/2 2254/1
f 2261/1 2262/2 2263/3
f 2262/2 2264/4 2263/3
f 2264/4 2265/5 2263/3
f 2265/5 2266/6 2263/3
f 2266/6 2267/7 2263/3
f 2267/7 2261/1 2263/3
f 2267/7 2266/6 2261/1
f 2266/6 2265/5 2261/1
f 2265/5 2264/4 2261/1
f 2264/4 2262/2 2261/1
f 2268/15 2269/16 2270/17
f 2269/16 2271/18 2270/17
f 2271/18 2272/19 2270/17
f 2272/19 2273/20 2270/17
f 2273/20 2274/21 2270/17
f 2274/21 2268/15 2270/17
f 2274/21 2273/20 2268/15
f 2273/20 2272/19 2268/15
f 2272/19 2271/18 2268/15
f 2271/18 2269/16 2268/15
f 2275/15 2276/16 2277/17
f 2276/16 2278/18 2277/17
f 2278/18 2279/19 2277/17
f 2279/19 2280/20 2277/17
f 2280/20 2281/21 2277/17
f 2281/21 2275/15 2277/17
f 2281/21 2280/20 2275/15
f 2280/20 2279/19 2275/15
f 2279/19 2278/18 2275/15
f 2278/18 2276/16 2275/15
f 2282/15 2283/16 2284/17
f 2283/16 2285/18 2284/17
f 2285/18 2286/19 2284/17
f 2286/19 2287/20 2284/17
f 2287/20 2288/21 2284/17
f 2288/21 2282/15 2284/17
f 2288/21 2287/20 2282/15
f 2287/20 2286/19 2282/15
f 2286/19 2285/18 2282/15
f 2285/18 2283/16 2282/15
f 2289/1 2290/2 2291/3
f 2290/2 2292/4 2291/3
f 2292/4 2293/5 2291/3
f 2293/5 2294/6 2291/3
f 2294/6 2295/7 2291/3
f 2295/7 2289/1 2291/3
f 2295/7 2294/6 2289/1
f 2294/6 2293/5 2289/1
f 2293/5 2292/4 2289/1
f 2292/4 2290/2 2289/1
f 2296/1 2297/2 2298/3
f 2297/2 2299/4 2298/3
f 2299/4 2300/5 2298/3
f 2300/5 2301/6 2298/3
f 2301/6 2302/7 2298/3
f 2302/7 2296/1 2298/3
f 2302/7 2301/6 2296/1
f 2301/6 2300/5 2296/1
f 2300/5 2299/4 2296/1
f 2299/4 2297/2 2296/1
f 2303/8 2304/9 2305/10
f 2304/9 2306/11 2305/10
f 2306/11 2307/12 2305/10
f 2307/12 2308/13 2305/10
f 2308/13 2309/14 2305/10
f 2309/14 2303/8 2305/10
f 2309/14 2308/13 2303/8
f 2308/13 2307/12 2303/8
f 2307/12 2306/11 2303/8
f 2306/11 2304/9 2303/8
f 2310/8 2311/9 2312/10
f 2311/9 2313/11 2312/10
f 2313/11 2314/12 2312/10
f 2314/12 2315/13 2312/10
f 2315/13 2316/14 2312/10
f 2316/14 2310/8 2312/10
f 2316/14 2315/13 2310/8
f 2315/13 2314/12 2310/8
f 2314/12 2313/11 2310/8
f 2313/11 2311/9 2310/8
f 2317/29 2318/29 2319/29
f 2320/29 2319/29 2318/29
f 2321/29 2317/29 2319/29
f 2322/29 2321/29 2319/29
f 2320/29 2322/29 2319/29
f 2323/29 2320/29 2318/29
f 2324/29 2318/29 2317/29
f 2325/29 2317/29 2321/29
f 2326/29 2321/29 2322/29
f 2327/29 2322/29 2320/29
f 2324/29 2323/29 2318/29
f 2325/29 2324/29 2317/29
f 2326/29 2325/29 2321/29
f 2327/29 2326/29 2322/29
f 2323/29 2327/29 2320/29
f 2328/29 2323/29 2324/29
f 2328/29 2324/29 2325/29
f 2328/29 2325/29 2326/29
f 2328/29 2326/29 2327/29
f 2328/29 2327/29 2323/29
f 2329/59 2330/60 2331/61
f 2330/60 2332/62 2331/61
f 2332/62 2333/63 2331/61
f 2333/63 2334/64 2331/61
f 2334/64 2335/65 2331/61
f 2335/65 2329/59 2331/61
f 2335/65 2334/64 2329/59
f 2334/64 2333/63 2329/59
f 2333/63 2332/62 2329/59
f 2332/62 2330/60 2329/59
f 2336/73 2337/74 2338/75
f 2337/74 2339/76 2338/75
f 2339/76 2340/77 2338/75
f 2340/77 2341/78 2338/75
f 2341/78 2342/79 2338/75
f 2342/79 2336/73 2338/75
f 2342/79 2341/78 2336/73
f 2341/78 2340/77 2336/73
f 2340/77 2339/76 2336/73
f 2339/76 2337/74 2336/73
f 2343/59 2344/60 2345/61
f 2344/60 2346/62 2345/61
f 2346/62 2347/63 2345/61
f 2347/63 2348/64 2345/61
f 2348/64 2349/65 2345/61
f 2349/65 2343/59 2345/61
f 2349/65 2348/64 2343/59
f 2348/64 2347/63 2343/59
f 2347/63 2346/62 2343/59
f 2346/62 2344/60 2343/59
f 2350/73 2351/74 2352/75
f 2351/74 2353/76 2352/75
f 2353/76 2354/77 2352/75
f 2354/77 2355/78 2352/75
f 2355/78 2356/79 2352/75
f 2356/79 2350/73 2352/75
f 2356/79 2355/78 2350/73
f 2355/78 2354/77 2350/73
f 2354/77 2353/76 2350/73
f 2353/76 2351/74 2350/73
f 2357/80 2358/81 2359/82
f 2358/81 2360/83 2359/82
f 2360/83 2361/84 2359/82
f 2361/84 2362/85 2359/82
f 2362/85 2363/86 2359/82
f 2363/86 2357/80 2359/82
f 2363/86 2362/85 2357/80
f 2362/85 2361/84 2357/80
f 2361/84 2360/83 2357/80
f 2360/83 2358/81 2357/80
f 2364/73 2365/74 2366/75
f 2365/74 2367/76 2366/75
f 2367/76 2368/77 2366/75
f 2368/77 2369/78 2366/75
f 2369/78 2370/79 2366/75
f 2370/79 2364/73 2366/75
f 2370/79 2369/78 2364/73
f 2369/78 2368/77 2364/73
f 2368/77 2367/76 2364/73
f 2367/76 2365/74 2364/73
f 2371/59 2372/60 2373/61
f 2372/60 2374/62 2373/61
f 2374/62 2375/63 2373/61
f 2375/63 2376/64 2373/61
f 2376/64 2377/65 2373/61
f 2377/65 2371/59 2373/61
f 2377/65 2376/64 2371/59
f 2376/64 2375/63 2371/59
f 2375/63 2374/62 2371/59
f 2374/62 2372/60 2371/59
f 2378/66 2379/67 2380/68
f 2379/67 2381/69 2380/68
f 2381/69 2382/70 2380/68
f 2382/70 2383/71 2380/68
f 2383/71 2384/72 2380/68
f 2384/72 2378/66 2380/68
f 2384/72 2383/71 2378/66
f 2383/71 2382/70 2378/66
f 2382/70 2381/69 2378/66
f 2381/69 2379/67 2378/66
f 2385/59 2386/60 2387/61
f 2386/60 2388/62 2387/61
f 2388/62 2389/63 2387/61
f 2389/63 2390/64 2387/61
f 2390/64 2391/65 2387/61
f 2391/65 2385/59 2387/61
f 2391/65 2390/64 2385/59
f 2390/64 2389/63 2385/59
f 2389/63 2388/62 2385/59
f 2388/62 2386/60 2385/59
f 2392/66 2393/67 2394/68
f 2393/67 2395/69 2394/68
f 2395/69 2396/70 2394/68
f 2396/70 2397/71 2394/68
f 2397/71 2398/72 2394/68
f 2398/72 2392/66 2394/68
f 2398/72 2397/71 2392/66
f 2397/71 2396/70 2392/66
f 2396/70 2395/69 2392/66
f 2395/69 2393/67 2392/66
f 2399/66 2400/67 2401/68
f 2400/67 2402/69 2401/68
f 2402/69 2403/70 2401/68
f 2403/70 2404/71 2401/68
f 2404/71 2405/72 2401/68
f 2405/72 2399/66 2401/68
f 2405/72 2404/71 2399/66
f 2404/71 2403/70 2399/66
f 2403/70 2402/69 2399/66
f 2402/69 2400/67 2399/66
f 2406/73 2407/74 2408/75
f 2407/74 2409/76 2408/75
f 2409/76 2410/77 2408/75
f 2410/77 2411/78 2408/75
f 2411/78 2412/79 2408/75
f 2412/79 2406/73 2408/75
f 2412/79 2411/78 2406/73
f 2411/78 2410/77 2406/73
f 2410/77 2409/76 2406/73
f 2409/76 2407/74 2406/73
f 2413/59 2414/60 2415/61
f 2414/60 2416/62 2415/61
f 2416/62 2417/63 2415/61
f 2417/63 2418/64 2415/61
f 2418/64 2419/65 2415/61
f 2419/65 2413/59 2415/61
f 2419/65 2418/64 2413/59
f 2418/64 2417/63 2413/59
f 2417/63 2416/62 2413/59
f 2416/62 2414/60 2413/59
f 2420/66 2421/67 2422/68
f 2421/67 2423/69 2422/68
f 2423/69 2424/70 2422/68
f 2424/70 2425/71 2422/68
f 2425/71 2426/72 2422/68
f 2426/72 2420/66 2422/68
f 2426/72 2425/71 2420/66
f 2425/71 2424/70 2420/66
f 2424/70 2423/69 2420/66
f 2423/69 2421/67 2420/66
f 2427/73 2428/74 2429/75
f 2428/74 2430/76 2429/75
f 2430/76 2431/77 2429/75
f 2431/77 2432/78 2429/75
f 2432/78 2433/79 2429/75
f 2433/79 2427/73 2429/75
f 2433/79 2432/78 2427/73
f 2432/78 2431/77 2427/73
f 2431/77 2430/76 2427/73
f 2430/76 2428/74 2427/73
f 2434/66 2435/67 2436/68
f 2435/67 2437/69 2436/68
f 2437/69 2438/70 2436/68
f 2438/70 2439/71 2436/68
f 2439/71 2440/72 2436/68
f 2440/72 2434/66 2436/68
f 2440/72 2439/71 2434/66
f 2439/71 2438/70 2434/66
f 2438/70 2437/69 2434/66
f 2437/69 2435/67 2434/66
f 2441/59 2442/60 2443/61
f 2442/60 2444/62 2443/61
f 2444/62 2445/63 2443/61
f 2445/63 2446/64 2443/61
f 2446/64 2447/65 2443/61
f 2447/65 2441/59 2443/61
f 2447/65 2446/64 2441/59
f 2446/64 2445/63 2441/59
f 2445/63 2444/62 2441/59
f 2444/62 2442/60 2441/59
f 2448/66 2449/67 2450/68
f 2449/67 2451/69 2450/68
f 2451/69 2452/70 2450/68
f 2452/70 2453/71 2450/68
f 2453/71 2454/72 2450/68
f 2454/72 2448/66 2450/68
f 2454/72 2453/71 2448/66
f 2453/71 2452/70 2448/66
f 2452/70 2451/69 2448/66
f 2451/69 2449/67 2448/66
f 2455/73 2456/74 2457/75
f 2456/74 2458/76 2457/75
f 2458/76 2459/77 2457/75
f 2459/77 2460/78 2457/75
f 2460/78 2461/79 2457/75
f 2461/79 2455/73 2457/75
f 2461/79 2460/78 2455/73
f 2460/78 2459/77 2455/73
f 2459/77 2458/76 2455/73
f 2458/76 2456/74 2455/73
f 2462/66 2463/67 2464/68
f 2463/67 2465/69 2464/68
f 2465/69 2466/70 2464/68
f 2466/70 2467/71 2464/68
f 2467/71 2468/72 2464/68
f 2468/72 2462/66 2464/68
f 2468/72 2467/71 2462/66
f 2467/71 2466/70 2462/66
f 2466/70 2465/69 2462/66
f 2465/69 2463/67 2462/66
f 2469/73 2470/74 2471/75
f 2470/74 2472/76 2471/75
f 2472/76 2473/77 2471/75
f 2473/77 2474/78 2471/75
f 2474/78 2475/79 2471/75
f 2475/79 2469/73 2471/75
f 2475/79 2474/78 2469/73
f 2474/78 2473/77 2469/73
f 2473/77 2472/76 2469/73
f 2472/76 2470/74 2469/73
f 2476/59 2477/60 2478/61
f 2477/60 2479/62 2478/61
f 2479/62 2480/63 2478/61
f 2480/63 2481/64 2478/61
f 2481/64 2482/65 2478/61
f 2482/65 2476/59 2478/61
f 2482/65 2481/64 2476/59
f 2481/64 2480/63 2476/59
f 2480/63 2479/62 2476/59
f 2479/62 2477/60 2476/59
f 2483/59 2484/60 2485/61
f 2484/60 2486/62 2485/61
f 2486/62 2487/63 2485/61
f 2487/63 2488/64 2485/61
f 2488/64 2489/65 2485/61
f 2489/65 2483/59 2485/61
f 2489/65 2488/64 2483/59
f 2488/64 2487/63 2483/59
f 2487/63 2486/62 2483/59
f 2486/62 2484/60 2483/59
f 2490/59 2491/60 2492/61
f 2491/60 2493/62 2492/61
f 2493/62 2494/63 2492/61
f 2494/63 2495/64 2492/61
f 2495/64 2496/65 2492/61
f 2496/65 2490/59 2492/61
f 2496/65 2495/64 2490/59
f 2495/64 2494/63 2490/59
f 2494/63 2493/62 2490/59
f 2493/62 2491/60 2490/59
f 2497/66 2498/67 2499/68
f 2498/67 2500/69 2499/68
f 2500/69 2501/70 2499/68
f 2501/70 2502/71 2499/68
f 2502/71 2503/72 2499/68
f 2503/72 2497/66 2499/68
f 2503/72 2502/71 2497/66
f 2502/71 2501/70 2497/66
f 2501/70 2500/69 2497/66
f 2500/69 2498/67 2497/66
f 2504/73 2505/74 2506/75
f 2505/74 2507/76 2506/75
f 2507/76 2508/77 2506/75
f 2508/77 2509/78 2506/75
f 2509/78 2510/79 2506/75
f 2510/79 2504/73 2506/75
f 2510/79 2509/78 2504/73
f 2509/78 2508/77 2504/73
f 2508/77 2507/76 2504/73
f 2507/76 2505/74 2504/73
f 2511/87 2512/87 2513/87
f 2514/87 2513/87 2512/87
f 2515/87 2511/87 2513/87
f 2516/87 2515/87 2513/87
f 2514/87 2516/87 2513/87
f 2517/87 2514/87 2512/87
f 2518/87 2512/87 2511/87
f 2519/87 2511/87 2515/87
f 2520/87 2515/87 2516/87
f 2521/87 2516/87 2514/87
f 2518/87 2517/87 2512/87
f 2519/87 2518/87 2511/87
f 2520/87 2519/87 2515/87
f 2521/87 2520/87 2516/87
f 2517/87 2521/87 2514/87
f 2522/87 2517/87 2518/87
f 2522/87 2518/87 2519/87
f 2522/87 2519/87 2520/87
f 2522/87 2520/87 2521/87
f 2522/87 2521/87 2517/87
f 2523/1 2524/2 2525/3
f 2524/2 2526/4 2525/3
f 2526/4 2527/5 2525/3
f 2527/5 2528/6 2525/3
f 2528/6 2529/7 2525/3
f 2529/7 2523/1 2525/3
f 2529/7 2528/6 2523/1
f 2528/6 2527/5 2523/1
f 2527/5 2526/4 2523/1
f 2526/4 2524/2 2523/1
f 2530/8 2531/9 2532/10
f 2531/9 2533/11 2532/10
f 2533/11 2534/12 2532/10
f 2534/12 2535/13 2532/10
f 2535/13 2536/14 2532/10
f 2536/14 2530/8 2532/10
f 2536/14 2535/13 2530/8
f 2535/13 2534/12 2530/8
f 2534/12 2533/11 2530/8
f 2533/11 2531/9 2530/8
f 2537/15 2538/16 2539/17
f 2538/16 2540/18 2539/17
f 2540/18 2541/19 2539/17
f 2541/19 2542/20 2539/17
f 2542/20 2543/21 2539/17
f 2543/21 2537/15 2539/17
f 2543/21 2542/20 2537/15
f 2542/20 2541/19 2537/15
f 2541/19 2540/18 2537/15
f 2540/18 2538/16 2537/15
f 2544/1 2545/2 2546/3
f 2545/2 2547/4 2546/3
f 2547/4 2548/5 2546/3
f 2548/5 2549/6 2546/3
f 2549/6 2550/7 2546/3
f 2550/7 2544/1 2546/3
f 2550/7 2549/6 2544/1
f 2549/6 2548/5 2544/1
f 2548/5 2547/4 2544/1
f 2547/4 2545/2 2544/1
f 2551/8 2552/9 2553/10
f 2552/9 2554/11 2553/10
f 2554/11 2555/12 2553/10
f 2555/12 2556/13 2553/10
f 2556/13 2557/14 2553/10
f 2557/14 2551/8 2553/10
f 2557/14 2556/13 2551/8
f 2556/13 2555/12 2551/8
f 2555/12 2554/11 2551/8
f 2554/11 2552/9 2551/8
f 2558/8 2559/9 2560/10
f 2559/9 2561/11 2560/10
f 2561/11 2562/12 2560/10
f 2562/12 2563/13 2560/10
f 2563/13 2564/14 2560/10
f 2564/14 2558/8 2560/10
f 2564/14 2563/13 2558/8
f 2563/13 2562/12 2558/8
f 2562/12 2561/11 2558/8
f 2561/11 2559/9 2558/8
f 2565/1 2566/2 2567/3
f 2566/2 2568/4 2567/3
f 2568/4 2569/5 2567/3
f 2569/5 2570/6 2567/3
f 2570/6 2571/7 2567/3
f 2571/7 2565/1 2567/3
f 2571/7 2570/6 2565/1
f 2570/6 2569/5 2565/1
f 2569/5 2568/4 2565/1
f 2568/4 2566/2 2565/1
f 2572/15 2573/16 2574/17
f 2573/16 2575/18 2574/17
f 2575/18 2576/19 2574/17
f 2576/19 2577/20 2574/17
f 2577/20 2578/21 2574/17
f 2578/21 2572/15 2574/17
f 2578/21 2577/20 2572/15
f 2577/20 2576/19 2572/15
f 2576/19 2575/18 2572/15
f 2575/18 2573/16 2572/15
f 2579/1 2580/2 2581/3
f 2580/2 2582/4 2581/3
f 2582/4 2583/5 2581/3
f 2583/5 2584/6 2581/3
f 2584/6 2585/7 2581/3
f 2585/7 2579/1 2581/3
f 2585/7 2584/6 2579/1
f 2584/6 2583/5 2579/1
f 2583/5 2582/4 2579/1
f 2582/4 2580/2 2579/1
f 2586/15 2587/16 2588/17
f 2587/16 2589/18 2588/17
f 2589/18 2590/19 2588/17
f 2590/19 2591/20 2588/17
f 2591/20 2592/21 2588/17
f 2592/21 2586/15 2588/17
f 2592/21 2591/20 2586/15
f 2591/20 2590/19 2586/15
f 2590/19 2589/18 2586/15
f 2589/18 2587/16 2586/15
f 2593/1 2594/2 2595/3
f 2594/2 2596/4 2595/3
f 2596/4 2597/5 2595/3
f 2597/5 2598/6 2595/3
f 2598/6 2599/7 2595/3
f 2599/7 2593/1 2595/3
f 2599/7 2598/6 2593/1
f 2598/6 2597/5 2593/1
f 2597/5 2596/4 2593/1
f 2596/4 2594/2 2593/1
f 2600/1 2601/2 2602/3
f 2601/2 2603/4 2602/3
f 2603/4 2604/5 2602/3
f 2604/5 2605/6 2602/3
f 2605/6 2606/7 2602/3
f 2606/7 2600/1 2602/3
f 2606/7 2605/6 2600/1
f 2605/6 2604/5 2600/1
f 2604/5 2603/4 2600/1
f 2603/4 2601/2 2600/1
f 2607/22 2608/23 2609/24
f 2608/23 2610/25 2609/24
f 2610/25 2611/26 2609/24
f 2611/26 2612/27 2609/24
f 2612/27 2613/28 2609/24
f 2613/28 2607/22 2609/24
f 2613/28 2612/27 2607/22
f 2612/27 2611/26 2607/22
f 2611/26 2610/25 2607/22
f 2610/25 2608/23 2607/22
f 2614/1 2615/2 2616/3
f 2615/2 2617/4 2616/3
f 2617/4 2618/5 2616/3
f 2618/5 2619/6 2616/3
f 2619/6 2620/7 2616/3
f 2620/7 2614/1 2616/3
f 2620/7 2619/6 2614/1
f 2619/6 2618/5 2614/1
f 2618/5 2617/4 2614/1
f 2617/4 2615/2 2614/1
f 2621/22 2622/23 2623/24
f 2622/23 2624/25 2623/24
f 2624/25 2625/26 2623/24
f 2625/26 2626/27 2623/24
f 2626/27 2627/28 2623/24
f 2627/28 2621/22 2623/24
f 2627/28 2626/27 2621/22
f 2626/27 2625/26 2621/22
f 2625/26 2624/25 2621/22
f 2624/25 2622/23 2621/22
f 2628/1 2629/2 2630/3
f 2629/2 2631/4 2630/3
f 2631/4 2632/5 2630/3
f 2632/5 2633/6 2630/3
f 2633/6 2634/7 2630/3
f 2634/7 2628/1 2630/3
f 2634/7 2633/6 2628/1
f 2633/6 2632/5 2628/1
f 2632/5 2631/4 2628/1
f 2631/4 2629/2 2628/1
f 2635/15 2636/16 2637/17
f 2636/16 2638/18 2637/17
f 2638/18 2639/19 2637/17
f 2639/19 2640/20 2637/17
f 2640/20 2641/21 2637/17
f 2641/21 2635/15 2637/17
f 2641/21 2640/20 2635/15
f 2640/20 2639/19 2635/15
f 2639/19 2638/18 2635/15
f 2638/18 2636/16 2635/15
f 2642/1 2643/2 2644/3
f 2643/2 2645/4 2644/3
f 2645/4 2646/5 2644/3
f 2646/5 2647/6 2644/3
f 2647/6 2648/7 2644/3
f 2648/7 2642/1 2644/3
f 2648/7 2647/6 2642/1
f 2647/6 2646/5 2642/1
f 2646/5 2645/4 2642/1
f 2645/4 2643/2 2642/1
f 2649/1 2650/2 2651/3
f 2650/2 2652/4 2651/3
f 2652/4 2653/5 2651/3
f 2653/5 2654/6 2651/3
f 2654/6 2655/7 2651/3
f 2655/7 2649/1 2651/3
f 2655/7 2654/6 2649/1
f 2654/6 2653/5 2649/1
f 2653/5 2652/4 2649/1
f 2652/4 2650/2 2649/1
f 2656/8 2657/9 2658/10
f 2657/9 2659/11 2658/10
f 2659/11 2660/12 2658/10
f 2660/12 2661/13 2658/10
f 2661/13 2662/14 2658/10
f 2662/14 2656/8 2658/10
f 2662/14 2661/13 2656/8
f 2661/13 2660/12 2656/8
f 2660/12 2659/11 2656/8
f 2659/11 2657/9 2656/8
f 2663/8 2664/9 2665/10
f 2664/9 2666/11 2665/10
f 2666/11 2667/12 2665/10
f 2667/12 2668/13 2665/10
f 2668/13 2669/14 2665/10
f 2669/14 2663/8 2665/10
f 2669/14 2668/13 2663/8
f 2668/13 2667/12 2663/8
f 2667/12 2666/11 2663/8
f 2666/11 2664/9 2663/8
f 2670/22 2671/23 2672/24
f 2671/23 2673/25 2672/24
f 2673/25 2674/26 2672/24
f 2674/26 2675/27 2672/24
f 2675/27 2676/28 2672/24
f 2676/28 2670/22 2672/24
f 2676/28 2675/27 2670/22
f 2675/27 2674/26 2670/22
f 2674/26 2673/25 2670/22
f 2673/25 2671/23 2670/22
f 2677/1 2678/2 2679/3
f 2678/2 2680/4 2679/3
f 2680/4 2681/5 2679/3
f 2681/5 2682/6 2679/3
f 2682/6 2683/7 2679/3
f 2683/7 2677/1 2679/3
f 2683/7 2682/6 2677/1
f 2682/6 2681/5 2677/1
f 2681/5 2680/4 2677/1
f 2680/4 2678/2 2677/1
f 2684/8 2685/9 2686/10
f 2685/9 2687/11 2686/10
f 2687/11 2688/12 2686/10
f 2688/12 2689/13 2686/10
f 2689/13 2690/14 2686/10
f 2690/14 2684/8 2686/10
f 2690/14 2689/13 2684/8
f 2689/13 2688/12 2684/8
f 2688/12 2687/11 2684/8
f 2687/11 2685/9 2684/8
f 2691/1 2692/2 2693/3
f 2692/2 2694/4 2693/3
f 2694/4 2695/5 2693/3
f 2695/5 2696/6 2693/3
f 2696/6 2697/7 2693/3
f 2697/7 2691/1 2693/3
f 2697/7 2696/6 2691/1
f 2696/6 2695/5 2691/1
f 2695/5 2694/4 2691/1
f 2694/4 2692/2 2691/1
f 2698/15 2699/16 2700/17
f 2699/16 2701/18 2700/17
f 2701/18 2702/19 2700/17
f 2702/19 2703/20 2700/17
f 2703/20 2704/21 2700/17
f 2704/21 2698/15 2700/17
f 2704/21 2703/20 2698/15
f 2703/20 2702/19 2698/15
f 2702/19 2701/18 2698/15
f 2701/18 2699/16 2698/15
f 2705/29 2706/29 2707/29
f 2708/29 2707/29 2706/29
f 2709/29 2705/29 2707/29
f 2710/29 2709/29 2707/29
f 2708/29 2710/29 2707/29
f 2711/29 2708/29 2706/29
f 2712/29 2706/29 2705/29
f 2713/29 2705/29 2709/29
f 2714/29 2709/29 2710/29
f 2715/29 2710/29 2708/29
f 2712/29 2711/29 2706/29
f 2713/29 2712/29 2705/29
f 2714/29 2713/29 2709/29
f 2715/29 2714/29 2710/29
f 2711/29 2715/29 2708/29
f 2716/29 2711/29 2712/29
f 2716/29 2712/29 2713/29
f 2716/29 2713/29 2714/29
f 2716/29 2714/29 2715/29
f 2716/29 2715/29 2711/29
f 2717/44 2718/45 2719/46
f 2718/45 2720/47 2719/46
f 2720/47 2721/48 2719/46
f 2721/48 2722/49 2719/46
f 2722/49 2723/50 2719/46
f 2723/50 2717/44 2719/46
f 2723/50 2722/49 2717/44
f 2722/49 2721/48 2717/44
f 2721/48 2720/47 2717/44
f 2720/47 2718/45 2717/44
f 2724/37 2725/38 2726/39
f 2725/38 2727/40 2726/39
f 2727/40 2728/41 2726/39
f 2728/41 2729/42 2726/39
f 2729/42 2730/43 2726/39
f 2730/43 2724/37 2726/39
f 2730/43 2729/42 2724/37
f 2729/42 2728/41 2724/37
f 2728/41 2727/40 2724/37
f 2727/40 2725/38 2724/37
f 2731/44 2732/45 2733/46
f 2732/45 2734/47 2733/46
f 2734/47 2735/48 2733/46
f 2735/48 2736/49 2733/46
f 2736/49 2737/50 2733/46
f 2737/50 2731/44 2733/46
f 2737/50 2736/49 2731/44
f 2736/49 2735/48 2731/44
f 2735/48 2734/47 2731/44
f 2734/47 2732/45 2731/44
f 2738/37 2739/38 2740/39
f 2739/38 2741/40 2740/39
f 2741/40 2742/41 2740/39
f 2742/41 2743/42 2740/39
f 2743/42 2744/43 2740/39
f 2744/43 2738/37 2740/39
f 2744/43 2743/42 2738/37
f 2743/42 2742/41 2738/37
f 2742/41 2741/40 2738/37
f 2741/40 2739/38 2738/37
f 2745/37 2746/38 2747/39
f 2746/38 2748/40 2747/39
f 2748/40 2749/41 2747/39
f 2749/41 2750/42 2747/39
f 2750/42 2751/43 2747/39
f 2751/43 2745/37 2747/39
f 2751/43 2750/42 2745/37
f 2750/42 2749/41 2745/37
f 2749/41 2748/40 2745/37
f 2748/40 2746/38 2745/37
f 2752/37 2753/38 2754/39
f 2753/38 2755/40 2754/39
f 2755/40 2756/41 2754/39
f 2756/41 2757/42 2754/39
f 2757/42 2758/43 2754/39
f 2758/43 2752/37 2754/39
f 2758/43 2757/42 2752/37
f 2757/42 2756/41 2752/37
f 2756/41 2755/40 2752/37
f 2755/40 2753/38 2752/37
f 2759/44 2760/45 2761/46
f 2760/45 2762/47 2761/46
f 2762/47 2763/48 2761/46
f 2763/48 2764/49 2761/46
f 2764/49 2765/50 2761/46
f 2765/50 2759/44 2761/46
f 2765/50 2764/49 2759/44
f 2764/49 2763/48 2759/44
f 2763/48 2762/47 2759/44
f 2762/47 2760/45 2759/44
f 2766/51 2767/52 2768/53
f 2767/52 2769/54 2768/53
f 2769/54 2770/55 2768/53
f 2770/55 2771/56 2768/53
f 2771/56 2772/57 2768/53
f 2772/57 2766/51 2768/53
f 2772/57 2771/56 2766/51
f 2771/56 2770/55 2766/51
f 2770/55 2769/54 2766/51
f 2769/54 2767/52 2766/51
f 2773/37 2774/38 2775/39
f 2774/38 2776/40 2775/39
f 2776/40 2777/41 2775/39
f 2777/41 2778/42 2775/39
f 2778/42 2779/43 2775/39
f 2779/43 2773/37 2775/39
f 2779/43 2778/42 2773/37
f 2778/42 2777/41 2773/37
f 2777/41 2776/40 2773/37
f 2776/40 2774/38 2773/37
f 2780/51 2781/52 2782/53
f 2781/52 2783/54 2782/53
f 2783/54 2784/55 2782/53
f 2784/55 2785/56 2782/53
f 2785/56 2786/57 2782/53
f 2786/57 2780/51 2782/53
f 2786/57 2785/56 2780/51
f 2785/56 2784/55 2780/51
f 2784/55 2783/54 2780/51
f 2783/54 2781/52 2780/51
f 2787/30 2788/31 2789/32
f 2788/31 2790/33 2789/32
f 2790/33 2791/34 2789/32
f 2791/34 2792/35 2789/32
f 2792/35 2793/36 2789/32
f 2793/36 2787/30 2789/32
f 2793/36 2792/35 2787/30
f 2792/35 2791/34 2787/30
f 2791/34 2790/33 2787/30
f 2790/33 2788/31 2787/30
f 2794/51 2795/52 2796/53
f 2795/52 2797/54 2796/53
f 2797/54 2798/55 2796/53
f 2798/55 2799/56 2796/53
f 2799/56 2800/57 2796/53
f 2800/57 2794/51 2796/53
f 2800/57 2799/56 2794/51
f 2799/56 2798/55 2794/51
f 2798/55 2797/54 2794/51
f 2797/54 2795/52 2794/51
f 2801/37 2802/38 2803/39
f 2802/38 2804/40 2803/39
f 2804/40 2805/41 2803/39
f 2805/41 2806/42 2803/39
f 2806/42 2807/43 2803/39
f 2807/43 2801/37 2803/39
f 2807/43 2806/42 2801/37
f 2806/42 2805/41 2801/37
f 2805/41 2804/40 2801/37
f 2804/40 2802/38 2801/37
f 2808/51 2809/52 2810/53
f 2809/52 2811/54 2810/53
f 2811/54 2812/55 2810/53
f 2812/55 2813/56 2810/53
f 2813/56 2814/57 2810/53
f 2814/57 2808/51 2810/53
f 2814/57 2813/56 2808/51
f 2813/56 2812/55 2808/51
f 2812/55 2811/54 2808/51
f 2811/54 2809/52 2808/51
f 2815/30 2816/31 2817/32
f 2816/31 2818/33 2817/32
f 2818/33 2819/34 2817/32
f 2819/34 2820/35 2817/32
f 2820/35 2821/36 2817/32
f 2821/36 2815/30 2817/32
f 2821/36 2820/35 2815/30
f 2820/35 2819/34 2815/30
f 2819/34 2818/33 2815/30
f 2818/33 2816/31 2815/30
f 2822/44 2823/45 2824/46
f 2823/45 2825/47 2824/46
f 2825/47 2826/48 2824/46
f 2826/48 2827/49 2824/46
f 2827/49 2828/50 2824/46
f 2828/50 2822/44 2824/46
f 2828/50 2827/49 2822/44
f 2827/49 2826/48 2822/44
f 2826/48 2825/47 2822/44
f 2825/47 2823/45 2822/44
f 2829/30 2830/31 2831/32
f 2830/31 2832/33 2831/32
f 2832/33 2833/34 2831/32
f 2833/34 2834/35 2831/32
f 2834/35 2835/36 2831/32
f 2835/36 2829/30 2831/32
f 2835/36 2834/35 2829/30
f 2834/35 2833/34 2829/30
f 2833/34 2832/33 2829/30
f 2832/33 2830/31 2829/30
f 2836/44 2837/45 2838/46
f 2837/45 2839/47 2838/46
f 2839/47 2840/48 2838/46
f 2840/48 2841/49 2838/46
f 2841/49 2842/50 2838/46
f 2842/50 2836/44 2838/46
f 2842/50 2841/49 2836/44
f 2841/49 2840/48 2836/44
f 2840/48 2839/47 2836/44
f 2839/47 2837/45 2836/44
f 2843/44 2844/45 2845/46
f 2844/45 2846/47 2845/46
f 2846/47 2847/48 2845/46
f 2847/48 2848/49 2845/46
f 2848/49 2849/50 2845/46
f 2849/50 2843/44 2845/46
f 2849/50 2848/49 2843/44
f 2848/49 2847/48 2843/44
f 2847/48 2846/47 2843/44
f 2846/47 2844/45 2843/44
f 2850/37 2851/38 2852/39
f 2851/38 2853/40 2852/39
f 2853/40 2854/41 2852/39
f 2854/41 2855/42 2852/39
f 2855/42 2856/43 2852/39
f 2856/43 2850/37 2852/39
f 2856/43 2855/42 2850/37
f 2855/42 2854/41 2850/37
f 2854/41 2853/40 2850/37
f 2853/40 2851/38 2850/37
f 2857/30 2858/31 2859/32
f 2858/31 2860/33 2859/32
f 2860/33 2861/34 2859/32
f 2861/34 2862/35 2859/32
f 2862/35 2863/36 2859/32
f 2863/36 2857/30 2859/32
f 2863/36 2862/35 2857/30
f 2862/35 2861/34 2857/30
f 2861/34 2860/33 2857/30
f 2860/33 2858/31 2857/30
f 2864/44 2865/45 2866/46
f 2865/45 2867/47 2866/46
f 2867/47 2868/48 2866/46
f 2868/48 2869/49 2866/46
f 2869/49 2870/50 2866/46
f 2870/50 2864/44 2866/46
f 2870/50 2869/49 2864/44
f 2869/49 2868/48 2864/44
f 2868/48 2867/47 2864/44
f 2867/47 2865/45 2864/44
f 2871/44 2872/45 2873/46
f 2872/45 2874/47 2873/46
f 2874/47 2875/48 2873/46
f 2875/48 2876/49 2873/46
f 2876/49 2877/50 2873/46
f 2877/50 2871/44 2873/46
f 2877/50 2876/49 2871/44
f 2876/49 2875/48 2871/44
f 2875/48 2874/47 2871/44
f 2874/47 2872/45 2871/44
f 2878/44 2879/45 2880/46
f 2879/45 2881/47 2880/46
f 2881/47 2882/48 2880/46
f 2882/48 2883/49 2880/46
f 2883/49 2884/50 2880/46
f 2884/50 2878/44 2880/46
f 2884/50 2883/49 2878/44
f 2883/49 2882/48 2878/44
f 2882/48 2881/47 2878/44
f 2881/47 2879/45 2878/44
f 2885/37 2886/38 2887/39
f 2886/38 2888/40 2887/39
f 2888/40 2889/41 2887/39
f 2889/41 2890/42 2887/39
f 2890/42 2891/43 2887/39
f 2891/43 2885/37 2887/39
f 2891/43 2890/42 2885/37
f 2890/42 2889/41 2885/37
f 2889/41 2888/40 2885/37
f 2888/40 2886/38 2885/37
f 2892/37 2893/38 2894/39
f 2893/38 2895/40 2894/39
f 2895/40 2896/41 2894/39
f 2896/41 2897/42 2894/39
f 2897/42 2898/43 2894/39
f 2898/43 2892/37 2894/39
f 2898/43 2897/42 2892/37
f 2897/42 2896/41 2892/37
f 2896/41 2895/40 2892/37
f 2895/40 2893/38 2892/37
f 2899/58 2900/58 2901/58
f 2902/58 2901/58 2900/58
f 2903/58 2899/58 2901/58
f 2904/58 2903/58 2901/58
f 2902/58 2904/58 2901/58
f 2905/58 2902/58 2900/58
f 2906/58 2900/58 2899/58
f 2907/58 2899/58 2903/58
f 2908/58 2903/58 2904/58
f 2909/58 2904/58 2902/58
f 2906/58 2905/58 2900/58
f 2907/58 2906/58 2899/58
f 2908/58 2907/58 2903/58
f 2909/58 2908/58 2904/58
f 2905/58 2909/58 2902/58
f 2910/58 2905/58 2906/58
f 2910/58 2906/58 2907/58
f 2910/58 2907/58 2908/58
f 2910/58 2908/58 2909/58
f 2910/58 2909/58 2905/58
f 2911/66 2912/67 2913/68
f 2912/67 2914/69 2913/68
f 2914/69 2915/70 2913/68
f 2915/70 2916/71 2913/68
f 2916/71 2917/72 2913/68
f 2917/72 2911/66 2913/68
f 2917/72 2916/71 2911/66
f 2916/71 2915/70 2911/66
f 2915/70 2914/69 2911/66
f 2914/69 2912/67 2911/66
f 2918/73 2919/74 2920/75
f 2919/74 2921/76 2920/75
f 2921/76 2922/77 2920/75
f 2922/77 2923/78 2920/75
f 2923/78 2924/79 2920/75
f 2924/79 2918/73 2920/75
f 2924/79 2923/78 2918/73
f 2923/78 2922/77 2918/73
f 2922/77 2921/76 2918/73
f 2921/76 2919/74 2918/73
f 2925/80 2926/81 2927/82
f 2926/81 2928/83 2927/82
f 2928/83 2929/84 2927/82
f 2929/84 2930/85 2927/82
f 2930/85 2931/86 2927/82
f 2931/86 2925/80 2927/82
f 2931/86 2930/85 2925/80
f 2930/85 2929/84 2925/80
f 2929/84 2928/83 2925/80
f 2928/83 2926/81 2925/80
f 2932/59 2933/60 2934/61
f 2933/60 2935/62 2934/61
f 2935/62 2936/63 2934/61
f 2936/63 2937/64 2934/61
f 2937/64 2938/65 2934/61
f 2938/65 2932/59 2934/61
f 2938/65 2937/64 2932/59
f 2937/64 2936/63 2932/59
f 2936/63 2935/62 2932/59
f 2935/62 2933/60 2932/59
f 2939/73 2940/74 2941/75
f 2940/74 2942/76 2941/75
f 2942/76 2943/77 2941/75
f 2943/77 2944/78 2941/75
f 2944/78 2945/79 2941/75
f 2945/79 2939/73 2941/75
f 2945/79 2944/78 2939/73
f 2944/78 2943/77 2939/73
f 2943/77 2942/76 2939/73
f 2942/76 2940/74 2939/73
f 2946/73 2947/74 2948/75
f 2947/74 2949/76 2948/75
f 2949/76 2950/77 2948/75
f 2950/77 2951/78 2948/75
f 2951/78 2952/79 2948/75
f 2952/79 2946/73 2948/75
f 2952/79 2951/78 2946/73
f 2951/78 2950/77 2946/73
f 2950/77 2949/76 2946/73
f 2949/76 2947/74 2946/73
f 2953/73 2954/74 2955/75
f 2954/74 2956/76 2955/75
f 2956/76 2957/77 2955/75
f 2957/77 2958/78 2955/75
f 2958/78 2959/79 2955/75
f 2959/79 2953/73 2955/75
f 2959/79 2958/78 2953/73
f 2958/78 2957/77 2953/73
f 2957/77 2956/76 2953/73
f 2956/76 2954/74 2953/73
f 2960/66 2961/67 2962/68
f 2961/67 2963/69 2962/68
f 2963/69 2964/70 2962/68
f 2964/70 2965/71 2962/68
f 2965/71 2966/72 2962/68
f 2966/72 2960/66 2962/68
f 2966/72 2965/71 2960/66
f 2965/71 2964/70 2960/66
f 2964/70 2963/69 2960/66
f 2963/69 2961/67 2960/66
f 2967/73 2968/74 2969/75
f 2968/74 2970/76 2969/75
f 2970/76 2971/77 2969/75
f 2971/77 2972/78 2969/75
f 2972/78 2973/79 2969/75
f 2973/79 2967/73 2969/75
f 2973/79 2972/78 2967/73
f 2972/78 2971/77 2967/73
f 2971/77 2970/76 2967/73
f 2970/76 2968/74 2967/73
f 2974/59 2975/60 2976/61
f 2975/60 2977/62 2976/61
f 2977/62 2978/63 2976/61
f 2978/63 2979/64 2976/61
f 2979/64 2980/65 2976/61
f 2980/65 2974/59 2976/61
f 2980/65 2979/64 2974/59
f 2979/64 2978/63 2974/59
f 2978/63 2977/62 2974/59
f 2977/62 2975/60 2974/59
f 2981/59 2982/60 2983/61
f 2982/60 2984/62 2983/61
f 2984/62 2985/63 2983/61
f 2985/63 2986/64 2983/61
f 2986/64 2987/65 2983/61
f 2987/65 2981/59 2983/61
f 2987/65 2986/64 2981/59
f 2986/64 2985/63 2981/59
f 2985/63 2984/62 2981/59
f 2984/62 2982/60 2981/59
f 2988/73 2989/74 2990/75
f 2989/74 2991/76 2990/75
f 2991/76 2992/77 2990/75
f 2992/77 2993/78 2990/75
f 2993/78 2994/79 2990/75
f 2994/79 2988/73 2990/75
f 2994/79 2993/78 2988/73
f 2993/78 2992/77 2988/73
f 2992/77 2991/76 2988/73
f 2991/76 2989/74 2988/73
f 2995/80 2996/81 2997/82
f 2996/81 2998/83 2997/82
f 2998/83 2999/84 2997/82
f 2999/84 3000/85 2997/82
f 3000/85 3001/86 2997/82
f 3001/86 2995/80 2997/82
f 3001/86 3000/85 2995/80
f 3000/85 2999/84 2995/80
f 2999/84 2998/83 2995/80
f 2998/83 2996/81 2995/80
f 3002/59 3003/60 3004/61
f 3003/60 3005/62 3004/61
f 3005/62 3006/63 3004/61
f 3006/63 3007/64 3004/61
f 3007/64 3008/65 3004/61
f 3008/65 3002/59 3004/61
f 3008/65 3007/64 3002/59
f 3007/64 3006/63 3002/59
f 3006/63 3005/62 3002/59
f 3005/62 3003/60 3002/59
f 3009/73 3010/74 3011/75
f 3010/74 3012/76 3011/75
f 3012/76 3013/77 3011/75
f 3013/77 3014/78 3011/75
f 3014/78 3015/79 3011/75
f 3015/79 3009/73 3011/75
f 3015/79 3014/78 3009/73
f 3014/78 3013/77 3009/73
f 3013/77 3012/76 3009/73
f 3012/76 3010/74 3009/73
f 3016/59 3017/60 3018/61
f 3017/60 3019/62 3018/61
f 3019/62 3020/63 3018/61
f 3020/63 3021/64 3018/61
f 3021/64 3022/65 3018/61
f 3022/65 3016/59 3018/61
f 3022/65 3021/64 3016/59
f 3021/64 3020/63 3016/59
f 3020/63 3019/62 3016/59
f 3019/62 3017/60 3016/59
f 3023/59 3024/60 3025/61
f 3024/60 3026/62 3025/61
f 3026/62 3027/63 3025/61
f 3027/63 3028/64 3025/61
f 3028/64 3029/65 3025/61
f 3029/65 3023/59 3025/61
f 3029/65 3028/64 3023/59
f 3028/64 3027/63 3023/59
f 3027/63 3026/62 3023/59
f 3026/62 3024/60 3023/59
f 3030/73 3031/74 3032/75
f 3031/74 3033/76 3032/75
f 3033/76 3034/77 3032/75
f 3034/77 3035/78 3032/75
f 3035/78 3036/79 3032/75
f 3036/79 3030/73 3032/75
f 3036/79 3035/78 3030/73
f 3035/78 3034/77 3030/73
f 3034/77 3033/76 3030/73
f 3033/76 3031/74 3030/73
f 3037/73 3038/74 3039/75
f 3038/74 3040/76 3039/75
f 3040/76 3041/77 3039/75
f 3041/77 3042/78 3039/75
f 3042/78 3043/79 3039/75
f 3043/79 3037/73 3039/75
f 3043/79 3042/78 3037/73
f 3042/78 3041/77 3037/73
f 3041/77 3040/76 3037/73
f 3040/76 3038/74 3037/73
f 3044/59 3045/60 3046/61
f 3045/60 3047/62 3046/61
f 3047/62 3048/63 3046/61
f 3048/63 3049/64 3046/61
f 3049/64 3050/65 3046/61
f 3050/65 3044/59 3046/61
f 3050/65 3049/64 3044/59
f 3049/64 3048/63 3044/59
f 3048/63 3047/62 3044/59
f 3047/62 3045/60 3044/59
f 3051/66 3052/67 3053/68
f 3052/67 3054/69 3053/68
f 3054/69 3055/70 3053/68
f 3055/70 3056/71 3053/68
f 3056/71 3057/72 3053/68
f 3057/72 3051/66 3053/68
f 3057/72 3056/71 3051/66
f 3056/71 3055/70 3051/66
f 3055/70 3054/69 3051/66
f 3054/69 3052/67 3051/66
f 3058/59 3059/60 3060/61
f 3059/60 3061/62 3060/61
f 3061/62 3062/63 3060/61
f 3062/63 3063/64 3060/61
f 3063/64 3064/65 3060/61
f 3064/65 3058/59 3060/61
f 3064/65 3063/64 3058/59
f 3063/64 3062/63 3058/59
f 3062/63 3061/62 3058/59
f 3061/62 3059/60 3058/59
f 3065/59 3066/60 3067/61
f 3066/60 3068/62 3067/61
f 3068/62 3069/63 3067/61
f 3069/63 3070/64 3067/61
f 3070/64 3071/65 3067/61
f 3071/65 3065/59 3067/61
f 3071/65 3070/64 3065/59
f 3070/64 3069/63 3065/59
f 3069/63 3068/62 3065/59
f 3068/62 3066/60 3065/59
f 3072/73 3073/74 3074/75
f 3073/74 3075/76 3074/75
f 3075/76 3076/77 3074/75
f 3076/77 3077/78 3074/75
f 3077/78 3078/79 3074/75
f 3078/79 3072/73 3074/75
f 3078/79 3077/78 3072/73
f 3077/78 3076/77 3072/73
f 3076/77 3075/76 3072/73
f 3075/76 3073/74 3072/73
f 3079/80 3080/81 3081/82
f 3080/81 3082/83 3081/82
f 3082/83 3083/84 3081/82
f 3083/84 3084/85 3081/82
f 3084/85 3085/86 3081/82
f 3085/86 3079/80 3081/82
f 3085/86 3084/85 3079/80
f 3084/85 3083/84 3079/80
f 3083/84 3082/83 3079/80
f 3082/83 3080/81 3079/80
f 3086/59 3087/60 3088/61
f 3087/60 3089/62 3088/61
f 3089/62 3090/63 3088/61
f 3090/63 3091/64 3088/61
f 3091/64 3092/65 3088/61
f 3092/65 3086/59 3088/61
f 3092/65 3091/64 3086/59
f 3091/64 3090/63 3086/59
f 3090/63 3089/62 3086/59
f 3089/62 3087/60 3086/59
f 3093/87 3094/87 3095/87
f 3096/87 3095/87 3094/87
f 3097/87 3093/87 3095/87
f 3098/87 3097/87 3095/87
f 3096/87 3098/87 3095/87
f 3099/87 3096/87 3094/87
f 3100/87 3094/87 3093/87
f 3101/87 3093/87 3097/87
f 3102/87 3097/87 3098/87
f 3103/87 3098/87 3096/87
f 3100/87 3099/87 3094/87
f 3101/87 3100/87 3093/87
f 3102/87 3101/87 3097/87
f 3103/87 3102/87 3098/87
f 3099/87 3103/87 3096/87
f 3104/87 3099/87 3100/87
f 3104/87 3100/87 3101/87
f 3104/87 3101/87 3102/87
f 3104/87 3102/87 3103/87
f 3104/87 3103/87 3099/87
f 3105/51 3106/52 3107/53
f 3106/52 3108/54 3107/53
f 3108/54 3109/55 3107/53
f 3109/55 3110/56 3107/53
f 3110/56 3111/57 3107/53
f 3111/57 3105/51 3107/53
f 3111/57 3110/56 3105/51
f 3110/56 3109/55 3105/51
f 3109/55 3108/54 3105/51
f 3108/54 3106/52 3105/51
f 3112/44 3113/45 3114/46
f 3113/45 3115/47 3114/46
f 3115/47 3116/48 3114/46
f 3116/48 3117/49 3114/46
f 3117/49 3118/50 3114/46
f 3118/50 3112/44 3114/46
f 3118/50 3117/49 3112/44
f 3117/49 3116/48 3112/44
f 3116/48 3115/47 3112/44
f 3115/47 3113/45 3112/44
f 3119/30 3120/31 3121/32
f 3120/31 3122/33 3121/32
f 3122/33 3123/34 3121/32
f 3123/34 3124/35 3121/32
f 3124/35 3125/36 3121/32
f 3125/36 3119/30 3121/32
f 3125/36 3124/35 3119/30
f 3124/35 3123/34 3119/30
f 3123/34 3122/33 3119/30
f 3122/33 3120/31 3119/30
f 3126/30 3127/31 3128/32
f 3127/31 3129/33 3128/32
f 3129/33 3130/34 3128/32
f 3130/34 3131/35 3128/32
f 3131/35 3132/36 3128/32
f 3132/36 3126/30 3128/32
f 3132/36 3131/35 3126/30
f 3131/35 3130/34 3126/30
f 3130/34 3129/33 3126/30
f 3129/33 3127/31 3126/30
f 3133/30 3134/31 3135/32
f 3134/31 3136/33 3135/32
f 3136/33 3137/34 3135/32
f 3137/34 3138/35 3135/32
f 3138/35 3139/36 3135/32
f 3139/36 3133/30 3135/32
f 3139/36 3138/35 3133/30
f 3138/35 3137/34 3133/30
f 3137/34 3136/33 3133/30
f 3136/33 3134/31 3133/30
f 3140/37 3141/38 3142/39
f 3141/38 3143/40 3142/39
f 3143/40 3144/41 3142/39
f 3144/41 3145/42 3142/39
f 3145/42 3146/43 3142/39
f 3146/43 3140/37 3142/39
f 3146/43 3145/42 3140/37
f 3145/42 3144/41 3140/37
f 3144/41 3143/40 3140/37
f 3143/40 3141/38 3140/37
f 3147/37 3148/38 3149/39
f 3148/38 3150/40 3149/39
f 3150/40 3151/41 3149/39
f 3151/41 3152/42 3149/39
f 3152/42 3153/43 3149/39
f 3153/43 3147/37 3149/39
f 3153/43 3152/42 3147/37
f 3152/42 3151/41 3147/37
f 3151/41 3150/40 3147/37
f 3150/40 3148/38 3147/37
f 3154/30 3155/31 3156/32
f 3155/31 3157/33 3156/32
f 3157/33 3158/34 3156/32
f 3158/34 3159/35 3156/32
f 3159/35 3160/36 3156/32
f 3160/36 3154/30 3156/32
f 3160/36 3159/35 3154/30
f 3159/35 3158/34 3154/30
f 3158/34 3157/33 3154/30
f 3157/33 3155/31 3154/30
f 3161/37 3162/38 3163/39
f 3162/38 3164/40 3163/39
f 3164/40 3165/41 3163/39
f 3165/41 3166/42 3163/39
f 3166/42 3167/43 3163/39
f 3167/43 3161/37 3163/39
f 3167/43 3166/42 3161/37
f 3166/42 3165/41 3161/37
f 3165/41 3164/40 3161/37
f 3164/40 3162/38 3161/37
f 3168/30 3169/31 3170/32
f 3169/31 3171/33 3170/32
f 3171/33 3172/34 3170/32
f 3172/34 3173/35 3170/32
f 3173/35 3174/36 3170/32
f 3174/36 3168/30 3170/32
f 3174/36 3173/35 3168/30
f 3173/35 3172/34 3168/30
f 3172/34 3171/33 3168/30
f 3171/33 3169/31 3168/30
f 3175/37 3176/38 3177/39
f 3176/38 3178/40 3177/39
f 3178/40 3179/41 3177/39
f 3179/41 3180/42 3177/39
f 3180/42 3181/43 3177/39
f 3181/43 3175/37 3177/39
f 3181/43 3180/42 3175/37
f 3180/42 3179/41 3175/37
f 3179/41 3178/40 3175/37
f 3178/40 3176/38 3175/37
f 3182/37 3183/38 3184/39
f 3183/38 3185/40 3184/39
f 3185/40 3186/41 3184/39
f 3186/41 3187/42 3184/39
f 3187/42 3188/43 3184/39
f 3188/43 3182/37 3184/39
f 3188/43 3187/42 3182/37
f 3187/42 3186/41 3182/37
f 3186/41 3185/40 3182/37
f 3185/40 3183/38 3182/37
f 3189/37 3190/38 3191/39
f 3190/38 3192/40 3191/39
f 3192/40 3193/41 3191/39
f 3193/41 3194/42 3191/39
f 3194/42 3195/43 3191/39
f 3195/43 3189/37 3191/39
f 3195/43 3194/42 3189/37
f 3194/42 3193/41 3189/37
f 3193/41 3192/40 3189/37
f 3192/40 3190/38 3189/37
f 3196/44 3197/45 3198/46
f 3197/45 3199/47 3198/46
f 3199/47 3200/48 3198/46
f 3200/48 3201/49 3198/46
f 3201/49 3202/50 3198/46
f 3202/50 3196/44 3198/46
f 3202/50 3201/49 3196/44
f 3201/49 3200/48 3196/44
f 3200/48 3199/47 3196/44
f 3199/47 3197/45 3196/44
f 3203/37 3204/38 3205/39
f 3204/38 3206/40 3205/39
f 3206/40 3207/41 3205/39
f 3207/41 3208/42 3205/39
f 3208/42 3209/43 3205/39
f 3209/43 3203/37 3205/39
f 3209/43 3208/42 3203/37
f 3208/42 3207/41 3203/37
f 3207/41 3206/40 3203/37
f 3206/40 3204/38 3203/37
f 3210/30 3211/31 3212/32
f 3211/31 3213/33 3212/32
f 3213/33 3214/34 3212/32
f 3214/34 3215/35 3212/32
f 3215/35 3216/36 3212/32
f 3216/36 3210/30 3212/32
f 3216/36 3215/35 3210/30
f 3215/35 3214/34 3210/30
f 3214/34 3213/33 3210/30
f 3213/33 3211/31 3210/30
f 3217/30 3218/31 3219/32
f 3218/31 3220/33 3219/32
f 3220/33 3221/34 3219/32
f 3221/34 3222/35 3219/32
f 3222/35 3223/36 3219/32
f 3223/36 3217/30 3219/32
f 3223/36 3222/35 3217/30
f 3222/35 3221/34 3217/30
f 3221/34 3220/33 3217/30
f 3220/33 3218/31 3217/30
f 3224/37 3225/38 3226/39
f 3225/38 3227/40 3226/39
f 3227/40 3228/41 3226/39
f 3228/41 3229/42 3226/39
f 3229/42 3230/43 3226/39
f 3230/43 3224/37 3226/39
f 3230/43 3229/42 3224/37
f 3229/42 3228/41 3224/37
f 3228/41 3227/40 3224/37
f 3227/40 3225/38 3224/37
f 3231/44 3232/45 3233/46
f 3232/45 3234/47 3233/46
f 3234/47 3235/48 3233/46
f 3235/48 3236/49 3233/46
f 3236/49 3237/50 3233/46
f 3237/50 3231/44 3233/46
f 3237/50 3236/49 3231/44
f 3236/49 3235/48 3231/44
f 3235/48 3234/47 3231/44
f 3234/47 3232/45 3231/44
f 3238/37 3239/38 3240/39
f 3239/38 3241/40 3240/39
f 3241/40 3242/41 3240/39
f 3242/41 3243/42 3240/39
f 3243/42 3244/43 3240/39
f 3244/43 3238/37 3240/39
f 3244/43 3243/42 3238/37
f 3243/42 3242/41 3238/37
f 3242/41 3241/40 3238/37
f 3241/40 3239/38 3238/37
f 3245/37 3246/38 3247/39
f 3246/38 3248/40 3247/39
f 3248/40 3249/41 3247/39
f 3249/41 3250/42 3247/39
f 3250/42 3251/43 3247/39
f 3251/43 3245/37 3247/39
f 3251/43 3250/42 3245/37
f 3250/42 3249/41 3245/37
f 3249/41 3248/40 3245/37
f 3248/40 3246/38 3245/37
f 3252/30 3253/31 3254/32
f 3253/31 3255/33 3254/32
f 3255/33 3256/34 3254/32
f 3256/34 3257/35 3254/32
f 3257/35 3258/36 3254/32
f 3258/36 3252/30 3254/32
f 3258/36 3257/35 3252/30
f 3257/35 3256/34 3252/30
f 3256/34 3255/33 3252/30
f 3255/33 3253/31 3252/30
f 3259/51 3260/52 3261/53
f 3260/52 3262/54 3261/53
f 3262/54 3263/55 3261/53
f 3263/55 3264/56 3261/53
f 3264/56 3265/57 3261/53
f 3265/57 3259/51 3261/53
f 3265/57 3264/56 3259/51
f 3264/56 3263/55 3259/51
f 3263/55 3262/54 3259/51
f 3262/54 3260/52 3259/51
f 3266/37 3267/38 3268/39
f 3267/38 3269/40 3268/39
f 3269/40 3270/41 3268/39
f 3270/41 3271/42 3268/39
f 3271/42 3272/43 3268/39
f 3272/43 3266/37 3268/39
f 3272/43 3271/42 3266/37
f 3271/42 3270/41 3266/37
f 3270/41 3269/40 3266/37
f 3269/40 3267/38 3266/37
f 3273/37 3274/38 3275/39
f 3274/38 3276/40 3275/39
f 3276/40 3277/41 3275/39
f 3277/41 3278/42 3275/39
f 3278/42 3279/43 3275/39
f 3279/43 3273/37 3275/39
f 3279/43 3278/42 3273/37
f 3278/42 3277/41 3273/37
f 3277/41 3276/40 3273/37
f 3276/40 3274/38 3273/37
f 3280/37 3281/38 3282/39
f 3281/38 3283/40 3282/39
f 3283/40 3284/41 3282/39
f 3284/41 3285/42 3282/39
f 3285/42 3286/43 3282/39
f 3286/43 3280/37 3282/39
f 3286/43 3285/42 3280/37
f 3285/42 3284/41 3280/37
f 3284/41 3283/40 3280/37
f 3283/40 3281/38 3280/37
f 3287/58 3288/58 3289/58
f 3290/58 3289/58 3288/58
f 3291/58 3287/58 3289/58
f 3292/58 3291/58 3289/58
f 3290/58 3292/58 3289/58
f 3293/58 3290/58 3288/58
f 3294/58 3288/58 3287/58
f 3295/58 3287/58 3291/58
f 3296/58 3291/58 3292/58
f 3297/58 3292/58 3290/58
f 3294/58 3293/58 3288/58
f 3295/58 3294/58 3287/58
f 3296/58 3295/58 3291/58
f 3297/58 3296/58 3292/58
f 3293/58 3297/58 3290/58
f 3298/58 3293/58 3294/58
f 3298/58 3294/58 3295/58
f 3298/58 3295/58 3296/58
f 3298/58 3296/58 3297/58
f 3298/58 3297/58 3293/58
f 3299/124 3300/125 3301/126
f 3300/125 3302/127 3301/126
f 3302/127 3303/128 3301/126
f 3303/128 3304/129 3301/126
f 3304/129 3305/130 3301/126
f 3305/130 3299/124 3301/126
f 3305/130 3304/129 3299/124
f 3304/129 3303/128 3299/124
f 3303/128 3302/127 3299/124
f 3302/127 3300/125 3299/124
f 3306/124 3307/125 3308/126
f 3307/125 3309/127 3308/126
f 3309/127 3310/128 3308/126
f 3310/128 3311/129 3308/126
f 3311/129 3312/130 3308/126
f 3312/130 3306/124 3308/126
f 3312/130 3311/129 3306/124
f 3311/129 3310/128 3306/124
f 3310/128 3309/127 3306/124
f 3309/127 3307/125 3306/124
f 3313/138 3314/139 3315/140
f 3314/139 3316/141 3315/140
f 3316/141 3317/142 3315/140
f 3317/142 3318/143 3315/140
f 3318/143 3319/144 3315/140
f 3319/144 3313/138 3315/140
f 3319/144 3318/143 3313/138
f 3318/143 3317/142 3313/138
f 3317/142 3316/141 3313/138
f 3316/141 3314/139 3313/138
f 3320/138 3321/139 3322/140
f 3321/139 3323/141 3322/140
f 3323/141 3324/142 3322/140
f 3324/142 3325/143 3322/140
f 3325/143 3326/144 3322/140
f 3326/144 3320/138 3322/140
f 3326/144 3325/143 3320/138
f 3325/143 3324/142 3320/138
f 3324/142 3323/141 3320/138
f 3323/141 3321/139 3320/138
f 3327/138 3328/139 3329/140
f 3328/139 3330/141 3329/140
f 3330/141 3331/142 3329/140
f 3331/142 3332/143 3329/140
f 3332/143 3333/144 3329/140
f 3333/144 3327/138 3329/140
f 3333/144 3332/143 3327/138
f 3332/143 3331/142 3327/138
f 3331/142 3330/141 3327/138
f 3330/141 3328/139 3327/138
f 3334/117 3335/118 3336/119
f 3335/118 3337/120 3336/119
f 3337/120 3338/121 3336/119
f 3338/121 3339/122 3336/119
f 3339/122 3340/123 3336/119
f 3340/123 3334/117 3336/119
f 3340/123 3339/122 3334/117
f 3339/122 3338/121 3334/117
f 3338/121 3337/120 3334/117
f 3337/120 3335/118 3334/117
f 3341/138 3342/139 3343/140
f 3342/139 3344/141 3343/140
f 3344/141 3345/142 3343/140
f 3345/142 3346/143 3343/140
f 3346/143 3347/144 3343/140
f 3347/144 3341/138 3343/140
f 3347/144 3346/143 3341/138
f 3346/143 3345/142 3341/138
f 3345/142 3344/141 3341/138
f 3344/141 3342/139 3341/138
f 3348/138 3349/139 3350/140
f 3349/139 3351/141 3350/140
f 3351/141 3352/142 3350/140
f 3352/142 3353/143 3350/140
f 3353/143 3354/144 3350/140
f 3354/144 3348/138 3350/140
f 3354/144 3353/143 3348/138
f 3353/143 3352/142 3348/138
f 3352/142 3351/141 3348/138
f 3351/141 3349/139 3348/138
f 3355/117 3356/118 3357/119
f 3356/118 3358/120 3357/119
f 3358/120 3359/121 3357/119
f 3359/121 3360/122 3357/119
f 3360/122 3361/123 3357/119
f 3361/123 3355/117 3357/119
f 3361/123 3360/122 3355/117
f 3360/122 3359/121 3355/117
f 3359/121 3358/120 3355/117
f 3358/120 3356/118 3355/117
f 3362/138 3363/139 3364/140
f 3363/139 3365/141 3364/140
f 3365/141 3366/142 3364/140
f 3366/142 3367/143 3364/140
f 3367/143 3368/144 3364/140
f 3368/144 3362/138 3364/140
f 3368/144 3367/143 3362/138
f 3367/143 3366/142 3362/138
f 3366/142 3365/141 3362/138
f 3365/141 3363/139 3362/138
f 3369/117 3370/118 3371/119
f 3370/118 3372/120 3371/119
f 3372/120 3373/121 3371/119
f 3373/121 3374/122 3371/119
f 3374/122 3375/123 3371/119
f 3375/123 3369/117 3371/119
f 3375/123 3374/122 3369/117
f 3374/122 3373/121 3369/117
f 3373/121 3372/120 3369/117
f 3372/120 3370/118 3369/117
f 3376/138 3377/139 3378/140
f 3377/139 3379/141 3378/140
f 3379/141 3380/142 3378/140
f 3380/142 3381/143 3378/140
f 3381/143 3382/144 3378/140
f 3382/144 3376/138 3378/140
f 3382/144 3381/143 3376/138
f 3381/143 3380/142 3376/138
f 3380/142 3379/141 3376/138
f 3379/141 3377/139 3376/138
f 3383/138 3384/139 3385/140
f 3384/139 3386/141 3385/140
f 3386/141 3387/142 3385/140
f 3387/142 3388/143 3385/140
f 3388/143 3389/144 3385/140
f 3389/144 3383/138 3385/140
f 3389/144 3388/143 3383/138
f 3388/143 3387/142 3383/138
f 3387/142 3386/141 3383/138
f 3386/141 3384/139 3383/138
f 3390/117 3391/118 3392/119
f 3391/118 3393/120 3392/119
f 3393/120 3394/121 3392/119
f 3394/121 3395/122 3392/119
f 3395/122 3396/123 3392/119
f 3396/123 3390/117 3392/119
f 3396/123 3395/122 3390/117
f 3395/122 3394/121 3390/117
f 3394/121 3393/120 3390/117
f 3393/120 3391/118 3390/117
f 3397/138 3398/139 3399/140
f 3398/139 3400/141 3399/140
f 3400/141 3401/142 3399/140
f 3401/142 3402/143 3399/140
f 3402/143 3403/144 3399/140
f 3403/144 3397/138 3399/140
f 3403/144 3402/143 3397/138
f 3402/143 3401/142 3397/138
f 3401/142 3400/141 3397/138
f 3400/141 3398/139 3397/138
f 3404/124 3405/125 3406/126
f 3405/125 3407/127 3406/126
f 3407/127 3408/128 3406/126
f 3408/128 3409/129 3406/126
f 3409/129 3410/130 3406/126
f 3410/130 3404/124 3406/126
f 3410/130 3409/129 3404/124
f 3409/129 3408/128 3404/124
f 3408/128 3407/127 3404/124
f 3407/127 3405/125 3404/124
f 3411/117 3412/118 3413/119
f 3412/118 3414/120 3413/119
f 3414/120 3415/121 3413/119
f 3415/121 3416/122 3413/119
f 3416/122 3417/123 3413/119
f 3417/123 3411/117 3413/119
f 3417/123 3416/122 3411/117
f 3416/122 3415/121 3411/117
f 3415/121 3414/120 3411/117
f 3414/120 3412/118 3411/117
f 3418/138 3419/139 3420/140
f 3419/139 3421/141 3420/140
f 3421/141 3422/142 3420/140
f 3422/142 3423/143 3420/140
f 3423/143 3424/144 3420/140
f 3424/144 3418/138 3420/140
f 3424/144 3423/143 3418/138
f 3423/143 3422/142 3418/138
f 3422/142 3421/141 3418/138
f 3421/141 3419/139 3418/138
f 3425/138 3426/139 3427/140
f 3426/139 3428/141 3427/140
f 3428/141 3429/142 3427/140
f 3429/142 3430/143 3427/140
f 3430/143 3431/144 3427/140
f 3431/144 3425/138 3427/140
f 3431/144 3430/143 3425/138
f 3430/143 3429/142 3425/138
f 3429/142 3428/141 3425/138
f 3428/141 3426/139 3425/138
f 3432/117 3433/118 3434/119
f 3433/118 3435/120 3434/119
f 3435/120 3436/121 3434/119
f 3436/121 3437/122 3434/119
f 3437/122 3438/123 3434/119
f 3438/123 3432/117 3434/119
f 3438/123 3437/122 3432/117
f 3437/122 3436/121 3432/117
f 3436/121 3435/120 3432/117
f 3435/120 3433/118 3432/117
f 3439/117 3440/118 3441/119
f 3440/118 3442/120 3441/119
f 3442/120 3443/121 3441/119
f 3443/121 3444/122 3441/119
f 3444/122 3445/123 3441/119
f 3445/123 3439/117 3441/119
f 3445/123 3444/122 3439/117
f 3444/122 3443/121 3439/117
f 3443/121 3442/120 3439/117
f 3442/120 3440/118 3439/117
f 3446/117 3447/118 3448/119
f 3447/118 3449/120 3448/119
f 3449/120 3450/121 3448/119
f 3450/121 3451/122 3448/119
f 3451/122 3452/123 3448/119
f 3452/123 3446/117 3448/119
f 3452/123 3451/122 3446/117
f 3451/122 3450/121 3446/117
f 3450/121 3449/120 3446/117
f 3449/120 3447/118 3446/117
f 3453/138 3454/139 3455/140
f 3454/139 3456/141 3455/140
f 3456/141 3457/142 3455/140
f 3457/142 3458/143 3455/140
f 3458/143 3459/144 3455/140
f 3459/144 3453/138 3455/140
f 3459/144 3458/143 3453/138
f 3458/143 3457/142 3453/138
f 3457/142 3456/141 3453/138
f 3456/141 3454/139 3453/138
f 3460/124 3461/125 3462/126
f 3461/125 3463/127 3462/126
f 3463/127 3464/128 3462/126
f 3464/128 3465/129 3462/126
f 3465/129 3466/130 3462/126
f 3466/130 3460/124 3462/126
f 3466/130 3465/129 3460/124
f 3465/129 3464/128 3460/124
f 3464/128 3463/127 3460/124
f 3463/127 3461/125 3460/124
f 3467/124 3468/125 3469/126
f 3468/125 3470/127 3469/126
f 3470/127 3471/128 3469/126
f 3471/128 3472/129 3469/126
f 3472/129 3473/130 3469/126
f 3473/130 3467/124 3469/126
f 3473/130 3472/129 3467/124
f 3472/129 3471/128 3467/124
f 3471/128 3470/127 3467/124
f 3470/127 3468/125 3467/124
f 3474/138 3475/139 3476/140
f 3475/139 3477/141 3476/140
f 3477/141 3478/142 3476/140
f 3478/142 3479/143 3476/140
f 3479/143 3480/144 3476/140
f 3480/144 3474/138 3476/140
f 3480/144 3479/143 3474/138
f 3479/143 3478/142 3474/138
f 3478/142 3477/141 3474/138
f 3477/141 3475/139 3474/138
f 3481/145 3482/145 3483/145
f 3484/145 3483/145 3482/145
f 3485/145 3481/145 3483/145
f 3486/145 3485/145 3483/145
f 3484/145 3486/145 3483/145
f 3487/145 3484/145 3482/145
f 3488/145 3482/145 3481/145
f 3489/145 3481/145 3485/145
f 3490/145 3485/145 3486/145
f 3491/145 3486/145 3484/145
f 3488/145 3487/145 3482/145
f 3489/145 3488/145 3481/145
f 3490/145 3489/145 3485/145
f 3491/145 3490/145 3486/145
f 3487/145 3491/145 3484/145
f 3492/145 3487/145 3488/145
f 3492/145 3488/145 3489/145
f 3492/145 3489/145 3490/145
f 3492/145 3490/145 3491/145
f 3492/145 3491/145 3487/145
f 3493/8 3494/9 3495/10
f 3494/9 3496/11 3495/10
f 3496/11 3497/12 3495/10
f 3497/12 3498/13 3495/10
f 3498/13 3499/14 3495/10
f 3499/14 3493/8 3495/10
f 3499/14 3498/13 3493/8
f 3498/13 3497/12 3493/8
f 3497/12 3496/11 3493/8
f 3496/11 3494/9 3493/8
f 3500/15 3501/16 3502/17
f 3501/16 3503/18 3502/17
f 3503/18 3504/19 3502/17
f 3504/19 3505/20 3502/17
f 3505/20 3506/21 3502/17
f 3506/21 3500/15 3502/17
f 3506/21 3505/20 3500/15
f 3505/20 3504/19 3500/15
f 3504/19 3503/18 3500/15
f 3503/18 3501/16 3500/15
f 3507/15 3508/16 3509/17
f 3508/16 3510/18 3509/17
f 3510/18 3511/19 3509/17
f 3511/19 3512/20 3509/17
f 3512/20 3513/21 3509/17
f 3513/21 3507/15 3509/17
f 3513/21 3512/20 3507/15
f 3512/20 3511/19 3507/15
f 3511/19 3510/18 3507/15
f 3510/18 3508/16 3507/15
f 3514/8 3515/9 3516/10
f 3515/9 3517/11 3516/10
f 3517/11 3518/12 3516/10
f 3518/12 3519/13 3516/10
f 3519/13 3520/14 3516/10
f 3520/14 3514/8 3516/10
f 3520/14 3519/13 3514/8
f 3519/13 3518/12 3514/8
f 3518/12 3517/11 3514/8
f 3517/11 3515/9 3514/8
f 3521/22 3522/23 3523/24
f 3522/23 3524/25 3523/24
f 3524/25 3525/26 3523/24
f 3525/26 3526/27 3523/24
f 3526/27 3527/28 3523/24
f 3527/28 3521/22 3523/24
f 3527/28 3526/27 3521/22
f 3526/27 3525/26 3521/22
f 3525/26 3524/25 3521/22
f 3524/25 3522/23 3521/22
f 3528/15 3529/16 3530/17
f 3529/16 3531/18 3530/17
f 3531/18 3532/19 3530/17
f 3532/19 3533/20 3530/17
f 3533/20 3534/21 3530/17
f 3534/21 3528/15 3530/17
f 3534/21 3533/20 3528/15
f 3533/20 3532/19 3528/15
f 3532/19 3531/18 3528/15
f 3531/18 3529/16 3528/15
f 3535/1 3536/2 3537/3
f 3536/2 3538/4 3537/3
f 3538/4 3539/5 3537/3
f 3539/5 3540/6 3537/3
f 3540/6 3541/7 3537/3
f 3541/7 3535/1 3537/3
f 3541/7 3540/6 3535/1
f 3540/6 3539/5 3535/1
f 3539/5 3538/4 3535/1
f 3538/4 3536/2 3535/1
f 3542/8 3543/9 3544/10
f 3543/9 3545/11 3544/10
f 3545/11 3546/12 3544/10
f 3546/12 3547/13 3544/10
f 3547/13 3548/14 3544/10
f 3548/14 3542/8 3544/10
f 3548/14 3547/13 3542/8
f 3547/13 3546/12 3542/8
f 3546/12 3545/11 3542/8
f 3545/11 3543/9 3542/8
f 3549/22 3550/23 3551/24
f 3550/23 3552/25 3551/24
f 3552/25 3553/26 3551/24
f 3553/26 3554/27 3551/24
f 3554/27 3555/28 3551/24
f 3555/28 3549/22 3551/24
f 3555/28 3554/27 3549/22
f 3554/27 3553/26 3549/22
f 3553/26 3552/25 3549/22
f 3552/25 3550/23 3549/22
f 3556/1 3557/2 3558/3
f 3557/2 3559/4 3558/3
f 3559/4 3560/5 3558/3
f 3560/5 3561/6 3558/3
f 3561/6 3562/7 3558/3
f 3562/7 3556/1 3558/3
f 3562/7 3561/6 3556/1
f 3561/6 3560/5 3556/1
f 3560/5 3559/4 3556/1
f 3559/4 3557/2 3556/1
f 3563/1 3564/2 3565/3
f 3564/2 3566/4 3565/3
f 3566/4 3567/5 3565/3
f 3567/5 3568/6 3565/3
f 3568/6 3569/7 3565/3
f 3569/7 3563/1 3565/3
f 3569/7 3568/6 3563/1
f 3568/6 3567/5 3563/1
f 3567/5 3566/4 3563/1
f 3566/4 3564/2 3563/1
f 3570/8 3571/9 3572/10
f 3571/9 3573/11 3572/10
f 3573/11 3574/12 3572/10
f 3574/12 3575/13 3572/10
f 3575/13 3576/14 3572/10
f 3576/14 3570/8 3572/10
f 3576/14 3575/13 3570/8
f 3575/13 3574/12 3570/8
f 3574/12 3573/11 3570/8
f 3573/11 3571/9 3570/8
f 3577/1 3578/2 3579/3
f 3578/2 3580/4 3579/3
f 3580/4 3581/5 3579/3
f 3581/5 3582/6 3579/3
f 3582/6 3583/7 3579/3
f 3583/7 3577/1 3579/3
f 3583/7 3582/6 3577/1
f 3582/6 3581/5 3577/1
f 3581/5 3580/4 3577/1
f 3580/4 3578/2 3577/1
f 3584/15 3585/16 3586/17
f 3585/16 3587/18 3586/17
f 3587/18 3588/19 3586/17
f 3588/19 3589/20 3586/17
f 3589/20 3590/21 3586/17
f 3590/21 3584/15 3586/17
f 3590/21 3589/20 3584/15
f 3589/20 3588/19 3584/15
f 3588/19 3587/18 3584/15
f 3587/18 3585/16 3584/15
f 3591/1 3592/2 3593/3
f 3592/2 3594/4 3593/3
f 3594/4 3595/5 3593/3
f 3595/5 3596/6 3593/3
f 3596/6 3597/7 3593/3
f 3597/7 3591/1 3593/3
f 3597/7 3596/6 3591/1
f 3596/6 3595/5 3591/1
f 3595/5 3594/4 3591/1
f 3594/4 3592/2 3591/1
f 3598/15 3599/16 3600/17
f 3599/16 3601/18 3600/17
f 3601/18 3602/19 3600/17
f 3602/19 3603/20 3600/17
f 3603/20 3604/21 3600/17
f 3604/21 3598/15 3600/17
f 3604/21 3603/20 3598/15
f 3603/20 3602/19 3598/15
f 3602/19 3601/18 3598/15
f 3601/18 3599/16 3598/15
f 3605/1 3606/2 3607/3
f 3606/2 3608/4 3607/3
f 3608/4 3609/5 3607/3
f 3609/5 3610/6 3607/3
f 3610/6 3611/7 3607/3
f 3611/7 3605/1 3607/3
f 3611/7 3610/6 3605/1
f 3610/6 3609/5 3605/1
f 3609/5 3608/4 3605/1
f 3608/4 3606/2 3605/1
f 3612/1 3613/2 3614/3
f 3613/2 3615/4 3614/3
f 3615/4 3616/5 3614/3
f 3616/5 3617/6 3614/3
f 3617/6 3618/7 3614/3
f 3618/7 3612/1 3614/3
f 3618/7 3617/6 3612/1
f 3617/6 3616/5 3612/1
f 3616/5 3615/4 3612/1
f 3615/4 3613/2 3612/1
f 3619/1 3620/2 3621/3
f 3620/2 3622/4 3621/3
f 3622/4 3623/5 3621/3
f 3623/5 3624/6 3621/3
f 3624/6 3625/7 3621/3
f 3625/7 3619/1 3621/3
f 3625/7 3624/6 3619/1
f 3624/6 3623/5 3619/1
f 3623/5 3622/4 3619/1
f 3622/4 3620/2 3619/1
f 3626/1 3627/2 3628/3
f 3627/2 3629/4 3628/3
f 3629/4 3630/5 3628/3
f 3630/5 3631/6 3628/3
f 3631/6 3632/7 3628/3
f 3632/7 3626/1 3628/3
f 3632/7 3631/6 3626/1
f 3631/6 3630/5 3626/1
f 3630/5 3629/4 3626/1
f 3629/4 3627/2 3626/1
f 3633/8 3634/9 3635/10
f 3634/9 3636/11 3635/10
f 3636/11 3637/12 3635/10
f 3637/12 3638/13 3635/10
f 3638/13 3639/14 3635/10
f 3639/14 3633/8 3635/10
f 3639/14 3638/13 3633/8
f 3638/13 3637/12 3633/8
f 3637/12 3636/11 3633/8
f 3636/11 3634/9 3633/8
f 3640/1 3641/2 3642/3
f 3641/2 3643/4 3642/3
f 3643/4 3644/5 3642/3
f 3644/5 3645/6 3642/3
f 3645/6 3646/7 3642/3
f 3646/7 3640/1 3642/3
f 3646/7 3645/6 3640/1
f 3645/6 3644/5 3640/1
f 3644/5 3643/4 3640/1
f 3643/4 3641/2 3640/1
f 3647/8 3648/9 3649/10
f 3648/9 3650/11 3649/10
f 3650/11 3651/12 3649/10
f 3651/12 3652/13 3649/10
f 3652/13 3653/14 3649/10
f 3653/14 3647/8 3649/10
f 3653/14 3652/13 3647/8
f 3652/13 3651/12 3647/8
f 3651/12 3650/11 3647/8
f 3650/11 3648/9 3647/8
f 3654/1 3655/2 3656/3
f 3655/2 3657/4 3656/3
f 3657/4 3658/5 3656/3
f 3658/5 3659/6 3656/3
f 3659/6 3660/7 3656/3
f 3660/7 3654/1 3656/3
f 3660/7 3659/6 3654/1
f 3659/6 3658/5 3654/1
f 3658/5 3657/4 3654/1
f 3657/4 3655/2 3654/1
f 3661/8 3662/9 3663/10
f 3662/9 3664/11 3663/10
f 3664/11 3665/12 3663/10
f 3665/12 3666/13 3663/10
f 3666/13 3667/14 3663/10
f 3667/14 3661/8 3663/10
f 3667/14 3666/13 3661/8
f 3666/13 3665/12 3661/8
f 3665/12 3664/11 3661/8
f 3664/11 3662/9 3661/8
f 3668/8 3669/9 3670/10
f 3669/9 3671/11 3670/10
f 3671/11 3672/12 3670/10
f 3672/12 3673/13 3670/10
f 3673/13 3674/14 3670/10
f 3674/14 3668/8 3670/10
f 3674/14 3673/13 3668/8
f 3673/13 3672/12 3668/8
f 3672/12 3671/11 3668/8
f 3671/11 3669/9 3668/8
f 3675/29 3676/29 3677/29
f 3678/29 3677/29 3676/29
f 3679/29 3675/29 3677/29
f 3680/29 3679/29 3677/29
f 3678/29 3680/29 3677/29
f 3681/29 3678/29 3676/29
f 3682/29 3676/29 3675/29
f 3683/29 3675/29 3679/29
f 3684/29 3679/29 3680/29
f 3685/29 3680/29 3678/29
f 3682/29 3681/29 3676/29
f 3683/29 3682/29 3675/29
f 3684/29 3683/29 3679/29
f 3685/29 3684/29 3680/29
f 3681/29 3685/29 3678/29
f 3686/29 3681/29 3682/29
f 3686/29 3682/29 3683/29
f 3686/29 3683/29 3684/29
f 3686/29 3684/29 3685/29
f 3686/29 3685/29 3681/29
f 3687/88 3688/89 3689/90
f 3688/89 3690/91 3689/90
f 3690/91 3691/92 3689/90
f 3691/92 3692/93 3689/90
f 3692/93 3693/94 3689/90
f 3693/94 3687/88 3689/90
f 3693/94 3692/93 3687/88
f 3692/93 3691/92 3687/88
f 3691/92 3690/91 3687/88
f 3690/91 3688/89 3687/88
f 3694/88 3695/89 3696/90
f 3695/89 3697/91 3696/90
f 3697/91 3698/92 3696/90
f 3698/92 3699/93 3696/90
f 3699/93 3700/94 3696/90
f 3700/94 3694/88 3696/90
f 3700/94 3699/93 3694/88
f 3699/93 3698/92 3694/88
f 3698/92 3697/91 3694/88
f 3697/91 3695/89 3694/88
f 3701/102 3702/103 3703/104
f 3702/103 3704/105 3703/104
f 3704/105 3705/106 3703/104
f 3705/106 3706/107 3703/104
f 3706/107 3707/108 3703/104
f 3707/108 3701/102 3703/104
f 3707/108 3706/107 3701/102
f 3706/107 3705/106 3701/102
f 3705/106 3704/105 3701/102
f 3704/105 3702/103 3701/102
f 3708/95 3709/96 3710/97
f 3709/96 3711/98 3710/97
f 3711/98 3712/99 3710/97
f 3712/99 3713/100 3710/97
f 3713/100 3714/101 3710/97
f 3714/101 3708/95 3710/97
f 3714/101 3713/100 3708/95
f 3713/100 3712/99 3708/95
f 3712/99 3711/98 3708/95
f 3711/98 3709/96 3708/95
f 3715/95 3716/96 3717/97
f 3716/96 3718/98 3717/97
f 3718/98 3719/99 3717/97
f 3719/99 3720/100 3717/97
f 3720/100 3721/101 3717/97
f 3721/101 3715/95 3717/97
f 3721/101 3720/100 3715/95
f 3720/100 3719/99 3715/95
f 3719/99 3718/98 3715/95
f 3718/98 3716/96 3715/95
f 3722/102 3723/103 3724/104
f 3723/103 3725/105 3724/104
f 3725/105 3726/106 3724/104
f 3726/106 3727/107 3724/104
f 3727/107 3728/108 3724/104
f 3728/108 3722/102 3724/104
f 3728/108 3727/107 3722/102
f 3727/107 3726/106 3722/102
f 3726/106 3725/105 3722/102
f 3725/105 3723/103 3722/102
f 3729/109 3730/110 3731/111
f 3730/110 3732/112 3731/111
f 3732/112 3733/113 3731/111
f 3733/113 3734/114 3731/111
f 3734/114 3735/115 3731/111
f 3735/115 3729/109 3731/111
f 3735/115 3734/114 3729/109
f 3734/114 3733/113 3729/109
f 3733/113 3732/112 3729/109
f 3732/112 3730/110 3729/109
f 3736/109 3737/110 3738/111
f 3737/110 3739/112 3738/111
f 3739/112 3740/113 3738/111
f 3740/113 3741/114 3738/111
f 3741/114 3742/115 3738/111
f 3742/115 3736/109 3738/111
f 3742/115 3741/114 3736/109
f 3741/114 3740/113 3736/109
f 3740/113 3739/112 3736/109
f 3739/112 3737/110 3736/109
f 3743/102 3744/103 3745/104
f 3744/103 3746/105 3745/104
f 3746/105 3747/106 3745/104
f 3747/106 3748/107 3745/104
f 3748/107 3749/108 3745/104
f 3749/108 3743/102 3745/104
f 3749/108 3748/107 3743/102
f 3748/107 3747/106 3743/102
f 3747/106 3746/105 3743/102
f 3746/105 3744/103 3743/102
f 3750/102 3751/103 3752/104
f 3751/103 3753/105 3752/104
f 3753/105 3754/106 3752/104
f 3754/106 3755/107 3752/104
f 3755/107 3756/108 3752/104
f 3756/108 3750/102 3752/104
f 3756/108 3755/107 3750/102
f 3755/107 3754/106 3750/102
f 3754/106 3753/105 3750/102
f 3753/105 3751/103 3750/102
f 3757/102 3758/103 3759/104
f 3758/103 3760/105 3759/104
f 3760/105 3761/106 3759/104
f 3761/106 3762/107 3759/104
f 3762/107 3763/108 3759/104
f 3763/108 3757/102 3759/104
f 3763/108 3762/107 3757/102
f 3762/107 3761/106 3757/102
f 3761/106 3760/105 3757/102
f 3760/105 3758/103 3757/102
f 3764/102 3765/103 3766/104
f 3765/103 3767/105 3766/104
f 3767/105 3768/106 3766/104
f 3768/106 3769/107 3766/104
f 3769/107 3770/108 3766/104
f 3770/108 3764/102 3766/104
f 3770/108 3769/107 3764/102
f 3769/107 3768/106 3764/102
f 3768/106 3767/105 3764/102
f 3767/105 3765/103 3764/102
f 3771/88 3772/89 3773/90
f 3772/89 3774/91 3773/90
f 3774/91 3775/92 3773/90
f 3775/92 3776/93 3773/90
f 3776/93 3777/94 3773/90
f 3777/94 3771/88 3773/90
f 3777/94 3776/93 3771/88
f 3776/93 3775/92 3771/88
f 3775/92 3774/91 3771/88
f 3774/91 3772/89 3771/88
f 3778/102 3779/103 3780/104
f 3779/103 3781/105 3780/104
f 3781/105 3782/106 3780/104
f 3782/106 3783/107 3780/104
f 3783/107 3784/108 3780/104
f 3784/108 3778/102 3780/104
f 3784/108 3783/107 3778/102
f 3783/107 3782/106 3778/102
f 3782/106 3781/105 3778/102
f 3781/105 3779/103 3778/102
f 3785/95 3786/96 3787/97
f 3786/96 3788/98 3787/97
f 3788/98 3789/99 3787/97
f 3789/99 3790/100 3787/97
f 3790/100 3791/101 3787/97
f 3791/101 3785/95 3787/97
f 3791/101 3790/100 3785/95
f 3790/100 3789/99 3785/95
f 3789/99 3788/98 3785/95
f 3788/98 3786/96 3785/95
f 3792/102 3793/103 3794/104
f 3793/103 3795/105 3794/104
f 3795/105 3796/106 3794/104
f 3796/106 3797/107 3794/104
f 3797/107 3798/108 3794/104
f 3798/108 3792/102 3794/104
f 3798/108 3797/107 3792/102
f 3797/107 3796/106 3792/102
f 3796/106 3795/105 3792/102
f 3795/105 3793/103 3792/102
f 3799/102 3800/103 3801/104
f 3800/103 3802/105 3801/104
f 3802/105 3803/106 3801/104
f 3803/106 3804/107 3801/104
f 3804/107 3805/108 3801/104
f 3805/108 3799/102 3801/104
f 3805/108 3804/107 3799/102
f 3804/107 3803/106 3799/102
f 3803/106 3802/105 3799/102
f 3802/105 3800/103 3799/102
f 3806/88 3807/89 3808/90
f 3807/89 3809/91 3808/90
f 3809/91 3810/92 3808/90
f 3810/92 3811/93 3808/90
f 3811/93 3812/94 3808/90
f 3812/94 3806/88 3808/90
f 3812/94 3811/93 3806/88
f 3811/93 3810/92 3806/88
f 3810/92 3809/91 3806/88
f 3809/91 3807/89 3806/88
f 3813/102 3814/103 3815/104
f 3814/103 3816/105 3815/104
f 3816/105 3817/106 3815/104
f 3817/106 3818/107 3815/104
f 3818/107 3819/108 3815/104
f 3819/108 3813/102 3815/104
f 3819/108 3818/107 3813/102
f 3818/107 3817/106 3813/102
f 3817/106 3816/105 3813/102
f 3816/105 3814/103 3813/102
f 3820/102 3821/103 3822/104
f 3821/103 3823/105 3822/104
f 3823/105 3824/106 3822/104
f 3824/106 3825/107 3822/104
f 3825/107 3826/108 3822/104
f 3826/108 3820/102 3822/104
f 3826/108 3825/107 3820/102
f 3825/107 3824/106 3820/102
f 3824/106 3823/105 3820/102
f 3823/105 3821/103 3820/102
f 3827/102 3828/103 3829/104
f 3828/103 3830/105 3829/104
f 3830/105 3831/106 3829/104
f 3831/106 3832/107 3829/104
f 3832/107 3833/108 3829/104
f 3833/108 3827/102 3829/104
f 3833/108 3832/107 3827/102
f 3832/107 3831/106 3827/102
f 3831/106 3830/105 3827/102
f 3830/105 3828/103 3827/102
f 3834/102 3835/103 3836/104
f 3835/103 3837/105 3836/104
f 3837/105 3838/106 3836/104
f 3838/106 3839/107 3836/104
f 3839/107 3840/108 3836/104
f 3840/108 3834/102 3836/104
f 3840/108 3839/107 3834/102
f 3839/107 3838/106 3834/102
f 3838/106 3837/105 3834/102
f 3837/105 3835/103 3834/102
f 3841/88 3842/89 3843/90
f 3842/89 3844/91 3843/90
f 3844/91 3845/92 3843/90
f 3845/92 3846/93 3843/90
f 3846/93 3847/94 3843/90
f 3847/94 3841/88 3843/90
f 3847/94 3846/93 3841/88
f 3846/93 3845/92 3841/88
f 3845/92 3844/91 3841/88
f 3844/91 3842/89 3841/88
f 3848/109 3849/110 3850/111
f 3849/110 3851/112 3850/111
f 3851/112 3852/113 3850/111
f 3852/113 3853/114 3850/111
f 3853/114 3854/115 3850/111
f 3854/115 3848/109 3850/111
f 3854/115 3853/114 3848/109
f 3853/114 3852/113 3848/109
f 3852/113 3851/112 3848/109
f 3851/112 3849/110 3848/109
f 3855/95 3856/96 3857/97
f 3856/96 3858/98 3857/97
f 3858/98 3859/99 3857/97
f 3859/99 3860/100 3857/97
f 3860/100 3861/101 3857/97
f 3861/101 3855/95 3857/97
f 3861/101 3860/100 3855/95
f 3860/100 3859/99 3855/95
f 3859/99 3858/98 3855/95
f 3858/98 3856/96 3855/95
f 3862/102 3863/103 3864/104
f 3863/103 3865/105 3864/104
f 3865/105 3866/106 3864/104
f 3866/106 3867/107 3864/104
f 3867/107 3868/108 3864/104
f 3868/108 3862/102 3864/104
f 3868/108 3867/107 3862/102
f 3867/107 3866/106 3862/102
f 3866/106 3865/105 3862/102
f 3865/105 3863/103 3862/102
f 3869/116 3870/116 3871/116
f 3872/116 3871/116 3870/116
f 3873/116 3869/116 3871/116
f 3874/116 3873/116 3871/116
f 3872/116 3874/116 3871/116
f 3875/116 3872/116 3870/116
f 3876/116 3870/116 3869/116
f 3877/116 3869/116 3873/116
f 3878/116 3873/116 3874/116
f 3879/116 3874/116 3872/116
f 3876/116 3875/116 3870/116
f 3877/116 3876/116 3869/116
f 3878/116 3877/116 3873/116
f 3879/116 3878/116 3874/116
f 3875/116 3879/116 3872/116
f 3880/116 3875/116 3876/116
f 3880/116 3876/116 3877/116
f 3880/116 3877/116 3878/116
f 3880/116 3878/116 3879/116
f 3880/116 3879/116 3875/116
f 3881/59 3882/60 3883/61
f 3882/60 3884/62 3883/61
f 3884/62 3885/63 3883/61
f 3885/63 3886/64 3883/61
f 3886/64 3887/65 3883/61
f 3887/65 3881/59 3883/61
f 3887/65 3886/64 3881/59
f 3886/64 3885/63 3881/59
f 3885/63 3884/62 3881/59
f 3884/62 3882/60 3881/59
f 3888/59 3889/60 3890/61
f 3889/60 3891/62 3890/61
f 3891/62 3892/63 3890/61
f 3892/63 3893/64 3890/61
f 3893/64 3894/65 3890/61
f 3894/65 3888/59 3890/61
f 3894/65 3893/64 3888/59
f 3893/64 3892/63 3888/59
f 3892/63 3891/62 3888/59
f 3891/62 3889/60 3888/59
f 3895/80 3896/81 3897/82
f 3896/81 3898/83 3897/82
f 3898/83 3899/84 3897/82
f 3899/84 3900/85 3897/82
f 3900/85 3901/86 3897/82
f 3901/86 3895/80 3897/82
f 3901/86 3900/85 3895/80
f 3900/85 3899/84 3895/80
f 3899/84 3898/83 3895/80
f 3898/83 3896/81 3895/80
f 3902/59 3903/60 3904/61
f 3903/60 3905/62 3904/61
f 3905/62 3906/63 3904/61
f 3906/63 3907/64 3904/61
f 3907/64 3908/65 3904/61
f 3908/65 3902/59 3904/61
f 3908/65 3907/64 3902/59
f 3907/64 3906/63 3902/59
f 3906/63 3905/62 3902/59
f 3905/62 3903/60 3902/59
f 3909/59 3910/60 3911/61
f 3910/60 3912/62 3911/61
f 3912/62 3913/63 3911/61
f 3913/63 3914/64 3911/61
f 3914/64 3915/65 3911/61
f 3915/65 3909/59 3911/61
f 3915/65 3914/64 3909/59
f 3914/64 3913/63 3909/59
f 3913/63 3912/62 3909/59
f 3912/62 3910/60 3909/59
f 3916/80 3917/81 3918/82
f 3917/81 3919/83 3918/82
f 3919/83 3920/84 3918/82
f 3920/84 3921/85 3918/82
f 3921/85 3922/86 3918/82
f 3922/86 3916/80 3918/82
f 3922/86 3921/85 3916/80
f 3921/85 3920/84 3916/80
f 3920/84 3919/83 3916/80
f 3919/83 3917/81 3916/80
f 3923/66 3924/67 3925/68
f 3924/67 3926/69 3925/68
f 3926/69 3927/70 3925/68
f 3927/70 3928/71 3925/68
f 3928/71 3929/72 3925/68
f 3929/72 3923/66 3925/68
f 3929/72 3928/71 3923/66
f 3928/71 3927/70 3923/66
f 3927/70 3926/69 3923/66
f 3926/69 3924/67 3923/66
f 3930/66 3931/67 3932/68
f 3931/67 3933/69 3932/68
f 3933/69 3934/70 3932/68
f 3934/70 3935/71 3932/68
f 3935/71 3936/72 3932/68
f 3936/72 3930/66 3932/68
f 3936/72 3935/71 3930/66
f 3935/71 3934/70 3930/66
f 3934/70 3933/69 3930/66
f 3933/69 3931/67 3930/66
f 3937/59 3938/60 3939/61
f 3938/60 3940/62 3939/61
f 3940/62 3941/63 3939/61
f 3941/63 3942/64 3939/61
f 3942/64 3943/65 3939/61
f 3943/65 3937/59 3939/61
f 3943/65 3942/64 3937/59
f 3942/64 3941/63 3937/59
f 3941/63 3940/62 3937/59
f 3940/62 3938/60 3937/59
f 3944/59 3945/60 3946/61
f 3945/60 3947/62 3946/61
f 3947/62 3948/63 3946/61
f 3948/63 3949/64 3946/61
f 3949/64 3950/65 3946/61
f 3950/65 3944/59 3946/61
f 3950/65 3949/64 3944/59
f 3949/64 3948/63 3944/59
f 3948/63 3947/62 3944/59
f 3947/62 3945/60 3944/59
f 3951/73 3952/74 3953/75
f 3952/74 3954/76 3953/75
f 3954/76 3955/77 3953/75
f 3955/77 3956/78 3953/75
f 3956/78 3957/79 3953/75
f 3957/79 3951/73 3953/75
f 3957/79 3956/78 3951/73
f 3956/78 3955/77 3951/73
f 3955/77 3954/76 3951/73
f 3954/76 3952/74 3951/73
f 3958/66 3959/67 3960/68
f 3959/67 3961/69 3960/68
f 3961/69 3962/70 3960/68
f 3962/70 3963/71 3960/68
f 3963/71 3964/72 3960/68
f 3964/72 3958/66 3960/68
f 3964/72 3963/71 3958/66
f 3963/71 3962/70 3958/66
f 3962/70 3961/69 3958/66
f 3961/69 3959/67 3958/66
f 3965/59 3966/60 3967/61
f 3966/60 3968/62 3967/61
f 3968/62 3969/63 3967/61
f 3969/63 3970/64 3967/61
f 3970/64 3971/65 3967/61
f 3971/65 3965/59 3967/61
f 3971/65 3970/64 3965/59
f 3970/64 3969/63 3965/59
f 3969/63 3968/62 3965/59
f 3968/62 3966/60 3965/59
f 3972/73 3973/74 3974/75
f 3973/74 3975/76 3974/75
f 3975/76 3976/77 3974/75
f 3976/77 3977/78 3974/75
f 3977/78 3978/79 3974/75
f 3978/79 3972/73 3974/75
f 3978/79 3977/78 3972/73
f 3977/78 3976/77 3972/73
f 3976/77 3975/76 3972/73
f 3975/76 3973/74 3972/73
f 3979/59 3980/60 3981/61
f 3980/60 3982/62 3981/61
f 3982/62 3983/63 3981/61
f 3983/63 3984/64 3981/61
f 3984/64 3985/65 3981/61
f 3985/65 3979/59 3981/61
f 3985/65 3984/64 3979/59
f 3984/64 3983/63 3979/59
f 3983/63 3982/62 3979/59
f 3982/62 3980/60 3979/59
f 3986/66 3987/67 3988/68
f 3987/67 3989/69 3988/68
f 3989/69 3990/70 3988/68
f 3990/70 3991/71 3988/68
f 3991/71 3992/72 3988/68
f 3992/72 3986/66 3988/68
f 3992/72 3991/71 3986/66
f 3991/71 3990/70 3986/66
f 3990/70 3989/69 3986/66
f 3989/69 3987/67 3986/66
f 3993/73 3994/74 3995/75
f 3994/74 3996/76 3995/75
f 3996/76 3997/77 3995/75
f 3997/77 3998/78 3995/75
f 3998/78 3999/79 3995/75
f 3999/79 3993/73 3995/75
f 3999/79 3998/78 3993/73
f 3998/78 3997/77 3993/73
f 3997/77 3996/76 3993/73
f 3996/76 3994/74 3993/73
f 4000/59 4001/60 4002/61
f 4001/60 4003/62 4002/61
f 4003/62 4004/63 4002/61
f 4004/63 4005/64 4002/61
f 4005/64 4006/65 4002/61
f 4006/65 4000/59 4002/61
f 4006/65 4005/64 4000/59
f 4005/64 4004/63 4000/59
f 4004/63 4003/62 4000/59
f 4003/62 4001/60 4000/59
f 4007/80 4008/81 4009/82
f 4008/81 4010/83 4009/82
f 4010/83 4011/84 4009/82
f 4011/84 4012/85 4009/82
f 4012/85 4013/86 4009/82
f 4013/86 4007/80 4009/82
f 4013/86 4012/85 4007/80
f 4012/85 4011/84 4007/80
f 4011/84 4010/83 4007/80
f 4010/83 4008/81 4007/80
f 4014/59 4015/60 4016/61
f 4015/60 4017/62 4016/61
f 4017/62 4018/63 4016/61
f 4018/63 4019/64 4016/61
f 4019/64 4020/65 4016/61
f 4020/65 4014/59 4016/61
f 4020/65 4019/64 4014/59
f 4019/64 4018/63 4014/59
f 4018/63 4017/62 4014/59
f 4017/62 4015/60 4014/59
f 4021/59 4022/60 4023/61
f 4022/60 4024/62 4023/61
f 4024/62 4025/63 4023/61
f 4025/63 4026/64 4023/61
f 4026/64 4027/65 4023/61
f 4027/65 4021/59 4023/61
f 4027/65 4026/64 4021/59
f 4026/64 4025/63 4021/59
f 4025/63 4024/62 4021/59
f 4024/62 4022/60 4021/59
f 4028/59 4029/60 4030/61
f 4029/60 4031/62 4030/61
f 4031/62 4032/63 4030/61
f 4032/63 4033/64 4030/61
f 4033/64 4034/65 4030/61
f 4034/65 4028/59 4030/61
f 4034/65 4033/64 4028/59
f 4033/64 4032/63 4028/59
f 4032/63 4031/62 4028/59
f 4031/62 4029/60 4028/59
f 4035/59 4036/60 4037/61
f 4036/60 4038/62 4037/61
f 4038/62 4039/63 4037/61
f 4039/63 4040/64 4037/61
f 4040/64 4041/65 4037/61
f 4041/65 4035/59 4037/61
f 4041/65 4040/64 4035/59
f 4040/64 4039/63 4035/59
f 4039/63 4038/62 4035/59
f 4038/62 4036/60 4035/59
f 4042/59 4043/60 4044/61
f 4043/60 4045/62 4044/61
f 4045/62 4046/63 4044/61
f 4046/63 4047/64 4044/61
f 4047/64 4048/65 4044/61
f 4048/65 4042/59 4044/61
f 4048/65 4047/64 4042/59
f 4047/64 4046/63 4042/59
f 4046/63 4045/62 4042/59
f 4045/62 4043/60 4042/59
f 4049/59 4050/60 4051/61
f 4050/60 4052/62 4051/61
f 4052/62 4053/63 4051/61
f 4053/63 4054/64 4051/61
f 4054/64 4055/65 4051/61
f 4055/65 4049/59 4051/61
f 4055/65 4054/64 4049/59
f 4054/64 4053/63 4049/59
f 4053/63 4052/62 4049/59
f 4052/62 4050/60 4049/59
f 4056/73 4057/74 4058/75
f 4057/74 4059/76 4058/75
f 4059/76 4060/77 4058/75
f 4060/77 4061/78 4058/75
f 4061/78 4062/79 4058/75
f 4062/79 4056/73 4058/75
f 4062/79 4061/78 4056/73
f 4061/78 4060/77 4056/73
f 4060/77 4059/76 4056/73
f 4059/76 4057/74 4056/73
f 4063/87 4064/87 4065/87
f 4066/87 4065/87 4064/87
f 4067/87 4063/87 4065/87
f 4068/87 4067/87 4065/87
f 4066/87 4068/87 4065/87
f 4069/87 4066/87 4064/87
f 4070/87 4064/87 4063/87
f 4071/87 4063/87 4067/87
f 4072/87 4067/87 4068/87
f 4073/87 4068/87 4066/87
f 4070/87 4069/87 4064/87
f 4071/87 4070/87 4063/87
f 4072/87 4071/87 4067/87
f 4073/87 4072/87 4068/87
f 4069/87 4073/87 4066/87
f 4074/87 4069/87 4070/87
f 4074/87 4070/87 4071/87
f 4074/87 4071/87 4072/87
f 4074/87 4072/87 4073/87
f 4074/87 4073/87 4069/87
f 4075/59 4076/60 4077/61
f 4076/60 4078/62 4077/61
f 4078/62 4079/63 4077/61
f 4079/63 4080/64 4077/61
f 4080/64 4081/65 4077/61
f 4081/65 4075/59 4077/61
f 4081/65 4080/64 4075/59
f 4080/64 4079/63 4075/59
f 4079/63 4078/62 4075/59
f 4078/62 4076/60 4075/59
f 4082/66 4083/67 4084/68
f 4083/67 4085/69 4084/68
f 4085/69 4086/70 4084/68
f 4086/70 4087/71 4084/68
f 4087/71 4088/72 4084/68
f 4088/72 4082/66 4084/68
f 4088/72 4087/71 4082/66
f 4087/71 4086/70 4082/66
f 4086/70 4085/69 4082/66
f 4085/69 4083/67 4082/66
f 4089/73 4090/74 4091/75
f 4090/74 4092/76 4091/75
f 4092/76 4093/77 4091/75
f 4093/77 4094/78 4091/75
f 4094/78 4095/79 4091/75
f 4095/79 4089/73 4091/75
f 4095/79 4094/78 4089/73
f 4094/78 4093/77 4089/73
f 4093/77 4092/76 4089/73
f 4092/76 4090/74 4089/73
f 4096/73 4097/74 4098/75
f 4097/74 4099/76 4098/75
f 4099/76 4100/77 4098/75
f 4100/77 4101/78 4098/75
f 4101/78 4102/79 4098/75
f 4102/79 4096/73 4098/75
f 4102/79 4101/78 4096/73
f 4101/78 4100/77 4096/73
f 4100/77 4099/76 4096/73
f 4099/76 4097/74 4096/73
f 4103/66 4104/67 4105/68
f 4104/67 4106/69 4105/68
f 4106/69 4107/70 4105/68
f 4107/70 4108/71 4105/68
f 4108/71 4109/72 4105/68
f 4109/72 4103/66 4105/68
f 4109/72 4108/71 4103/66
f 4108/71 4107/70 4103/66
f 4107/70 4106/69 4103/66
f 4106/69 4104/67 4103/66
f 4110/59 4111/60 4112/61
f 4111/60 4113/62 4112/61
f 4113/62 4114/63 4112/61
f 4114/63 4115/64 4112/61
f 4115/64 4116/65 4112/61
f 4116/65 4110/59 4112/61
f 4116/65 4115/64 4110/59
f 4115/64 4114/63 4110/59
f 4114/63 4113/62 4110/59
f 4113/62 4111/60 4110/59
f 4117/59 4118/60 4119/61
f 4118/60 4120/62 4119/61
f 4120/62 4121/63 4119/61
f 4121/63 4122/64 4119/61
f 4122/64 4123/65 4119/61
f 4123/65 4117/59 4119/61
f 4123/65 4122/64 4117/59
f 4122/64 4121/63 4117/59
f 4121/63 4120/62 4117/59
f 4120/62 4118/60 4117/59
f 4124/73 4125/74 4126/75
f 4125/74 4127/76 4126/75
f 4127/76 4128/77 4126/75
f 4128/77 4129/78 4126/75
f 4129/78 4130/79 4126/75
f 4130/79 4124/73 4126/75
f 4130/79 4129/78 4124/73
f 4129/78 4128/77 4124/73
f 4128/77 4127/76 4124/73
f 4127/76 4125/74 4124/73
f 4131/59 4132/60 4133/61
f 4132/60 4134/62 4133/61
f 4134/62 4135/63 4133/61
f 4135/63 4136/64 4133/61
f 4136/64 4137/65 4133/61
f 4137/65 4131/59 4133/61
f 4137/65 4136/64 4131/59
f 4136/64 4135/63 4131/59
f 4135/63 4134/62 4131/59
f 4134/62 4132/60 4131/59
f 4138/80 4139/81 4140/82
f 4139/81 4141/83 4140/82
f 4141/83 4142/84 4140/82
f 4142/84 4143/85 4140/82
f 4143/85 4144/86 4140/82
f 4144/86 4138/80 4140/82
f 4144/86 4143/85 4138/80
f 4143/85 4142/84 4138/80
f 4142/84 4141/83 4138/80
f 4141/83 4139/81 4138/80
f 4145/59 4146/60 4147/61
f 4146/60 4148/62 4147/61
f 4148/62 4149/63 4147/61
f 4149/63 4150/64 4147/61
f 4150/64 4151/65 4147/61
f 4151/65 4145/59 4147/61
f 4151/65 4150/64 4145/59
f 4150/64 4149/63 4145/59
f 4149/63 4148/62 4145/59
f 4148/62 4146/60 4145/59
f 4152/59 4153/60 4154/61
f 4153/60 4155/62 4154/61
f 4155/62 4156/63 4154/61
f 4156/63 4157/64 4154/61
f 4157/64 4158/65 4154/61
f 4158/65 4152/59 4154/61
f 4158/65 4157/64 4152/59
f 4157/64 4156/63 4152/59
f 4156/63 4155/62 4152/59
f 4155/62 4153/60 4152/59
f 4159/59 4160/60 4161/61
f 4160/60 4162/62 4161/61
f 4162/62 4163/63 4161/61
f 4163/63 4164/64 4161/61
f 4164/64 4165/65 4161/61
f 4165/65 4159/59 4161/61
f 4165/65 4164/64 4159/59
f 4164/64 4163/63 4159/59
f 4163/63 4162/62 4159/59
f 4162/62 4160/60 4159/59
f 4166/59 4167/60 4168/61
f 4167/60 4169/62 4168/61
f 4169/62 4170/63 4168/61
f 4170/63 4171/64 4168/61
f 4171/64 4172/65 4168/61
f 4172/65 4166/59 4168/61
f 4172/65 4171/64 4166/59
f 4171/64 4170/63 4166/59
f 4170/63 4169/62 4166/59
f 4169/62 4167/60 4166/59
f 4173/59 4174/60 4175/61
f 4174/60 4176/62 4175/61
f 4176/62 4177/63 4175/61
f 4177/63 4178/64 4175/61
f 4178/64 4179/65 4175/61
f 4179/65 4173/59 4175/61
f 4179/65 4178/64 4173/59
f 4178/64 4177/63 4173/59
f 4177/63 4176/62 4173/59
f 4176/62 4174/60 4173/59
f 4180/59 4181/60 4182/61
f 4181/60 4183/62 4182/61
f 4183/62 4184/63 4182/61
f 4184/63 4185/64 4182/61
f 4185/64 4186/65 4182/61
f 4186/65 4180/59 4182/61
f 4186/65 4185/64 4180/59
f 4185/64 4184/63 4180/59
f 4184/63 4183/62 4180/59
f 4183/62 4181/60 4180/59
f 4187/80 4188/81 4189/82
f 4188/81 4190/83 4189/82
f 4190/83 4191/84 4189/82
f 4191/84 4192/85 4189/82
f 4192/85 4193/86 4189/82
f 4193/86 4187/80 4189/82
f 4193/86 4192/85 4187/80
f 4192/85 4191/84 4187/80
f 4191/84 4190/83 4187/80
f 4190/83 4188/81 4187/80
f 4194/66 4195/67 4196/68
f 4195/67 4197/69 4196/68
f 4197/69 4198/70 4196/68
f 4198/70 4199/71 4196/68
f 4199/71 4200/72 4196/68
f 4200/72 4194/66 4196/68
f 4200/72 4199/71 4194/66
f 4199/71 4198/70 4194/66
f 4198/70 4197/69 4194/66
f 4197/69 4195/67 4194/66
f 4201/80 4202/81 4203/82
f 4202/81 4204/83 4203/82
f 4204/83 4205/84 4203/82
f 4205/84 4206/85 4203/82
f 4206/85 4207/86 4203/82
f 4207/86 4201/80 4203/82
f 4207/86 4206/85 4201/80
f 4206/85 4205/84 4201/80
f 4205/84 4204/83 4201/80
f 4204/83 4202/81 4201/80
f 4208/73 4209/74 4210/75
f 4209/74 4211/76 4210/75
f 4211/76 4212/77 4210/75
f 4212/77 4213/78 4210/75
f 4213/78 4214/79 4210/75
f 4214/79 4208/73 4210/75
f 4214/79 4213/78 4208/73
f 4213/78 4212/77 4208/73
f 4212/77 4211/76 4208/73
f 4211/76 4209/74 4208/73
f 4215/73 4216/74 4217/75
f 4216/74 4218/76 4217/75
f 4218/76 4219/77 4217/75
f 4219/77 4220/78 4217/75
f 4220/78 4221/79 4217/75
f 4221/79 4215/73 4217/75
f 4221/79 4220/78 4215/73
f 4220/78 4219/77 4215/73
f 4219/77 4218/76 4215/73
f 4218/76 4216/74 4215/73
f 4222/66 4223/67 4224/68
f 4223/67 4225/69 4224/68
f 4225/69 4226/70 4224/68
f 4226/70 4227/71 4224/68
f 4227/71 4228/72 4224/68
f 4228/72 4222/66 4224/68
f 4228/72 4227/71 4222/66
f 4227/71 4226/70 4222/66
f 4226/70 4225/69 4222/66
f 4225/69 4223/67 4222/66
f 4229/73 4230/74 4231/75
f 4230/74 4232/76 4231/75
f 4232/76 4233/77 4231/75
f 4233/77 4234/78 4231/75
f 4234/78 4235/79 4231/75
f 4235/79 4229/73 4231/75
f 4235/79 4234/78 4229/73
f 4234/78 4233/77 4229/73
f 4233/77 4232/76 4229/73
f 4232/76 4230/74 4229/73
f 4236/59 4237/60 4238/61
f 4237/60 4239/62 4238/61
f 4239/62 4240/63 4238/61
f 4240/63 4241/64 4238/61
f 4241/64 4242/65 4238/61
f 4242/65 4236/59 4238/61
f 4242/65 4241/64 4236/59
f 4241/64 4240/63 4236/59
f 4240/63 4239/62 4236/59
f 4239/62 4237/60 4236/59
f 4243/59 4244/60 4245/61
f 4244/60 4246/62 4245/61
f 4246/62 4247/63 4245/61
f 4247/63 4248/64 4245/61
f 4248/64 4249/65 4245/61
f 4249/65 4243/59 4245/61
f 4249/65 4248/64 4243/59
f 4248/64 4247/63 4243/59
f 4247/63 4246/62 4243/59
f 4246/62 4244/60 4243/59
f 4250/59 4251/60 4252/61
f 4251/60 4253/62 4252/61
f 4253/62 4254/63 4252/61
f 4254/63 4255/64 4252/61
f 4255/64 4256/65 4252/61
f 4256/65 4250/59 4252/61
f 4256/65 4255/64 4250/59
f 4255/64 4254/63 4250/59
f 4254/63 4253/62 4250/59
f 4253/62 4251/60 4250/59
f 4257/87 4258/87 4259/87
f 4260/87 4259/87 4258/87
f 4261/87 4257/87 4259/87
f 4262/87 4261/87 4259/87
f 4260/87 4262/87 4259/87
f 4263/87 4260/87 4258/87
f 4264/87 4258/87 4257/87
f 4265/87 4257/87 4261/87
f 4266/87 4261/87 4262/87
f 4267/87 4262/87 4260/87
f 4264/87 4263/87 4258/87
f 4265/87 4264/87 4257/87
f 4266/87 4265/87 4261/87
f 4267/87 4266/87 4262/87
f 4263/87 4267/87 4260/87
f 4268/87 4263/87 4264/87
f 4268/87 4264/87 4265/87
f 4268/87 4265/87 4266/87
f 4268/87 4266/87 4267/87
f 4268/87 4267/87 4263/87
f 4269/95 4270/96 4271/97
f 4270/96 4272/98 4271/97
f 4272/98 4273/99 4271/97
f 4273/99 4274/100 4271/97
f 4274/100 4275/101 4271/97
f 4275/101 4269/95 4271/97
f 4275/101 4274/100 4269/95
f 4274/100 4273/99 4269/95
f 4273/99 4272/98 4269/95
f 4272/98 4270/96 4269/95
f 4276/95 4277/96 4278/97
f 4277/96 4279/98 4278/97
f 4279/98 4280/99 4278/97
f 4280/99 4281/100 4278/97
f 4281/100 4282/101 4278/97
f 4282/101 4276/95 4278/97
f 4282/101 4281/100 4276/95
f 4281/100 4280/99 4276/95
f 4280/99 4279/98 4276/95
f 4279/98 4277/96 4276/95
f 4283/109 4284/110 4285/111
f 4284/110 4286/112 4285/111
f 4286/112 4287/113 4285/111
f 4287/113 4288/114 4285/111
f 4288/114 4289/115 4285/111
f 4289/115 4283/109 4285/111
f 4289/115 4288/114 4283/109
f 4288/114 4287/113 4283/109
f 4287/113 4286/112 4283/109
f 4286/112 4284/110 4283/109
f 4290/88 4291/89 4292/90
f 4291/89 4293/91 4292/90
f 4293/91 4294/92 4292/90
f 4294/92 4295/93 4292/90
f 4295/93 4296/94 4292/90
f 4296/94 4290/88 4292/90
f 4296/94 4295/93 4290/88
f 4295/93 4294/92 4290/88
f 4294/92 4293/91 4290/88
f 4293/91 4291/89 4290/88
f 4297/102 4298/103 4299/104
f 4298/103 4300/105 4299/104
f 4300/105 4301/106 4299/104
f 4301/106 4302/107 4299/104
f 4302/107 4303/108 4299/104
f 4303/108 4297/102 4299/104
f 4303/108 4302/107 4297/102
f 4302/107 4301/106 4297/102
f 4301/106 4300/105 4297/102
f 4300/105 4298/103 4297/102
f 4304/95 4305/96 4306/97
f 4305/96 4307/98 4306/97
f 4307/98 4308/99 4306/97
f 4308/99 4309/100 4306/97
f 4309/100 4310/101 4306/97
f 4310/101 4304/95 4306/97
f 4310/101 4309/100 4304/95
f 4309/100 4308/99 4304/95
f 4308/99 4307/98 4304/95
f 4307/98 4305/96 4304/95
f 4311/102 4312/103 4313/104
f 4312/103 4314/105 4313/104
f 4314/105 4315/106 4313/104
f 4315/106 4316/107 4313/104
f 4316/107 4317/108 4313/104
f 4317/108 4311/102 4313/104
f 4317/108 4316/107 4311/102
f 4316/107 4315/106 4311/102
f 4315/106 4314/105 4311/102
f 4314/105 4312/103 4311/102
f 4318/102 4319/103 4320/104
f 4319/103 4321/105 4320/104
f 4321/105 4322/106 4320/104
f 4322/106 4323/107 4320/104
f 4323/107 4324/108 4320/104
f 4324/108 4318/102 4320/104
f 4324/108 4323/107 4318/102
f 4323/107 4322/106 4318/102
f 4322/106 4321/105 4318/102
f 4321/105 4319/103 4318/102
f 4325/102 4326/103 4327/104
f 4326/103 4328/105 4327/104
f 4328/105 4329/106 4327/104
f 4329/106 4330/107 4327/104
f 4330/107 4331/108 4327/104
f 4331/108 4325/102 4327/104
f 4331/108 4330/107 4325/102
f 4330/107 4329/106 4325/102
f 4329/106 4328/105 4325/102
f 4328/105 4326/103 4325/102
f 4332/102 4333/103 4334/104
f 4333/103 4335/105 4334/104
f 4335/105 4336/106 4334/104
f 4336/106 4337/107 4334/104
f 4337/107 4338/108 4334/104
f 4338/108 4332/102 4334/104
f 4338/108 4337/107 4332/102
f 4337/107 4336/106 4332/102
f 4336/106 4335/105 4332/102
f 4335/105 4333/103 4332/102
f 4339/102 4340/103 4341/104
f 4340/103 4342/105 4341/104
f 4342/105 4343/106 4341/104
f 4343/106 4344/107 4341/104
f 4344/107 4345/108 4341/104
f 4345/108 4339/102 4341/104
f 4345/108 4344/107 4339/102
f 4344/107 4343/106 4339/102
f 4343/106 4342/105 4339/102
f 4342/105 4340/103 4339/102
f 4346/102 4347/103 4348/104
f 4347/103 4349/105 4348/104
f 4349/105 4350/106 4348/104
f 4350/106 4351/107 4348/104
f 4351/107 4352/108 4348/104
f 4352/108 4346/102 4348/104
f 4352/108 4351/107 4346/102
f 4351/107 4350/106 4346/102
f 4350/106 4349/105 4346/102
f 4349/105 4347/103 4346/102
f 4353/95 4354/96 4355/97
f 4354/96 4356/98 4355/97
f 4356/98 4357/99 4355/97
f 4357/99 4358/100 4355/97
f 4358/100 4359/101 4355/97
f 4359/101 4353/95 4355/97
f 4359/101 4358/100 4353/95
f 4358/100 4357/99 4353/95
f 4357/99 4356/98 4353/95
f 4356/98 4354/96 4353/95
f 4360/102 4361/103 4362/104
f 4361/103 4363/105 4362/104
f 4363/105 4364/106 4362/104
f 4364/106 4365/107 4362/104
f 4365/107 4366/108 4362/104
f 4366/108 4360/102 4362/104
f 4366/108 4365/107 4360/102
f 4365/107 4364/106 4360/102
f 4364/106 4363/105 4360/102
f 4363/105 4361/103 4360/102
f 4367/102 4368/103 4369/104
f 4368/103 4370/105 4369/104
f 4370/105 4371/106 4369/104
f 4371/106 4372/107 4369/104
f 4372/107 4373/108 4369/104
f 4373/108 4367/102 4369/104
f 4373/108 4372/107 4367/102
f 4372/107 4371/106 4367/102
f 4371/106 4370/105 4367/102
f 4370/105 4368/103 4367/102
f 4374/88 4375/89 4376/90
f 4375/89 4377/91 4376/90
f 4377/91 4378/92 4376/90
f 4378/92 4379/93 4376/90
f 4379/93 4380/94 4376/90
f 4380/94 4374/88 4376/90
f 4380/94 4379/93 4374/88
f 4379/93 4378/92 4374/88
f 4378/92 4377/91 4374/88
f 4377/91 4375/89 4374/88
f 4381/102 4382/103 4383/104
f 4382/103 4384/105 4383/104
f 4384/105 4385/106 4383/104
f 4385/106 4386/107 4383/104
f 4386/107 4387/108 4383/104
f 4387/108 4381/102 4383/104
f 4387/108 4386/107 4381/102
f 4386/107 4385/106 4381/102
f 4385/106 4384/105 4381/102
f 4384/105 4382/103 4381/102
f 4388/102 4389/103 4390/104
f 4389/103 4391/105 4390/104
f 4391/105 4392/106 4390/104
f 4392/106 4393/107 4390/104
f 4393/107 4394/108 4390/104
f 4394/108 4388/102 4390/104
f 4394/108 4393/107 4388/102
f 4393/107 4392/106 4388/102
f 4392/106 4391/105 4388/102
f 4391/105 4389/103 4388/102
f 4395/102 4396/103 4397/104
f 4396/103 4398/105 4397/104
f 4398/105 4399/106 4397/104
f 4399/106 4400/107 4397/104
f 4400/107 4401/108 4397/104
f 4401/108 4395/102 4397/104
f 4401/108 4400/107 4395/102
f 4400/107 4399/106 4395/102
f 4399/106 4398/105 4395/102
f 4398/105 4396/103 4395/102
f 4402/95 4403/96 4404/97
f 4403/96 4405/98 4404/97
f 4405/98 4406/99 4404/97
f 4406/99 4407/100 4404/97
f 4407/100 4408/101 4404/97
f 4408/101 4402/95 4404/97
f 4408/101 4407/100 4402/95
f 4407/100 4406/99 4402/95
f 4406/99 4405/98 4402/95
f 4405/98 4403/96 4402/95
f 4409/95 4410/96 4411/97
f 4410/96 4412/98 4411/97
f 4412/98 4413/99 4411/97
f 4413/99 4414/100 4411/97
f 4414/100 4415/101 4411/97
f 4415/101 4409/95 4411/97
f 4415/101 4414/100 4409/95
f 4414/100 4413/99 4409/95
f 4413/99 4412/98 4409/95
f 4412/98 4410/96 4409/95
f 4416/95 4417/96 4418/97
f 4417/96 4419/98 4418/97
f 4419/98 4420/99 4418/97
f 4420/99 4421/100 4418/97
f 4421/100 4422/101 4418/97
f 4422/101 4416/95 4418/97
f 4422/101 4421/100 4416/95
f 4421/100 4420/99 4416/95
f 4420/99 4419/98 4416/95
f 4419/98 4417/96 4416/95
f 4423/95 4424/96 4425/97
f 4424/96 4426/98 4425/97
f 4426/98 4427/99 4425/97
f 4427/99 4428/100 4425/97
f 4428/100 4429/101 4425/97
f 4429/101 4423/95 4425/97
f 4429/101 4428/100 4423/95
f 4428/100 4427/99 4423/95
f 4427/99 4426/98 4423/95
f 4426/98 4424/96 4423/95
f 4430/95 4431/96 4432/97
f 4431/96 4433/98 4432/97
f 4433/98 4434/99 4432/97
f 4434/99 4435/100 4432/97
f 4435/100 4436/101 4432/97
f 4436/101 4430/95 4432/97
f 4436/101 4435/100 4430/95
f 4435/100 4434/99 4430/95
f 4434/99 4433/98 4430/95
f 4433/98 4431/96 4430/95
f 4437/102 4438/103 4439/104
f 4438/103 4440/105 4439/104
f 4440/105 4441/106 4439/104
f 4441/106 4442/107 4439/104
f 4442/107 4443/108 4439/104
f 4443/108 4437/102 4439/104
f 4443/108 4442/107 4437/102
f 4442/107 4441/106 4437/102
f 4441/106 4440/105 4437/102
f 4440/105 4438/103 4437/102
f 4444/88 4445/89 4446/90
f 4445/89 4447/91 4446/90
f 4447/91 4448/92 4446/90
f 4448/92 4449/93 4446/90
f 4449/93 4450/94 4446/90
f 4450/94 4444/88 4446/90
f 4450/94 4449/93 4444/88
f 4449/93 4448/92 4444/88
f 4448/92 4447/91 4444/88
f 4447/91 4445/89 4444/88
f 4451/116 4452/116 4453/116
f 4454/116 4453/116 4452/116
f 4455/116 4451/116 4453/116
f 4456/116 4455/116 4453/116
f 4454/116 4456/116 4453/116
f 4457/116 4454/116 4452/116
f 4458/116 4452/116 4451/116
f 4459/116 4451/116 4455/116
f 4460/116 4455/116 4456/116
f 4461/116 4456/116 4454/116
f 4458/116 4457/116 4452/116
f 4459/116 4458/116 4451/116
f 4460/116 4459/116 4455/116
f 4461/116 4460/116 4456/116
f 4457/116 4461/116 4454/116
f 4462/116 4457/116 4458/116
f 4462/116 4458/116 4459/116
f 4462/116 4459/116 4460/116
f 4462/116 4460/116 4461/116
f 4462/116 4461/116 4457/116
f 4463/8 4464/9 4465/10
f 4464/9 4466/11 4465/10
f 4466/11 4467/12 4465/10
f 4467/12 4468/13 4465/10
f 4468/13 4469/14 4465/10
f 4469/14 4463/8 4465/10
f 4469/14 4468/13 4463/8
f 4468/13 4467/12 4463/8
f 4467/12 4466/11 4463/8
f 4466/11 4464/9 4463/8
f 4470/8 4471/9 4472/10
f 4471/9 4473/11 4472/10
f 4473/11 4474/12 4472/10
f 4474/12 4475/13 4472/10
f 4475/13 4476/14 4472/10
f 4476/14 4470/8 4472/10
f 4476/14 4475/13 4470/8
f 4475/13 4474/12 4470/8
f 4474/12 4473/11 4470/8
f 4473/11 4471/9 4470/8
f 4477/1 4478/2 4479/3
f 4478/2 4480/4 4479/3
f 4480/4 4481/5 4479/3
f 4481/5 4482/6 4479/3
f 4482/6 4483/7 4479/3
f 4483/7 4477/1 4479/3
f 4483/7 4482/6 4477/1
f 4482/6 4481/5 4477/1
f 4481/5 4480/4 4477/1
f 4480/4 4478/2 4477/1
f 4484/15 4485/16 4486/17
f 4485/16 4487/18 4486/17
f 4487/18 4488/19 4486/17
f 4488/19 4489/20 4486/17
f 4489/20 4490/21 4486/17
f 4490/21 4484/15 4486/17
f 4490/21 4489/20 4484/15
f 4489/20 4488/19 4484/15
f 4488/19 4487/18 4484/15
f 4487/18 4485/16 4484/15
f 4491/15 4492/16 4493/17
f 4492/16 4494/18 4493/17
f 4494/18 4495/19 4493/17
f 4495/19 4496/20 4493/17
f 4496/20 4497/21 4493/17
f 4497/21 4491/15 4493/17
f 4497/21 4496/20 4491/15
f 4496/20 4495/19 4491/15
f 4495/19 4494/18 4491/15
f 4494/18 4492/16 4491/15
f 4498/15 4499/16 4500/17
f 4499/16 4501/18 4500/17
f 4501/18 4502/19 4500/17
f 4502/19 4503/20 4500/17
f 4503/20 4504/21 4500/17
f 4504/21 4498/15 4500/17
f 4504/21 4503/20 4498/15
f 4503/20 4502/19 4498/15
f 4502/19 4501/18 4498/15
f 4501/18 4499/16 4498/15
f 4505/1 4506/2 4507/3
f 4506/2 4508/4 4507/3
f 4508/4 4509/5 4507/3
f 4509/5 4510/6 4507/3
f 4510/6 4511/7 4507/3
f 4511/7 4505/1 4507/3
f 4511/7 4510/6 4505/1
f 4510/6 4509/5 4505/1
f 4509/5 4508/4 4505/1
f 4508/4 4506/2 4505/1
f 4512/1 4513/2 4514/3
f 4513/2 4515/4 4514/3
f 4515/4 4516/5 4514/3
f 4516/5 4517/6 4514/3
f 4517/6 4518/7 4514/3
f 4518/7 4512/1 4514/3
f 4518/7 4517/6 4512/1
f 4517/6 4516/5 4512/1
f 4516/5 4515/4 4512/1
f 4515/4 4513/2 4512/1
f 4519/15 4520/16 4521/17
f 4520/16 4522/18 4521/17
f 4522/18 4523/19 4521/17
f 4523/19 4524/20 4521/17
f 4524/20 4525/21 4521/17
f 4525/21 4519/15 4521/17
f 4525/21 4524/20 4519/15
f 4524/20 4523/19 4519/15
f 4523/19 4522/18 4519/15
f 4522/18 4520/16 4519/15
f 4526/15 4527/16 4528/17
f 4527/16 4529/18 4528/17
f 4529/18 4530/19 4528/17
f 4530/19 4531/20 4528/17
f 4531/20 4532/21 4528/17
f 4532/21 4526/15 4528/17
f 4532/21 4531/20 4526/15
f 4531/20 4530/19 4526/15
f 4530/19 4529/18 4526/15
f 4529/18 4527/16 4526/15
f 4533/1 4534/2 4535/3
f 4534/2 4536/4 4535/3
f 4536/4 4537/5 4535/3
f 4537/5 4538/6 4535/3
f 4538/6 4539/7 4535/3
f 4539/7 4533/1 4535/3
f 4539/7 4538/6 4533/1
f 4538/6 4537/5 4533/1
f 4537/5 4536/4 4533/1
f 4536/4 4534/2 4533/1
f 4540/15 4541/16 4542/17
f 4541/16 4543/18 4542/17
f 4543/18 4544/19 4542/17
f 4544/19 4545/20 4542/17
f 4545/20 4546/21 4542/17
f 4546/21 4540/15 4542/17
f 4546/21 4545/20 4540/15
f 4545/20 4544/19 4540/15
f 4544/19 4543/18 4540/15
f 4543/18 4541/16 4540/15
f 4547/15 4548/16 4549/17
f 4548/16 4550/18 4549/17
f 4550/18 4551/19 4549/17
f 4551/19 4552/20 4549/17
f 4552/20 4553/21 4549/17
f 4553/21 4547/15 4549/17
f 4553/21 4552/20 4547/15
f 4552/20 4551/19 4547/15
f 4551/19 4550/18 4547/15
f 4550/18 4548/16 4547/15
f 4554/15 4555/16 4556/17
f 4555/16 4557/18 4556/17
f 4557/18 4558/19 4556/17
f 4558/19 4559/20 4556/17
f 4559/20 4560/21 4556/17
f 4560/21 4554/15 4556/17
f 4560/21 4559/20 4554/15
f 4559/20 4558/19 4554/15
f 4558/19 4557/18 4554/15
f 4557/18 4555/16 4554/15
f 4561/15 4562/16 4563/17
f 4562/16 4564/18 4563/17
f 4564/18 4565/19 4563/17
f 4565/19 4566/20 4563/17
f 4566/20 4567/21 4563/17
f 4567/21 4561/15 4563/17
f 4567/21 4566/20 4561/15
f 4566/20 4565/19 4561/15
f 4565/19 4564/18 4561/15
f 4564/18 4562/16 4561/15
f 4568/1 4569/2 4570/3
f 4569/2 4571/4 4570/3
f 4571/4 4572/5 4570/3
f 4572/5 4573/6 4570/3
f 4573/6 4574/7 4570/3
f 4574/7 4568/1 4570/3
f 4574/7 4573/6 4568/1
f 4573/6 4572/5 4568/1
f 4572/5 4571/4 4568/1
f 4571/4 4569/2 4568/1
f 4575/15 4576/16 4577/17
f 4576/16 4578/18 4577/17
f 4578/18 4579/19 4577/17
f 4579/19 4580/20 4577/17
f 4580/20 4581/21 4577/17
f 4581/21 4575/15 4577/17
f 4581/21 4580/20 4575/15
f 4580/20 4579/19 4575/15
f 4579/19 4578/18 4575/15
f 4578/18 4576/16 4575/15
f 4582/15 4583/16 4584/17
f 4583/16 4585/18 4584/17
f 4585/18 4586/19 4584/17
f 4586/19 4587/20 4584/17
f 4587/20 4588/21 4584/17
f 4588/21 4582/15 4584/17
f 4588/21 4587/20 4582/15
f 4587/20 4586/19 4582/15
f 4586/19 4585/18 4582/15
f 4585/18 4583/16 4582/15
f 4589/15 4590/16 4591/17
f 4590/16 4592/18 4591/17
f 4592/18 4593/19 4591/17
f 4593/19 4594/20 4591/17
f 4594/20 4595/21 4591/17
f 4595/21 4589/15 4591/17
f 4595/21 4594/20 4589/15
f 4594/20 4593/19 4589/15
f 4593/19 4592/18 4589/15
f 4592/18 4590/16 4589/15
f 4596/8 4597/9 4598/10
f 4597/9 4599/11 4598/10
f 4599/11 4600/12 4598/10
f 4600/12 4601/13 4598/10
f 4601/13 4602/14 4598/10
f 4602/14 4596/8 4598/10
f 4602/14 4601/13 4596/8
f 4601/13 4600/12 4596/8
f 4600/12 4599/11 4596/8
f 4599/11 4597/9 4596/8
f 4603/15 4604/16 4605/17
f 4604/16 4606/18 4605/17
f 4606/18 4607/19 4605/17
f 4607/19 4608/20 4605/17
f 4608/20 4609/21 4605/17
f 4609/21 4603/15 4605/17
f 4609/21 4608/20 4603/15
f 4608/20 4607/19 4603/15
f 4607/19 4606/18 4603/15
f 4606/18 4604/16 4603/15
f 4610/1 4611/2 4612/3
f 4611/2 4613/4 4612/3
f 4613/4 4614/5 4612/3
f 4614/5 4615/6 4612/3
f 4615/6 4616/7 4612/3
f 4616/7 4610/1 4612/3
f 4616/7 4615/6 4610/1
f 4615/6 4614/5 4610/1
f 4614/5 4613/4 4610/1
f 4613/4 4611/2 4610/1
f 4617/8 4618/9 4619/10
f 4618/9 4620/11 4619/10
f 4620/11 4621/12 4619/10
f 4621/12 4622/13 4619/10
f 4622/13 4623/14 4619/10
f 4623/14 4617/8 4619/10
f 4623/14 4622/13 4617/8
f 4622/13 4621/12 4617/8
f 4621/12 4620/11 4617/8
f 4620/11 4618/9 4617/8
f 4624/1 4625/2 4626/3
f 4625/2 4627/4 4626/3
f 4627/4 4628/5 4626/3
f 4628/5 4629/6 4626/3
f 4629/6 4630/7 4626/3
f 4630/7 4624/1 4626/3
f 4630/7 4629/6 4624/1
f 4629/6 4628/5 4624/1
f 4628/5 4627/4 4624/1
f 4627/4 4625/2 4624/1
f 4631/15 4632/16 4633/17
f 4632/16 4634/18 4633/17
f 4634/18 4635/19 4633/17
f 4635/19 4636/20 4633/17
f 4636/20 4637/21 4633/17
f 4637/21 4631/15 4633/17
f 4637/21 4636/20 4631/15
f 4636/20 4635/19 4631/15
f 4635/19 4634/18 4631/15
f 4634/18 4632/16 4631/15
f 4638/8 4639/9 4640/10
f 4639/9 4641/11 4640/10
f 4641/11 4642/12 4640/10
f 4642/12 4643/13 4640/10
f 4643/13 4644/14 4640/10
f 4644/14 4638/8 4640/10
f 4644/14 4643/13 4638/8
f 4643/13 4642/12 4638/8
f 4642/12 4641/11 4638/8
f 4641/11 4639/9 4638/8
f 4645/29 4646/29 4647/29
f 4648/29 4647/29 4646/29
f 4649/29 4645/29 4647/29
f 4650/29 4649/29 4647/29
f 4648/29 4650/29 4647/29
f 4651/29 4648/29 4646/29
f 4652/29 4646/29 4645/29
f 4653/29 4645/29 4649/29
f 4654/29 4649/29 4650/29
f 4655/29 4650/29 4648/29
f 4652/29 4651/29 4646/29
f 4653/29 4652/29 4645/29
f 4654/29 4653/29 4649/29
f 4655/29 4654/29 4650/29
f 4651/29 4655/29 4648/29
f 4656/29 4651/29 4652/29
f 4656/29 4652/29 4653/29
f 4656/29 4653/29 4654/29
f 4656/29 4654/29 4655/29
f 4656/29 4655/29 4651/29
f 4657/131 4658/132 4659/133
f 4658/132 4660/134 4659/133
f 4660/134 4661/135 4659/133
f 4661/135 4662/136 4659/133
f 4662/136 4663/137 4659/133
f 4663/137 4657/131 4659/133
f 4663/137 4662/136 4657/131
f 4662/136 4661/135 4657/131
f 4661/135 4660/134 4657/131
f 4660/134 4658/132 4657/131
f 4664/117 4665/118 4666/119
f 4665/118 4667/120 4666/119
f 4667/120 4668/121 4666/119
f 4668/121 4669/122 4666/119
f 4669/122 4670/123 4666/119
f 4670/123 4664/117 4666/119
f 4670/123 4669/122 4664/117
f 4669/122 4668/121 4664/117
f 4668/121 4667/120 4664/117
f 4667/120 4665/118 4664/117
f 4671/124 4672/125 4673/126
f 4672/125 4674/127 4673/126
f 4674/127 4675/128 4673/126
f 4675/128 4676/129 4673/126
f 4676/129 4677/130 4673/126
f 4677/130 4671/124 4673/126
f 4677/130 4676/129 4671/124
f 4676/129 4675/128 4671/124
f 4675/128 4674/127 4671/124
f 4674/127 4672/125 4671/124
f 4678/117 4679/118 4680/119
f 4679/118 4681/120 4680/119
f 4681/120 4682/121 4680/119
f 4682/121 4683/122 4680/119
f 4683/122 4684/123 4680/119
f 4684/123 4678/117 4680/119
f 4684/123 4683/122 4678/117
f 4683/122 4682/121 4678/117
f 4682/121 4681/120 4678/117
f 4681/120 4679/118 4678/117
f 4685/117 4686/118 4687/119
f 4686/118 4688/120 4687/119
f 4688/120 4689/121 4687/119
f 4689/121 4690/122 4687/119
f 4690/122 4691/123 4687/119
f 4691/123 4685/117 4687/119
f 4691/123 4690/122 4685/117
f 4690/122 4689/121 4685/117
f 4689/121 4688/120 4685/117
f 4688/120 4686/118 4685/117
f 4692/117 4693/118 4694/119
f 4693/118 4695/120 4694/119
f 4695/120 4696/121 4694/119
f 4696/121 4697/122 4694/119
f 4697/122 4698/123 4694/119
f 4698/123 4692/117 4694/119
f 4698/123 4697/122 4692/117
f 4697/122 4696/121 4692/117
f 4696/121 4695/120 4692/117
f 4695/120 4693/118 4692/117
f 4699/117 4700/118 4701/119
f 4700/118 4702/120 4701/119
f 4702/120 4703/121 4701/119
f 4703/121 4704/122 4701/119
f 4704/122 4705/123 4701/119
f 4705/123 4699/117 4701/119
f 4705/123 4704/122 4699/117
f 4704/122 4703/121 4699/117
f 4703/121 4702/120 4699/117
f 4702/120 4700/118 4699/117
f 4706/117 4707/118 4708/119
f 4707/118 4709/120 4708/119
f 4709/120 4710/121 4708/119
f 4710/121 4711/122 4708/119
f 4711/122 4712/123 4708/119
f 4712/123 4706/117 4708/119
f 4712/123 4711/122 4706/117
f 4711/122 4710/121 4706/117
f 4710/121 4709/120 4706/117
f 4709/120 4707/118 4706/117
f 4713/124 4714/125 4715/126
f 4714/125 4716/127 4715/126
f 4716/127 4717/128 4715/126
f 4717/128 4718/129 4715/126
f 4718/129 4719/130 4715/126
f 4719/130 4713/124 4715/126
f 4719/130 4718/129 4713/124
f 4718/129 4717/128 4713/124
f 4717/128 4716/127 4713/124
f 4716/127 4714/125 4713/124
f 4720/124 4721/125 4722/126
f 4721/125 4723/127 4722/126
f 4723/127 4724/128 4722/126
f 4724/128 4725/129 4722/126
f 4725/129 4726/130 4722/126
f 4726/130 4720/124 4722/126
f 4726/130 4725/129 4720/124
f 4725/129 4724/128 4720/124
f 4724/128 4723/127 4720/124
f 4723/127 4721/125 4720/124
f 4727/124 4728/125 4729/126
f 4728/125 4730/127 4729/126
f 4730/127 4731/128 4729/126
f 4731/128 4732/129 4729/126
f 4732/129 4733/130 4729/126
f 4733/130 4727/124 4729/126
f 4733/130 4732/129 4727/124
f 4732/129 4731/128 4727/124
f 4731/128 4730/127 4727/124
f 4730/127 4728/125 4727/124
f 4734/117 4735/118 4736/119
f 4735/118 4737/120 4736/119
f 4737/120 4738/121 4736/119
f 4738/121 4739/122 4736/119
f 4739/122 4740/123 4736/119
f 4740/123 4734/117 4736/119
f 4740/123 4739/122 4734/117
f 4739/122 4738/121 4734/117
f 4738/121 4737/120 4734/117
f 4737/120 4735/118 4734/117
f 4741/117 4742/118 4743/119
f 4742/118 4744/120 4743/119
f 4744/120 4745/121 4743/119
f 4745/121 4746/122 4743/119
f 4746/122 4747/123 4743/119
f 4747/123 4741/117 4743/119
f 4747/123 4746/122 4741/117
f 4746/122 4745/121 4741/117
f 4745/121 4744/120 4741/117
f 4744/120 4742/118 4741/117
f 4748/138 4749/139 4750/140
f 4749/139 4751/141 4750/140
f 4751/141 4752/142 4750/140
f 4752/142 4753/143 4750/140
f 4753/143 4754/144 4750/140
f 4754/144 4748/138 4750/140
f 4754/144 4753/143 4748/138
f 4753/143 4752/142 4748/138
f 4752/142 4751/141 4748/138
f 4751/141 4749/139 4748/138
f 4755/117 4756/118 4757/119
f 4756/118 4758/120 4757/119
f 4758/120 4759/121 4757/119
f 4759/121 4760/122 4757/119
f 4760/122 4761/123 4757/119
f 4761/123 4755/117 4757/119
f 4761/123 4760/122 4755/117
f 4760/122 4759/121 4755/117
f 4759/121 4758/120 4755/117
f 4758/120 4756/118 4755/117
f 4762/138 4763/139 4764/140
f 4763/139 4765/141 4764/140
f 4765/141 4766/142 4764/140
f 4766/142 4767/143 4764/140
f 4767/143 4768/144 4764/140
f 4768/144 4762/138 4764/140
f 4768/144 4767/143 4762/138
f 4767/143 4766/142 4762/138
f 4766/142 4765/141 4762/138
f 4765/141 4763/139 4762/138
f 4769/124 4770/125 4771/126
f 4770/125 4772/127 4771/126
f 4772/127 4773/128 4771/126
f 4773/128 4774/129 4771/126
f 4774/129 4775/130 4771/126
f 4775/130 4769/124 4771/126
f 4775/130 4774/129 4769/124
f 4774/129 4773/128 4769/124
f 4773/128 4772/127 4769/124
f 4772/127 4770/125 4769/124
f 4776/124 4777/125 4778/126
f 4777/125 4779/127 4778/126
f 4779/127 4780/128 4778/126
f 4780/128 4781/129 4778/126
f 4781/129 4782/130 4778/126
f 4782/130 4776/124 4778/126
f 4782/130 4781/129 4776/124
f 4781/129 4780/128 4776/124
f 4780/128 4779/127 4776/124
f 4779/127 4777/125 4776/124
f 4783/124 4784/125 4785/126
f 4784/125 4786/127 4785/126
f 4786/127 4787/128 4785/126
f 4787/128 4788/129 4785/126
f 4788/129 4789/130 4785/126
f 4789/130 4783/124 4785/126
f 4789/130 4788/129 4783/124
f 4788/129 4787/128 4783/124
f 4787/128 4786/127 4783/124
f 4786/127 4784/125 4783/124
f 4790/124 4791/125 4792/126
f 4791/125 4793/127 4792/126
f 4793/127 4794/128 4792/126
f 4794/128 4795/129 4792/126
f 4795/129 4796/130 4792/126
f 4796/130 4790/124 4792/126
f 4796/130 4795/129 4790/124
f 4795/129 4794/128 4790/124
f 4794/128 4793/127 4790/124
f 4793/127 4791/125 4790/124
f 4797/117 4798/118 4799/119
f 4798/118 4800/120 4799/119
f 4800/120 4801/121 4799/119
f 4801/121 4802/122 4799/119
f 4802/122 4803/123 4799/119
f 4803/123 4797/117 4799/119
f 4803/123 4802/122 4797/117
f 4802/122 4801/121 4797/117
f 4801/121 4800/120 4797/117
f 4800/120 4798/118 4797/117
f 4804/138 4805/139 4806/140
f 4805/139 4807/141 4806/140
f 4807/141 4808/142 4806/140
f 4808/142 4809/143 4806/140
f 4809/143 4810/144 4806/140
f 4810/144 4804/138 4806/140
f 4810/144 4809/143 4804/138
f 4809/143 4808/142 4804/138
f 4808/142 4807/141 4804/138
f 4807/141 4805/139 4804/138
f 4811/138 4812/139 4813/140
f 4812/139 4814/141 4813/140
f 4814/141 4815/142 4813/140
f 4815/142 4816/143 4813/140
f 4816/143 4817/144 4813/140
f 4817/144 4811/138 4813/140
f 4817/144 4816/143 4811/138
f 4816/143 4815/142 4811/138
f 4815/142 4814/141 4811/138
f 4814/141 4812/139 4811/138
f 4818/117 4819/118 4820/119
f 4819/118 4821/120 4820/119
f 4821/120 4822/121 4820/119
f 4822/121 4823/122 4820/119
f 4823/122 4824/123 4820/119
f 4824/123 4818/117 4820/119
f 4824/123 4823/122 4818/117
f 4823/122 4822/121 4818/117
f 4822/121 4821/120 4818/117
f 4821/120 4819/118 4818/117
f 4825/138 4826/139 4827/140
f 4826/139 4828/141 4827/140
f 4828/141 4829/142 4827/140
f 4829/142 4830/143 4827/140
f 4830/143 4831/144 4827/140
f 4831/144 4825/138 4827/140
f 4831/144 4830/143 4825/138
f 4830/143 4829/142 4825/138
f 4829/142 4828/141 4825/138
f 4828/141 4826/139 4825/138
f 4832/131 4833/132 4834/133
f 4833/132 4835/134 4834/133
f 4835/134 4836/135 4834/133
f 4836/135 4837/136 4834/133
f 4837/136 4838/137 4834/133
f 4838/137 4832/131 4834/133
f 4838/137 4837/136 4832/131
f 4837/136 4836/135 4832/131
f 4836/135 4835/134 4832/131
f 4835/134 4833/132 4832/131
f 4839/145 4840/145 4841/145
f 4842/145 4841/145 4840/145
f 4843/145 4839/145 4841/145
f 4844/145 4843/145 4841/145
f 4842/145 4844/145 4841/145
f 4845/145 4842/145 4840/145
f 4846/145 4840/145 4839/145
f 4847/145 4839/145 4843/145
f 4848/145 4843/145 4844/145
f 4849/145 4844/145 4842/145
f 4846/145 4845/145 4840/145
f 4847/145 4846/145 4839/145
f 4848/145 4847/145 4843/145
f 4849/145 4848/145 4844/145
f 4845/145 4849/145 4842/145
f 4850/145 4845/145 4846/145
f 4850/145 4846/145 4847/145
f 4850/145 4847/145 4848/145
f 4850/145 4848/145 4849/145
f 4850/145 4849/145 4845/145
f 4851/88 4852/89 4853/90
f 4852/89 4854/91 4853/90
f 4854/91 4855/92 4853/90
f 4855/92 4856/93 4853/90
f 4856/93 4857/94 4853/90
f 4857/94 4851/88 4853/90
f 4857/94 4856/93 4851/88
f 4856/93 4855/92 4851/88
f 4855/92 4854/91 4851/88
f 4854/91 4852/89 4851/88
f 4858/109 4859/110 4860/111
f 4859/110 4861/112 4860/111
f 4861/112 4862/113 4860/111
f 4862/113 4863/114 4860/111
f 4863/114 4864/115 4860/111
f 4864/115 4858/109 4860/111
f 4864/115 4863/114 4858/109
f 4863/114 4862/113 4858/109
f 4862/113 4861/112 4858/109
f 4861/112 4859/110 4858/109
f 4865/102 4866/103 4867/104
f 4866/103 4868/105 4867/104
f 4868/105 4869/106 4867/104
f 4869/106 4870/107 4867/104
f 4870/107 4871/108 4867/104
f 4871/108 4865/102 4867/104
f 4871/108 4870/107 4865/102
f 4870/107 4869/106 4865/102
f 4869/106 4868/105 4865/102
f 4868/105 4866/103 4865/102
f 4872/95 4873/96 4874/97
f 4873/96 4875/98 4874/97
f 4875/98 4876/99 4874/97
f 4876/99 4877/100 4874/97
f 4877/100 4878/101 4874/97
f 4878/101 4872/95 4874/97
f 4878/101 4877/100 4872/95
f 4877/100 4876/99 4872/95
f 4876/99 4875/98 4872/95
f 4875/98 4873/96 4872/95
f 4879/102 4880/103 4881/104
f 4880/103 4882/105 4881/104
f 4882/105 4883/106 4881/104
f 4883/106 4884/107 4881/104
f 4884/107 4885/108 4881/104
f 4885/108 4879/102 4881/104
f 4885/108 4884/107 4879/102
f 4884/107 4883/106 4879/102
f 4883/106 4882/105 4879/102
f 4882/105 4880/103 4879/102
f 4886/95 4887/96 4888/97
f 4887/96 4889/98 4888/97
f 4889/98 4890/99 4888/97
f 4890/99 4891/100 4888/97
f 4891/100 4892/101 4888/97
f 4892/101 4886/95 4888/97
f 4892/101 4891/100 4886/95
f 4891/100 4890/99 4886/95
f 4890/99 4889/98 4886/95
f 4889/98 4887/96 4886/95
f 4893/95 4894/96 4895/97
f 4894/96 4896/98 4895/97
f 4896/98 4897/99 4895/97
f 4897/99 4898/100 4895/97
f 4898/100 4899/101 4895/97
f 4899/101 4893/95 4895/97
f 4899/101 4898/100 4893/95
f 4898/100 4897/99 4893/95
f 4897/99 4896/98 4893/95
f 4896/98 4894/96 4893/95
f 4900/102 4901/103 4902/104
f 4901/103 4903/105 4902/104
f 4903/105 4904/106 4902/104
f 4904/106 4905/107 4902/104
f 4905/107 4906/108 4902/104
f 4906/108 4900/102 4902/104
f 4906/108 4905/107 4900/102
f 4905/107 4904/106 4900/102
f 4904/106 4903/105 4900/102
f 4903/105 4901/103 4900/102
f 4907/102 4908/103 4909/104
f 4908/103 4910/105 4909/104
f 4910/105 4911/106 4909/104
f 4911/106 4912/107 4909/104
f 4912/107 4913/108 4909/104
f 4913/108 4907/102 4909/104
f 4913/108 4912/107 4907/102
f 4912/107 4911/106 4907/102
f 4911/106 4910/105 4907/102
f 4910/105 4908/103 4907/102
f 4914/102 4915/103 4916/104
f 4915/103 4917/105 4916/104
f 4917/105 4918/106 4916/104
f 4918/106 4919/107 4916/104
f 4919/107 4920/108 4916/104
f 4920/108 4914/102 4916/104
f 4920/108 4919/107 4914/102
f 4919/107 4918/106 4914/102
f 4918/106 4917/105 4914/102
f 4917/105 4915/103 4914/102
f 4921/102 4922/103 4923/104
f 4922/103 4924/105 4923/104
f 4924/105 4925/106 4923/104
f 4925/106 4926/107 4923/104
f 4926/107 4927/108 4923/104
f 4927/108 4921/102 4923/104
f 4927/108 4926/107 4921/102
f 4926/107 4925/106 4921/102
f 4925/106 4924/105 4921/102
f 4924/105 4922/103 4921/102
f 4928/88 4929/89 4930/90
f 4929/89 4931/91 4930/90
f 4931/91 4932/92 4930/90
f 4932/92 4933/93 4930/90
f 4933/93 4934/94 4930/90
f 4934/94 4928/88 4930/90
f 4934/94 4933/93 4928/88
f 4933/93 4932/92 4928/88
f 4932/92 4931/91 4928/88
f 4931/91 4929/89 4928/88
f 4935/95 4936/96 4937/97
f 4936/96 4938/98 4937/97
f 4938/98 4939/99 4937/97
f 4939/99 4940/100 4937/97
f 4940/100 4941/101 4937/97
f 4941/101 4935/95 4937/97
f 4941/101 4940/100 4935/95
f 4940/100 4939/99 4935/95
f 4939/99 4938/98 4935/95
f 4938/98 4936/96 4935/95
f 4942/95 4943/96 4944/97
f 4943/96 4945/98 4944/97
f 4945/98 4946/99 4944/97
f 4946/99 4947/100 4944/97
f 4947/100 4948/101 4944/97
f 4948/101 4942/95 4944/97
f 4948/101 4947/100 4942/95
f 4947/100 4946/99 4942/95
f 4946/99 4945/98 4942/95
f 4945/98 4943/96 4942/95
f 4949/88 4950/89 4951/90
f 4950/89 4952/91 4951/90
f 4952/91 4953/92 4951/90
f 4953/92 4954/93 4951/90
f 4954/93 4955/94 4951/90
f 4955/94 4949/88 4951/90
f 4955/94 4954/93 4949/88
f 4954/93 4953/92 4949/88
f 4953/92 4952/91 4949/88
f 4952/91 4950/89 4949/88
f 4956/95 4957/96 4958/97
f 4957/96 4959/98 4958/97
f 4959/98 4960/99 4958/97
f 4960/99 4961/100 4958/97
f 4961/100 4962/101 4958/97
f 4962/101 4956/95 4958/97
f 4962/101 4961/100 4956/95
f 4961/100 4960/99 4956/95
f 4960/99 4959/98 4956/95
f 4959/98 4957/96 4956/95
f 4963/102 4964/103 4965/104
f 4964/103 4966/105 4965/104
f 4966/105 4967/106 4965/104
f 4967/106 4968/107 4965/104
f 4968/107 4969/108 4965/104
f 4969/108 4963/102 4965/104
f 4969/108 4968/107 4963/102
f 4968/107 4967/106 4963/102
f 4967/106 4966/105 4963/102
f 4966/105 4964/103 4963/102
f 4970/102 4971/103 4972/104
f 4971/103 4973/105 4972/104
f 4973/105 4974/106 4972/104
f 4974/106 4975/107 4972/104
f 4975/107 4976/108 4972/104
f 4976/108 4970/102 4972/104
f 4976/108 4975/107 4970/102
f 4975/107 4974/106 4970/102
f 4974/106 4973/105 4970/102
f 4973/105 4971/103 4970/102
f 4977/95 4978/96 4979/97
f 4978/96 4980/98 4979/97
f 4980/98 4981/99 4979/97
f 4981/99 4982/100 4979/97
f 4982/100 4983/101 4979/97
f 4983/101 4977/95 4979/97
f 4983/101 4982/100 4977/95
f 4982/100 4981/99 4977/95
f 4981/99 4980/98 4977/95
f 4980/98 4978/96 4977/95
f 4984/109 4985/110 4986/111
f 4985/110 4987/112 4986/111
f 4987/112 4988/113 4986/111
f 4988/113 4989/114 4986/111
f 4989/114 4990/115 4986/111
f 4990/115 4984/109 4986/111
f 4990/115 4989/114 4984/109
f 4989/114 4988/113 4984/109
f 4988/113 4987/112 4984/109
f 4987/112 4985/110 4984/109
f 4991/102 4992/103 4993/104
f 4992/103 4994/105 4993/104
f 4994/105 4995/106 4993/104
f 4995/106 4996/107 4993/104
f 4996/107 4997/108 4993/104
f 4997/108 4991/102 4993/104
f 4997/108 4996/107 4991/102
f 4996/107 4995/106 4991/102
f 4995/106 4994/105 4991/102
f 4994/105 4992/103 4991/102
f 4998/88 4999/89 5000/90
f 4999/89 5001/91 5000/90
f 5001/91 5002/92 5000/90
f 5002/92 5003/93 5000/90
f 5003/93 5004/94 5000/90
f 5004/94 4998/88 5000/90
f 5004/94 5003/93 4998/88
f 5003/93 5002/92 4998/88
f 5002/92 5001/91 4998/88
f 5001/91 4999/89 4998/88
f 5005/88 5006/89 5007/90
f 5006/89 5008/91 5007/90
f 5008/91 5009/92 5007/90
f 5009/92 5010/93 5007/90
f 5010/93 5011/94 5007/90
f 5011/94 5005/88 5007/90
f 5011/94 5010/93 5005/88
f 5010/93 5009/92 5005/88
f 5009/92 5008/91 5005/88
f 5008/91 5006/89 5005/88
f 5012/95 5013/96 5014/97
f 5013/96 5015/98 5014/97
f 5015/98 5016/99 5014/97
f 5016/99 5017/100 5014/97
f 5017/100 5018/101 5014/97
f 5018/101 5012/95 5014/97
f 5018/101 5017/100 5012/95
f 5017/100 5016/99 5012/95
f 5016/99 5015/98 5012/95
f 5015/98 5013/96 5012/95
f 5019/102 5020/103 5021/104
f 5020/103 5022/105 5021/104
f 5022/105 5023/106 5021/104
f 5023/106 5024/107 5021/104
f 5024/107 5025/108 5021/104
f 5025/108 5019/102 5021/104
f 5025/108 5024/107 5019/102
f 5024/107 5023/106 5019/102
f 5023/106 5022/105 5019/102
f 5022/105 5020/103 5019/102
f 5026/88 5027/89 5028/90
f 5027/89 5029/91 5028/90
f 5029/91 5030/92 5028/90
f 5030/92 5031/93 5028/90
f 5031/93 5032/94 5028/90
f 5032/94 5026/88 5028/90
f 5032/94 5031/93 5026/88
f 5031/93 5030/92 5026/88
f 5030/92 5029/91 5026/88
f 5029/91 5027/89 5026/88
f 5033/116 5034/116 5035/116
f 5036/116 5035/116 5034/116
f 5037/116 5033/116 5035/116
f 5038/116 5037/116 5035/116
f 5036/116 5038/116 5035/116
f 5039/116 5036/116 5034/116
f 5040/116 5034/116 5033/116
f 5041/116 5033/116 5037/116
f 5042/116 5037/116 5038/116
f 5043/116 5038/116 5036/116
f 5040/116 5039/116 5034/116
f 5041/116 5040/116 5033/116
f 5042/116 5041/116 5037/116
f 5043/116 5042/116 5038/116
f 5039/116 5043/116 5036/116
f 5044/116 5039/116 5040/116
f 5044/116 5040/116 5041/116
f 5044/116 5041/116 5042/116
f 5044/116 5042/116 5043/116
f 5044/116 5043/116 5039/116
f 5045/117 5046/118 5047/119
f 5046/118 5048/120 5047/119
f 5048/120 5049/121 5047/119
f 5049/121 5050/122 5047/119
f 5050/122 5051/123 5047/119
f 5051/123 5045/117 5047/119
f 5051/123 5050/122 5045/117
f 5050/122 5049/121 5045/117
f 5049/121 5048/120 5045/117
f 5048/120 5046/118 5045/117
f 5052/138 5053/139 5054/140
f 5053/139 5055/141 5054/140
f 5055/141 5056/142 5054/140
f 5056/142 5057/143 5054/140
f 5057/143 5058/144 5054/140
f 5058/144 5052/138 5054/140
f 5058/144 5057/143 5052/138
f 5057/143 5056/142 5052/138
f 5056/142 5055/141 5052/138
f 5055/141 5053/139 5052/138
f 5059/124 5060/125 5061/126
f 5060/125 5062/127 5061/126
f 5062/127 5063/128 5061/126
f 5063/128 5064/129 5061/126
f 5064/129 5065/130 5061/126
f 5065/130 5059/124 5061/126
f 5065/130 5064/129 5059/124
f 5064/129 5063/128 5059/124
f 5063/128 5062/127 5059/124
f 5062/127 5060/125 5059/124
f 5066/117 5067/118 5068/119
f 5067/118 5069/120 5068/119
f 5069/120 5070/121 5068/119
f 5070/121 5071/122 5068/119
f 5071/122 5072/123 5068/119
f 5072/123 5066/117 5068/119
f 5072/123 5071/122 5066/117
f 5071/122 5070/121 5066/117
f 5070/121 5069/120 5066/117
f 5069/120 5067/118 5066/117
f 5073/117 5074/118 5075/119
f 5074/118 5076/120 5075/119
f 5076/120 5077/121 5075/119
f 5077/121 5078/122 5075/119
f 5078/122 5079/123 5075/119
f 5079/123 5073/117 5075/119
f 5079/123 5078/122 5073/117
f 5078/122 5077/121 5073/117
f 5077/121 5076/120 5073/117
f 5076/120 5074/118 5073/117
f 5080/117 5081/118 5082/119
f 5081/118 5083/120 5082/119
f 5083/120 5084/121 5082/119
f 5084/121 5085/122 5082/119
f 5085/122 5086/123 5082/119
f 5086/123 5080/117 5082/119
f 5086/123 5085/122 5080/117
f 5085/122 5084/121 5080/117
f 5084/121 5083/120 5080/117
f 5083/120 5081/118 5080/117
f 5087/138 5088/139 5089/140
f 5088/139 5090/141 5089/140
f 5090/141 5091/142 5089/140
f 5091/142 5092/143 5089/140
f 5092/143 5093/144 5089/140
f 5093/144 5087/138 5089/140
f 5093/144 5092/143 5087/138
f 5092/143 5091/142 5087/138
f 5091/142 5090/141 5087/138
f 5090/141 5088/139 5087/138
f 5094/117 5095/118 5096/119
f 5095/118 5097/120 5096/119
f 5097/120 5098/121 5096/119
f 5098/121 5099/122 5096/119
f 5099/122 5100/123 5096/119
f 5100/123 5094/117 5096/119
f 5100/123 5099/122 5094/117
f 5099/122 5098/121 5094/117
f 5098/121 5097/120 5094/117
f 5097/120 5095/118 5094/117
f 5101/138 5102/139 5103/140
f 5102/139 5104/141 5103/140
f 5104/141 5105/142 5103/140
f 5105/142 5106/143 5103/140
f 5106/143 5107/144 5103/140
f 5107/144 5101/138 5103/140
f 5107/144 5106/143 5101/138
f 5106/143 5105/142 5101/138
f 5105/142 5104/141 5101/138
f 5104/141 5102/139 5101/138
f 5108/131 5109/132 5110/133
f 5109/132 5111/134 5110/133
f 5111/134 5112/135 5110/133
f 5112/135 5113/136 5110/133
f 5113/136 5114/137 5110/133
f 5114/137 5108/131 5110/133
f 5114/137 5113/136 5108/131
f 5113/136 5112/135 5108/131
f 5112/135 5111/134 5108/131
f 5111/134 5109/132 5108/131
f 5115/117 5116/118 5117/119
f 5116/118 5118/120 5117/119
f 5118/120 5119/121 5117/119
f 5119/121 5120/122 5117/119
f 5120/122 5121/123 5117/119
f 5121/123 5115/117 5117/119
f 5121/123 5120/122 5115/117
f 5120/122 5119/121 5115/117
f 5119/121 5118/120 5115/117
f 5118/120 5116/118 5115/117
f 5122/117 5123/118 5124/119
f 5123/118 5125/120 5124/119
f 5125/120 5126/121 5124/119
f 5126/121 5127/122 5124/119
f 5127/122 5128/123 5124/119
f 5128/123 5122/117 5124/119
f 5128/123 5127/122 5122/117
f 5127/122 5126/121 5122/117
f 5126/121 5125/120 5122/117
f 5125/120 5123/118 5122/117
f 5129/117 5130/118 5131/119
f 5130/118 5132/120 5131/119
f 5132/120 5133/121 5131/119
f 5133/121 5134/122 5131/119
f 5134/122 5135/123 5131/119
f 5135/123 5129/117 5131/119
f 5135/123 5134/122 5129/117
f 5134/122 5133/121 5129/117
f 5133/121 5132/120 5129/117
f 5132/120 5130/118 5129/117
f 5136/138 5137/139 5138/140
f 5137/139 5139/141 5138/140
f 5139/141 5140/142 5138/140
f 5140/142 5141/143 5138/140
f 5141/143 5142/144 5138/140
f 5142/144 5136/138 5138/140
f 5142/144 5141/143 5136/138
f 5141/143 5140/142 5136/138
f 5140/142 5139/141 5136/138
f 5139/141 5137/139 5136/138
f 5143/124 5144/125 5145/126
f 5144/125 5146/127 5145/126
f 5146/127 5147/128 5145/126
f 5147/128 5148/129 5145/126
f 5148/129 5149/130 5145/126
f 5149/130 5143/124 5145/126
f 5149/130 5148/129 5143/124
f 5148/129 5147/128 5143/124
f 5147/128 5146/127 5143/124
f 5146/127 5144/125 5143/124
f 5150/117 5151/118 5152/119
f 5151/118 5153/120 5152/119
f 5153/120 5154/121 5152/119
f 5154/121 5155/122 5152/119
f 5155/122 5156/123 5152/119
f 5156/123 5150/117 5152/119
f 5156/123 5155/122 5150/117
f 5155/122 5154/121 5150/117
f 5154/121 5153/120 5150/117
f 5153/120 5151/118 5150/117
f 5157/117 5158/118 5159/119
f 5158/118 5160/120 5159/119
f 5160/120 5161/121 5159/119
f 5161/121 5162/122 5159/119
f 5162/122 5163/123 5159/119
f 5163/123 5157/117 5159/119
f 5163/123 5162/122 5157/117
f 5162/122 5161/121 5157/117
f 5161/121 5160/120 5157/117
f 5160/120 5158/118 5157/117
f 5164/124 5165/125 5166/126
f 5165/125 5167/127 5166/126
f 5167/127 5168/128 5166/126
f 5168/128 5169/129 5166/126
f 5169/129 5170/130 5166/126
f 5170/130 5164/124 5166/126
f 5170/130 5169/129 5164/124
f 5169/129 5168/128 5164/124
f 5168/128 5167/127 5164/124
f 5167/127 5165/125 5164/124
f 5171/117 5172/118 5173/119
f 5172/118 5174/120 5173/119
f 5174/120 5175/121 5173/119
f 5175/121 5176/122 5173/119
f 5176/122 5177/123 5173/119
f 5177/123 5171/117 5173/119
f 5177/123 5176/122 5171/117
f 5176/122 5175/121 5171/117
f 5175/121 5174/120 5171/117
f 5174/120 5172/118 5171/117
f 5178/138 5179/139 5180/140
f 5179/139 5181/141 5180/140
f 5181/141 5182/142 5180/140
f 5182/142 5183/143 5180/140
f 5183/143 5184/144 5180/140
f 5184/144 5178/138 5180/140
f 5184/144 5183/143 5178/138
f 5183/143 5182/142 5178/138
f 5182/142 5181/141 5178/138
f 5181/141 5179/139 5178/138
f 5185/117 5186/118 5187/119
f 5186/118 5188/120 5187/119
f 5188/120 5189/121 5187/119
f 5189/121 5190/122 5187/119
f 5190/122 5191/123 5187/119
f 5191/123 5185/117 5187/119
f 5191/123 5190/122 5185/117
f 5190/122 5189/121 5185/117
f 5189/121 5188/120 5185/117
f 5188/120 5186/118 5185/117
f 5192/138 5193/139 5194/140
f 5193/139 5195/141 5194/140
f 5195/141 5196/142 5194/140
f 5196/142 5197/143 5194/140
f 5197/143 5198/144 5194/140
f 5198/144 5192/138 5194/140
f 5198/144 5197/143 5192/138
f 5197/143 5196/142 5192/138
f 5196/142 5195/141 5192/138
f 5195/141 5193/139 5192/138
f 5199/117 5200/118 5201/119
f 5200/118 5202/120 5201/119
f 5202/120 5203/121 5201/119
f 5203/121 5204/122 5201/119
f 5204/122 5205/123 5201/119
f 5205/123 5199/117 5201/119
f 5205/123 5204/122 5199/117
f 5204/122 5203/121 5199/117
f 5203/121 5202/120 5199/117
f 5202/120 5200/118 5199/117
f 5206/138 5207/139 5208/140
f 5207/139 5209/141 5208/140
f 5209/141 5210/142 5208/140
f 5210/142 5211/143 5208/140
f 5211/143 5212/144 5208/140
f 5212/144 5206/138 5208/140
f 5212/144 5211/143 5206/138
f 5211/143 5210/142 5206/138
f 5210/142 5209/141 5206/138
f 5209/141 5207/139 5206/138
f 5213/138 5214/139 5215/140
f 5214/139 5216/141 5215/140
f 5216/141 5217/142 5215/140
f 5217/142 5218/143 5215/140
f 5218/143 5219/144 5215/140
f 5219/144 5213/138 5215/140
f 5219/144 5218/143 5213/138
f 5218/143 5217/142 5213/138
f 5217/142 5216/141 5213/138
f 5216/141 5214/139 5213/138
f 5220/124 5221/125 5222/126
f 5221/125 5223/127 5222/126
f 5223/127 5224/128 5222/126
f 5224/128 5225/129 5222/126
f 5225/129 5226/130 5222/126
f 5226/130 5220/124 5222/126
f 5226/130 5225/129 5220/124
f 5225/129 5224/128 5220/124
f 5224/128 5223/127 5220/124
f 5223/127 5221/125 5220/124
f 5227/145 5228/145 5229/145
f 5230/145 5229/145 5228/145
f 5231/145 5227/145 5229/145
f 5232/145 5231/145 5229/145
f 5230/145 5232/145 5229/145
f 5233/145 5230/145 5228/145
f 5234/145 5228/145 5227/145
f 5235/145 5227/145 5231/145
f 5236/145 5231/145 5232/145
f 5237/145 5232/145 5230/145
f 5234/145 5233/145 5228/145
f 5235/145 5234/145 5227/145
f 5236/145 5235/145 5231/145
f 5237/145 5236/145 5232/145
f 5233/145 5237/145 5230/145
f 5238/145 5233/145 5234/145
f 5238/145 5234/145 5235/145
f 5238/145 5235/145 5236/145
f 5238/145 5236/145 5237/145
f 5238/145 5237/145 5233/145
f 5239/30 5240/31 5241/32
f 5240/31 5242/33 5241/32
f 5242/33 5243/34 5241/32
f 5243/34 5244/35 5241/32
f 5244/35 5245/36 5241/32
f 5245/36 5239/30 5241/32
f 5245/36 5244/35 5239/30
f 5244/35 5243/34 5239/30
f 5243/34 5242/33 5239/30
f 5242/33 5240/31 5239/30
f 5246/44 5247/45 5248/46
f 5247/45 5249/47 5248/46
f 5249/47 5250/48 5248/46
f 5250/48 5251/49 5248/46
f 5251/49 5252/50 5248/46
f 5252/50 5246/44 5248/46
f 5252/50 5251/49 5246/44
f 5251/49 5250/48 5246/44
f 5250/48 5249/47 5246/44
f 5249/47 5247/45 5246/44
f 5253/37 5254/38 5255/39
f 5254/38 5256/40 5255/39
f 5256/40 5257/41 5255/39
f 5257/41 5258/42 5255/39
f 5258/42 5259/43 5255/39
f 5259/43 5253/37 5255/39
f 5259/43 5258/42 5253/37
f 5258/42 5257/41 5253/37
f 5257/41 5256/40 5253/37
f 5256/40 5254/38 5253/37
f 5260/44 5261/45 5262/46
f 5261/45 5263/47 5262/46
f 5263/47 5264/48 5262/46
f 5264/48 5265/49 5262/46
f 5265/49 5266/50 5262/46
f 5266/50 5260/44 5262/46
f 5266/50 5265/49 5260/44
f 5265/49 5264/48 5260/44
f 5264/48 5263/47 5260/44
f 5263/47 5261/45 5260/44
f 5267/30 5268/31 5269/32
f 5268/31 5270/33 5269/32
f 5270/33 5271/34 5269/32
f 5271/34 5272/35 5269/32
f 5272/35 5273/36 5269/32
f 5273/36 5267/30 5269/32
f 5273/36 5272/35 5267/30
f 5272/35 5271/34 5267/30
f 5271/34 5270/33 5267/30
f 5270/33 5268/31 5267/30
f 5274/37 5275/38 5276/39
f 5275/38 5277/40 5276/39
f 5277/40 5278/41 5276/39
f 5278/41 5279/42 5276/39
f 5279/42 5280/43 5276/39
f 5280/43 5274/37 5276/39
f 5280/43 5279/42 5274/37
f 5279/42 5278/41 5274/37
f 5278/41 5277/40 5274/37
f 5277/40 5275/38 5274/37
f 5281/44 5282/45 5283/46
f 5282/45 5284/47 5283/46
f 5284/47 5285/48 5283/46
f 5285/48 5286/49 5283/46
f 5286/49 5287/50 5283/46
f 5287/50 5281/44 5283/46
f 5287/50 5286/49 5281/44
f 5286/49 5285/48 5281/44
f 5285/48 5284/47 5281/44
f 5284/47 5282/45 5281/44
f 5288/37 5289/38 5290/39
f 5289/38 5291/40 5290/39
f 5291/40 5292/41 5290/39
f 5292/41 5293/42 5290/39
f 5293/42 5294/43 5290/39
f 5294/43 5288/37 5290/39
f 5294/43 5293/42 5288/37
f 5293/42 5292/41 5288/37
f 5292/41 5291/40 5288/37
f 5291/40 5289/38 5288/37
f 5295/44 5296/45 5297/46
f 5296/45 5298/47 5297/46
f 5298/47 5299/48 5297/46
f 5299/48 5300/49 5297/46
f 5300/49 5301/50 5297/46
f 5301/50 5295/44 5297/46
f 5301/50 5300/49 5295/44
f 5300/49 5299/48 5295/44
f 5299/48 5298/47 5295/44
f 5298/47 5296/45 5295/44
f 5302/37 5303/38 5304/39
f 5303/38 5305/40 5304/39
f 5305/40 5306/41 5304/39
f 5306/41 5307/42 5304/39
f 5307/42 5308/43 5304/39
f 5308/43 5302/37 5304/39
f 5308/43 5307/42 5302/37
f 5307/42 5306/41 5302/37
f 5306/41 5305/40 5302/37
f 5305/40 5303/38 5302/37
f 5309/44 5310/45 5311/46
f 5310/45 5312/47 5311/46
f 5312/47 5313/48 5311/46
f 5313/48 5314/49 5311/46
f 5314/49 5315/50 5311/46
f 5315/50 5309/44 5311/46
f 5315/50 5314/49 5309/44
f 5314/49 5313/48 5309/44
f 5313/48 5312/47 5309/44
f 5312/47 5310/45 5309/44
f 5316/30 5317/31 5318/32
f 5317/31 5319/33 5318/32
f 5319/33 5320/34 5318/32
f 5320/34 5321/35 5318/32
f 5321/35 5322/36 5318/32
f 5322/36 5316/30 5318/32
f 5322/36 5321/35 5316/30
f 5321/35 5320/34 5316/30
f 5320/34 5319/33 5316/30
f 5319/33 5317/31 5316/30
f 5323/37 5324/38 5325/39
f 5324/38 5326/40 5325/39
f 5326/40 5327/41 5325/39
f 5327/41 5328/42 5325/39
f 5328/42 5329/43 5325/39
f 5329/43 5323/37 5325/39
f 5329/43 5328/42 5323/37
f 5328/42 5327/41 5323/37
f 5327/41 5326/40 5323/37
f 5326/40 5324/38 5323/37
f 5330/44 5331/45 5332/46
f 5331/45 5333/47 5332/46
f 5333/47 5334/48 5332/46
f 5334/48 5335/49 5332/46
f 5335/49 5336/50 5332/46
f 5336/50 5330/44 5332/46
f 5336/50 5335/49 5330/44
f 5335/49 5334/48 5330/44
f 5334/48 5333/47 5330/44
f 5333/47 5331/45 5330/44
f 5337/37 5338/38 5339/39
f 5338/38 5340/40 5339/39
f 5340/40 5341/41 5339/39
f 5341/41 5342/42 5339/39
f 5342/42 5343/43 5339/39
f 5343/43 5337/37 5339/39
f 5343/43 5342/42 5337/37
f 5342/42 5341/41 5337/37
f 5341/41 5340/40 5337/37
f 5340/40 5338/38 5337/37
f 5344/37 5345/38 5346/39
f 5345/38 5347/40 5346/39
f 5347/40 5348/41 5346/39
f 5348/41 5349/42 5346/39
f 5349/42 5350/43 5346/39
f 5350/43 5344/37 5346/39
f 5350/43 5349/42 5344/37
f 5349/42 5348/41 5344/37
f 5348/41 5347/40 5344/37
f 5347/40 5345/38 5344/37
f 5351/51 5352/52 5353/53
f 5352/52 5354/54 5353/53
f 5354/54 5355/55 5353/53
f 5355/55 5356/56 5353/53
f 5356/56 5357/57 5353/53
f 5357/57 5351/51 5353/53
f 5357/57 5356/56 5351/51
f 5356/56 5355/55 5351/51
f 5355/55 5354/54 5351/51
f 5354/54 5352/52 5351/51
f 5358/37 5359/38 5360/39
f 5359/38 5361/40 5360/39
f 5361/40 5362/41 5360/39
f 5362/41 5363/42 5360/39
f 5363/42 5364/43 5360/39
f 5364/43 5358/37 5360/39
f 5364/43 5363/42 5358/37
f 5363/42 5362/41 5358/37
f 5362/41 5361/40 5358/37
f 5361/40 5359/38 5358/37
f 5365/44 5366/45 5367/46
f 5366/45 5368/47 5367/46
f 5368/47 5369/48 5367/46
f 5369/48 5370/49 5367/46
f 5370/49 5371/50 5367/46
f 5371/50 5365/44 5367/46
f 5371/50 5370/49 5365/44
f 5370/49 5369/48 5365/44
f 5369/48 5368/47 5365/44
f 5368/47 5366/45 5365/44
f 5372/37 5373/38 5374/39
f 5373/38 5375/40 5374/39
f 5375/40 5376/41 5374/39
f 5376/41 5377/42 5374/39
f 5377/42 5378/43 5374/39
f 5378/43 5372/37 5374/39
f 5378/43 5377/42 5372/37
f 5377/42 5376/41 5372/37
f 5376/41 5375/40 5372/37
f 5375/40 5373/38 5372/37
f 5379/44 5380/45 5381/46
f 5380/45 5382/47 5381/46
f 5382/47 5383/48 5381/46
f 5383/48 5384/49 5381/46
f 5384/49 5385/50 5381/46
f 5385/50 5379/44 5381/46
f 5385/50 5384/49 5379/44
f 5384/49 5383/48 5379/44
f 5383/48 5382/47 5379/44
f 5382/47 5380/45 5379/44
f 5386/37 5387/38 5388/39
f 5387/38 5389/40 5388/39
f 5389/40 5390/41 5388/39
f 5390/41 5391/42 5388/39
f 5391/42 5392/43 5388/39
f 5392/43 5386/37 5388/39
f 5392/43 5391/42 5386/37
f 5391/42 5390/41 5386/37
f 5390/41 5389/40 5386/37
f 5389/40 5387/38 5386/37
f 5393/37 5394/38 5395/39
f 5394/38 5396/40 5395/39
f 5396/40 5397/41 5395/39
f 5397/41 5398/42 5395/39
f 5398/42 5399/43 5395/39
f 5399/43 5393/37 5395/39
f 5399/43 5398/42 5393/37
f 5398/42 5397/41 5393/37
f 5397/41 5396/40 5393/37
f 5396/40 5394/38 5393/37
f 5400/44 5401/45 5402/46
f 5401/45 5403/47 5402/46
f 5403/47 5404/48 5402/46
f 5404/48 5405/49 5402/46
f 5405/49 5406/50 5402/46
f 5406/50 5400/44 5402/46
f 5406/50 5405/49 5400/44
f 5405/49 5404/48 5400/44
f 5404/48 5403/47 5400/44
f 5403/47 5401/45 5400/44
f 5407/37 5408/38 5409/39
f 5408/38 5410/40 5409/39
f 5410/40 5411/41 5409/39
f 5411/41 5412/42 5409/39
f 5412/42 5413/43 5409/39
f 5413/43 5407/37 5409/39
f 5413/43 5412/42 5407/37
f 5412/42 5411/41 5407/37
f 5411/41 5410/40 5407/37
f 5410/40 5408/38 5407/37
f 5414/37 5415/38 5416/39
f 5415/38 5417/40 5416/39
f 5417/40 5418/41 5416/39
f 5418/41 5419/42 5416/39
f 5419/42 5420/43 5416/39
f 5420/43 5414/37 5416/39
f 5420/43 5419/42 5414/37
f 5419/42 5418/41 5414/37
f 5418/41 5417/40 5414/37
f 5417/40 5415/38 5414/37
f 5421/58 5422/58 5423/58
f 5424/58 5423/58 5422/58
f 5425/58 5421/58 5423/58
f 5426/58 5425/58 5423/58
f 5424/58 5426/58 5423/58
f 5427/58 5424/58 5422/58
f 5428/58 5422/58 5421/58
f 5429/58 5421/58 5425/58
f 5430/58 5425/58 5426/58
f 5431/58 5426/58 5424/58
f 5428/58 5427/58 5422/58
f 5429/58 5428/58 5421/58
f 5430/58 5429/58 5425/58
f 5431/58 5430/58 5426/58
f 5427/58 5431/58 5424/58
f 5432/58 5427/58 5428/58
f 5432/58 5428/58 5429/58
f 5432/58 5429/58 5430/58
f 5432/58 5430/58 5431/58
f 5432/58 5431/58 5427/58
f 5433/102 5434/103 5435/104
f 5434/103 5436/105 5435/104
f 5436/105 5437/106 5435/104
f 5437/106 5438/107 5435/104
f 5438/107 5439/108 5435/104
f 5439/108 5433/102 5435/104
f 5439/108 5438/107 5433/102
f 5438/107 5437/106 5433/102
f 5437/106 5436/105 5433/102
f 5436/105 5434/103 5433/102
f 5440/102 5441/103 5442/104
f 5441/103 5443/105 5442/104
f 5443/105 5444/106 5442/104
f 5444/106 5445/107 5442/104
f 5445/107 5446/108 5442/104
f 5446/108 5440/102 5442/104
f 5446/108 5445/107 5440/102
f 5445/107 5444/106 5440/102
f 5444/106 5443/105 5440/102
f 5443/105 5441/103 5440/102
f 5447/88 5448/89 5449/90
f 5448/89 5450/91 5449/90
f 5450/91 5451/92 5449/90
f 5451/92 5452/93 5449/90
f 5452/93 5453/94 5449/90
f 5453/94 5447/88 5449/90
f 5453/94 5452/93 5447/88
f 5452/93 5451/92 5447/88
f 5451/92 5450/91 5447/88
f 5450/91 5448/89 5447/88
f 5454/95 5455/96 5456/97
f 5455/96 5457/98 5456/97
f 5457/98 5458/99 5456/97
f 5458/99 5459/100 5456/97
f 5459/100 5460/101 5456/97
f 5460/101 5454/95 5456/97
f 5460/101 5459/100 5454/95
f 5459/100 5458/99 5454/95
f 5458/99 5457/98 5454/95
f 5457/98 5455/96 5454/95
f 5461/102 5462/103 5463/104
f 5462/103 5464/105 5463/104
f 5464/105 5465/106 5463/104
f 5465/106 5466/107 5463/104
f 5466/107 5467/108 5463/104
f 5467/108 5461/102 5463/104
f 5467/108 5466/107 5461/102
f 5466/107 5465/106 5461/102
f 5465/106 5464/105 5461/102
f 5464/105 5462/103 5461/102
f 5468/88 5469/89 5470/90
f 5469/89 5471/91 5470/90
f 5471/91 5472/92 5470/90
f 5472/92 5473/93 5470/90
f 5473/93 5474/94 5470/90
f 5474/94 5468/88 5470/90
f 5474/94 5473/93 5468/88
f 5473/93 5472/92 5468/88
f 5472/92 5471/91 5468/88
f 5471/91 5469/89 5468/88
f 5475/102 5476/103 5477/104
f 5476/103 5478/105 5477/104
f 5478/105 5479/106 5477/104
f 5479/106 5480/107 5477/104
f 5480/107 5481/108 5477/104
f 5481/108 5475/102 5477/104
f 5481/108 5480/107 5475/102
f 5480/107 5479/106 5475/102
f 5479/106 5478/105 5475/102
f 5478/105 5476/103 5475/102
f 5482/102 5483/103 5484/104
f 5483/103 5485/105 5484/104
f 5485/105 5486/106 5484/104
f 5486/106 5487/107 5484/104
f 5487/107 5488/108 5484/104
f 5488/108 5482/102 5484/104
f 5488/108 5487/107 5482/102
f 5487/107 5486/106 5482/102
f 5486/106 5485/105 5482/102
f 5485/105 5483/103 5482/102
f 5489/102 5490/103 5491/104
f 5490/103 5492/105 5491/104
f 5492/105 5493/106 5491/104
f 5493/106 5494/107 5491/104
f 5494/107 5495/108 5491/104
f 5495/108 5489/102 5491/104
f 5495/108 5494/107 5489/102
f 5494/107 5493/106 5489/102
f 5493/106 5492/105 5489/102
f 5492/105 5490/103 5489/102
f 5496/88 5497/89 5498/90
f 5497/89 5499/91 5498/90
f 5499/91 5500/92 5498/90
f 5500/92 5501/93 5498/90
f 5501/93 5502/94 5498/90
f 5502/94 5496/88 5498/90
f 5502/94 5501/93 5496/88
f 5501/93 5500/92 5496/88
f 5500/92 5499/91 5496/88
f 5499/91 5497/89 5496/88
f 5503/88 5504/89 5505/90
f 5504/89 5506/91 5505/90
f 5506/91 5507/92 5505/90
f 5507/92 5508/93 5505/90
f 5508/93 5509/94 5505/90
f 5509/94 5503/88 5505/90
f 5509/94 5508/93 5503/88
f 5508/93 5507/92 5503/88
f 5507/92 5506/91 5503/88
f 5506/91 5504/89 5503/88
f 5510/102 5511/103 5512/104
f 5511/103 5513/105 5512/104
f 5513/105 5514/106 5512/104
f 5514/106 5515/107 5512/104
f 5515/107 5516/108 5512/104
f 5516/108 5510/102 5512/104
f 5516/108 5515/107 5510/102
f 5515/107 5514/106 5510/102
f 5514/106 5513/105 5510/102
f 5513/105 5511/103 5510/102
f 5517/88 5518/89 5519/90
f 5518/89 5520/91 5519/90
f 5520/91 5521/92 5519/90
f 5521/92 5522/93 5519/90
f 5522/93 5523/94 5519/90
f 5523/94 5517/88 5519/90
f 5523/94 5522/93 5517/88
f 5522/93 5521/92 5517/88
f 5521/92 5520/91 5517/88
f 5520/91 5518/89 5517/88
f 5524/102 5525/103 5526/104
f 5525/103 5527/105 5526/104
f 5527/105 5528/106 5526/104
f 5528/106 5529/107 5526/104
f 5529/107 5530/108 5526/104
f 5530/108 5524/102 5526/104
f 5530/108 5529/107 5524/102
f 5529/107 5528/106 5524/102
f 5528/106 5527/105 5524/102
f 5527/105 5525/103 5524/102
f 5531/102 5532/103 5533/104
f 5532/103 5534/105 5533/104
f 5534/105 5535/106 5533/104
f 5535/106 5536/107 5533/104
f 5536/107 5537/108 5533/104
f 5537/108 5531/102 5533/104
f 5537/108 5536/107 5531/102
f 5536/107 5535/106 5531/102
f 5535/106 5534/105 5531/102
f 5534/105 5532/103 5531/102
f 5538/88 5539/89 5540/90
f 5539/89 5541/91 5540/90
f 5541/91 5542/92 5540/90
f 5542/92 5543/93 5540/90
f 5543/93 5544/94 5540/90
f 5544/94 5538/88 5540/90
f 5544/94 5543/93 5538/88
f 5543/93 5542/92 5538/88
f 5542/92 5541/91 5538/88
f 5541/91 5539/89 5538/88
f 5545/102 5546/103 5547/104
f 5546/103 5548/105 5547/104
f 5548/105 5549/106 5547/104
f 5549/106 5550/107 5547/104
f 5550/107 5551/108 5547/104
f 5551/108 5545/102 5547/104
f 5551/108 5550/107 5545/102
f 5550/107 5549/106 5545/102
f 5549/106 5548/105 5545/102
f 5548/105 5546/103 5545/102
f 5552/102 5553/103 5554/104
f 5553/103 5555/105 5554/104
f 5555/105 5556/106 5554/104
f 5556/106 5557/107 5554/104
f 5557/107 5558/108 5554/104
f 5558/108 5552/102 5554/104
f 5558/108 5557/107 5552/102
f 5557/107 5556/106 5552/102
f 5556/106 5555/105 5552/102
f 5555/105 5553/103 5552/102
f 5559/88 5560/89 5561/90
f 5560/89 5562/91 5561/90
f 5562/91 5563/92 5561/90
f 5563/92 5564/93 5561/90
f 5564/93 5565/94 5561/90
f 5565/94 5559/88 5561/90
f 5565/94 5564/93 5559/88
f 5564/93 5563/92 5559/88
f 5563/92 5562/91 5559/88
f 5562/91 5560/89 5559/88
f 5566/88 5567/89 5568/90
f 5567/89 5569/91 5568/90
f 5569/91 5570/92 5568/90
f 5570/92 5571/93 5568/90
f 5571/93 5572/94 5568/90
f 5572/94 5566/88 5568/90
f 5572/94 5571/93 5566/88
f 5571/93 5570/92 5566/88
f 5570/92 5569/91 5566/88
f 5569/91 5567/89 5566/88
f 5573/102 5574/103 5575/104
f 5574/103 5576/105 5575/104
f 5576/105 5577/106 5575/104
f 5577/106 5578/107 5575/104
f 5578/107 5579/108 5575/104
f 5579/108 5573/102 5575/104
f 5579/108 5578/107 5573/102
f 5578/107 5577/106 5573/102
f 5577/106 5576/105 5573/102
f 5576/105 5574/103 5573/102
f 5580/95 5581/96 5582/97
f 5581/96 5583/98 5582/97
f 5583/98 5584/99 5582/97
f 5584/99 5585/100 5582/97
f 5585/100 5586/101 5582/97
f 5586/101 5580/95 5582/97
f 5586/101 5585/100 5580/95
f 5585/100 5584/99 5580/95
f 5584/99 5583/98 5580/95
f 5583/98 5581/96 5580/95
f 5587/102 5588/103 5589/104
f 5588/103 5590/105 5589/104
f 5590/105 5591/106 5589/104
f 5591/106 5592/107 5589/104
f 5592/107 5593/108 5589/104
f 5593/108 5587/102 5589/104
f 5593/108 5592/107 5587/102
f 5592/107 5591/106 5587/102
f 5591/106 5590/105 5587/102
f 5590/105 5588/103 5587/102
f 5594/109 5595/110 5596/111
f 5595/110 5597/112 5596/111
f 5597/112 5598/113 5596/111
f 5598/113 5599/114 5596/111
f 5599/114 5600/115 5596/111
f 5600/115 5594/109 5596/111
f 5600/115 5599/114 5594/109
f 5599/114 5598/113 5594/109
f 5598/113 5597/112 5594/109
f 5597/112 5595/110 5594/109
f 5601/102 5602/103 5603/104
f 5602/103 5604/105 5603/104
f 5604/105 5605/106 5603/104
f 5605/106 5606/107 5603/104
f 5606/107 5607/108 5603/104
f 5607/108 5601/102 5603/104
f 5607/108 5606/107 5601/102
f 5606/107 5605/106 5601/102
f 5605/106 5604/105 5601/102
f 5604/105 5602/103 5601/102
f 5608/102 5609/103 5610/104
f 5609/103 5611/105 5610/104
f 5611/105 5612/106 5610/104
f 5612/106 5613/107 5610/104
f 5613/107 5614/108 5610/104
f 5614/108 5608/102 5610/104
f 5614/108 5613/107 5608/102
f 5613/107 5612/106 5608/102
f 5612/106 5611/105 5608/102
f 5611/105 5609/103 5608/102
f 5615/116 5616/116 5617/116
f 5618/116 5617/116 5616/116
f 5619/116 5615/116 5617/116
f 5620/116 5619/116 5617/116
f 5618/116 5620/116 5617/116
f 5621/116 5618/116 5616/116
f 5622/116 5616/116 5615/116
f 5623/116 5615/116 5619/116
f 5624/116 5619/116 5620/116
f 5625/116 5620/116 5618/116
f 5622/116 5621/116 5616/116
f 5623/116 5622/116 5615/116
f 5624/116 5623/116 5619/116
f 5625/116 5624/116 5620/116
f 5621/116 5625/116 5618/116
f 5626/116 5621/116 5622/116
f 5626/116 5622/116 5623/116
f 5626/116 5623/116 5624/116
f 5626/116 5624/116 5625/116
f 5626/116 5625/116 5621/116
f 5627/109 5628/110 5629/111
f 5628/110 5630/112 5629/111
f 5630/112 5631/113 5629/111
f 5631/113 5632/114 5629/111
f 5632/114 5633/115 5629/111
f 5633/115 5627/109 5629/111
f 5633/115 5632/114 5627/109
f 5632/114 5631/113 5627/109
f 5631/113 5630/112 5627/109
f 5630/112 5628/110 5627/109
f 5634/102 5635/103 5636/104
f 5635/103 5637/105 5636/104
f 5637/105 5638/106 5636/104
f 5638/106 5639/107 5636/104
f 5639/107 5640/108 5636/104
f 5640/108 5634/102 5636/104
f 5640/108 5639/107 5634/102
f 5639/107 5638/106 5634/102
f 5638/106 5637/105 5634/102
f 5637/105 5635/103 5634/102
f 5641/88 5642/89 5643/90
f 5642/89 5644/91 5643/90
f 5644/91 5645/92 5643/90
f 5645/92 5646/93 5643/90
f 5646/93 5647/94 5643/90
f 5647/94 5641/88 5643/90
f 5647/94 5646/93 5641/88
f 5646/93 5645/92 5641/88
f 5645/92 5644/91 5641/88
f 5644/91 5642/89 5641/88
f 5648/95 5649/96 5650/97
f 5649/96 5651/98 5650/97
f 5651/98 5652/99 5650/97
f 5652/99 5653/100 5650/97
f 5653/100 5654/101 5650/97
f 5654/101 5648/95 5650/97
f 5654/101 5653/100 5648/95
f 5653/100 5652/99 5648/95
f 5652/99 5651/98 5648/95
f 5651/98 5649/96 5648/95
f 5655/95 5656/96 5657/97
f 5656/96 5658/98 5657/97
f 5658/98 5659/99 5657/97
f 5659/99 5660/100 5657/97
f 5660/100 5661/101 5657/97
f 5661/101 5655/95 5657/97
f 5661/101 5660/100 5655/95
f 5660/100 5659/99 5655/95
f 5659/99 5658/98 5655/95
f 5658/98 5656/96 5655/95
f 5662/95 5663/96 5664/97
f 5663/96 5665/98 5664/97
f 5665/98 5666/99 5664/97
f 5666/99 5667/100 5664/97
f 5667/100 5668/101 5664/97
f 5668/101 5662/95 5664/97
f 5668/101 5667/100 5662/95
f 5667/100 5666/99 5662/95
f 5666/99 5665/98 5662/95
f 5665/98 5663/96 5662/95
f 5669/88 5670/89 5671/90
f 5670/89 5672/91 5671/90
f 5672/91 5673/92 5671/90
f 5673/92 5674/93 5671/90
f 5674/93 5675/94 5671/90
f 5675/94 5669/88 5671/90
f 5675/94 5674/93 5669/88
f 5674/93 5673/92 5669/88
f 5673/92 5672/91 5669/88
f 5672/91 5670/89 5669/88
f 5676/102 5677/103 5678/104
f 5677/103 5679/105 5678/104
f 5679/105 5680/106 5678/104
f 5680/106 5681/107 5678/104
f 5681/107 5682/108 5678/104
f 5682/108 5676/102 5678/104
f 5682/108 5681/107 5676/102
f 5681/107 5680/106 5676/102
f 5680/106 5679/105 5676/102
f 5679/105 5677/103 5676/102
f 5683/88 5684/89 5685/90
f 5684/89 5686/91 5685/90
f 5686/91 5687/92 5685/90
f 5687/92 5688/93 5685/90
f 5688/93 5689/94 5685/90
f 5689/94 5683/88 5685/90
f 5689/94 5688/93 5683/88
f 5688/93 5687/92 5683/88
f 5687/92 5686/91 5683/88
f 5686/91 5684/89 5683/88
f 5690/102 5691/103 5692/104
f 5691/103 5693/105 5692/104
f 5693/105 5694/106 5692/104
f 5694/106 5695/107 5692/104
f 5695/107 5696/108 5692/104
f 5696/108 5690/102 5692/104
f 5696/108 5695/107 5690/102
f 5695/107 5694/106 5690/102
f 5694/106 5693/105 5690/102
f 5693/105 5691/103 5690/102
f 5697/102 5698/103 5699/104
f 5698/103 5700/105 5699/104
f 5700/105 5701/106 5699/104
f 5701/106 5702/107 5699/104
f 5702/107 5703/108 5699/104
f 5703/108 5697/102 5699/104
f 5703/108 5702/107 5697/102
f 5702/107 5701/106 5697/102
f 5701/106 5700/105 5697/102
f 5700/105 5698/103 5697/102
f 5704/95 5705/96 5706/97
f 5705/96 5707/98 5706/97
f 5707/98 5708/99 5706/97
f 5708/99 5709/100 5706/97
f 5709/100 5710/101 5706/97
f 5710/101 5704/95 5706/97
f 5710/101 5709/100 5704/95
f 5709/100 5708/99 5704/95
f 5708/99 5707/98 5704/95
f 5707/98 5705/96 5704/95
f 5711/102 5712/103 5713/104
f 5712/103 5714/105 5713/104
f 5714/105 5715/106 5713/104
f 5715/106 5716/107 5713/104
f 5716/107 5717/108 5713/104
f 5717/108 5711/102 5713/104
f 5717/108 5716/107 5711/102
f 5716/107 5715/106 5711/102
f 5715/106 5714/105 5711/102
f 5714/105 5712/103 5711/102
f 5718/88 5719/89 5720/90
f 5719/89 5721/91 5720/90
f 5721/91 5722/92 5720/90
f 5722/92 5723/93 5720/90
f 5723/93 5724/94 5720/90
f 5724/94 5718/88 5720/90
f 5724/94 5723/93 5718/88
f 5723/93 5722/92 5718/88
f 5722/92 5721/91 5718/88
f 5721/91 5719/89 5718/88
f 5725/102 5726/103 5727/104
f 5726/103 5728/105 5727/104
f 5728/105 5729/106 5727/104
f 5729/106 5730/107 5727/104
f 5730/107 5731/108 5727/104
f 5731/108 5725/102 5727/104
f 5731/108 5730/107 5725/102
f 5730/107 5729/106 5725/102
f 5729/106 5728/105 5725/102
f 5728/105 5726/103 5725/102
f 5732/102 5733/103 5734/104
f 5733/103 5735/105 5734/104
f 5735/105 5736/106 5734/104
f 5736/106 5737/107 5734/104
f 5737/107 5738/108 5734/104
f 5738/108 5732/102 5734/104
f 5738/108 5737/107 5732/102
f 5737/107 5736/106 5732/102
f 5736/106 5735/105 5732/102
f 5735/105 5733/103 5732/102
f 5739/88 5740/89 5741/90
f 5740/89 5742/91 5741/90
f 5742/91 5743/92 5741/90
f 5743/92 5744/93 5741/90
f 5744/93 5745/94 5741/90
f 5745/94 5739/88 5741/90
f 5745/94 5744/93 5739/88
f 5744/93 5743/92 5739/88
f 5743/92 5742/91 5739/88
f 5742/91 5740/89 5739/88
f 5746/95 5747/96 5748/97
f 5747/96 5749/98 5748/97
f 5749/98 5750/99 5748/97
f 5750/99 5751/100 5748/97
f 5751/100 5752/101 5748/97
f 5752/101 5746/95 5748/97
f 5752/101 5751/100 5746/95
f 5751/100 5750/99 5746/95
f 5750/99 5749/98 5746/95
f 5749/98 5747/96 5746/95
f 5753/102 5754/103 5755/104
f 5754/103 5756/105 5755/104
f 5756/105 5757/106 5755/104
f 5757/106 5758/107 5755/104
f 5758/107 5759/108 5755/104
f 5759/108 5753/102 5755/104
f 5759/108 5758/107 5753/102
f 5758/107 5757/106 5753/102
f 5757/106 5756/105 5753/102
f 5756/105 5754/103 5753/102
f 5760/95 5761/96 5762/97
f 5761/96 5763/98 5762/97
f 5763/98 5764/99 5762/97
f 5764/99 5765/100 5762/97
f 5765/100 5766/101 5762/97
f 5766/101 5760/95 5762/97
f 5766/101 5765/100 5760/95
f 5765/100 5764/99 5760/95
f 5764/99 5763/98 5760/95
f 5763/98 5761/96 5760/95
f 5767/95 5768/96 5769/97
f 5768/96 5770/98 5769/97
f 5770/98 5771/99 5769/97
f 5771/99 5772/100 5769/97
f 5772/100 5773/101 5769/97
f 5773/101 5767/95 5769/97
f 5773/101 5772/100 5767/95
f 5772/100 5771/99 5767/95
f 5771/99 5770/98 5767/95
f 5770/98 5768/96 5767/95
f 5774/102 5775/103 5776/104
f 5775/103 5777/105 5776/104
f 5777/105 5778/106 5776/104
f 5778/106 5779/107 5776/104
f 5779/107 5780/108 5776/104
f 5780/108 5774/102 5776/104
f 5780/108 5779/107 5774/102
f 5779/107 5778/106 5774/102
f 5778/106 5777/105 5774/102
f 5777/105 5775/103 5774/102
f 5781/109 5782/110 5783/111
f 5782/110 5784/112 5783/111
f 5784/112 5785/113 5783/111
f 5785/113 5786/114 5783/111
f 5786/114 5787/115 5783/111
f 5787/115 5781/109 5783/111
f 5787/115 5786/114 5781/109
f 5786/114 5785/113 5781/109
f 5785/113 5784/112 5781/109
f 5784/112 5782/110 5781/109
f 5788/95 5789/96 5790/97
f 5789/96 5791/98 5790/97
f 5791/98 5792/99 5790/97
f 5792/99 5793/100 5790/97
f 5793/100 5794/101 5790/97
f 5794/101 5788/95 5790/97
f 5794/101 5793/100 5788/95
f 5793/100 5792/99 5788/95
f 5792/99 5791/98 5788/95
f 5791/98 5789/96 5788/95
f 5795/95 5796/96 5797/97
f 5796/96 5798/98 5797/97
f 5798/98 5799/99 5797/97
f 5799/99 5800/100 5797/97
f 5800/100 5801/101 5797/97
f 5801/101 5795/95 5797/97
f 5801/101 5800/100 5795/95
f 5800/100 5799/99 5795/95
f 5799/99 5798/98 5795/95
f 5798/98 5796/96 5795/95
f 5802/102 5803/103 5804/104
f 5803/103 5805/105 5804/104
f 5805/105 5806/106 5804/104
f 5806/106 5807/107 5804/104
f 5807/107 5808/108 5804/104
f 5808/108 5802/102 5804/104
f 5808/108 5807/107 5802/102
f 5807/107 5806/106 5802/102
f 5806/106 5805/105 5802/102
f 5805/105 5803/103 5802/102
f 5809/116 5810/116 5811/116
f 5812/116 5811/116 5810/116
f 5813/116 5809/116 5811/116
f 5814/116 5813/116 5811/116
f 5812/116 5814/116 5811/116
f 5815/116 5812/116 5810/116
f 5816/116 5810/116 5809/116
f 5817/116 5809/116 5813/116
f 5818/116 5813/116 5814/116
f 5819/116 5814/116 5812/116
f 5816/116 5815/116 5810/116
f 5817/116 5816/116 5809/116
f 5818/116 5817/116 5813/116
f 5819/116 5818/116 5814/116
f 5815/116 5819/116 5812/116
f 5820/116 5815/116 5816/116
f 5820/116 5816/116 5817/116
f 5820/116 5817/116 5818/116
f 5820/116 5818/116 5819/116
f 5820/116 5819/116 5815/116
f 5821/30 5822/31 5823/32
f 5822/31 5824/33 5823/32
f 5824/33 5825/34 5823/32
f 5825/34 5826/35 5823/32
f 5826/35 5827/36 5823/32
f 5827/36 5821/30 5823/32
f 5827/36 5826/35 5821/30
f 5826/35 5825/34 5821/30
f 5825/34 5824/33 5821/30
f 5824/33 5822/31 5821/30
f 5828/30 5829/31 5830/32
f 5829/31 5831/33 5830/32
f 5831/33 5832/34 5830/32
f 5832/34 5833/35 5830/32
f 5833/35 5834/36 5830/32
f 5834/36 5828/30 5830/32
f 5834/36 5833/35 5828/30
f 5833/35 5832/34 5828/30
f 5832/34 5831/33 5828/30
f 5831/33 5829/31 5828/30
f 5835/30 5836/31 5837/32
f 5836/31 5838/33 5837/32
f 5838/33 5839/34 5837/32
f 5839/34 5840/35 5837/32
f 5840/35 5841/36 5837/32
f 5841/36 5835/30 5837/32
f 5841/36 5840/35 5835/30
f 5840/35 5839/34 5835/30
f 5839/34 5838/33 5835/30
f 5838/33 5836/31 5835/30
f 5842/44 5843/45 5844/46
f 5843/45 5845/47 5844/46
f 5845/47 5846/48 5844/46
f 5846/48 5847/49 5844/46
f 5847/49 5848/50 5844/46
f 5848/50 5842/44 5844/46
f 5848/50 5847/49 5842/44
f 5847/49 5846/48 5842/44
f 5846/48 5845/47 5842/44
f 5845/47 5843/45 5842/44
f 5849/30 5850/31 5851/32
f 5850/31 5852/33 5851/32
f 5852/33 5853/34 5851/32
f 5853/34 5854/35 5851/32
f 5854/35 5855/36 5851/32
f 5855/36 5849/30 5851/32
f 5855/36 5854/35 5849/30
f 5854/35 5853/34 5849/30
f 5853/34 5852/33 5849/30
f 5852/33 5850/31 5849/30
f 5856/37 5857/38 5858/39
f 5857/38 5859/40 5858/39
f 5859/40 5860/41 5858/39
f 5860/41 5861/42 5858/39
f 5861/42 5862/43 5858/39
f 5862/43 5856/37 5858/39
f 5862/43 5861/42 5856/37
f 5861/42 5860/41 5856/37
f 5860/41 5859/40 5856/37
f 5859/40 5857/38 5856/37
f 5863/44 5864/45 5865/46
f 5864/45 5866/47 5865/46
f 5866/47 5867/48 5865/46
f 5867/48 5868/49 5865/46
f 5868/49 5869/50 5865/46
f 5869/50 5863/44 5865/46
f 5869/50 5868/49 5863/44
f 5868/49 5867/48 5863/44
f 5867/48 5866/47 5863/44
f 5866/47 5864/45 5863/44
f 5870/30 5871/31 5872/32
f 5871/31 5873/33 5872/32
f 5873/33 5874/34 5872/32
f 5874/34 5875/35 5872/32
f 5875/35 5876/36 5872/32
f 5876/36 5870/30 5872/32
f 5876/36 5875/35 5870/30
f 5875/35 5874/34 5870/30
f 5874/34 5873/33 5870/30
f 5873/33 5871/31 5870/30
f 5877/37 5878/38 5879/39
f 5878/38 5880/40 5879/39
f 5880/40 5881/41 5879/39
f 5881/41 5882/42 5879/39
f 5882/42 5883/43 5879/39
f 5883/43 5877/37 5879/39
f 5883/43 5882/42 5877/37
f 5882/42 5881/41 5877/37
f 5881/41 5880/40 5877/37
f 5880/40 5878/38 5877/37
f 5884/30 5885/31 5886/32
f 5885/31 5887/33 5886/32
f 5887/33 5888/34 5886/32
f 5888/34 5889/35 5886/32
f 5889/35 5890/36 5886/32
f 5890/36 5884/30 5886/32
f 5890/36 5889/35 5884/30
f 5889/35 5888/34 5884/30
f 5888/34 5887/33 5884/30
f 5887/33 5885/31 5884/30
f 5891/30 5892/31 5893/32
f 5892/31 5894/33 5893/32
f 5894/33 5895/34 5893/32
f 5895/34 5896/35 5893/32
f 5896/35 5897/36 5893/32
f 5897/36 5891/30 5893/32
f 5897/36 5896/35 5891/30
f 5896/35 5895/34 5891/30
f 5895/34 5894/33 5891/30
f 5894/33 5892/31 5891/30
f 5898/37 5899/38 5900/39
f 5899/38 5901/40 5900/39
f 5901/40 5902/41 5900/39
f 5902/41 5903/42 5900/39
f 5903/42 5904/43 5900/39
f 5904/43 5898/37 5900/39
f 5904/43 5903/42 5898/37
f 5903/42 5902/41 5898/37
f 5902/41 5901/40 5898/37
f 5901/40 5899/38 5898/37
f 5905/44 5906/45 5907/46
f 5906/45 5908/47 5907/46
f 5908/47 5909/48 5907/46
f 5909/48 5910/49 5907/46
f 5910/49 5911/50 5907/46
f 5911/50 5905/44 5907/46
f 5911/50 5910/49 5905/44
f 5910/49 5909/48 5905/44
f 5909/48 5908/47 5905/44
f 5908/47 5906/45 5905/44
f 5912/30 5913/31 5914/32
f 5913/31 5915/33 5914/32
f 5915/33 5916/34 5914/32
f 5916/34 5917/35 5914/32
f 5917/35 5918/36 5914/32
f 5918/36 5912/30 5914/32
f 5918/36 5917/35 5912/30
f 5917/35 5916/34 5912/30
f 5916/34 5915/33 5912/30
f 5915/33 5913/31 5912/30
f 5919/37 5920/38 5921/39
f 5920/38 5922/40 5921/39
f 5922/40 5923/41 5921/39
f 5923/41 5924/42 5921/39
f 5924/42 5925/43 5921/39
f 5925/43 5919/37 5921/39
f 5925/43 5924/42 5919/37
f 5924/42 5923/41 5919/37
f 5923/41 5922/40 5919/37
f 5922/40 5920/38 5919/37
f 5926/37 5927/38 5928/39
f 5927/38 5929/40 5928/39
f 5929/40 5930/41 5928/39
f 5930/41 5931/42 5928/39
f 5931/42 5932/43 5928/39
f 5932/43 5926/37 5928/39
f 5932/43 5931/42 5926/37
f 5931/42 5930/41 5926/37
f 5930/41 5929/40 5926/37
f 5929/40 5927/38 5926/37
f 5933/44 5934/45 5935/46
f 5934/45 5936/47 5935/46
f 5936/47 5937/48 5935/46
f 5937/48 5938/49 5935/46
f 5938/49 5939/50 5935/46
f 5939/50 5933/44 5935/46
f 5939/50 5938/49 5933/44
f 5938/49 5937/48 5933/44
f 5937/48 5936/47 5933/44
f 5936/47 5934/45 5933/44
f 5940/30 5941/31 5942/32
f 5941/31 5943/33 5942/32
f 5943/33 5944/34 5942/32
f 5944/34 5945/35 5942/32
f 5945/35 5946/36 5942/32
f 5946/36 5940/30 5942/32
f 5946/36 5945/35 5940/30
f 5945/35 5944/34 5940/30
f 5944/34 5943/33 5940/30
f 5943/33 5941/31 5940/30
f 5947/44 5948/45 5949/46
f 5948/45 5950/47 5949/46
f 5950/47 5951/48 5949/46
f 5951/48 5952/49 5949/46
f 5952/49 5953/50 5949/46
f 5953/50 5947/44 5949/46
f 5953/50 5952/49 5947/44
f 5952/49 5951/48 5947/44
f 5951/48 5950/47 5947/44
f 5950/47 5948/45 5947/44
f 5954/30 5955/31 5956/32
f 5955/31 5957/33 5956/32
f 5957/33 5958/34 5956/32
f 5958/34 5959/35 5956/32
f 5959/35 5960/36 5956/32
f 5960/36 5954/30 5956/32
f 5960/36 5959/35 5954/30
f 5959/35 5958/34 5954/30
f 5958/34 5957/33 5954/30
f 5957/33 5955/31 5954/30
f 5961/37 5962/38 5963/39
f 5962/38 5964/40 5963/39
f 5964/40 5965/41 5963/39
f 5965/41 5966/42 5963/39
f 5966/42 5967/43 5963/39
f 5967/43 5961/37 5963/39
f 5967/43 5966/42 5961/37
f 5966/42 5965/41 5961/37
f 5965/41 5964/40 5961/37
f 5964/40 5962/38 5961/37
f 5968/37 5969/38 5970/39
f 5969/38 5971/40 5970/39
f 5971/40 5972/41 5970/39
f 5972/41 5973/42 5970/39
f 5973/42 5974/43 5970/39
f 5974/43 5968/37 5970/39
f 5974/43 5973/42 5968/37
f 5973/42 5972/41 5968/37
f 5972/41 5971/40 5968/37
f 5971/40 5969/38 5968/37
f 5975/44 5976/45 5977/46
f 5976/45 5978/47 5977/46
f 5978/47 5979/48 5977/46
f 5979/48 5980/49 5977/46
f 5980/49 5981/50 5977/46
f 5981/50 5975/44 5977/46
f 5981/50 5980/49 5975/44
f 5980/49 5979/48 5975/44
f 5979/48 5978/47 5975/44
f 5978/47 5976/45 5975/44
f 5982/30 5983/31 5984/32
f 5983/31 5985/33 5984/32
f 5985/33 5986/34 5984/32
f 5986/34 5987/35 5984/32
f 5987/35 5988/36 5984/32
f 5988/36 5982/30 5984/32
f 5988/36 5987/35 5982/30
f 5987/35 5986/34 5982/30
f 5986/34 5985/33 5982/30
f 5985/33 5983/31 5982/30
f 5989/44 5990/45 5991/46
f 5990/45 5992/47 5991/46
f 5992/47 5993/48 5991/46
f 5993/48 5994/49 5991/46
f 5994/49 5995/50 5991/46
f 5995/50 5989/44 5991/46
f 5995/50 5994/49 5989/44
f 5994/49 5993/48 5989/44
f 5993/48 5992/47 5989/44
f 5992/47 5990/45 5989/44
f 5996/30 5997/31 5998/32
f 5997/31 5999/33 5998/32
f 5999/33 6000/34 5998/32
f 6000/34 6001/35 5998/32
f 6001/35 6002/36 5998/32
f 6002/36 5996/30 5998/32
f 6002/36 6001/35 5996/30
f 6001/35 6000/34 5996/30
f 6000/34 5999/33 5996/30
f 5999/33 5997/31 5996/30
f 6003/58 6004/58 6005/58
f 6006/58 6005/58 6004/58
f 6007/58 6003/58 6005/58
f 6008/58 6007/58 6005/58
f 6006/58 6008/58 6005/58
f 6009/58 6006/58 6004/58
f 6010/58 6004/58 6003/58
f 6011/58 6003/58 6007/58
f 6012/58 6007/58 6008/58
f 6013/58 6008/58 6006/58
f 6010/58 6009/58 6004/58
f 6011/58 6010/58 6003/58
f 6012/58 6011/58 6007/58
f 6013/58 6012/58 6008/58
f 6009/58 6013/58 6006/58
f 6014/58 6009/58 6010/58
f 6014/58 6010/58 6011/58
f 6014/58 6011/58 6012/58
f 6014/58 6012/58 6013/58
f 6014/58 6013/58 6009/58
f 6015/73 6016/74 6017/75
f 6016/74 6018/76 6017/75
f 6018/76 6019/77 6017/75
f 6019/77 6020/78 6017/75
f 6020/78 6021/79 6017/75
f 6021/79 6015/73 6017/75
f 6021/79 6020/78 6015/73
f 6020/78 6019/77 6015/73
f 6019/77 6018/76 6015/73
f 6018/76 6016/74 6015/73
f 6022/80 6023/81 6024/82
f 6023/81 6025/83 6024/82
f 6025/83 6026/84 6024/82
f 6026/84 6027/85 6024/82
f 6027/85 6028/86 6024/82
f 6028/86 6022/80 6024/82
f 6028/86 6027/85 6022/80
f 6027/85 6026/84 6022/80
f 6026/84 6025/83 6022/80
f 6025/83 6023/81 6022/80
f 6029/80 6030/81 6031/82
f 6030/81 6032/83 6031/82
f 6032/83 6033/84 6031/82
f 6033/84 6034/85 6031/82
f 6034/85 6035/86 6031/82
f 6035/86 6029/80 6031/82
f 6035/86 6034/85 6029/80
f 6034/85 6033/84 6029/80
f 6033/84 6032/83 6029/80
f 6032/83 6030/81 6029/80
f 6036/59 6037/60 6038/61
f 6037/60 6039/62 6038/61
f 6039/62 6040/63 6038/61
f 6040/63 6041/64 6038/61
f 6041/64 6042/65 6038/61
f 6042/65 6036/59 6038/61
f 6042/65 6041/64 6036/59
f 6041/64 6040/63 6036/59
f 6040/63 6039/62 6036/59
f 6039/62 6037/60 6036/59
f 6043/73 6044/74 6045/75
f 6044/74 6046/76 6045/75
f 6046/76 6047/77 6045/75
f 6047/77 6048/78 6045/75
f 6048/78 6049/79 6045/75
f 6049/79 6043/73 6045/75
f 6049/79 6048/78 6043/73
f 6048/78 6047/77 6043/73
f 6047/77 6046/76 6043/73
f 6046/76 6044/74 6043/73
f 6050/73 6051/74 6052/75
f 6051/74 6053/76 6052/75
f 6053/76 6054/77 6052/75
f 6054/77 6055/78 6052/75
f 6055/78 6056/79 6052/75
f 6056/79 6050/73 6052/75
f 6056/79 6055/78 6050/73
f 6055/78 6054/77 6050/73
f 6054/77 6053/76 6050/73
f 6053/76 6051/74 6050/73
f 6057/80 6058/81 6059/82
f 6058/81 6060/83 6059/82
f 6060/83 6061/84 6059/82
f 6061/84 6062/85 6059/82
f 6062/85 6063/86 6059/82
f 6063/86 6057/80 6059/82
f 6063/86 6062/85 6057/80
f 6062/85 6061/84 6057/80
f 6061/84 6060/83 6057/80
f 6060/83 6058/81 6057/80
f 6064/59 6065/60 6066/61
f 6065/60 6067/62 6066/61
f 6067/62 6068/63 6066/61
f 6068/63 6069/64 6066/61
f 6069/64 6070/65 6066/61
f 6070/65 6064/59 6066/61
f 6070/65 6069/64 6064/59
f 6069/64 6068/63 6064/59
f 6068/63 6067/62 6064/59
f 6067/62 6065/60 6064/59
f 6071/73 6072/74 6073/75
f 6072/74 6074/76 6073/75
f 6074/76 6075/77 6073/75
f 6075/77 6076/78 6073/75
f 6076/78 6077/79 6073/75
f 6077/79 6071/73 6073/75
f 6077/79 6076/78 6071/73
f 6076/78 6075/77 6071/73
f 6075/77 6074/76 6071/73
f 6074/76 6072/74 6071/73
f 6078/59 6079/60 6080/61
f 6079/60 6081/62 6080/61
f 6081/62 6082/63 6080/61
f 6082/63 6083/64 6080/61
f 6083/64 6084/65 6080/61
f 6084/65 6078/59 6080/61
f 6084/65 6083/64 6078/59
f 6083/64 6082/63 6078/59
f 6082/63 6081/62 6078/59
f 6081/62 6079/60 6078/59
f 6085/59 6086/60 6087/61
f 6086/60 6088/62 6087/61
f 6088/62 6089/63 6087/61
f 6089/63 6090/64 6087/61
f 6090/64 6091/65 6087/61
f 6091/65 6085/59 6087/61
f 6091/65 6090/64 6085/59
f 6090/64 6089/63 6085/59
f 6089/63 6088/62 6085/59
f 6088/62 6086/60 6085/59
f 6092/59 6093/60 6094/61
f 6093/60 6095/62 6094/61
f 6095/62 6096/63 6094/61
f 6096/63 6097/64 6094/61
f 6097/64 6098/65 6094/61
f 6098/65 6092/59 6094/61
f 6098/65 6097/64 6092/59
f 6097/64 6096/63 6092/59
f 6096/63 6095/62 6092/59
f 6095/62 6093/60 6092/59
f 6099/66 6100/67 6101/68
f 6100/67 6102/69 6101/68
f 6102/69 6103/70 6101/68
f 6103/70 6104/71 6101/68
f 6104/71 6105/72 6101/68
f 6105/72 6099/66 6101/68
f 6105/72 6104/71 6099/66
f 6104/71 6103/70 6099/66
f 6103/70 6102/69 6099/66
f 6102/69 6100/67 6099/66
f 6106/59 6107/60 6108/61
f 6107/60 6109/62 6108/61
f 6109/62 6110/63 6108/61
f 6110/63 6111/64 6108/61
f 6111/64 6112/65 6108/61
f 6112/65 6106/59 6108/61
f 6112/65 6111/64 6106/59
f 6111/64 6110/63 6106/59
f 6110/63 6109/62 6106/59
f 6109/62 6107/60 6106/59
f 6113/66 6114/67 6115/68
f 6114/67 6116/69 6115/68
f 6116/69 6117/70 6115/68
f 6117/70 6118/71 6115/68
f 6118/71 6119/72 6115/68
f 6119/72 6113/66 6115/68
f 6119/72 6118/71 6113/66
f 6118/71 6117/70 6113/66
f 6117/70 6116/69 6113/66
f 6116/69 6114/67 6113/66
f 6120/66 6121/67 6122/68
f 6121/67 6123/69 6122/68
f 6123/69 6124/70 6122/68
f 6124/70 6125/71 6122/68
f 6125/71 6126/72 6122/68
f 6126/72 6120/66 6122/68
f 6126/72 6125/71 6120/66
f 6125/71 6124/70 6120/66
f 6124/70 6123/69 6120/66
f 6123/69 6121/67 6120/66
f 6127/66 6128/67 6129/68
f 6128/67 6130/69 6129/68
f 6130/69 6131/70 6129/68
f 6131/70 6132/71 6129/68
f 6132/71 6133/72 6129/68
f 6133/72 6127/66 6129/68
f 6133/72 6132/71 6127/66
f 6132/71 6131/70 6127/66
f 6131/70 6130/69 6127/66
f 6130/69 6128/67 6127/66
f 6134/73 6135/74 6136/75
f 6135/74 6137/76 6136/75
f 6137/76 6138/77 6136/75
f 6138/77 6139/78 6136/75
f 6139/78 6140/79 6136/75
f 6140/79 6134/73 6136/75
f 6140/79 6139/78 6134/73
f 6139/78 6138/77 6134/73
f 6138/77 6137/76 6134/73
f 6137/76 6135/74 6134/73
f 6141/59 6142/60 6143/61
f 6142/60 6144/62 6143/61
f 6144/62 6145/63 6143/61
f 6145/63 6146/64 6143/61
f 6146/64 6147/65 6143/61
f 6147/65 6141/59 6143/61
f 6147/65 6146/64 6141/59
f 6146/64 6145/63 6141/59
f 6145/63 6144/62 6141/59
f 6144/62 6142/60 6141/59
f 6148/73 6149/74 6150/75
f 6149/74 6151/76 6150/75
f 6151/76 6152/77 6150/75
f 6152/77 6153/78 6150/75
f 6153/78 6154/79 6150/75
f 6154/79 6148/73 6150/75
f 6154/79 6153/78 6148/73
f 6153/78 6152/77 6148/73
f 6152/77 6151/76 6148/73
f 6151/76 6149/74 6148/73
f 6155/66 6156/67 6157/68
f 6156/67 6158/69 6157/68
f 6158/69 6159/70 6157/68
f 6159/70 6160/71 6157/68
f 6160/71 6161/72 6157/68
f 6161/72 6155/66 6157/68
f 6161/72 6160/71 6155/66
f 6160/71 6159/70 6155/66
f 6159/70 6158/69 6155/66
f 6158/69 6156/67 6155/66
f 6162/59 6163/60 6164/61
f 6163/60 6165/62 6164/61
f 6165/62 6166/63 6164/61
f 6166/63 6167/64 6164/61
f 6167/64 6168/65 6164/61
f 6168/65 6162/59 6164/61
f 6168/65 6167/64 6162/59
f 6167/64 6166/63 6162/59
f 6166/63 6165/62 6162/59
f 6165/62 6163/60 6162/59
f 6169/73 6170/74 6171/75
f 6170/74 6172/76 6171/75
f 6172/76 6173/77 6171/75
f 6173/77 6174/78 6171/75
f 6174/78 6175/79 6171/75
f 6175/79 6169/73 6171/75
f 6175/79 6174/78 6169/73
f 6174/78 6173/77 6169/73
f 6173/77 6172/76 6169/73
f 6172/76 6170/74 6169/73
f 6176/59 6177/60 6178/61
f 6177/60 6179/62 6178/61
f 6179/62 6180/63 6178/61
f 6180/63 6181/64 6178/61
f 6181/64 6182/65 6178/61
f 6182/65 6176/59 6178/61
f 6182/65 6181/64 6176/59
f 6181/64 6180/63 6176/59
f 6180/63 6179/62 6176/59
f 6179/62 6177/60 6176/59
f 6183/73 6184/74 6185/75
f 6184/74 6186/76 6185/75
f 6186/76 6187/77 6185/75
f 6187/77 6188/78 6185/75
f 6188/78 6189/79 6185/75
f 6189/79 6183/73 6185/75
f 6189/79 6188/78 6183/73
f 6188/78 6187/77 6183/73
f 6187/77 6186/76 6183/73
f 6186/76 6184/74 6183/73
f 6190/73 6191/74 6192/75
f 6191/74 6193/76 6192/75
f 6193/76 6194/77 6192/75
f 6194/77 6195/78 6192/75
f 6195/78 6196/79 6192/75
f 6196/79 6190/73 6192/75
f 6196/79 6195/78 6190/73
f 6195/78 6194/77 6190/73
f 6194/77 6193/76 6190/73
f 6193/76 6191/74 6190/73
f 6197/87 6198/87 6199/87
f 6200/87 6199/87 6198/87
f 6201/87 6197/87 6199/87
f 6202/87 6201/87 6199/87
f 6200/87 6202/87 6199/87
f 6203/87 6200/87 6198/87
f 6204/87 6198/87 6197/87
f 6205/87 6197/87 6201/87
f 6206/87 6201/87 6202/87
f 6207/87 6202/87 6200/87
f 6204/87 6203/87 6198/87
f 6205/87 6204/87 6197/87
f 6206/87 6205/87 6201/87
f 6207/87 6206/87 6202/87
f 6203/87 6207/87 6200/87
f 6208/87 6203/87 6204/87
f 6208/87 6204/87 6205/87
f 6208/87 6205/87 6206/87
f 6208/87 6206/87 6207/87
f 6208/87 6207/87 6203/87
f 6209/138 6210/139 6211/140
f 6210/139 6212/141 6211/140
f 6212/141 6213/142 6211/140
f 6213/142 6214/143 6211/140
f 6214/143 6215/144 6211/140
f 6215/144 6209/138 6211/140
f 6215/144 6214/143 6209/138
f 6214/143 6213/142 6209/138
f 6213/142 6212/141 6209/138
f 6212/141 6210/139 6209/138
f 6216/117 6217/118 6218/119
f 6217/118 6219/120 6218/119
f 6219/120 6220/121 6218/119
f 6220/121 6221/122 6218/119
f 6221/122 6222/123 6218/119
f 6222/123 6216/117 6218/119
f 6222/123 6221/122 6216/117
f 6221/122 6220/121 6216/117
f 6220/121 6219/120 6216/117
f 6219/120 6217/118 6216/117
f 6223/124 6224/125 6225/126
f 6224/125 6226/127 6225/126
f 6226/127 6227/128 6225/126
f 6227/128 6228/129 6225/126
f 6228/129 6229/130 6225/126
f 6229/130 6223/124 6225/126
f 6229/130 6228/129 6223/124
f 6228/129 6227/128 6223/124
f 6227/128 6226/127 6223/124
f 6226/127 6224/125 6223/124
f 6230/138 6231/139 6232/140
f 6231/139 6233/141 6232/140
f 6233/141 6234/142 6232/140
f 6234/142 6235/143 6232/140
f 6235/143 6236/144 6232/140
f 6236/144 6230/138 6232/140
f 6236/144 6235/143 6230/138
f 6235/143 6234/142 6230/138
f 6234/142 6233/141 6230/138
f 6233/141 6231/139 6230/138
f 6237/117 6238/118 6239/119
f 6238/118 6240/120 6239/119
f 6240/120 6241/121 6239/119
f 6241/121 6242/122 6239/119
f 6242/122 6243/123 6239/119
f 6243/123 6237/117 6239/119
f 6243/123 6242/122 6237/117
f 6242/122 6241/121 6237/117
f 6241/121 6240/120 6237/117
f 6240/120 6238/118 6237/117
f 6244/138 6245/139 6246/140
f 6245/139 6247/141 6246/140
f 6247/141 6248/142 6246/140
f 6248/142 6249/143 6246/140
f 6249/143 6250/144 6246/140
f 6250/144 6244/138 6246/140
f 6250/144 6249/143 6244/138
f 6249/143 6248/142 6244/138
f 6248/142 6247/141 6244/138
f 6247/141 6245/139 6244/138
f 6251/117 6252/118 6253/119
f 6252/118 6254/120 6253/119
f 6254/120 6255/121 6253/119
f 6255/121 6256/122 6253/119
f 6256/122 6257/123 6253/119
f 6257/123 6251/117 6253/119
f 6257/123 6256/122 6251/117
f 6256/122 6255/121 6251/117
f 6255/121 6254/120 6251/117
f 6254/120 6252/118 6251/117
f 6258/138 6259/139 6260/140
f 6259/139 6261/141 6260/140
f 6261/141 6262/142 6260/140
f 6262/142 6263/143 6260/140
f 6263/143 6264/144 6260/140
f 6264/144 6258/138 6260/140
f 6264/144 6263/143 6258/138
f 6263/143 6262/142 6258/138
f 6262/142 6261/141 6258/138
f 6261/141 6259/139 6258/138
f 6265/117 6266/118 6267/119
f 6266/118 6268/120 6267/119
f 6268/120 6269/121 6267/119
f 6269/121 6270/122 6267/119
f 6270/122 6271/123 6267/119
f 6271/123 6265/117 6267/119
f 6271/123 6270/122 6265/117
f 6270/122 6269/121 6265/117
f 6269/121 6268/120 6265/117
f 6268/120 6266/118 6265/117
f 6272/117 6273/118 6274/119
f 6273/118 6275/120 6274/119
f 6275/120 6276/121 6274/119
f 6276/121 6277/122 6274/119
f 6277/122 6278/123 6274/119
f 6278/123 6272/117 6274/119
f 6278/123 6277/122 6272/117
f 6277/122 6276/121 6272/117
f 6276/121 6275/120 6272/117
f 6275/120 6273/118 6272/117
f 6279/131 6280/132 6281/133
f 6280/132 6282/134 6281/133
f 6282/134 6283/135 6281/133
f 6283/135 6284/136 6281/133
f 6284/136 6285/137 6281/133
f 6285/137 6279/131 6281/133
f 6285/137 6284/136 6279/131
f 6284/136 6283/135 6279/131
f 6283/135 6282/134 6279/131
f 6282/134 6280/132 6279/131
f 6286/131 6287/132 6288/133
f 6287/132 6289/134 6288/133
f 6289/134 6290/135 6288/133
f 6290/135 6291/136 6288/133
f 6291/136 6292/137 6288/133
f 6292/137 6286/131 6288/133
f 6292/137 6291/136 6286/131
f 6291/136 6290/135 6286/131
f 6290/135 6289/134 6286/131
f 6289/134 6287/132 6286/131
f 6293/117 6294/118 6295/119
f 6294/118 6296/120 6295/119
f 6296/120 6297/121 6295/119
f 6297/121 6298/122 6295/119
f 6298/122 6299/123 6295/119
f 6299/123 6293/117 6295/119
f 6299/123 6298/122 6293/117
f 6298/122 6297/121 6293/117
f 6297/121 6296/120 6293/117
f 6296/120 6294/118 6293/117
f 6300/117 6301/118 6302/119
f 6301/118 6303/120 6302/119
f 6303/120 6304/121 6302/119
f 6304/121 6305/122 6302/119
f 6305/122 6306/123 6302/119
f 6306/123 6300/117 6302/119
f 6306/123 6305/122 6300/117
f 6305/122 6304/121 6300/117
f 6304/121 6303/120 6300/117
f 6303/120 6301/118 6300/117
f 6307/117 6308/118 6309/119
f 6308/118 6310/120 6309/119
f 6310/120 6311/121 6309/119
f 6311/121 6312/122 6309/119
f 6312/122 6313/123 6309/119
f 6313/123 6307/117 6309/119
f 6313/123 6312/122 6307/117
f 6312/122 6311/121 6307/117
f 6311/121 6310/120 6307/117
f 6310/120 6308/118 6307/117
f 6314/117 6315/118 6316/119
f 6315/118 6317/120 6316/119
f 6317/120 6318/121 6316/119
f 6318/121 6319/122 6316/119
f 6319/122 6320/123 6316/119
f 6320/123 6314/117 6316/119
f 6320/123 6319/122 6314/117
f 6319/122 6318/121 6314/117
f 6318/121 6317/120 6314/117
f 6317/120 6315/118 6314/117
f 6321/138 6322/139 6323/140
f 6322/139 6324/141 6323/140
f 6324/141 6325/142 6323/140
f 6325/142 6326/143 6323/140
f 6326/143 6327/144 6323/140
f 6327/144 6321/138 6323/140
f 6327/144 6326/143 6321/138
f 6326/143 6325/142 6321/138
f 6325/142 6324/141 6321/138
f 6324/141 6322/139 6321/138
f 6328/138 6329/139 6330/140
f 6329/139 6331/141 6330/140
f 6331/141 6332/142 6330/140
f 6332/142 6333/143 6330/140
f 6333/143 6334/144 6330/140
f 6334/144 6328/138 6330/140
f 6334/144 6333/143 6328/138
f 6333/143 6332/142 6328/138
f 6332/142 6331/141 6328/138
f 6331/141 6329/139 6328/138
f 6335/138 6336/139 6337/140
f 6336/139 6338/141 6337/140
f 6338/141 6339/142 6337/140
f 6339/142 6340/143 6337/140
f 6340/143 6341/144 6337/140
f 6341/144 6335/138 6337/140
f 6341/144 6340/143 6335/138
f 6340/143 6339/142 6335/138
f 6339/142 6338/141 6335/138
f 6338/141 6336/139 6335/138
f 6342/117 6343/118 6344/119
f 6343/118 6345/120 6344/119
f 6345/120 6346/121 6344/119
f 6346/121 6347/122 6344/119
f 6347/122 6348/123 6344/119
f 6348/123 6342/117 6344/119
f 6348/123 6347/122 6342/117
f 6347/122 6346/121 6342/117
f 6346/121 6345/120 6342/117
f 6345/120 6343/118 6342/117
f 6349/131 6350/132 6351/133
f 6350/132 6352/134 6351/133
f 6352/134 6353/135 6351/133
f 6353/135 6354/136 6351/133
f 6354/136 6355/137 6351/133
f 6355/137 6349/131 6351/133
f 6355/137 6354/136 6349/131
f 6354/136 6353/135 6349/131
f 6353/135 6352/134 6349/131
f 6352/134 6350/132 6349/131
f 6356/138 6357/139 6358/140
f 6357/139 6359/141 6358/140
f 6359/141 6360/142 6358/140
f 6360/142 6361/143 6358/140
f 6361/143 6362/144 6358/140
f 6362/144 6356/138 6358/140
f 6362/144 6361/143 6356/138
f 6361/143 6360/142 6356/138
f 6360/142 6359/141 6356/138
f 6359/141 6357/139 6356/138
f 6363/124 6364/125 6365/126
f 6364/125 6366/127 6365/126
f 6366/127 6367/128 6365/126
f 6367/128 6368/129 6365/126
f 6368/129 6369/130 6365/126
f 6369/130 6363/124 6365/126
f 6369/130 6368/129 6363/124
f 6368/129 6367/128 6363/124
f 6367/128 6366/127 6363/124
f 6366/127 6364/125 6363/124
f 6370/117 6371/118 6372/119
f 6371/118 6373/120 6372/119
f 6373/120 6374/121 6372/119
f 6374/121 6375/122 6372/119
f 6375/122 6376/123 6372/119
f 6376/123 6370/117 6372/119
f 6376/123 6375/122 6370/117
f 6375/122 6374/121 6370/117
f 6374/121 6373/120 6370/117
f 6373/120 6371/118 6370/117
f 6377/138 6378/139 6379/140
f 6378/139 6380/141 6379/140
f 6380/141 6381/142 6379/140
f 6381/142 6382/143 6379/140
f 6382/143 6383/144 6379/140
f 6383/144 6377/138 6379/140
f 6383/144 6382/143 6377/138
f 6382/143 6381/142 6377/138
f 6381/142 6380/141 6377/138
f 6380/141 6378/139 6377/138
f 6384/117 6385/118 6386/119
f 6385/118 6387/120 6386/119
f 6387/120 6388/121 6386/119
f 6388/121 6389/122 6386/119
f 6389/122 6390/123 6386/119
f 6390/123 6384/117 6386/119
f 6390/123 6389/122 6384/117
f 6389/122 6388/121 6384/117
f 6388/121 6387/120 6384/117
f 6387/120 6385/118 6384/117
f 6391/145 6392/145 6393/145
f 6394/145 6393/145 6392/145
f 6395/145 6391/145 6393/145
f 6396/145 6395/145 6393/145
f 6394/145 6396/145 6393/145
f 6397/145 6394/145 6392/145
f 6398/145 6392/145 6391/145
f 6399/145 6391/145 6395/145
f 6400/145 6395/145 6396/145
f 6401/145 6396/145 6394/145
f 6398/145 6397/145 6392/145
f 6399/145 6398/145 6391/145
f 6400/145 6399/145 6395/145
f 6401/145 6400/145 6396/145
f 6397/145 6401/145 6394/145
f 6402/145 6397/145 6398/145
f 6402/145 6398/145 6399/145
f 6402/145 6399/145 6400/145
f 6402/145 6400/145 6401/145
f 6402/145 6401/145 6397/145
f 6403/95 6404/96 6405/97
f 6404/96 6406/98 6405/97
f 6406/98 6407/99 6405/97
f 6407/99 6408/100 6405/97
f 6408/100 6409/101 6405/97
f 6409/101 6403/95 6405/97
f 6409/101 6408/100 6403/95
f 6408/100 6407/99 6403/95
f 6407/99 6406/98 6403/95
f 6406/98 6404/96 6403/95
f 6410/88 6411/89 6412/90
f 6411/89 6413/91 6412/90
f 6413/91 6414/92 6412/90
f 6414/92 6415/93 6412/90
f 6415/93 6416/94 6412/90
f 6416/94 6410/88 6412/90
f 6416/94 6415/93 6410/88
f 6415/93 6414/92 6410/88
f 6414/92 6413/91 6410/88
f 6413/91 6411/89 6410/88
f 6417/102 6418/103 6419/104
f 6418/103 6420/105 6419/104
f 6420/105 6421/106 6419/104
f 6421/106 6422/107 6419/104
f 6422/107 6423/108 6419/104
f 6423/108 6417/102 6419/104
f 6423/108 6422/107 6417/102
f 6422/107 6421/106 6417/102
f 6421/106 6420/105 6417/102
f 6420/105 6418/103 6417/102
f 6424/102 6425/103 6426/104
f 6425/103 6427/105 6426/104
f 6427/105 6428/106 6426/104
f 6428/106 6429/107 6426/104
f 6429/107 6430/108 6426/104
f 6430/108 6424/102 6426/104
f 6430/108 6429/107 6424/102
f 6429/107 6428/106 6424/102
f 6428/106 6427/105 6424/102
f 6427/105 6425/103 6424/102
f 6431/88 6432/89 6433/90
f 6432/89 6434/91 6433/90
f 6434/91 6435/92 6433/90
f 6435/92 6436/93 6433/90
f 6436/93 6437/94 6433/90
f 6437/94 6431/88 6433/90
f 6437/94 6436/93 6431/88
f 6436/93 6435/92 6431/88
f 6435/92 6434/91 6431/88
f 6434/91 6432/89 6431/88
f 6438/95 6439/96 6440/97
f 6439/96 6441/98 6440/97
f 6441/98 6442/99 6440/97
f 6442/99 6443/100 6440/97
f 6443/100 6444/101 6440/97
f 6444/101 6438/95 6440/97
f 6444/101 6443/100 6438/95
f 6443/100 6442/99 6438/95
f 6442/99 6441/98 6438/95
f 6441/98 6439/96 6438/95
f 6445/88 6446/89 6447/90
f 6446/89 6448/91 6447/90
f 6448/91 6449/92 6447/90
f 6449/92 6450/93 6447/90
f 6450/93 6451/94 6447/90
f 6451/94 6445/88 6447/90
f 6451/94 6450/93 6445/88
f 6450/93 6449/92 6445/88
f 6449/92 6448/91 6445/88
f 6448/91 6446/89 6445/88
f 6452/102 6453/103 6454/104
f 6453/103 6455/105 6454/104
f 6455/105 6456/106 6454/104
f 6456/106 6457/107 6454/104
f 6457/107 6458/108 6454/104
f 6458/108 6452/102 6454/104
f 6458/108 6457/107 6452/102
f 6457/107 6456/106 6452/102
f 6456/106 6455/105 6452/102
f 6455/105 6453/103 6452/102
f 6459/109 6460/110 6461/111
f 6460/110 6462/112 6461/111
f 6462/112 6463/113 6461/111
f 6463/113 6464/114 6461/111
f 6464/114 6465/115 6461/111
f 6465/115 6459/109 6461/111
f 6465/115 6464/114 6459/109
f 6464/114 6463/113 6459/109
f 6463/113 6462/112 6459/109
f 6462/112 6460/110 6459/109
f 6466/88 6467/89 6468/90
f 6467/89 6469/91 6468/90
f 6469/91 6470/92 6468/90
f 6470/92 6471/93 6468/90
f 6471/93 6472/94 6468/90
f 6472/94 6466/88 6468/90
f 6472/94 6471/93 6466/88
f 6471/93 6470/92 6466/88
f 6470/92 6469/91 6466/88
f 6469/91 6467/89 6466/88
f 6473/88 6474/89 6475/90
f 6474/89 6476/91 6475/90
f 6476/91 6477/92 6475/90
f 6477/92 6478/93 6475/90
f 6478/93 6479/94 6475/90
f 6479/94 6473/88 6475/90
f 6479/94 6478/93 6473/88
f 6478/93 6477/92 6473/88
f 6477/92 6476/91 6473/88
f 6476/91 6474/89 6473/88
f 6480/95 6481/96 6482/97
f 6481/96 6483/98 6482/97
f 6483/98 6484/99 6482/97
f 6484/99 6485/100 6482/97
f 6485/100 6486/101 6482/97
f 6486/101 6480/95 6482/97
f 6486/101 6485/100 6480/95
f 6485/100 6484/99 6480/95
f 6484/99 6483/98 6480/95
f 6483/98 6481/96 6480/95
f 6487/102 6488/103 6489/104
f 6488/103 6490/105 6489/104
f 6490/105 6491/106 6489/104
f 6491/106 6492/107 6489/104
f 6492/107 6493/108 6489/104
f 6493/108 6487/102 6489/104
f 6493/108 6492/107 6487/102
f 6492/107 6491/106 6487/102
f 6491/106 6490/105 6487/102
f 6490/105 6488/103 6487/102
f 6494/88 6495/89 6496/90
f 6495/89 6497/91 6496/90
f 6497/91 6498/92 6496/90
f 6498/92 6499/93 6496/90
f 6499/93 6500/94 6496/90
f 6500/94 6494/88 6496/90
f 6500/94 6499/93 6494/88
f 6499/93 6498/92 6494/88
f 6498/92 6497/91 6494/88
f 6497/91 6495/89 6494/88
f 6501/102 6502/103 6503/104
f 6502/103 6504/105 6503/104
f 6504/105 6505/106 6503/104
f 6505/106 6506/107 6503/104
f 6506/107 6507/108 6503/104
f 6507/108 6501/102 6503/104
f 6507/108 6506/107 6501/102
f 6506/107 6505/106 6501/102
f 6505/106 6504/105 6501/102
f 6504/105 6502/103 6501/102
f 6508/95 6509/96 6510/97
f 6509/96 6511/98 6510/97
f 6511/98 6512/99 6510/97
f 6512/99 6513/100 6510/97
f 6513/100 6514/101 6510/97
f 6514/101 6508/95 6510/97
f 6514/101 6513/100 6508/95
f 6513/100 6512/99 6508/95
f 6512/99 6511/98 6508/95
f 6511/98 6509/96 6508/95
f 6515/109 6516/110 6517/111
f 6516/110 6518/112 6517/111
f 6518/112 6519/113 6517/111
f 6519/113 6520/114 6517/111
f 6520/114 6521/115 6517/111
f 6521/115 6515/109 6517/111
f 6521/115 6520/114 6515/109
f 6520/114 6519/113 6515/109
f 6519/113 6518/112 6515/109
f 6518/112 6516/110 6515/109
f 6522/102 6523/103 6524/104
f 6523/103 6525/105 6524/104
f 6525/105 6526/106 6524/104
f 6526/106 6527/107 6524/104
f 6527/107 6528/108 6524/104
f 6528/108 6522/102 6524/104
f 6528/108 6527/107 6522/102
f 6527/107 6526/106 6522/102
f 6526/106 6525/105 6522/102
f 6525/105 6523/103 6522/102
f 6529/102 6530/103 6531/104
f 6530/103 6532/105 6531/104
f 6532/105 6533/106 6531/104
f 6533/106 6534/107 6531/104
f 6534/107 6535/108 6531/104
f 6535/108 6529/102 6531/104
f 6535/108 6534/107 6529/102
f 6534/107 6533/106 6529/102
f 6533/106 6532/105 6529/102
f 6532/105 6530/103 6529/102
f 6536/102 6537/103 6538/104
f 6537/103 6539/105 6538/104
f 6539/105 6540/106 6538/104
f 6540/106 6541/107 6538/104
f 6541/107 6542/108 6538/104
f 6542/108 6536/102 6538/104
f 6542/108 6541/107 6536/102
f 6541/107 6540/106 6536/102
f 6540/106 6539/105 6536/102
f 6539/105 6537/103 6536/102
f 6543/102 6544/103 6545/104
f 6544/103 6546/105 6545/104
f 6546/105 6547/106 6545/104
f 6547/106 6548/107 6545/104
f 6548/107 6549/108 6545/104
f 6549/108 6543/102 6545/104
f 6549/108 6548/107 6543/102
f 6548/107 6547/106 6543/102
f 6547/106 6546/105 6543/102
f 6546/105 6544/103 6543/102
f 6550/102 6551/103 6552/104
f 6551/103 6553/105 6552/104
f 6553/105 6554/106 6552/104
f 6554/106 6555/107 6552/104
f 6555/107 6556/108 6552/104
f 6556/108 6550/102 6552/104
f 6556/108 6555/107 6550/102
f 6555/107 6554/106 6550/102
f 6554/106 6553/105 6550/102
f 6553/105 6551/103 6550/102
f 6557/88 6558/89 6559/90
f 6558/89 6560/91 6559/90
f 6560/91 6561/92 6559/90
f 6561/92 6562/93 6559/90
f 6562/93 6563/94 6559/90
f 6563/94 6557/88 6559/90
f 6563/94 6562/93 6557/88
f 6562/93 6561/92 6557/88
f 6561/92 6560/91 6557/88
f 6560/91 6558/89 6557/88
f 6564/88 6565/89 6566/90
f 6565/89 6567/91 6566/90
f 6567/91 6568/92 6566/90
f 6568/92 6569/93 6566/90
f 6569/93 6570/94 6566/90
f 6570/94 6564/88 6566/90
f 6570/94 6569/93 6564/88
f 6569/93 6568/92 6564/88
f 6568/92 6567/91 6564/88
f 6567/91 6565/89 6564/88
f 6571/102 6572/103 6573/104
f 6572/103 6574/105 6573/104
f 6574/105 6575/106 6573/104
f 6575/106 6576/107 6573/104
f 6576/107 6577/108 6573/104
f 6577/108 6571/102 6573/104
f 6577/108 6576/107 6571/102
f 6576/107 6575/106 6571/102
f 6575/106 6574/105 6571/102
f 6574/105 6572/103 6571/102
f 6578/102 6579/103 6580/104
f 6579/103 6581/105 6580/104
f 6581/105 6582/106 6580/104
f 6582/106 6583/107 6580/104
f 6583/107 6584/108 6580/104
f 6584/108 6578/102 6580/104
f 6584/108 6583/107 6578/102
f 6583/107 6582/106 6578/102
f 6582/106 6581/105 6578/102
f 6581/105 6579/103 6578/102
f 6585/116 6586/116 6587/116
f 6588/116 6587/116 6586/116
f 6589/116 6585/116 6587/116
f 6590/116 6589/116 6587/116
f 6588/116 6590/116 6587/116
f 6591/116 6588/116 6586/116
f 6592/116 6586/116 6585/116
f 6593/116 6585/116 6589/116
f 6594/116 6589/116 6590/116
f 6595/116 6590/116 6588/116
f 6592/116 6591/116 6586/116
f 6593/116 6592/116 6585/116
f 6594/116 6593/116 6589/116
f 6595/116 6594/116 6590/116
f 6591/116 6595/116 6588/116
f 6596/116 6591/116 6592/116
f 6596/116 6592/116 6593/116
f 6596/116 6593/116 6594/116
f 6596/116 6594/116 6595/116
f 6596/116 6595/116 6591/116
f 6597/8 6598/9 6599/10
f 6598/9 6600/11 6599/10
f 6600/11 6601/12 6599/10
f 6601/12 6602/13 6599/10
f 6602/13 6603/14 6599/10
f 6603/14 6597/8 6599/10
f 6603/14 6602/13 6597/8
f 6602/13 6601/12 6597/8
f 6601/12 6600/11 6597/8
f 6600/11 6598/9 6597/8
f 6604/8 6605/9 6606/10
f 6605/9 6607/11 6606/10
f 6607/11 6608/12 6606/10
f 6608/12 6609/13 6606/10
f 6609/13 6610/14 6606/10
f 6610/14 6604/8 6606/10
f 6610/14 6609/13 6604/8
f 6609/13 6608/12 6604/8
f 6608/12 6607/11 6604/8
f 6607/11 6605/9 6604/8
f 6611/1 6612/2 6613/3
f 6612/2 6614/4 6613/3
f 6614/4 6615/5 6613/3
f 6615/5 6616/6 6613/3
f 6616/6 6617/7 6613/3
f 6617/7 6611/1 6613/3
f 6617/7 6616/6 6611/1
f 6616/6 6615/5 6611/1
f 6615/5 6614/4 6611/1
f 6614/4 6612/2 6611/1
f 6618/22 6619/23 6620/24
f 6619/23 6621/25 6620/24
f 6621/25 6622/26 6620/24
f 6622/26 6623/27 6620/24
f 6623/27 6624/28 6620/24
f 6624/28 6618/22 6620/24
f 6624/28 6623/27 6618/22
f 6623/27 6622/26 6618/22
f 6622/26 6621/25 6618/22
f 6621/25 6619/23 6618/22
f 6625/1 6626/2 6627/3
f 6626/2 6628/4 6627/3
f 6628/4 6629/5 6627/3
f 6629/5 6630/6 6627/3
f 6630/6 6631/7 6627/3
f 6631/7 6625/1 6627/3
f 6631/7 6630/6 6625/1
f 6630/6 6629/5 6625/1
f 6629/5 6628/4 6625/1
f 6628/4 6626/2 6625/1
f 6632/1 6633/2 6634/3
f 6633/2 6635/4 6634/3
f 6635/4 6636/5 6634/3
f 6636/5 6637/6 6634/3
f 6637/6 6638/7 6634/3
f 6638/7 6632/1 6634/3
f 6638/7 6637/6 6632/1
f 6637/6 6636/5 6632/1
f 6636/5 6635/4 6632/1
f 6635/4 6633/2 6632/1
f 6639/15 6640/16 6641/17
f 6640/16 6642/18 6641/17
f 6642/18 6643/19 6641/17
f 6643/19 6644/20 6641/17
f 6644/20 6645/21 6641/17
f 6645/21 6639/15 6641/17
f 6645/21 6644/20 6639/15
f 6644/20 6643/19 6639/15
f 6643/19 6642/18 6639/15
f 6642/18 6640/16 6639/15
f 6646/15 6647/16 6648/17
f 6647/16 6649/18 6648/17
f 6649/18 6650/19 6648/17
f 6650/19 6651/20 6648/17
f 6651/20 6652/21 6648/17
f 6652/21 6646/15 6648/17
f 6652/21 6651/20 6646/15
f 6651/20 6650/19 6646/15
f 6650/19 6649/18 6646/15
f 6649/18 6647/16 6646/15
f 6653/8 6654/9 6655/10
f 6654/9 6656/11 6655/10
f 6656/11 6657/12 6655/10
f 6657/12 6658/13 6655/10
f 6658/13 6659/14 6655/10
f 6659/14 6653/8 6655/10
f 6659/14 6658/13 6653/8
f 6658/13 6657/12 6653/8
f 6657/12 6656/11 6653/8
f 6656/11 6654/9 6653/8
f 6660/22 6661/23 6662/24
f 6661/23 6663/25 6662/24
f 6663/25 6664/26 6662/24
f 6664/26 6665/27 6662/24
f 6665/27 6666/28 6662/24
f 6666/28 6660/22 6662/24
f 6666/28 6665/27 6660/22
f 6665/27 6664/26 6660/22
f 6664/26 6663/25 6660/22
f 6663/25 6661/23 6660/22
f 6667/8 6668/9 6669/10
f 6668/9 6670/11 6669/10
f 6670/11 6671/12 6669/10
f 6671/12 6672/13 6669/10
f 6672/13 6673/14 6669/10
f 6673/14 6667/8 6669/10
f 6673/14 6672/13 6667/8
f 6672/13 6671/12 6667/8
f 6671/12 6670/11 6667/8
f 6670/11 6668/9 6667/8
f 6674/1 6675/2 6676/3
f 6675/2 6677/4 6676/3
f 6677/4 6678/5 6676/3
f 6678/5 6679/6 6676/3
f 6679/6 6680/7 6676/3
f 6680/7 6674/1 6676/3
f 6680/7 6679/6 6674/1
f 6679/6 6678/5 6674/1
f 6678/5 6677/4 6674/1
f 6677/4 6675/2 6674/1
f 6681/15 6682/16 6683/17
f 6682/16 6684/18 6683/17
f 6684/18 6685/19 6683/17
f 6685/19 6686/20 6683/17
f 6686/20 6687/21 6683/17
f 6687/21 6681/15 6683/17
f 6687/21 6686/20 6681/15
f 6686/20 6685/19 6681/15
f 6685/19 6684/18 6681/15
f 6684/18 6682/16 6681/15
f 6688/22 6689/23 6690/24
f 6689/23 6691/25 6690/24
f 6691/25 6692/26 6690/24
f 6692/26 6693/27 6690/24
f 6693/27 6694/28 6690/24
f 6694/28 6688/22 6690/24
f 6694/28 6693/27 6688/22
f 6693/27 6692/26 6688/22
f 6692/26 6691/25 6688/22
f 6691/25 6689/23 6688/22
f 6695/8 6696/9 6697/10
f 6696/9 6698/11 6697/10
f 6698/11 6699/12 6697/10
f 6699/12 6700/13 6697/10
f 6700/13 6701/14 6697/10
f 6701/14 6695/8 6697/10
f 6701/14 6700/13 6695/8
f 6700/13 6699/12 6695/8
f 6699/12 6698/11 6695/8
f 6698/11 6696/9 6695/8
f 6702/1 6703/2 6704/3
f 6703/2 6705/4 6704/3
f 6705/4 6706/5 6704/3
f 6706/5 6707/6 6704/3
f 6707/6 6708/7 6704/3
f 6708/7 6702/1 6704/3
f 6708/7 6707/6 6702/1
f 6707/6 6706/5 6702/1
f 6706/5 6705/4 6702/1
f 6705/4 6703/2 6702/1
f 6709/8 6710/9 6711/10
f 6710/9 6712/11 6711/10
f 6712/11 6713/12 6711/10
f 6713/12 6714/13 6711/10
f 6714/13 6715/14 6711/10
f 6715/14 6709/8 6711/10
f 6715/14 6714/13 6709/8
f 6714/13 6713/12 6709/8
f 6713/12 6712/11 6709/8
f 6712/11 6710/9 6709/8
f 6716/1 6717/2 6718/3
f 6717/2 6719/4 6718/3
f 6719/4 6720/5 6718/3
f 6720/5 6721/6 6718/3
f 6721/6 6722/7 6718/3
f 6722/7 6716/1 6718/3
f 6722/7 6721/6 6716/1
f 6721/6 6720/5 6716/1
f 6720/5 6719/4 6716/1
f 6719/4 6717/2 6716/1
f 6723/8 6724/9 6725/10
f 6724/9 6726/11 6725/10
f 6726/11 6727/12 6725/10
f 6727/12 6728/13 6725/10
f 6728/13 6729/14 6725/10
f 6729/14 6723/8 6725/10
f 6729/14 6728/13 6723/8
f 6728/13 6727/12 6723/8
f 6727/12 6726/11 6723/8
f 6726/11 6724/9 6723/8
f 6730/15 6731/16 6732/17
f 6731/16 6733/18 6732/17
f 6733/18 6734/19 6732/17
f 6734/19 6735/20 6732/17
f 6735/20 6736/21 6732/17
f 6736/21 6730/15 6732/17
f 6736/21 6735/20 6730/15
f 6735/20 6734/19 6730/15
f 6734/19 6733/18 6730/15
f 6733/18 6731/16 6730/15
f 6737/1 6738/2 6739/3
f 6738/2 6740/4 6739/3
f 6740/4 6741/5 6739/3
f 6741/5 6742/6 6739/3
f 6742/6 6743/7 6739/3
f 6743/7 6737/1 6739/3
f 6743/7 6742/6 6737/1
f 6742/6 6741/5 6737/1
f 6741/5 6740/4 6737/1
f 6740/4 6738/2 6737/1
f 6744/15 6745/16 6746/17
f 6745/16 6747/18 6746/17
f 6747/18 6748/19 6746/17
f 6748/19 6749/20 6746/17
f 6749/20 6750/21 6746/17
f 6750/21 6744/15 6746/17
f 6750/21 6749/20 6744/15
f 6749/20 6748/19 6744/15
f 6748/19 6747/18 6744/15
f 6747/18 6745/16 6744/15
f 6751/15 6752/16 6753/17
f 6752/16 6754/18 6753/17
f 6754/18 6755/19 6753/17
f 6755/19 6756/20 6753/17
f 6756/20 6757/21 6753/17
f 6757/21 6751/15 6753/17
f 6757/21 6756/20 6751/15
f 6756/20 6755/19 6751/15
f 6755/19 6754/18 6751/15
f 6754/18 6752/16 6751/15
f 6758/1 6759/2 6760/3
f 6759/2 6761/4 6760/3
f 6761/4 6762/5 6760/3
f 6762/5 6763/6 6760/3
f 6763/6 6764/7 6760/3
f 6764/7 6758/1 6760/3
f 6764/7 6763/6 6758/1
f 6763/6 6762/5 6758/1
f 6762/5 6761/4 6758/1
f 6761/4 6759/2 6758/1
f 6765/15 6766/16 6767/17
f 6766/16 6768/18 6767/17
f 6768/18 6769/19 6767/17
f 6769/19 6770/20 6767/17
f 6770/20 6771/21 6767/17
f 6771/21 6765/15 6767/17
f 6771/21 6770/20 6765/15
f 6770/20 6769/19 6765/15
f 6769/19 6768/18 6765/15
f 6768/18 6766/16 6765/15
f 6772/1 6773/2 6774/3
f 6773/2 6775/4 6774/3
f 6775/4 6776/5 6774/3
f 6776/5 6777/6 6774/3
f 6777/6 6778/7 6774/3
f 6778/7 6772/1 6774/3
f 6778/7 6777/6 6772/1
f 6777/6 6776/5 6772/1
f 6776/5 6775/4 6772/1
f 6775/4 6773/2 6772/1
f 6779/29 6780/29 6781/29
f 6782/29 6781/29 6780/29
f 6783/29 6779/29 6781/29
f 6784/29 6783/29 6781/29
f 6782/29 6784/29 6781/29
f 6785/29 6782/29 6780/29
f 6786/29 6780/29 6779/29
f 6787/29 6779/29 6783/29
f 6788/29 6783/29 6784/29
f 6789/29 6784/29 6782/29
f 6786/29 6785/29 6780/29
f 6787/29 6786/29 6779/29
f 6788/29 6787/29 6783/29
f 6789/29 6788/29 6784/29
f 6785/29 6789/29 6782/29
f 6790/29 6785/29 6786/29
f 6790/29 6786/29 6787/29
f 6790/29 6787/29 6788/29
f 6790/29 6788/29 6789/29
f 6790/29 6789/29 6785/29
f 6791/138 6792/139 6793/140
f 6792/139 6794/141 6793/140
f 6794/141 6795/142 6793/140
f 6795/142 6796/143 6793/140
f 6796/143 6797/144 6793/140
f 6797/144 6791/138 6793/140
f 6797/144 6796/143 6791/138
f 6796/143 6795/142 6791/138
f 6795/142 6794/141 6791/138
f 6794/141 6792/139 6791/138
f 6798/117 6799/118 6800/119
f 6799/118 6801/120 6800/119
f 6801/120 6802/121 6800/119
f 6802/121 6803/122 6800/119
f 6803/122 6804/123 6800/119
f 6804/123 6798/117 6800/119
f 6804/123 6803/122 6798/117
f 6803/122 6802/121 6798/117
f 6802/121 6801/120 6798/117
f 6801/120 6799/118 6798/117
f 6805/138 6806/139 6807/140
f 6806/139 6808/141 6807/140
f 6808/141 6809/142 6807/140
f 6809/142 6810/143 6807/140
f 6810/143 6811/144 6807/140
f 6811/144 6805/138 6807/140
f 6811/144 6810/143 6805/138
f 6810/143 6809/142 6805/138
f 6809/142 6808/141 6805/138
f 6808/141 6806/139 6805/138
f 6812/117 6813/118 6814/119
f 6813/118 6815/120 6814/119
f 6815/120 6816/121 6814/119
f 6816/121 6817/122 6814/119
f 6817/122 6818/123 6814/119
f 6818/123 6812/117 6814/119
f 6818/123 6817/122 6812/117
f 6817/122 6816/121 6812/117
f 6816/121 6815/120 6812/117
f 6815/120 6813/118 6812/117
f 6819/124 6820/125 6821/126
f 6820/125 6822/127 6821/126
f 6822/127 6823/128 6821/126
f 6823/128 6824/129 6821/126
f 6824/129 6825/130 6821/126
f 6825/130 6819/124 6821/126
f 6825/130 6824/129 6819/124
f 6824/129 6823/128 6819/124
f 6823/128 6822/127 6819/124
f 6822/127 6820/125 6819/124
f 6826/138 6827/139 6828/140
f 6827/139 6829/141 6828/140
f 6829/141 6830/142 6828/140
f 6830/142 6831/143 6828/140
f 6831/143 6832/144 6828/140
f 6832/144 6826/138 6828/140
f 6832/144 6831/143 6826/138
f 6831/143 6830/142 6826/138
f 6830/142 6829/141 6826/138
f 6829/141 6827/139 6826/138
f 6833/138 6834/139 6835/140
f 6834/139 6836/141 6835/140
f 6836/141 6837/142 6835/140
f 6837/142 6838/143 6835/140
f 6838/143 6839/144 6835/140
f 6839/144 6833/138 6835/140
f 6839/144 6838/143 6833/138
f 6838/143 6837/142 6833/138
f 6837/142 6836/141 6833/138
f 6836/141 6834/139 6833/138
f 6840/117 6841/118 6842/119
f 6841/118 6843/120 6842/119
f 6843/120 6844/121 6842/119
f 6844/121 6845/122 6842/119
f 6845/122 6846/123 6842/119
f 6846/123 6840/117 6842/119
f 6846/123 6845/122 6840/117
f 6845/122 6844/121 6840/117
f 6844/121 6843/120 6840/117
f 6843/120 6841/118 6840/117
f 6847/124 6848/125 6849/126
f 6848/125 6850/127 6849/126
f 6850/127 6851/128 6849/126
f 6851/128 6852/129 6849/126
f 6852/129 6853/130 6849/126
f 6853/130 6847/124 6849/126
f 6853/130 6852/129 6847/124
f 6852/129 6851/128 6847/124
f 6851/128 6850/127 6847/124
f 6850/127 6848/125 6847/124
f 6854/117 6855/118 6856/119
f 6855/118 6857/120 6856/119
f 6857/120 6858/121 6856/119
f 6858/121 6859/122 6856/119
f 6859/122 6860/123 6856/119
f 6860/123 6854/117 6856/119
f 6860/123 6859/122 6854/117
f 6859/122 6858/121 6854/117
f 6858/121 6857/120 6854/117
f 6857/120 6855/118 6854/117
f 6861/117 6862/118 6863/119
f 6862/118 6864/120 6863/119
f 6864/120 6865/121 6863/119
f 6865/121 6866/122 6863/119
f 6866/122 6867/123 6863/119
f 6867/123 6861/117 6863/119
f 6867/123 6866/122 6861/117
f 6866/122 6865/121 6861/117
f 6865/121 6864/120 6861/117
f 6864/120 6862/118 6861/117
f 6868/117 6869/118 6870/119
f 6869/118 6871/120 6870/119
f 6871/120 6872/121 6870/119
f 6872/121 6873/122 6870/119
f 6873/122 6874/123 6870/119
f 6874/123 6868/117 6870/119
f 6874/123 6873/122 6868/117
f 6873/122 6872/121 6868/117
f 6872/121 6871/120 6868/117
f 6871/120 6869/118 6868/117
f 6875/117 6876/118 6877/119
f 6876/118 6878/120 6877/119
f 6878/120 6879/121 6877/119
f 6879/121 6880/122 6877/119
f 6880/122 6881/123 6877/119
f 6881/123 6875/117 6877/119
f 6881/123 6880/122 6875/117
f 6880/122 6879/121 6875/117
f 6879/121 6878/120 6875/117
f 6878/120 6876/118 6875/117
f 6882/131 6883/132 6884/133
f 6883/132 6885/134 6884/133
f 6885/134 6886/135 6884/133
f 6886/135 6887/136 6884/133
f 6887/136 6888/137 6884/133
f 6888/137 6882/131 6884/133
f 6888/137 6887/136 6882/131
f 6887/136 6886/135 6882/131
f 6886/135 6885/134 6882/131
f 6885/134 6883/132 6882/131
f 6889/117 6890/118 6891/119
f 6890/118 6892/120 6891/119
f 6892/120 6893/121 6891/119
f 6893/121 6894/122 6891/119
f 6894/122 6895/123 6891/119
f 6895/123 6889/117 6891/119
f 6895/123 6894/122 6889/117
f 6894/122 6893/121 6889/117
f 6893/121 6892/120 6889/117
f 6892/120 6890/118 6889/117
f 6896/124 6897/125 6898/126
f 6897/125 6899/127 6898/126
f 6899/127 6900/128 6898/126
f 6900/128 6901/129 6898/126
f 6901/129 6902/130 6898/126
f 6902/130 6896/124 6898/126
f 6902/130 6901/129 6896/124
f 6901/129 6900/128 6896/124
f 6900/128 6899/127 6896/124
f 6899/127 6897/125 6896/124
f 6903/131 6904/132 6905/133
f 6904/132 6906/134 6905/133
f 6906/134 6907/135 6905/133
f 6907/135 6908/136 6905/133
f 6908/136 6909/137 6905/133
f 6909/137 6903/131 6905/133
f 6909/137 6908/136 6903/131
f 6908/136 6907/135 6903/131
f 6907/135 6906/134 6903/131
f 6906/134 6904/132 6903/131
f 6910/138 6911/139 6912/140
f 6911/139 6913/141 6912/140
f 6913/141 6914/142 6912/140
f 6914/142 6915/143 6912/140
f 6915/143 6916/144 6912/140
f 6916/144 6910/138 6912/140
f 6916/144 6915/143 6910/138
f 6915/143 6914/142 6910/138
f 6914/142 6913/141 6910/138
f 6913/141 6911/139 6910/138
f 6917/124 6918/125 6919/126
f 6918/125 6920/127 6919/126
f 6920/127 6921/128 6919/126
f 6921/128 6922/129 6919/126
f 6922/129 6923/130 6919/126
f 6923/130 6917/124 6919/126
f 6923/130 6922/129 6917/124
f 6922/129 6921/128 6917/124
f 6921/128 6920/127 6917/124
f 6920/127 6918/125 6917/124
f 6924/138 6925/139 6926/140
f 6925/139 6927/141 6926/140
f 6927/141 6928/142 6926/140
f 6928/142 6929/143 6926/140
f 6929/143 6930/144 6926/140
f 6930/144 6924/138 6926/140
f 6930/144 6929/143 6924/138
f 6929/143 6928/142 6924/138
f 6928/142 6927/141 6924/138
f 6927/141 6925/139 6924/138
f 6931/117 6932/118 6933/119
f 6932/118 6934/120 6933/119
f 6934/120 6935/121 6933/119
f 6935/121 6936/122 6933/119
f 6936/122 6937/123 6933/119
f 6937/123 6931/117 6933/119
f 6937/123 6936/122 6931/117
f 6936/122 6935/121 6931/117
f 6935/121 6934/120 6931/117
f 6934/120 6932/118 6931/117
f 6938/138 6939/139 6940/140
f 6939/139 6941/141 6940/140
f 6941/141 6942/142 6940/140
f 6942/142 6943/143 6940/140
f 6943/143 6944/144 6940/140
f 6944/144 6938/138 6940/140
f 6944/144 6943/143 6938/138
f 6943/143 6942/142 6938/138
f 6942/142 6941/141 6938/138
f 6941/141 6939/139 6938/138
f 6945/124 6946/125 6947/126
f 6946/125 6948/127 6947/126
f 6948/127 6949/128 6947/126
f 6949/128 6950/129 6947/126
f 6950/129 6951/130 6947/126
f 6951/130 6945/124 6947/126
f 6951/130 6950/129 6945/124
f 6950/129 6949/128 6945/124
f 6949/128 6948/127 6945/124
f 6948/127 6946/125 6945/124
f 6952/117 6953/118 6954/119
f 6953/118 6955/120 6954/119
f 6955/120 6956/121 6954/119
f 6956/121 6957/122 6954/119
f 6957/122 6958/123 6954/119
f 6958/123 6952/117 6954/119
f 6958/123 6957/122 6952/117
f 6957/122 6956/121 6952/117
f 6956/121 6955/120 6952/117
f 6955/120 6953/118 6952/117
f 6959/131 6960/132 6961/133
f 6960/132 6962/134 6961/133
f 6962/134 6963/135 6961/133
f 6963/135 6964/136 6961/133
f 6964/136 6965/137 6961/133
f 6965/137 6959/131 6961/133
f 6965/137 6964/136 6959/131
f 6964/136 6963/135 6959/131
f 6963/135 6962/134 6959/131
f 6962/134 6960/132 6959/131
f 6966/117 6967/118 6968/119
f 6967/118 6969/120 6968/119
f 6969/120 6970/121 6968/119
f 6970/121 6971/122 6968/119
f 6971/122 6972/123 6968/119
f 6972/123 6966/117 6968/119
f 6972/123 6971/122 6966/117
f 6971/122 6970/121 6966/117
f 6970/121 6969/120 6966/117
f 6969/120 6967/118 6966/117
f 6973/145 6974/145 6975/145
f 6976/145 6975/145 6974/145
f 6977/145 6973/145 6975/145
f 6978/145 6977/145 6975/145
f 6976/145 6978/145 6975/145
f 6979/145 6976/145 6974/145
f 6980/145 6974/145 6973/145
f 6981/145 6973/145 6977/145
f 6982/145 6977/145 6978/145
f 6983/145 6978/145 6976/145
f 6980/145 6979/145 6974/145
f 6981/145 6980/145 6973/145
f 6982/145 6981/145 6977/145
f 6983/145 6982/145 6978/145
f 6979/145 6983/145 6976/145
f 6984/145 6979/145 6980/145
f 6984/145 6980/145 6981/145
f 6984/145 6981/145 6982/145
f 6984/145 6982/145 6983/145
f 6984/145 6983/145 6979/145
f 6985/51 6986/52 6987/53
f 6986/52 6988/54 6987/53
f 6988/54 6989/55 6987/53
f 6989/55 6990/56 6987/53
f 6990/56 6991/57 6987/53
f 6991/57 6985/51 6987/53
f 6991/57 6990/56 6985/51
f 6990/56 6989/55 6985/51
f 6989/55 6988/54 6985/51
f 6988/54 6986/52 6985/51
f 6992/37 6993/38 6994/39
f 6993/38 6995/40 6994/39
f 6995/40 6996/41 6994/39
f 6996/41 6997/42 6994/39
f 6997/42 6998/43 6994/39
f 6998/43 6992/37 6994/39
f 6998/43 6997/42 6992/37
f 6997/42 6996/41 6992/37
f 6996/41 6995/40 6992/37
f 6995/40 6993/38 6992/37
f 6999/37 7000/38 7001/39
f 7000/38 7002/40 7001/39
f 7002/40 7003/41 7001/39
f 7003/41 7004/42 7001/39
f 7004/42 7005/43 7001/39
f 7005/43 6999/37 7001/39
f 7005/43 7004/42 6999/37
f 7004/42 7003/41 6999/37
f 7003/41 7002/40 6999/37
f 7002/40 7000/38 6999/37
f 7006/37 7007/38 7008/39
f 7007/38 7009/40 7008/39
f 7009/40 7010/41 7008/39
f 7010/41 7011/42 7008/39
f 7011/42 7012/43 7008/39
f 7012/43 7006/37 7008/39
f 7012/43 7011/42 7006/37
f 7011/42 7010/41 7006/37
f 7010/41 7009/40 7006/37
f 7009/40 7007/38 7006/37
f 7013/37 7014/38 7015/39
f 7014/38 7016/40 7015/39
f 7016/40 7017/41 7015/39
f 7017/41 7018/42 7015/39
f 7018/42 7019/43 7015/39
f 7019/43 7013/37 7015/39
f 7019/43 7018/42 7013/37
f 7018/42 7017/41 7013/37
f 7017/41 7016/40 7013/37
f 7016/40 7014/38 7013/37
f 7020/37 7021/38 7022/39
f 7021/38 7023/40 7022/39
f 7023/40 7024/41 7022/39
f 7024/41 7025/42 7022/39
f 7025/42 7026/43 7022/39
f 7026/43 7020/37 7022/39
f 7026/43 7025/42 7020/37
f 7025/42 7024/41 7020/37
f 7024/41 7023/40 7020/37
f 7023/40 7021/38 7020/37
f 7027/30 7028/31 7029/32
f 7028/31 7030/33 7029/32
f 7030/33 7031/34 7029/32
f 7031/34 7032/35 7029/32
f 7032/35 7033/36 7029/32
f 7033/36 7027/30 7029/32
f 7033/36 7032/35 7027/30
f 7032/35 7031/34 7027/30
f 7031/34 7030/33 7027/30
f 7030/33 7028/31 7027/30
f 7034/44 7035/45 7036/46
f 7035/45 7037/47 7036/46
f 7037/47 7038/48 7036/46
f 7038/48 7039/49 7036/46
f 7039/49 7040/50 7036/46
f 7040/50 7034/44 7036/46
f 7040/50 7039/49 7034/44
f 7039/49 7038/48 7034/44
f 7038/48 7037/47 7034/44
f 7037/47 7035/45 7034/44
f 7041/30 7042/31 7043/32
f 7042/31 7044/33 7043/32
f 7044/33 7045/34 7043/32
f 7045/34 7046/35 7043/32
f 7046/35 7047/36 7043/32
f 7047/36 7041/30 7043/32
f 7047/36 7046/35 7041/30
f 7046/35 7045/34 7041/30
f 7045/34 7044/33 7041/30
f 7044/33 7042/31 7041/30
f 7048/44 7049/45 7050/46
f 7049/45 7051/47 7050/46
f 7051/47 7052/48 7050/46
f 7052/48 7053/49 7050/46
f 7053/49 7054/50 7050/46
f 7054/50 7048/44 7050/46
f 7054/50 7053/49 7048/44
f 7053/49 7052/48 7048/44
f 7052/48 7051/47 7048/44
f 7051/47 7049/45 7048/44
f 7055/44 7056/45 7057/46
f 7056/45 7058/47 7057/46
f 7058/47 7059/48 7057/46
f 7059/48 7060/49 7057/46
f 7060/49 7061/50 7057/46
f 7061/50 7055/44 7057/46
f 7061/50 7060/49 7055/44
f 7060/49 7059/48 7055/44
f 7059/48 7058/47 7055/44
f 7058/47 7056/45 7055/44
f 7062/44 7063/45 7064/46
f 7063/45 7065/47 7064/46
f 7065/47 7066/48 7064/46
f 7066/48 7067/49 7064/46
f 7067/49 7068/50 7064/46
f 7068/50 7062/44 7064/46
f 7068/50 7067/49 7062/44
f 7067/49 7066/48 7062/44
f 7066/48 7065/47 7062/44
f 7065/47 7063/45 7062/44
f 7069/37 7070/38 7071/39
f 7070/38 7072/40 7071/39
f 7072/40 7073/41 7071/39
f 7073/41 7074/42 7071/39
f 7074/42 7075/43 7071/39
f 7075/43 7069/37 7071/39
f 7075/43 7074/42 7069/37
f 7074/42 7073/41 7069/37
f 7073/41 7072/40 7069/37
f 7072/40 7070/38 7069/37
f 7076/30 7077/31 7078/32
f 7077/31 7079/33 7078/32
f 7079/33 7080/34 7078/32
f 7080/34 7081/35 7078/32
f 7081/35 7082/36 7078/32
f 7082/36 7076/30 7078/32
f 7082/36 7081/35 7076/30
f 7081/35 7080/34 7076/30
f 7080/34 7079/33 7076/30
f 7079/33 7077/31 7076/30
f 7083/30 7084/31 7085/32
f 7084/31 7086/33 7085/32
f 7086/33 7087/34 7085/32
f 7087/34 7088/35 7085/32
f 7088/35 7089/36 7085/32
f 7089/36 7083/30 7085/32
f 7089/36 7088/35 7083/30
f 7088/35 7087/34 7083/30
f 7087/34 7086/33 7083/30
f 7086/33 7084/31 7083/30
f 7090/37 7091/38 7092/39
f 7091/38 7093/40 7092/39
f 7093/40 7094/41 7092/39
f 7094/41 7095/42 7092/39
f 7095/42 7096/43 7092/39
f 7096/43 7090/37 7092/39
f 7096/43 7095/42 7090/37
f 7095/42 7094/41 7090/37
f 7094/41 7093/40 7090/37
f 7093/40 7091/38 7090/37
f 7097/37 7098/38 7099/39
f 7098/38 7100/40 7099/39
f 7100/40 7101/41 7099/39
f 7101/41 7102/42 7099/39
f 7102/42 7103/43 7099/39
f 7103/43 7097/37 7099/39
f 7103/43 7102/42 7097/37
f 7102/42 7101/41 7097/37
f 7101/41 7100/40 7097/37
f 7100/40 7098/38 7097/37
f 7104/44 7105/45 7106/46
f 7105/45 7107/47 7106/46
f 7107/47 7108/48 7106/46
f 7108/48 7109/49 7106/46
f 7109/49 7110/50 7106/46
f 7110/50 7104/44 7106/46
f 7110/50 7109/49 7104/44
f 7109/49 7108/48 7104/44
f 7108/48 7107/47 7104/44
f 7107/47 7105/45 7104/44
f 7111/37 7112/38 7113/39
f 7112/38 7114/40 7113/39
f 7114/40 7115/41 7113/39
f 7115/41 7116/42 7113/39
f 7116/42 7117/43 7113/39
f 7117/43 7111/37 7113/39
f 7117/43 7116/42 7111/37
f 7116/42 7115/41 7111/37
f 7115/41 7114/40 7111/37
f 7114/40 7112/38 7111/37
f 7118/44 7119/45 7120/46
f 7119/45 7121/47 7120/46
f 7121/47 7122/48 7120/46
f 7122/48 7123/49 7120/46
f 7123/49 7124/50 7120/46
f 7124/50 7118/44 7120/46
f 7124/50 7123/49 7118/44
f 7123/49 7122/48 7118/44
f 7122/48 7121/47 7118/44
f 7121/47 7119/45 7118/44
f 7125/30 7126/31 7127/32
f 7126/31 7128/33 7127/32
f 7128/33 7129/34 7127/32
f 7129/34 7130/35 7127/32
f 7130/35 7131/36 7127/32
f 7131/36 7125/30 7127/32
f 7131/36 7130/35 7125/30
f 7130/35 7129/34 7125/30
f 7129/34 7128/33 7125/30
f 7128/33 7126/31 7125/30
f 7132/30 7133/31 7134/32
f 7133/31 7135/33 7134/32
f 7135/33 7136/34 7134/32
f 7136/34 7137/35 7134/32
f 7137/35 7138/36 7134/32
f 7138/36 7132/30 7134/32
f 7138/36 7137/35 7132/30
f 7137/35 7136/34 7132/30
f 7136/34 7135/33 7132/30
f 7135/33 7133/31 7132/30
f 7139/37 7140/38 7141/39
f 7140/38 7142/40 7141/39
f 7142/40 7143/41 7141/39
f 7143/41 7144/42 7141/39
f 7144/42 7145/43 7141/39
f 7145/43 7139/37 7141/39
f 7145/43 7144/42 7139/37
f 7144/42 7143/41 7139/37
f 7143/41 7142/40 7139/37
f 7142/40 7140/38 7139/37
f 7146/37 7147/38 7148/39
f 7147/38 7149/40 7148/39
f 7149/40 7150/41 7148/39
f 7150/41 7151/42 7148/39
f 7151/42 7152/43 7148/39
f 7152/43 7146/37 7148/39
f 7152/43 7151/42 7146/37
f 7151/42 7150/41 7146/37
f 7150/41 7149/40 7146/37
f 7149/40 7147/38 7146/37
f 7153/37 7154/38 7155/39
f 7154/38 7156/40 7155/39
f 7156/40 7157/41 7155/39
f 7157/41 7158/42 7155/39
f 7158/42 7159/43 7155/39
f 7159/43 7153/37 7155/39
f 7159/43 7158/42 7153/37
f 7158/42 7157/41 7153/37
f 7157/41 7156/40 7153/37
f 7156/40 7154/38 7153/37
f 7160/44 7161/45 7162/46
f 7161/45 7163/47 7162/46
f 7163/47 7164/48 7162/46
f 7164/48 7165/49 7162/46
f 7165/49 7166/50 7162/46
f 7166/50 7160/44 7162/46
f 7166/50 7165/49 7160/44
f 7165/49 7164/48 7160/44
f 7164/48 7163/47 7160/44
f 7163/47 7161/45 7160/44
f 7167/58 7168/58 7169/58
f 7170/58 7169/58 7168/58
f 7171/58 7167/58 7169/58
f 7172/58 7171/58 7169/58
f 7170/58 7172/58 7169/58
f 7173/58 7170/58 7168/58
f 7174/58 7168/58 7167/58
f 7175/58 7167/58 7171/58
f 7176/58 7171/58 7172/58
f 7177/58 7172/58 7170/58
f 7174/58 7173/58 7168/58
f 7175/58 7174/58 7167/58
f 7176/58 7175/58 7171/58
f 7177/58 7176/58 7172/58
f 7173/58 7177/58 7170/58
f 7178/58 7173/58 7174/58
f 7178/58 7174/58 7175/58
f 7178/58 7175/58 7176/58
f 7178/58 7176/58 7177/58
f 7178/58 7177/58 7173/58
f 7179/1 7180/2 7181/3
f 7180/2 7182/4 7181/3
f 7182/4 7183/5 7181/3
f 7183/5 7184/6 7181/3
f 7184/6 7185/7 7181/3
f 7185/7 7179/1 7181/3
f 7185/7 7184/6 7179/1
f 7184/6 7183/5 7179/1
f 7183/5 7182/4 7179/1
f 7182/4 7180/2 7179/1
f 7186/1 7187/2 7188/3
f 7187/2 7189/4 7188/3
f 7189/4 7190/5 7188/3
f 7190/5 7191/6 7188/3
f 7191/6 7192/7 7188/3
f 7192/7 7186/1 7188/3
f 7192/7 7191/6 7186/1
f 7191/6 7190/5 7186/1
f 7190/5 7189/4 7186/1
f 7189/4 7187/2 7186/1
f 7193/1 7194/2 7195/3
f 7194/2 7196/4 7195/3
f 7196/4 7197/5 7195/3
f 7197/5 7198/6 7195/3
f 7198/6 7199/7 7195/3
f 7199/7 7193/1 7195/3
f 7199/7 7198/6 7193/1
f 7198/6 7197/5 7193/1
f 7197/5 7196/4 7193/1
f 7196/4 7194/2 7193/1
f 7200/8 7201/9 7202/10
f 7201/9 7203/11 7202/10
f 7203/11 7204/12 7202/10
f 7204/12 7205/13 7202/10
f 7205/13 7206/14 7202/10
f 7206/14 7200/8 7202/10
f 7206/14 7205/13 7200/8
f 7205/13 7204/12 7200/8
f 7204/12 7203/11 7200/8
f 7203/11 7201/9 7200/8
f 7207/15 7208/16 7209/17
f 7208/16 7210/18 7209/17
f 7210/18 7211/19 7209/17
f 7211/19 7212/20 7209/17
f 7212/20 7213/21 7209/17
f 7213/21 7207/15 7209/17
f 7213/21 7212/20 7207/15
f 7212/20 7211/19 7207/15
f 7211/19 7210/18 7207/15
f 7210/18 7208/16 7207/15
f 7214/1 7215/2 7216/3
f 7215/2 7217/4 7216/3
f 7217/4 7218/5 7216/3
f 7218/5 7219/6 7216/3
f 7219/6 7220/7 7216/3
f 7220/7 7214/1 7216/3
f 7220/7 7219/6 7214/1
f 7219/6 7218/5 7214/1
f 7218/5 7217/4 7214/1
f 7217/4 7215/2 7214/1
f 7221/1 7222/2 7223/3
f 7222/2 7224/4 7223/3
f 7224/4 7225/5 7223/3
f 7225/5 7226/6 7223/3
f 7226/6 7227/7 7223/3
f 7227/7 7221/1 7223/3
f 7227/7 7226/6 7221/1
f 7226/6 7225/5 7221/1
f 7225/5 7224/4 7221/1
f 7224/4 7222/2 7221/1
f 7228/8 7229/9 7230/10
f 7229/9 7231/11 7230/10
f 7231/11 7232/12 7230/10
f 7232/12 7233/13 7230/10
f 7233/13 7234/14 7230/10
f 7234/14 7228/8 7230/10
f 7234/14 7233/13 7228/8
f 7233/13 7232/12 7228/8
f 7232/12 7231/11 7228/8
f 7231/11 7229/9 7228/8
f 7235/1 7236/2 7237/3
f 7236/2 7238/4 7237/3
f 7238/4 7239/5 7237/3
f 7239/5 7240/6 7237/3
f 7240/6 7241/7 7237/3
f 7241/7 7235/1 7237/3
f 7241/7 7240/6 7235/1
f 7240/6 7239/5 7235/1
f 7239/5 7238/4 7235/1
f 7238/4 7236/2 7235/1
f 7242/1 7243/2 7244/3
f 7243/2 7245/4 7244/3
f 7245/4 7246/5 7244/3
f 7246/5 7247/6 7244/3
f 7247/6 7248/7 7244/3
f 7248/7 7242/1 7244/3
f 7248/7 7247/6 7242/1
f 7247/6 7246/5 7242/1
f 7246/5 7245/4 7242/1
f 7245/4 7243/2 7242/1
f 7249/15 7250/16 7251/17
f 7250/16 7252/18 7251/17
f 7252/18 7253/19 7251/17
f 7253/19 7254/20 7251/17
f 7254/20 7255/21 7251/17
f 7255/21 7249/15 7251/17
f 7255/21 7254/20 7249/15
f 7254/20 7253/19 7249/15
f 7253/19 7252/18 7249/15
f 7252/18 7250/16 7249/15
f 7256/15 7257/16 7258/17
f 7257/16 7259/18 7258/17
f 7259/18 7260/19 7258/17
f 7260/19 7261/20 7258/17
f 7261/20 7262/21 7258/17
f 7262/21 7256/15 7258/17
f 7262/21 7261/20 7256/15
f 7261/20 7260/19 7256/15
f 7260/19 7259/18 7256/15
f 7259/18 7257/16 7256/15
f 7263/15 7264/16 7265/17
f 7264/16 7266/18 7265/17
f 7266/18 7267/19 7265/17
f 7267/19 7268/20 7265/17
f 7268/20 7269/21 7265/17
f 7269/21 7263/15 7265/17
f 7269/21 7268/20 7263/15
f 7268/20 7267/19 7263/15
f 7267/19 7266/18 7263/15
f 7266/18 7264/16 7263/15
f 7270/1 7271/2 7272/3
f 7271/2 7273/4 7272/3
f 7273/4 7274/5 7272/3
f 7274/5 7275/6 7272/3
f 7275/6 7276/7 7272/3
f 7276/7 7270/1 7272/3
f 7276/7 7275/6 7270/1
f 7275/6 7274/5 7270/1
f 7274/5 7273/4 7270/1
f 7273/4 7271/2 7270/1
f 7277/1 7278/2 7279/3
f 7278/2 7280/4 7279/3
f 7280/4 7281/5 7279/3
f 7281/5 7282/6 7279/3
f 7282/6 7283/7 7279/3
f 7283/7 7277/1 7279/3
f 7283/7 7282/6 7277/1
f 7282/6 7281/5 7277/1
f 7281/5 7280/4 7277/1
f 7280/4 7278/2 7277/1
f 7284/1 7285/2 7286/3
f 7285/2 7287/4 7286/3
f 7287/4 7288/5 7286/3
f 7288/5 7289/6 7286/3
f 7289/6 7290/7 7286/3
f 7290/7 7284/1 7286/3
f 7290/7 7289/6 7284/1
f 7289/6 7288/5 7284/1
f 7288/5 7287/4 7284/1
f 7287/4 7285/2 7284/1
f 7291/15 7292/16 7293/17
f 7292/16 7294/18 7293/17
f 7294/18 7295/19 7293/17
f 7295/19 7296/20 7293/17
f 7296/20 7297/21 7293/17
f 7297/21 7291/15 7293/17
f 7297/21 7296/20 7291/15
f 7296/20 7295/19 7291/15
f 7295/19 7294/18 7291/15
f 7294/18 7292/16 7291/15
f 7298/22 7299/23 7300/24
f 7299/23 7301/25 7300/24
f 7301/25 7302/26 7300/24
f 7302/26 7303/27 7300/24
f 7303/27 7304/28 7300/24
f 7304/28 7298/22 7300/24
f 7304/28 7303/27 7298/22
f 7303/27 7302/26 7298/22
f 7302/26 7301/25 7298/22
f 7301/25 7299/23 7298/22
f 7305/1 7306/2 7307/3
f 7306/2 7308/4 7307/3
f 7308/4 7309/5 7307/3
f 7309/5 7310/6 7307/3
f 7310/6 7311/7 7307/3
f 7311/7 7305/1 7307/3
f 7311/7 7310/6 7305/1
f 7310/6 7309/5 7305/1
f 7309/5 7308/4 7305/1
f 7308/4 7306/2 7305/1
f 7312/15 7313/16 7314/17
f 7313/16 7315/18 7314/17
f 7315/18 7316/19 7314/17
f 7316/19 7317/20 7314/17
f 7317/20 7318/21 7314/17
f 7318/21 7312/15 7314/17
f 7318/21 7317/20 7312/15
f 7317/20 7316/19 7312/15
f 7316/19 7315/18 7312/15
f 7315/18 7313/16 7312/15
f 7319/1 7320/2 7321/3
f 7320/2 7322/4 7321/3
f 7322/4 7323/5 7321/3
f 7323/5 7324/6 7321/3
f 7324/6 7325/7 7321/3
f 7325/7 7319/1 7321/3
f 7325/7 7324/6 7319/1
f 7324/6 7323/5 7319/1
f 7323/5 7322/4 7319/1
f 7322/4 7320/2 7319/1
f 7326/15 7327/16 7328/17
f 7327/16 7329/18 7328/17
f 7329/18 7330/19 7328/17
f 7330/19 7331/20 7328/17
f 7331/20 7332/21 7328/17
f 7332/21 7326/15 7328/17
f 7332/21 7331/20 7326/15
f 7331/20 7330/19 7326/15
f 7330/19 7329/18 7326/15
f 7329/18 7327/16 7326/15
f 7333/1 7334/2 7335/3
f 7334/2 7336/4 7335/3
f 7336/4 7337/5 7335/3
f 7337/5 7338/6 7335/3
f 7338/6 7339/7 7335/3
f 7339/7 7333/1 7335/3
f 7339/7 7338/6 7333/1
f 7338/6 7337/5 7333/1
f 7337/5 7336/4 7333/1
f 7336/4 7334/2 7333/1
f 7340/8 7341/9 7342/10
f 7341/9 7343/11 7342/10
f 7343/11 7344/12 7342/10
f 7344/12 7345/13 7342/10
f 7345/13 7346/14 7342/10
f 7346/14 7340/8 7342/10
f 7346/14 7345/13 7340/8
f 7345/13 7344/12 7340/8
f 7344/12 7343/11 7340/8
f 7343/11 7341/9 7340/8
f 7347/1 7348/2 7349/3
f 7348/2 7350/4 7349/3
f 7350/4 7351/5 7349/3
f 7351/5 7352/6 7349/3
f 7352/6 7353/7 7349/3
f 7353/7 7347/1 7349/3
f 7353/7 7352/6 7347/1
f 7352/6 7351/5 7347/1
f 7351/5 7350/4 7347/1
f 7350/4 7348/2 7347/1
f 7354/8 7355/9 7356/10
f 7355/9 7357/11 7356/10
f 7357/11 7358/12 7356/10
f 7358/12 7359/13 7356/10
f 7359/13 7360/14 7356/10
f 7360/14 7354/8 7356/10
f 7360/14 7359/13 7354/8
f 7359/13 7358/12 7354/8
f 7358/12 7357/11 7354/8
f 7357/11 7355/9 7354/8
f 7361/29 7362/29 7363/29
f 7364/29 7363/29 7362/29
f 7365/29 7361/29 7363/29
f 7366/29 7365/29 7363/29
f 7364/29 7366/29 7363/29
f 7367/29 7364/29 7362/29
f 7368/29 7362/29 7361/29
f 7369/29 7361/29 7365/29
f 7370/29 7365/29 7366/29
f 7371/29 7366/29 7364/29
f 7368/29 7367/29 7362/29
f 7369/29 7368/29 7361/29
f 7370/29 7369/29 7365/29
f 7371/29 7370/29 7366/29
f 7367/29 7371/29 7364/29
f 7372/29 7367/29 7368/29
f 7372/29 7368/29 7369/29
f 7372/29 7369/29 7370/29
f 7372/29 7370/29 7371/29
f 7372/29 7371/29 7367/29
f 7373/109 7374/110 7375/111
f 7374/110 7376/112 7375/111
f 7376/112 7377/113 7375/111
f 7377/113 7378/114 7375/111
f 7378/114 7379/115 7375/111
f 7379/115 7373/109 7375/111
f 7379/115 7378/114 7373/109
f 7378/114 7377/113 7373/109
f 7377/113 7376/112 7373/109
f 7376/112 7374/110 7373/109
f 7380/88 7381/89 7382/90
f 7381/89 7383/91 7382/90
f 7383/91 7384/92 7382/90
f 7384/92 7385/93 7382/90
f 7385/93 7386/94 7382/90
f 7386/94 7380/88 7382/90
f 7386/94 7385/93 7380/88
f 7385/93 7384/92 7380/88
f 7384/92 7383/91 7380/88
f 7383/91 7381/89 7380/88
f 7387/109 7388/110 7389/111
f 7388/110 7390/112 7389/111
f 7390/112 7391/113 7389/111
f 7391/113 7392/114 7389/111
f 7392/114 7393/115 7389/111
f 7393/115 7387/109 7389/111
f 7393/115 7392/114 7387/109
f 7392/114 7391/113 7387/109
f 7391/113 7390/112 7387/109
f 7390/112 7388/110 7387/109
f 7394/95 7395/96 7396/97
f 7395/96 7397/98 7396/97
f 7397/98 7398/99 7396/97
f 7398/99 7399/100 7396/97
f 7399/100 7400/101 7396/97
f 7400/101 7394/95 7396/97
f 7400/101 7399/100 7394/95
f 7399/100 7398/99 7394/95
f 7398/99 7397/98 7394/95
f 7397/98 7395/96 7394/95
f 7401/88 7402/89 7403/90
f 7402/89 7404/91 7403/90
f 7404/91 7405/92 7403/90
f 7405/92 7406/93 7403/90
f 7406/93 7407/94 7403/90
f 7407/94 7401/88 7403/90
f 7407/94 7406/93 7401/88
f 7406/93 7405/92 7401/88
f 7405/92 7404/91 7401/88
f 7404/91 7402/89 7401/88
f 7408/102 7409/103 7410/104
f 7409/103 7411/105 7410/104
f 7411/105 7412/106 7410/104
f 7412/106 7413/107 7410/104
f 7413/107 7414/108 7410/104
f 7414/108 7408/102 7410/104
f 7414/108 7413/107 7408/102
f 7413/107 7412/106 7408/102
f 7412/106 7411/105 7408/102
f 7411/105 7409/103 7408/102
f 7415/102 7416/103 7417/104
f 7416/103 7418/105 7417/104
f 7418/105 7419/106 7417/104
f 7419/106 7420/107 7417/104
f 7420/107 7421/108 7417/104
f 7421/108 7415/102 7417/104
f 7421/108 7420/107 7415/102
f 7420/107 7419/106 7415/102
f 7419/106 7418/105 7415/102
f 7418/105 7416/103 7415/102
f 7422/102 7423/103 7424/104
f 7423/103 7425/105 7424/104
f 7425/105 7426/106 7424/104
f 7426/106 7427/107 7424/104
f 7427/107 7428/108 7424/104
f 7428/108 7422/102 7424/104
f 7428/108 7427/107 7422/102
f 7427/107 7426/106 7422/102
f 7426/106 7425/105 7422/102
f 7425/105 7423/103 7422/102
f 7429/102 7430/103 7431/104
f 7430/103 7432/105 7431/104
f 7432/105 7433/106 7431/104
f 7433/106 7434/107 7431/104
f 7434/107 7435/108 7431/104
f 7435/108 7429/102 7431/104
f 7435/108 7434/107 7429/102
f 7434/107 7433/106 7429/102
f 7433/106 7432/105 7429/102
f 7432/105 7430/103 7429/102
f 7436/88 7437/89 7438/90
f 7437/89 7439/91 7438/90
f 7439/91 7440/92 7438/90
f 7440/92 7441/93 7438/90
f 7441/93 7442/94 7438/90
f 7442/94 7436/88 7438/90
f 7442/94 7441/93 7436/88
f 7441/93 7440/92 7436/88
f 7440/92 7439/91 7436/88
f 7439/91 7437/89 7436/88
f 7443/88 7444/89 7445/90
f 7444/89 7446/91 7445/90
f 7446/91 7447/92 7445/90
f 7447/92 7448/93 7445/90
f 7448/93 7449/94 7445/90
f 7449/94 7443/88 7445/90
f 7449/94 7448/93 7443/88
f 7448/93 7447/92 7443/88
f 7447/92 7446/91 7443/88
f 7446/91 7444/89 7443/88
f 7450/102 7451/103 7452/104
f 7451/103 7453/105 7452/104
f 7453/105 7454/106 7452/104
f 7454/106 7455/107 7452/104
f 7455/107 7456/108 7452/104
f 7456/108 7450/102 7452/104
f 7456/108 7455/107 7450/102
f 7455/107 7454/106 7450/102
f 7454/106 7453/105 7450/102
f 7453/105 7451/103 7450/102
f 7457/109 7458/110 7459/111
f 7458/110 7460/112 7459/111
f 7460/112 7461/113 7459/111
f 7461/113 7462/114 7459/111
f 7462/114 7463/115 7459/111
f 7463/115 7457/109 7459/111
f 7463/115 7462/114 7457/109
f 7462/114 7461/113 7457/109
f 7461/113 7460/112 7457/109
f 7460/112 7458/110 7457/109
f 7464/88 7465/89 7466/90
f 7465/89 7467/91 7466/90
f 7467/91 7468/92 7466/90
f 7468/92 7469/93 7466/90
f 7469/93 7470/94 7466/90
f 7470/94 7464/88 7466/90
f 7470/94 7469/93 7464/88
f 7469/93 7468/92 7464/88
f 7468/92 7467/91 7464/88
f 7467/91 7465/89 7464/88
f 7471/95 7472/96 7473/97
f 7472/96 7474/98 7473/97
f 7474/98 7475/99 7473/97
f 7475/99 7476/100 7473/97
f 7476/100 7477/101 7473/97
f 7477/101 7471/95 7473/97
f 7477/101 7476/100 7471/95
f 7476/100 7475/99 7471/95
f 7475/99 7474/98 7471/95
f 7474/98 7472/96 7471/95
f 7478/109 7479/110 7480/111
f 7479/110 7481/112 7480/111
f 7481/112 7482/113 7480/111
f 7482/113 7483/114 7480/111
f 7483/114 7484/115 7480/111
f 7484/115 7478/109 7480/111
f 7484/115 7483/114 7478/109
f 7483/114 7482/113 7478/109
f 7482/113 7481/112 7478/109
f 7481/112 7479/110 7478/109
f 7485/102 7486/103 7487/104
f 7486/103 7488/105 7487/104
f 7488/105 7489/106 7487/104
f 7489/106 7490/107 7487/104
f 7490/107 7491/108 7487/104
f 7491/108 7485/102 7487/104
f 7491/108 7490/107 7485/102
f 7490/107 7489/106 7485/102
f 7489/106 7488/105 7485/102
f 7488/105 7486/103 7485/102
f 7492/109 7493/110 7494/111
f 7493/110 7495/112 7494/111
f 7495/112 7496/113 7494/111
f 7496/113 7497/114 7494/111
f 7497/114 7498/115 7494/111
f 7498/115 7492/109 7494/111
f 7498/115 7497/114 7492/109
f 7497/114 7496/113 7492/109
f 7496/113 7495/112 7492/109
f 7495/112 7493/110 7492/109
f 7499/95 7500/96 7501/97
f 7500/96 7502/98 7501/97
f 7502/98 7503/99 7501/97
f 7503/99 7504/100 7501/97
f 7504/100 7505/101 7501/97
f 7505/101 7499/95 7501/97
f 7505/101 7504/100 7499/95
f 7504/100 7503/99 7499/95
f 7503/99 7502/98 7499/95
f 7502/98 7500/96 7499/95
f 7506/102 7507/103 7508/104
f 7507/103 7509/105 7508/104
f 7509/105 7510/106 7508/104
f 7510/106 7511/107 7508/104
f 7511/107 7512/108 7508/104
f 7512/108 7506/102 7508/104
f 7512/108 7511/107 7506/102
f 7511/107 7510/106 7506/102
f 7510/106 7509/105 7506/102
f 7509/105 7507/103 7506/102
f 7513/95 7514/96 7515/97
f 7514/96 7516/98 7515/97
f 7516/98 7517/99 7515/97
f 7517/99 7518/100 7515/97
f 7518/100 7519/101 7515/97
f 7519/101 7513/95 7515/97
f 7519/101 7518/100 7513/95
f 7518/100 7517/99 7513/95
f 7517/99 7516/98 7513/95
f 7516/98 7514/96 7513/95
f 7520/102 7521/103 7522/104
f 7521/103 7523/105 7522/104
f 7523/105 7524/106 7522/104
f 7524/106 7525/107 7522/104
f 7525/107 7526/108 7522/104
f 7526/108 7520/102 7522/104
f 7526/108 7525/107 7520/102
f 7525/107 7524/106 7520/102
f 7524/106 7523/105 7520/102
f 7523/105 7521/103 7520/102
f 7527/102 7528/103 7529/104
f 7528/103 7530/105 7529/104
f 7530/105 7531/106 7529/104
f 7531/106 7532/107 7529/104
f 7532/107 7533/108 7529/104
f 7533/108 7527/102 7529/104
f 7533/108 7532/107 7527/102
f 7532/107 7531/106 7527/102
f 7531/106 7530/105 7527/102
f 7530/105 7528/103 7527/102
f 7534/88 7535/89 7536/90
f 7535/89 7537/91 7536/90
f 7537/91 7538/92 7536/90
f 7538/92 7539/93 7536/90
f 7539/93 7540/94 7536/90
f 7540/94 7534/88 7536/90
f 7540/94 7539/93 7534/88
f 7539/93 7538/92 7534/88
f 7538/92 7537/91 7534/88
f 7537/91 7535/89 7534/88
f 7541/102 7542/103 7543/104
f 7542/103 7544/105 7543/104
f 7544/105 7545/106 7543/104
f 7545/106 7546/107 7543/104
f 7546/107 7547/108 7543/104
f 7547/108 7541/102 7543/104
f 7547/108 7546/107 7541/102
f 7546/107 7545/106 7541/102
f 7545/106 7544/105 7541/102
f 7544/105 7542/103 7541/102
f 7548/95 7549/96 7550/97
f 7549/96 7551/98 7550/97
f 7551/98 7552/99 7550/97
f 7552/99 7553/100 7550/97
f 7553/100 7554/101 7550/97
f 7554/101 7548/95 7550/97
f 7554/101 7553/100 7548/95
f 7553/100 7552/99 7548/95
f 7552/99 7551/98 7548/95
f 7551/98 7549/96 7548/95
f 7555/116 7556/116 7557/116
f 7558/116 7557/116 7556/116
f 7559/116 7555/116 7557/116
f 7560/116 7559/116 7557/116
f 7558/116 7560/116 7557/116
f 7561/116 7558/116 7556/116
f 7562/116 7556/116 7555/116
f 7563/116 7555/116 7559/116
f 7564/116 7559/116 7560/116
f 7565/116 7560/116 7558/116
f 7562/116 7561/116 7556/116
f 7563/116 7562/116 7555/116
f 7564/116 7563/116 7559/116
f 7565/116 7564/116 7560/116
f 7561/116 7565/116 7558/116
f 7566/116 7561/116 7562/116
f 7566/116 7562/116 7563/116
f 7566/116 7563/116 7564/116
f 7566/116 7564/116 7565/116
f 7566/116 7565/116 7561/116
f 7567/66 7568/67 7569/68
f 7568/67 7570/69 7569/68
f 7570/69 7571/70 7569/68
f 7571/70 7572/71 7569/68
f 7572/71 7573/72 7569/68
f 7573/72 7567/66 7569/68
f 7573/72 7572/71 7567/66
f 7572/71 7571/70 7567/66
f 7571/70 7570/69 7567/66
f 7570/69 7568/67 7567/66
f 7574/73 7575/74 7576/75
f 7575/74 7577/76 7576/75
f 7577/76 7578/77 7576/75
f 7578/77 7579/78 7576/75
f 7579/78 7580/79 7576/75
f 7580/79 7574/73 7576/75
f 7580/79 7579/78 7574/73
f 7579/78 7578/77 7574/73
f 7578/77 7577/76 7574/73
f 7577/76 7575/74 7574/73
f 7581/80 7582/81 7583/82
f 7582/81 7584/83 7583/82
f 7584/83 7585/84 7583/82
f 7585/84 7586/85 7583/82
f 7586/85 7587/86 7583/82
f 7587/86 7581/80 7583/82
f 7587/86 7586/85 7581/80
f 7586/85 7585/84 7581/80
f 7585/84 7584/83 7581/80
f 7584/83 7582/81 7581/80
f 7588/66 7589/67 7590/68
f 7589/67 7591/69 7590/68
f 7591/69 7592/70 7590/68
f 7592/70 7593/71 7590/68
f 7593/71 7594/72 7590/68
f 7594/72 7588/66 7590/68
f 7594/72 7593/71 7588/66
f 7593/71 7592/70 7588/66
f 7592/70 7591/69 7588/66
f 7591/69 7589/67 7588/66
f 7595/80 7596/81 7597/82
f 7596/81 7598/83 7597/82
f 7598/83 7599/84 7597/82
f 7599/84 7600/85 7597/82
f 7600/85 7601/86 7597/82
f 7601/86 7595/80 7597/82
f 7601/86 7600/85 7595/80
f 7600/85 7599/84 7595/80
f 7599/84 7598/83 7595/80
f 7598/83 7596/81 7595/80
f 7602/59 7603/60 7604/61
f 7603/60 7605/62 7604/61
f 7605/62 7606/63 7604/61
f 7606/63 7607/64 7604/61
f 7607/64 7608/65 7604/61
f 7608/65 7602/59 7604/61
f 7608/65 7607/64 7602/59
f 7607/64 7606/63 7602/59
f 7606/63 7605/62 7602/59
f 7605/62 7603/60 7602/59
f 7609/66 7610/67 7611/68
f 7610/67 7612/69 7611/68
f 7612/69 7613/70 7611/68
f 7613/70 7614/71 7611/68
f 7614/71 7615/72 7611/68
f 7615/72 7609/66 7611/68
f 7615/72 7614/71 7609/66
f 7614/71 7613/70 7609/66
f 7613/70 7612/69 7609/66
f 7612/69 7610/67 7609/66
f 7616/73 7617/74 7618/75
f 7617/74 7619/76 7618/75
f 7619/76 7620/77 7618/75
f 7620/77 7621/78 7618/75
f 7621/78 7622/79 7618/75
f 7622/79 7616/73 7618/75
f 7622/79 7621/78 7616/73
f 7621/78 7620/77 7616/73
f 7620/77 7619/76 7616/73
f 7619/76 7617/74 7616/73
f 7623/59 7624/60 7625/61
f 7624/60 7626/62 7625/61
f 7626/62 7627/63 7625/61
f 7627/63 7628/64 7625/61
f 7628/64 7629/65 7625/61
f 7629/65 7623/59 7625/61
f 7629/65 7628/64 7623/59
f 7628/64 7627/63 7623/59
f 7627/63 7626/62 7623/59
f 7626/62 7624/60 7623/59
f 7630/73 7631/74 7632/75
f 7631/74 7633/76 7632/75
f 7633/76 7634/77 7632/75
f 7634/77 7635/78 7632/75
f 7635/78 7636/79 7632/75
f 7636/79 7630/73 7632/75
f 7636/79 7635/78 7630/73
f 7635/78 7634/77 7630/73
f 7634/77 7633/76 7630/73
f 7633/76 7631/74 7630/73
f 7637/66 7638/67 7639/68
f 7638/67 7640/69 7639/68
f 7640/69 7641/70 7639/68
f 7641/70 7642/71 7639/68
f 7642/71 7643/72 7639/68
f 7643/72 7637/66 7639/68
f 7643/72 7642/71 7637/66
f 7642/71 7641/70 7637/66
f 7641/70 7640/69 7637/66
f 7640/69 7638/67 7637/66
f 7644/59 7645/60 7646/61
f 7645/60 7647/62 7646/61
f 7647/62 7648/63 7646/61
f 7648/63 7649/64 7646/61
f 7649/64 7650/65 7646/61
f 7650/65 7644/59 7646/61
f 7650/65 7649/64 7644/59
f 7649/64 7648/63 7644/59
f 7648/63 7647/62 7644/59
f 7647/62 7645/60 7644/59
f 7651/66 7652/67 7653/68
f 7652/67 7654/69 7653/68
f 7654/69 7655/70 7653/68
f 7655/70 7656/71 7653/68
f 7656/71 7657/72 7653/68
f 7657/72 7651/66 7653/68
f 7657/72 7656/71 7651/66
f 7656/71 7655/70 7651/66
f 7655/70 7654/69 7651/66
f 7654/69 7652/67 7651/66
f 7658/66 7659/67 7660/68
f 7659/67 7661/69 7660/68
f 7661/69 7662/70 7660/68
f 7662/70 7663/71 7660/68
f 7663/71 7664/72 7660/68
f 7664/72 7658/66 7660/68
f 7664/72 7663/71 7658/66
f 7663/71 7662/70 7658/66
f 7662/70 7661/69 7658/66
f 7661/69 7659/67 7658/66
f 7665/59 7666/60 7667/61
f 7666/60 7668/62 7667/61
f 7668/62 7669/63 7667/61
f 7669/63 7670/64 7667/61
f 7670/64 7671/65 7667/61
f 7671/65 7665/59 7667/61
f 7671/65 7670/64 7665/59
f 7670/64 7669/63 7665/59
f 7669/63 7668/62 7665/59
f 7668/62 7666/60 7665/59
f 7672/73 7673/74 7674/75
f 7673/74 7675/76 7674/75
f 7675/76 7676/77 7674/75
f 7676/77 7677/78 7674/75
f 7677/78 7678/79 7674/75
f 7678/79 7672/73 7674/75
f 7678/79 7677/78 7672/73
f 7677/78 7676/77 7672/73
f 7676/77 7675/76 7672/73
f 7675/76 7673/74 7672/73
f 7679/59 7680/60 7681/61
f 7680/60 7682/62 7681/61
f 7682/62 7683/63 7681/61
f 7683/63 7684/64 7681/61
f 7684/64 7685/65 7681/61
f 7685/65 7679/59 7681/61
f 7685/65 7684/64 7679/59
f 7684/64 7683/63 7679/59
f 7683/63 7682/62 7679/59
f 7682/62 7680/60 7679/59
f 7686/73 7687/74 7688/75
f 7687/74 7689/76 7688/75
f 7689/76 7690/77 7688/75
f 7690/77 7691/78 7688/75
f 7691/78 7692/79 7688/75
f 7692/79 7686/73 7688/75
f 7692/79 7691/78 7686/73
f 7691/78 7690/77 7686/73
f 7690/77 7689/76 7686/73
f 7689/76 7687/74 7686/73
f 7693/73 7694/74 7695/75
f 7694/74 7696/76 7695/75
f 7696/76 7697/77 7695/75
f 7697/77 7698/78 7695/75
f 7698/78 7699/79 7695/75
f 7699/79 7693/73 7695/75
f 7699/79 7698/78 7693/73
f 7698/78 7697/77 7693/73
f 7697/77 7696/76 7693/73
f 7696/76 7694/74 7693/73
f 7700/73 7701/74 7702/75
f 7701/74 7703/76 7702/75
f 7703/76 7704/77 7702/75
f 7704/77 7705/78 7702/75
f 7705/78 7706/79 7702/75
f 7706/79 7700/73 7702/75
f 7706/79 7705/78 7700/73
f 7705/78 7704/77 7700/73
f 7704/77 7703/76 7700/73
f 7703/76 7701/74 7700/73
f 7707/59 7708/60 7709/61
f 7708/60 7710/62 7709/61
f 7710/62 7711/63 7709/61
f 7711/63 7712/64 7709/61
f 7712/64 7713/65 7709/61
f 7713/65 7707/59 7709/61
f 7713/65 7712/64 7707/59
f 7712/64 7711/63 7707/59
f 7711/63 7710/62 7707/59
f 7710/62 7708/60 7707/59
f 7714/73 7715/74 7716/75
f 7715/74 7717/76 7716/75
f 7717/76 7718/77 7716/75
f 7718/77 7719/78 7716/75
f 7719/78 7720/79 7716/75
f 7720/79 7714/73 7716/75
f 7720/79 7719/78 7714/73
f 7719/78 7718/77 7714/73
f 7718/77 7717/76 7714/73
f 7717/76 7715/74 7714/73
f 7721/66 7722/67 7723/68
f 7722/67 7724/69 7723/68
f 7724/69 7725/70 7723/68
f 7725/70 7726/71 7723/68
f 7726/71 7727/72 7723/68
f 7727/72 7721/66 7723/68
f 7727/72 7726/71 7721/66
f 7726/71 7725/70 7721/66
f 7725/70 7724/69 7721/66
f 7724/69 7722/67 7721/66
f 7728/66 7729/67 7730/68
f 7729/67 7731/69 7730/68
f 7731/69 7732/70 7730/68
f 7732/70 7733/71 7730/68
f 7733/71 7734/72 7730/68
f 7734/72 7728/66 7730/68
f 7734/72 7733/71 7728/66
f 7733/71 7732/70 7728/66
f 7732/70 7731/69 7728/66
f 7731/69 7729/67 7728/66
f 7735/80 7736/81 7737/82
f 7736/81 7738/83 7737/82
f 7738/83 7739/84 7737/82
f 7739/84 7740/85 7737/82
f 7740/85 7741/86 7737/82
f 7741/86 7735/80 7737/82
f 7741/86 7740/85 7735/80
f 7740/85 7739/84 7735/80
f 7739/84 7738/83 7735/80
f 7738/83 7736/81 7735/80
f 7742/59 7743/60 7744/61
f 7743/60 7745/62 7744/61
f 7745/62 7746/63 7744/61
f 7746/63 7747/64 7744/61
f 7747/64 7748/65 7744/61
f 7748/65 7742/59 7744/61
f 7748/65 7747/64 7742/59
f 7747/64 7746/63 7742/59
f 7746/63 7745/62 7742/59
f 7745/62 7743/60 7742/59
f 7749/87 7750/87 7751/87
f 7752/87 7751/87 7750/87
f 7753/87 7749/87 7751/87
f 7754/87 7753/87 7751/87
f 7752/87 7754/87 7751/87
f 7755/87 7752/87 7750/87
f 7756/87 7750/87 7749/87
f 7757/87 7749/87 7753/87
f 7758/87 7753/87 7754/87
f 7759/87 7754/87 7752/87
f 7756/87 7755/87 7750/87
f 7757/87 7756/87 7749/87
f 7758/87 7757/87 7753/87
f 7759/87 7758/87 7754/87
f 7755/87 7759/87 7752/87
f 7760/87 7755/87 7756/87
f 7760/87 7756/87 7757/87
f 7760/87 7757/87 7758/87
f 7760/87 7758/87 7759/87
f 7760/87 7759/87 7755/87
