# PulseChain tree, the trunk, from the GLB by scripts/prep-tree.js
mtllib tree.mtl
usemtl TreeColors
v -7.456 10.111 0.154
v -7.404 9.83 0.246
v -7.509 9.832 0.366
v -6.998 9.7 0.189
v -6.674 9.274 0.323
v -5.076 7.777 0.472
v -6.088 8.429 0.272
v -5.882 8.592 0.497
v -5.383 7.872 0.239
v -5.011 8.044 0.583
v -5.546 8.582 0.416
v -6.335 8.793 0.389
v -6.069 8.958 0.278
v -4.95 6.56 0.801
v -5.252 6.587 0.775
v -5.66 6.663 0.815
v -4.286 6.544 0.748
v -5.058 6.621 0.76
v -4.131 6.409 0.68
v -4.791 6.483 0.672
v -4.187 6.606 0.638
v -4.64 7.433 0.377
v -4.249 7.407 0.634
v -4.094 7.876 0.557
v -3.96 10.222 4.562
v -4.23 10.49 4.813
v -4.216 10.534 4.872
v -4.192 10.384 4.65
v -4.383 10.777 5.106
v -4.178 10.526 4.813
v -3.923 10.321 4.378
v -3.777 10.092 4.09
v -3.793 10.237 4.445
v -3.726 10.061 4.288
v -3.566 10.14 4.114
v -3.54 9.862 3.988
v -3.515 10.056 3.798
v -3.444 9.726 3.515
v -3.15 6.525 0.656
v -4.088 6.477 0.519
v -3.145 6.486 0.457
v -3.678 6.778 0.582
v -3.251 6.656 0.278
v -3.629 6.934 0.61
v -3.657 6.877 0.373
v -3.859 7.504 0.724
v -5.004 8.379 0.264
v -3.784 7.847 0.281
v -3.836 10.215 0.481
v -4.071 10.722 0.325
v -3.952 10.989 0.37
v -3.619 8.865 0.566
v -3.786 9.148 0.275
v -3.643 10.429 0.406
v -3.559 9.487 0.589
v -4.116 11.663 0.255
v -3.782 11.077 0.212
v -3.344 9.927 3.905
v -3.258 9.896 3.541
v -3.341 9.61 3.604
v -3.101 9.666 3.536
v -3.125 9.012 2.826
v -3.209 9.195 2.728
v -3.136 9.293 3.232
v -2.864 8.916 2.728
v -3.226 9.588 3.073
v -3.049 9.574 3.023
v -2.883 9.39 2.976
v -2.943 8.54 2.342
v -3.042 8.484 1.912
v -2.711 8.143 1.951
v -2.631 8.33 2.046
v -3.027 8.951 2.202
v -2.921 9.094 2.315
v -2.754 9.005 2.645
v -2.733 8.872 2.116
v -2.629 8.78 2.235
v -2.924 8.144 1.829
v -2.76 8.561 1.637
v -2.873 7.999 1.285
v -2.628 8.118 1.181
v -2.708 6.508 0.756
v -3.283 6.709 0.722
v -2.803 6.459 0.568
v -2.651 7.093 0.977
v -2.16 6.402 0.954
v -3.133 6.983 0.84
v -3.263 7.764 0.626
v -2.833 7.392 0.844
v -2.823 7.705 1.342
v -2.701 7.754 0.881
v -3.262 8.578 0.681
v -3.075 7.845 0.738
v -3.448 7.997 0.391
v -3.486 7.787 0.48
v -3.34 7.81 0.186
v -2.777 7.956 0.693
v -3.094 8.774 0.566
v -2.715 8.204 0.414
v -2.977 8.76 0.374
v -3.261 9.592 0.313
v -2.421 0.228 2.15
v -2.688 0.105 2.26
v -2.909 0.119 2.345
v -2.626 0.148 1.988
v -2.422 0.326 1.901
v -2.015 0.146 2.022
v -2.474 8.351 1.793
v -2.212 0.026 1.78
v -2.304 0.121 1.653
v -2.023 0.174 1.292
v -1.596 0.535 1.664
v -1.644 0.343 0.9
v -1.733 0.015 1.664
v -1.349 0.63 0.736
v -1.816 0.568 1.54
v -2.44 8.181 1.369
v -2.352 7.815 1.488
v -2.187 7.646 1.022
v -1.986 5.709 0.383
v -1.955 5.891 0.751
v -2.205 6.895 0.946
v -2.523 7.743 0.689
v -2.539 7.437 1.349
v -2.02 7.076 0.813
v -2.323 7.453 0.26
v -1.994 7.186 0.538
v -1.348 6.812 0.438
v -2.192 7.183 0.15
v -1.61 10.024 6.047
v -1.524 10.425 6.592
v -1.593 10.577 6.841
v -1.581 9.817 6.219
v -1.61 10.32 6.788
v -1.477 10.003 6.439
v -1.441 10.144 6.22
v -1.328 9.908 6.06
v -1.28 10.92 7.136
v -1.449 10.591 7
v -1.371 10.747 7.02
v -1.348 9.124 5.327
v -1.399 9.641 6.02
v -1.218 9.393 5.608
v -1.626 9.821 5.961
v -1.352 9.869 5.739
v -1.151 9.525 5.239
v -1.534 9.401 5.341
v -1.158 8.996 4.278
v -1.403 9.656 5.335
v -1.397 9.114 4.773
v -1.037 9.055 5.239
v -1.131 8.978 5.35
v -1.157 8.926 5.687
v -1.113 8.741 5.378
v -1.275 8.892 5.172
v -1.138 9.33 4.726
v -1.016 8.631 4.736
v -1.205 8.698 4.359
v -1.029 8.816 5.341
v -1.079 9.371 5.366
v -1.351 7.116 3.804
v -1.689 7.208 4.29
v -1.493 7.155 3.969
v -1.43 7.038 3.908
v -1.215 6.943 3.489
v -1.077 7.032 3.547
v -0.764 8.242 3.958
v -0.853 8.618 4.583
v -0.737 8.035 3.336
v -0.642 8.84 3.714
v -0.899 6.905 3.29
v -1.119 6.937 3.221
v -0.935 7.118 2.997
v -1.038 8.601 3.854
v -0.792 8.207 3.255
v -0.824 0.14 1.393
v -1.295 0.266 1.683
v -0.957 0.842 1.23
v -1.373 0.087 0.772
v -1.369 0.411 0.515
v -1.631 0.437 0.269
v -1.413 0.237 0.404
v -1.168 0.878 0.944
v -1.434 0.759 0.171
v -1.113 0.089 0.446
v -1.095 1.053 0.839
v -0.662 0.031 0.4
v -0.792 0.962 1.21
v -1.137 2.259 0.76
v -1.277 2.487 0.195
v -1.307 1.045 0.253
v -1.017 3.523 0.219
v -0.867 3.542 0.771
v -1.441 5.219 0.753
v -0.877 3.961 0.739
v -1.041 3.848 0.298
v -1.39 4.699 0.331
v -1.718 5.318 0.335
v -0.57 3.94 0.987
v -1.233 5.493 1.021
v -1.647 6.089 0.993
v -1.433 6.358 0.955
v -0.663 5.436 1.02
v -0.816 5.935 0.918
v -1.334 6.627 0.778
v -0.839 6.421 0.43
v -0.761 6.342 0.546
v -0.614 8.811 4.426
v -0.791 9.108 4.647
v -0.465 8.208 3.916
v -0.341 8.691 3.709
v -0.375 7.01 2.68
v -0.426 6.883 2.493
v -0.552 7.148 2.853
v -0.61 7.37 2.709
v -0.505 7.748 3.297
v -0.315 7.409 2.98
v -0.677 8.531 3.267
v -0.302 8.368 2.865
v -0.171 7.89 3.404
v -0.262 8.451 3.825
v -0.039 8.306 3.15
v -0.017 8.049 3.324
v -0.104 0.197 2.678
v -0.299 0.169 2.412
v -0.254 0.552 1.877
v 0.044 0.604 1.829
v -0.558 6.963 2.319
v -0.283 6.339 2.012
v 0.103 6.959 2.517
v 0.052 6.823 2.329
v -0.679 7.145 2.419
v -0.699 6.782 1.746
v -0.667 7.636 2.483
v 0.07 7.267 2.665
v -0.568 7.273 1.801
v -0.464 7.842 2.297
v -0.189 7.909 2.268
v -0.911 0.49 1.46
v -0.548 0.256 1.495
v -0.527 0.43 1.562
v -0.48 0.124 1.316
v -0.354 0.832 1.536
v -0.174 0.004 1.755
v -0.509 1.099 1.394
v 0.216 1.031 1.397
v -0.564 5.579 1.127
v -0.699 5.978 1.045
v -0.162 5.027 1.055
v -0.306 5.713 1.499
v -0.29 6.598 0.893
v -0.302 7.257 1.566
v -0.007 7.299 1.67
v -0.011 6.613 0.933
v -0.657 2.16 1.166
v -0.352 3.894 1.051
v -0.507 2.601 1.13
v 0.202 3.739 1.065
v -0.053 2.261 1.11
v -0.069 4.764 1.015
v -0.645 6.145 0.741
v -0.571 6.506 0.53
v -0.686 6.556 0.129
v -0.436 6.424 0.807
v -0.181 6.783 0.767
v -0.429 8.569 0.451
v -0.155 8.501 0.622
v -0.366 7.92 0.352
v 0.122 8.608 1.224
v -0.042 7.861 0.909
v -0.831 9.493 0.337
v -0.683 9.715 0.517
v 0.029 8.87 0.542
v -0.33 8.962 0.582
v -0.572 10.27 0.484
v -0.844 11.271 0.365
v -0.447 10.553 0.37
v 0.277 8.998 0.261
v -0.133 9.961 0.207
v -0.374 11.787 0.244
v -0.754 12.318 0.201
v -0.904 11.831 0.197
v -0.586 12.842 0.26
v -0.473 12.632 0.26
v -6.986 9.357 0.238
v -7.187 9.608 0.057
v -7.709 10.315 0.155
v -7.484 10.031 0.09
v -7.129 9.811 0.092
v -6.831 9.117 0.116
v -6.601 9.238 0.018
v -6.327 8.732 0.046
v -5.948 8.841 0.082
v -6.565 9.363 0.15
v -6.408 7.901 -0.809
v -5.811 7.658 -0.378
v -5.664 7.711 -0.447
v -5.622 8.161 0.062
v -5.361 8.273 -0.049
v -5.428 7.845 -0.307
v -6.22 7.874 -0.617
v -6.072 7.841 -0.661
v -5.49 7.929 -0.163
v -5.351 8.082 -0.069
v -4.943 7.802 -0.061
v -4.99 7.662 0.107
v -4.226 7.503 -0.073
v -4.934 8.045 -0.056
v -4.285 7.274 0.084
v -5.021 8.344 0.09
v -3.54 7.674 0.08
v -4.359 12.417 0.148
v -4.45 12.54 0.051
v -4.375 12.659 0.046
v -4.531 12.95 0.043
v -4.382 12.532 -0.037
v -3.579 6.945 0.091
v -3.749 8.826 -0.557
v -3.454 8.298 -0.004
v -3.687 8.746 -0.853
v -3.512 8.808 -0.126
v -3.656 8.663 0.201
v -3.95 10.277 0.049
v -3.45 8.982 -0.038
v -3.797 10.497 -0.013
v -3.88 9.312 -0.956
v -4.208 11.514 -0.056
v -4.237 11.207 0.095
v -3.649 10.61 0.096
v -3.863 11.22 0.018
v -4.386 11.931 0.078
v -4.19 12.193 0.107
v -4.092 11.709 -0.056
v -4.032 11.768 0.075
v -4.026 14.12 0.049
v -3.67 13.714 0.163
v -3.428 13.241 0.024
v -3.47 13.761 0.012
v -3.382 13.612 0.125
v -4.033 14.305 0.15
v -3.419 13.398 -0.084
v -3.909 9.024 -1.005
v -4.106 9.393 -1.536
v -4.142 9.582 -1.568
v -3.728 9.402 -0.971
v -3.755 9.646 -1.49
v -3.559 8.87 -1.136
v -3.425 9.163 -0.66
v -3.65 9.346 -1.504
v -3.431 9.159 -1.1
v -3.952 9.738 -1.524
v -4.103 6.556 -2.238
v -3.709 6.403 -1.659
v -3.789 6.389 -1.866
v -3.569 6.406 -1.657
v -3.853 6.468 -2
v -4.131 9.809 -2.288
v -3.908 9.305 -1.66
v -3.929 9.68 -2.044
v -4.236 9.87 -2.094
v -4.154 9.955 -1.957
v -4.292 10.248 -2.503
v -4.265 10.083 -2.606
v -4.03 10.035 -2.086
v -4.23 10.399 -2.735
v -3.852 9.803 -1.893
v -4.032 10.076 -2.431
v -3.588 9.005 -2.181
v -3.589 8.852 -2.283
v -3.466 8.929 -2.946
v -3.392 8.825 -3.086
v -4.379 10.55 -3.024
v -4.218 10.281 -2.869
v -4.391 10.74 -3.411
v -3.097 0.238 -0.612
v -2.879 0.212 -0.343
v -3.429 0.098 -0.676
v -2.972 0.039 -0.503
v -2.424 0.438 -0.22
v -2.818 7.287 -0.035
v -2.625 6.887 -0.076
v -2.982 7.58 0.026
v -3.179 8.05 -0.023
v -3.231 8.505 -0.572
v -2.856 8.479 -0.102
v -3.096 8.669 -0.519
v -2.83 8.357 0.151
v -3.146 8.866 -0.039
v -3.233 9.055 0.052
v -3.175 8.91 -0.561
v -3.069 12.822 0.131
v -2.645 12.161 0.086
v -2.972 12.698 -0.131
v -2.545 12.411 0.167
v -2.931 13.026 0.133
v -2.664 12.235 -0.141
v -2.576 12.648 0.051
v -2.527 12.451 -0.17
v -3.014 13.209 0.028
v -2.984 13.004 -0.139
v -2.897 0.144 -0.693
v -3.282 6.279 -1.047
v -3.339 6.219 -1.204
v -3.378 6.236 -1.433
v -3.271 6.395 -1.273
v -2.955 6.438 -0.863
v -2.732 6.189 -0.624
v -2.914 6.302 -0.984
v -2.49 6.334 -0.49
v -3.598 8.84 -1.432
v -3.455 8.862 -1.663
v -3.358 8.921 -2.706
v -3.414 9.019 -1.514
v -3.437 8.999 -2.221
v -3.361 8.985 -3.465
v -3.328 8.845 -2.837
v -3.307 8.985 -3.637
v -3.287 9.075 -3.915
v -2.396 0.473 -0.435
v -2.047 0.12 0.063
v -2.49 0.178 -0.122
v -1.764 0.381 -0.618
v -1.374 0.708 -0.394
v -1.714 0.714 -0.155
v -2.434 6.228 0.052
v -2.239 6.19 -0.015
v -1.67 5.575 -0.041
v -2.021 6.334 -0.142
v -1.48 5.861 -0.274
v -2.743 6.463 0.13
v -2.209 6.399 -0.223
v -2.471 6.596 -0.189
v -1.62 6.571 -0.138
v -2.888 8.059 0.027
v -2.1 11.493 -0.24
v -1.973 11.036 -0.004
v -1.734 10.891 -0.25
v -1.565 10.846 0.229
v -2.122 11.535 0.177
v -1.593 11.252 0.142
v -2.312 11.59 -0.071
v -2.316 12.295 -0.109
v -2.107 12.067 -0.003
v -1.67 11.471 -0.069
v -1.696 0.017 -0.4
v -1.83 0.147 -0.611
v -1.099 0.183 -0.536
v -1.085 0.599 -0.548
v -1.283 0.934 -0.09
v -1.071 1.039 -0.392
v -1.137 2.19 -0.376
v -0.783 2.331 -0.607
v -0.511 1.066 -0.814
v -1.008 3.066 -0.34
v -0.844 3.64 -0.355
v -0.889 4.099 -0.351
v -1.271 4.655 0.03
v -1.024 5.003 -0.364
v -0.791 5.648 -0.376
v -0.897 6.352 0.061
v -0.647 7.537 0.213
v -0.874 7.787 -0.409
v -1.108 8.491 -0.911
v -1.428 10.308 -0.126
v -1.611 10.599 0.135
v -1.16 9.912 0.097
v -1.011 10.011 0.31
v -0.888 9.548 -0.025
v -0.755 9.512 -0.185
v -1.877 11.498 -0.252
v -0.897 10.313 -0.27
v -1.069 10.142 -0.273
v -1.245 10.92 -0.145
v -1.173 10.94 0.136
v -1.113 11.04 -0.015
v -0.944 11.123 -0.218
v -0.998 11.587 -0.013
v -1.304 13.846 -0.077
v -1.225 13.842 0.064
v -0.987 13.178 0.04
v -0.827 13.191 0.196
v -0.766 13.005 -0.164
v -0.976 0.435 -0.784
v -1.092 0.144 -1.528
v -1.094 0.295 -1.986
v -0.928 0.18 -0.69
v -0.887 0.643 -0.942
v -1.319 9.077 -1.652
v -1.158 8.603 -1.338
v -1.208 9.488 -1.599
v -1.183 0.131 -2.363
v -0.791 0 -1.151
v -1.407 9.988 -2.626
v -1.37 9.763 -2.148
v -1.31 9.794 -2.731
v -1.094 8.814 -1.75
v -1.097 9.404 -2.393
v -0.787 9.31 -1.353
v -1.082 9.825 -1.93
v -0.887 9.088 -2.033
v -1.296 10.311 -2.63
v -1.011 10.256 -2.544
v -1.444 10.802 -3.273
v -1.225 10.108 -3.135
v -0.895 9.893 -2.755
v -1.035 10.428 -3.343
v -0.92 10.344 -2.895
v -1.153 10.86 -3.189
v -1.083 7.722 -3.875
v -1.266 7.848 -4.07
v -1.055 7.764 -3.809
v -0.938 7.71 -3.805
v -1.331 10.871 -3.749
v -1.525 10.938 -3.554
v -1.433 10.714 -3.561
v -1.082 11.015 -3.493
v -1.351 11.016 -3.313
v -1.328 11.383 -4.049
v -1.188 10.983 -3.769
v -1.417 11.478 -3.661
v -1.554 11.828 -3.936
v -1.249 11.549 -3.822
v -1.6 11.749 -4.249
v -1.422 12.279 -4.382
v -1.335 11.955 -4.208
v -1.693 12.256 -4.426
v -1.637 11.647 -3.99
v -1.449 11.871 -4.351
v -1.547 12.391 -4.66
v -1.629 12.784 -4.734
v -1.443 12.927 -4.832
v -1.562 12.442 -4.364
v -1.533 12.858 -4.89
v -1.427 13.449 -5.155
v -1.504 13.252 -4.973
v -0.184 0.056 -0.233
v -0.699 0.053 -0.375
v 0.066 0.025 -0.461
v -0.465 3.596 -0.599
v -0.869 5.99 -0.232
v -0.604 6.291 -0.26
v -0.614 7.076 0.14
v -0.539 7.049 -0.088
v -0.398 7.014 -0.304
v -0.148 6.7 -0.558
v -0.124 7.361 -0.527
v -0.772 7.586 -0.471
v -0.584 8.092 0.005
v -0.449 7.458 -0.636
v -0.958 8.928 -0.924
v -0.54 8.387 0.113
v -0.562 8.487 -0.409
v -0.397 8.525 -0.545
v -0.371 8.642 -0.367
v -0.124 8.508 -0.528
v -0.509 8.458 -0.189
v -0.498 9.537 -0.302
v -0.263 9.274 -0.357
v 0.003 9.429 -0.104
v -0.258 10.205 -0.044
v -0.283 9.639 -0.266
v -0.568 11.056 -0.238
v -0.442 11.161 0.224
v -0.375 10.824 0.075
v -0.721 12.235 -0.172
v -0.468 11.752 -0.249
v -0.134 11.699 -0.266
v -0.261 11.267 -0.027
v 0.087 12.094 0.126
v 0.048 12.217 -0.289
v -0.008 12.355 -0.044
v -0.299 12.179 -0.115
v -0.81 12.594 0.006
v -0.789 13.668 0.146
v -0.436 12.951 0.088
v -0.534 13.19 -0.076
v -0.258 12.243 0.051
v -1.384 14.429 -0.201
v -0.667 13.306 -0.16
v -0.789 13.922 -0.01
v -0.792 0.326 -1.928
v -0.259 0.875 -0.95
v -0.708 0.746 -1.031
v -0.225 0.676 -1.093
v -0.578 0.116 -1.704
v -0.084 0.166 -1.022
v -0.737 0.989 -0.701
v 0.276 1.055 -0.863
v 0.032 2.021 -0.73
v -0.026 2.814 -0.708
v -0.478 5.308 -0.699
v -0.211 4.87 -0.731
v -0.291 6.242 -1.469
v -0.128 5.773 -1.341
v -0.335 6.775 -1.49
v -0.313 6.323 -0.676
v -0.522 5.819 -0.638
v -0.152 7.373 -1.796
v -0.016 6.612 -0.704
v 0.03 7.048 -1.178
v -0.748 8.249 -1.307
v -0.48 8.146 -1.155
v 0.015 7.91 -0.555
v -0.319 8.559 -0.898
v -1.191 0.115 -2.484
v -0.846 0.08 -2.066
v 0.042 6.384 -1.846
v -0.12 6.951 -2.21
v -0.238 7.257 -2.041
v -0.124 7.498 -2.672
v -0.723 9.151 -1.915
v -0.433 8.586 -1.297
v -0.7 9.438 -1.772
v -0.269 11.361 -2.091
v -0.093 11.257 -1.729
v -0.127 10.791 -1.663
v -0.073 12.063 -2.282
v -0.229 11.532 -1.997
v -0.061 12.161 -2.565
v -0.022 11.674 -1.994
v -0.51 7.738 -3.386
v -0.225 7.697 -2.791
v -0.496 7.647 -3.131
v -0.781 7.607 -3.438
v -0.745 7.55 -3.555
v 0.005 7.428 -2.828
v -0.574 7.61 -3.557
v 0.063 7.599 -3.094
v -0.059 7.825 -3.077
v -0.784 9.78 -2.337
v -0.051 11.963 -2.544
v -0.043 11.541 -2.352
v 0.003 12.442 -2.554
v -4.419 14.69 0.085
v -4.467 14.803 0.132
v -4.117 14.465 0.075
v -1.503 14.544 0.025
v -1.787 15.012 -0.073
v -1.496 14.823 -0.09
v -1.171 14.473 -0.038
v -1.609 14.651 -0.173
v -0.972 14.529 -0.073
v -1.742 15.319 -0.139
v -1.871 15.671 -0.064
v -1.74 16.14 -0.079
v -1.907 15.383 -0.167
v -2.04 15.561 -0.251
v -1.773 15.996 -0.142
v -1.039 14.664 -0.001
v 0.689 12.389 5.092
v 0.654 11.979 4.683
v 0.601 11.814 4.226
v 0.821 12.954 5.354
v 0.634 12.577 4.967
v 0.94 13.015 5.203
v 0.818 11.488 4.182
v 0.787 11.637 3.693
v 0.649 12.175 4.437
v 0.699 11.409 3.712
v 0.932 11.742 3.744
v 0.794 12.278 4.5
v 0.095 7.927 2.945
v 0.75 11.025 3.501
v 0.778 10.495 3.026
v 0.649 10.406 2.62
v 0.757 10.885 2.842
v -0.141 0.096 2.807
v 0.043 0.233 2.384
v 0.107 0.049 2.104
v 0.196 6.777 2.074
v 0.081 5.963 1.629
v 0.331 6.87 2.409
v 0.294 7.068 2.158
v 1.014 6.791 2.897
v 0.206 7.502 2.506
v 0.323 7.097 2.671
v 0.386 7.243 2.519
v 0.276 7.295 2.328
v 0.104 7.675 2.268
v 0.964 6.871 2.717
v 0.684 7.078 2.501
v 0.845 6.934 2.979
v 1.06 7.063 2.952
v 0.541 9.842 2.104
v 0.553 9.776 1.697
v 0.595 9.463 2.058
v 0.917 10.131 2.789
v 0.896 10.393 2.139
v 0.388 0.115 1.315
v 0.33 0.368 1.678
v 0.568 0.33 1.474
v 0.63 0.939 1.21
v 0.548 0.634 1.432
v 1.409 0.105 1.846
v 0.432 0.028 1.002
v 0.466 5.663 0.906
v 0.406 5.158 0.836
v 0.295 6.843 1.776
v 0.263 6.391 0.983
v 0.51 8.93 1.724
v 0.459 8.248 1.275
v 0.121 8.807 0.94
v 0.353 8.744 0.575
v 0.351 9.296 1.582
v 0.835 8.9 1.713
v 0.895 9.589 2.308
v -0.308 0.036 0.811
v 0.521 2.108 0.838
v 0.883 1.106 0.931
v 0.471 2.434 0.802
v 0.639 3.592 0.75
v 0.712 2.851 0.189
v 0.561 4.515 0.58
v 0.769 3.734 0.202
v 0.16 4.782 0.898
v 0.608 5.786 0.72
v 0.961 5.551 0.603
v 0.271 6.48 0.818
v 0.413 6.014 0.75
v 0.372 7.515 0.664
v 0.74 6.895 0.381
v 0.731 6.495 0.43
v 0.883 6.747 0.271
v 0.13 7.44 0.701
v -0.083 7.498 0.661
v 0.797 8.088 0.628
v 0.994 7.722 0.379
v 0.094 8.736 0.665
v 0.681 9.462 1.213
v 0.934 9.466 1.294
v 0.731 8.62 0.648
v 1.238 13.385 5.617
v 0.928 12.865 5.403
v 1.169 13.495 5.587
v 1.252 13.639 5.82
v 1.196 13.659 5.828
v 1.374 13.715 5.638
v 1.317 14.021 5.858
v 1.236 13.322 5.467
v 0.926 12.513 5.028
v 0.888 11.97 4.679
v 0.958 12.152 4.546
v 1.072 12.96 5.338
v 0.796 12.579 4.857
v 1.007 13.251 5.394
v 0.954 10.803 3.435
v 1.117 11.357 3.93
v 1.075 11.756 4.209
v 1.178 11.284 3.266
v 1.187 11.503 3.797
v 1.448 6.784 3.222
v 1.126 6.961 3.117
v 1.666 6.889 3.203
v 1.757 6.964 3.468
v 1.564 6.879 3.342
v 1.145 10.848 3.428
v 1.175 9.986 2.553
v 1.046 11.219 3.057
v 1.306 10.998 3.167
v 1.284 10.543 2.932
v 1.234 6.921 2.874
v 1.536 6.973 3.132
v 1.183 9.404 1.744
v 1.277 9.955 2.238
v 1.076 10.332 2.097
v 1.474 0.271 1.896
v 1.047 0.661 1.456
v 1.835 0.312 1.929
v 1.15 0.742 0.834
v 1.671 0.158 1.321
v 1.919 0.266 1.763
v 1.001 8.828 1.414
v 1.188 10.019 1.963
v 1.821 0.012 1.813
v 0.624 0.034 0.428
v 1.328 0.322 0.535
v 1.288 0.45 0.775
v 1.271 0.564 0.557
v 1.369 0.105 0.39
v 1.155 0.165 0.639
v 1.177 0.982 0.217
v 1.476 0.775 0.129
v 2.385 0.352 0.098
v 1.141 0.778 1.078
v 0.96 1.489 0.302
v 1.367 5.678 0.367
v 0.993 5.155 0.406
v 1.559 5.785 0.382
v 1.753 6.375 0.468
v 1.854 6.042 0.385
v 1.371 6.754 0.564
v 1.789 6.83 0.56
v 1.692 7.194 0.432
v 0.796 8.231 0.84
v 0.91 8.585 0.529
v 1.151 8.46 0.495
v 0.977 9.018 1.14
v 1.633 9.656 0.477
v 0.772 8.697 0.401
v 1.442 9.698 0.319
v 2.108 6.946 3.621
v 2.456 7.092 3.848
v 2.488 7.066 3.843
v 2.112 6.98 3.523
v 2.125 7.041 3.626
v 2.234 0.109 2.253
v 1.969 0.12 2.159
v 2.059 0.127 1.889
v 1.472 5.713 0.142
v 2.028 5.752 0.483
v 2.904 5.599 0.413
v 2.678 5.758 0.572
v 2.444 5.949 0.393
v 2.637 6.994 0.342
v 1.887 6.273 0.288
v 2.363 7.256 0.563
v 2.244 7.519 0.477
v 2.857 8.234 1.171
v 3.005 8.179 1.455
v 2.689 10.824 0.455
v 2.388 10.675 0.446
v 2.117 9.598 0.343
v 2.389 10.882 0.306
v 3.217 8.109 1.522
v 2.717 7.643 0.982
v 3.218 8.74 1.785
v 3.3 8.717 1.512
v 3.023 8.335 0.994
v 2.802 7.409 0.735
v 3.495 8.292 1.661
v 3.136 7.681 0.771
v 3.35 8.054 1.05
v 2.392 5.821 0.198
v 3.178 5.837 0.542
v 2.723 5.681 0.293
v 3.296 5.739 0.411
v 2.942 5.591 0.536
v 3.528 5.578 0.567
v 3.489 5.693 0.696
v 3.184 7.473 0.504
v 3.3 7.812 0.55
v 3.09 7.97 0.608
v 3.497 8.403 1.311
v 2.811 7.942 0.344
v 2.937 11.419 0.314
v 3.446 11.576 0.348
v 2.792 10.601 0.333
v 3.759 12.129 0.243
v 4.044 10.299 3.666
v 3.989 10.424 3.793
v 4.112 10.614 3.957
v 3.681 10.379 4.227
v 3.851 10.475 3.984
v 3.97 10.47 3.699
v 3.774 10.434 4.023
v 4.358 11.275 4.484
v 4.261 10.972 4.218
v 4.1 10.754 3.935
v 4.059 10.454 3.633
v 4.204 10.745 3.967
v 4.248 11.049 4.241
v 3.722 9.778 3.198
v 3.654 9.404 2.883
v 3.527 9.438 2.738
v 3.832 9.559 3.014
v 3.939 10.001 3.398
v 3.763 10.079 3.307
v 3.903 10.152 3.237
v 3.84 9.607 2.716
v 3.982 10.057 3.291
v 3.548 8.423 1.985
v 3.361 8.906 2.193
v 3.653 8.719 2.152
v 4.45 8.469 2.572
v 3.806 8.526 2.14
v 3.844 8.582 1.998
v 4.665 8.568 2.801
v 4.157 8.421 2.445
v 3.892 8.34 2.125
v 3.577 8.983 2.47
v 3.624 9.733 2.846
v 3.726 9.668 2.694
v 3.772 8.978 2.166
v 4.065 8.418 2.08
v 3.58 8.795 1.636
v 3.726 8.454 1.723
v 3.609 9.096 1.977
v 4.058 5.831 0.661
v 4.17 5.827 0.779
v 4.25 5.711 0.715
v 3.814 5.696 0.542
v 4.803 5.935 0.813
v 4.24 7.915 0.485
v 3.774 7.511 0.241
v 4.154 8.391 0.387
v 3.509 8.191 0.247
v 5.114 8.636 0.477
v 4.638 5.818 0.736
v 4.812 5.881 0.851
v 5.096 5.963 0.847
v 5.477 6.073 0.925
v 6.098 8.933 0.313
v 5.555 8.582 0.318
v 6.091 9.24 0.318
v 5.017 8.796 0.31
v 6.33 9.167 0.345
v 6.636 9.513 0.248
v 7.138 9.675 0.239
v 6.748 9.314 0.178
v 0.475 0.027 -0.198
v 1.068 0.036 -1.433
v 0.418 2.242 -0.357
v 0.808 1.101 -0.436
v 0.671 2.228 0.199
v 0.213 3.441 -0.645
v 0.627 3.589 -0.313
v 0.202 4.642 -0.56
v 0.551 4.448 -0.301
v 0.669 4.349 0.081
v 0.515 5.055 -0.587
v 0.892 5.182 -0.325
v 0.945 4.89 0.067
v 0.313 6.565 -0.487
v 0.448 6.222 -0.539
v 0.655 6.063 -0.441
v 0.71 7.417 -0.342
v 0.898 6.995 0.014
v 0.946 7.308 -0.061
v 0.85 6.796 -0.086
v 0.09 8.392 -0.492
v 0.602 8.403 -0.248
v 1.252 8.809 -0.304
v -0.099 9.164 -0.503
v 0.141 9.285 -0.224
v 0.051 9.373 -0.516
v 0.432 9.993 -0.87
v 0.515 8.554 0.364
v 0.501 8.685 0.158
v 0.307 9.133 -0.164
v 0.554 8.65 -0.186
v 0.49 8.828 -0.242
v 0.693 8.813 0.026
v 0.652 9.281 -0.686
v 0.299 12.061 -0.048
v 0.572 12.718 -0.325
v 0.578 12.722 0.017
v 0.269 12.683 -0.223
v 0.514 12.902 -0.023
v 0.765 12.809 -0.079
v 0.491 12.413 -0.248
v 0.881 12.991 -0.266
v 0.714 13.257 -0.233
v 0.171 0.081 -0.876
v 0.105 0.303 -1.059
v -0.166 0.415 -1.2
v 0.148 0.607 -1.045
v 0.585 0.777 -1.011
v 0.551 0.539 -1.271
v 0.736 0.058 -1.555
v 0.887 0.159 -1.772
v 0.775 0.778 -0.865
v -0.08 4.517 -0.649
v 0.252 5.923 -1.458
v 0.504 6.161 -1.427
v 0.638 5.753 -0.659
v 0.169 6.57 -0.646
v 0.418 6.928 -1.15
v 0.627 6.865 -1.477
v 0.633 6.945 -1.862
v 0.104 7.509 -1.69
v 0.269 9.365 -1.114
v 0.043 9.279 -0.858
v 0.398 9.032 -0.905
v 0.606 9.682 -1.259
v 0.395 8.539 -0.424
v 0.136 9.849 -1.015
v 0.188 10.699 -1.354
v 0.277 9.977 -0.885
v 0.439 10.135 -1.583
v 0.657 10.083 -1.096
v 0.486 10.499 -1.323
v 0.475 10.533 -1.613
v 0.284 7.169 -2.613
v 0.436 6.979 -2.319
v 0.405 8.002 -2.418
v 0.676 8.138 -2.915
v 0.669 7.687 -2.745
v 0.2 7.905 -2.227
v 0.024 7.988 -2.528
v 0.21 10.642 -1.877
v 0.223 10.04 -1.502
v 0.052 10.258 -1.345
v -0.104 10.956 -2.001
v 0.09 11.129 -2.114
v 0.273 11.043 -1.727
v 0.154 11.358 -2.062
v 0.1 11.837 -2.172
v 0.157 11.826 -2.352
v 0.235 12.526 -2.552
v 0.098 7.939 -3.257
v 0.424 7.777 -3.308
v 0.736 7.96 -3.182
v 0.293 8.421 -3.082
v 0.093 8.237 -3.238
v 0.427 8.339 -2.879
v 0.905 8.585 -3.506
v 0.289 12.462 -2.632
v 0.186 12.317 -2.721
v 0.112 12.992 -2.805
v 0.183 12.922 -2.689
v 0.258 12.872 -2.906
v 0.263 13.532 -2.84
v 0.234 14.034 -2.948
v 0.204 14.107 -2.939
v 0.264 13.968 -2.904
v 0.542 8.251 -3.883
v 0.822 8.689 -4.241
v 0.481 8.553 -3.804
v 0.664 8.707 -3.612
v 0.762 8.112 -3.782
v 1.124 0.973 -0.031
v 1.002 0.554 -0.642
v 1.331 0.793 -0.162
v 1.1 0.173 -0.443
v 1.25 0.383 -0.459
v 1.384 0.561 -0.4
v 1.484 6.039 -0.279
v 1.514 6.401 -0.42
v 1.646 5.786 0.069
v 1.839 6.114 0.022
v 1.09 6.941 0.004
v 0.802 6.641 -0.189
v 1.042 6.407 -0.42
v 1.59 7.183 -0.212
v 1.751 6.272 -0.363
v 1.31 8.162 0.095
v 1.239 8.275 -0.176
v 1.871 7.486 0.068
v 1.465 8.584 0.344
v 1.958 9.377 -0.057
v 1.174 9.449 0.107
v 1.472 9.694 -0.093
v 1.598 9.573 -0.204
v 1.879 9.118 0.13
v 1.84 10.27 0.098
v 1.196 13.772 -0.235
v 1.093 13.419 -0.377
v 1.071 13.432 -0.088
v 1.237 13.443 -0.202
v 1.526 13.861 -0.43
v 1.622 13.781 -0.307
v 1.157 0.216 -1.816
v 1.031 0.277 -0.763
v 1.22 0.111 -2.05
v 1.008 8.261 -3.558
v 0.992 8.156 -3.669
v 1.317 8.194 -4.147
v 1.265 8.682 -4.739
v 1.179 8.072 -3.95
v 1.24 8.459 -3.774
v 1.738 8.182 -4.024
v 1.34 8.456 -4.087
v 1.934 8.069 -4.18
v 1.751 8.245 -4.205
v 1.351 8.979 -4.322
v 1.055 8.891 -4.123
v 1.11 8.871 -4.715
v 1.234 8.373 -4.23
v 1.549 8.816 -4.482
v 1.458 8.71 -4.731
v 1.905 8.141 -4.353
v 1.17 9.05 -4.555
v 1.171 9.255 -5.071
v 1.468 9.337 -4.875
v 1.608 9.213 -5.022
v 1.385 9.186 -5.362
v 1.363 9.667 -5.259
v 1.252 9.593 -5.669
v 1.205 9.827 -5.571
v 1.514 9.385 -5.42
v 1.447 9.784 -5.519
v 1.182 10.015 -6.01
v 1.27 10.149 -5.886
v 1.393 9.991 -5.917
v 1.16 10.382 -6.229
v 1.112 10.386 -6.352
v 1.246 10.373 -6.25
v 1.29 10.044 -6.072
v 1.086 10.655 -6.55
v 2.557 0.378 -0.366
v 3.52 0.104 -0.386
v 2.725 0.38 -0.214
v 2.239 0.165 0.187
v 2.978 0.117 -0.12
v 2.86 0.017 -0.249
v 1.94 5.981 0.111
v 1.978 6.246 -0.154
v 1.91 6.663 -0.395
v 2.16 7.347 -0.312
v 2.12 6.47 0.047
v 2.178 6.657 -0.195
v 2.21 6.353 -0.659
v 2.184 6.5 -0.422
v 2.434 6.29 -0.431
v 2.484 6.13 -0.668
v 2.253 7.598 -0.181
v 2.771 7.383 -0.299
v 2.351 7.725 0.371
v 2.925 7.965 0.005
v 2.347 9.86 0.155
v 2.008 9.818 -0.193
v 2.727 10.969 -0.084
v 2.805 10.679 0.029
v 2.393 10.264 -0.089
v 1.857 14.068 -0.475
v 2.746 6.213 -0.964
v 2.58 6.418 -0.768
v 2.255 8.168 -4.349
v 2.286 8.127 -4.456
v 2.506 8.217 -4.536
v 2.806 7.061 -0.013
v 3.035 7.334 -0.178
v 3.477 7.825 -0.199
v 3.161 7.226 0.141
v 3.833 8.238 -0.016
v 2.962 10.801 0.094
v 2.606 11.079 0.038
v 2.929 11.409 -0.25
v 3.001 11.293 -0.474
v 3.13 11.062 -0.356
v 3.252 11.114 0.109
v 3.36 11.135 -0.379
v 3.576 11.054 -0.7
v 3.422 11.291 -0.277
v 3.161 11.691 0.166
v 3.268 11.657 -0.022
v 3.214 11.579 -0.34
v 3.303 11.679 -0.726
v 3.703 12.156 0.027
v 3.356 11.472 -0.222
v 3.413 11.486 -0.041
v 2.955 6.19 -0.893
v 2.792 6.311 -0.706
v 3.365 6.265 -1.278
v 3.198 6.325 -1.22
v 3.342 6.357 -1.172
v 3.652 6.357 -1.478
v 3.823 6.445 -1.547
v 3.397 11.566 -1.001
v 3.744 7.597 -0.067
v 4.768 7.422 -0.237
v 4.06 7.77 -0.136
v 4.256 7.43 0.02
v 4.262 8.282 -0.075
v 4.431 8.562 0.2
v 5.059 8.8 0.088
v 3.551 11.494 0.11
v 3.978 11.968 0.063
v 4.057 12.132 0.175
v 4.282 12.394 -0.043
v 4.046 12.496 0.087
v 4.372 12.676 0.12
v 4.624 12.823 -0.035
v 4.305 12.688 -0.075
v 3.692 11.068 -1.027
v 4.017 11.049 -1.086
v 3.913 11.072 -1.279
v 4.324 11.079 -1.467
v 3.8 11.233 -1.016
v 4.265 11.08 -1.617
v 4.326 10.944 -1.551
v 3.77 12.045 -1.482
v 3.684 11.897 -0.947
v 3.624 11.656 -1.479
v 3.56 11.513 -1.426
v 3.727 11.299 -0.764
v 3.905 11.809 -1.06
v 3.69 11.417 -1.066
v 3.812 11.904 -1.616
v 3.962 11.756 -1.406
v 3.732 11.371 -1.525
v 3.964 12.124 -1.464
v 3.733 11.569 -1.642
v 3.744 11.355 -2.084
v 3.729 11.442 -2.07
v 3.993 12.257 -2.113
v 3.848 11.439 -2.548
v 3.895 11.417 -2.086
v 4.044 12.024 -1.928
v 4.127 12.033 -1.63
v 4.218 12.253 -1.955
v 4.207 12.383 -2.518
v 4.067 12.361 -2.004
v 4.305 12.516 -2.577
v 3.948 11.431 -2.733
v 3.904 11.389 -2.686
v 4.003 11.507 -3.07
v 4.033 11.575 -3.352
v 4.332 12.731 -3.045
v 4.223 12.565 -2.567
v 4.456 7.877 0.239
v 4.423 7.563 0.148
v 4.13 7.539 0.194
v 4.546 7.715 -0.001
v 4.458 7.876 0.07
v 4.807 7.58 -0.24
v 5.041 7.446 -0.023
v 5.187 7.565 -0.175
v 5.05 7.31 -0.169
v 4.752 8.313 -0.06
v 5.263 8.43 0.072
v 5.707 8.851 0.01
v 4.958 13.325 -0.063
v 4.667 13.075 -0.037
v 4.662 11.097 -2.009
v 4.71 11.042 -1.983
v 4.971 11.153 -2.291
v 5.516 7.325 -0.258
v 5.513 7.432 -0.362
v 5.669 7.444 -0.203
v 6.058 7.528 -0.392
v 6.115 7.453 -0.346
v 6.204 7.494 -0.456
v 4.987 8.215 0.268
v 5.882 9.136 0.071
v 5.676 9.096 0.256
v 6.633 7.575 -0.501
v 6.251 9.009 0.138
v 6.658 9.401 0.044
v 7.249 9.711 0.146
v 7.182 9.764 0.085
v 7.093 9.797 0.154
v 7.451 10.022 0.154
v 7.493 9.868 0.25
v 0.19 14.542 -2.997
v 1.608 14.082 -0.338
v 2.041 14.303 -0.314
v 1.692 13.91 -0.254
v 2.113 14.396 -0.489
v 2.299 14.326 -0.411
v 2.457 14.469 -0.499
v 2.978 14.883 -0.484
v 2.353 14.549 -0.415
v 2.919 14.874 -0.422
v 2.834 14.693 -0.441
v -3.988 10.117 0.229
v -3.475 10.21 0.268
v -1.093 10.499 0.293
v -0.043 0.164 0.302
v -0.411 7.192 0.45
v -5.629 7.813 -0.121
v -3.709 8.998 -1.72
v -4.347 10.517 -3.154
v -3.812 9.133 -1.554
v -3.527 9.127 -1.607
v -3.035 6.268 -0.683
v -2.617 6.427 -0.099
v -3.837 14.085 -0.034
v -1.597 14.509 -0.082
v -1.111 15.187 -0.063
v -1.682 16.138 -0.066
v -1.554 16.508 -0.057
v 1.015 13.641 6.043
v 2.78 7.17 4.009
v 3.477 9.212 2.175
v 3.4 10.352 4.526
v 0.939 0.146 -0.567
v 0.756 5.64 -0.529
v 6.411 9.424 0.131
v 3.472 15.117 -0.389
vt 1.036 0.566
vt 0.529 0.589
vt 0.658 0.589
vt 0.635 0.589
vt 0.53 0.599
vt 1.038 0.589
vt 0.79 0.903
vt 0.671 0.922
vt 0.938 0.922
vt 0.606 0.813
vt 0.532 0.834
vt 0.775 0.834
vt 0.612 0.834
vt 0.491 0.834
vt 0.53 0.86
vt 0.76 0.834
vt 0.757 0.859
vt 0.914 0.883
vt 0.675 0.883
vt 0.949 0.883
vt 0.696 0.86
vt 0.879 0.847
vt 0.779 0.916
vt 0.426 0.916
vt 0.374 0.946
vt 0.892 0.838
vt 0.758 0.855
vt 1.01 0.869
vt 0.567 0.76
vt 0.367 0.833
vt 0.796 0.838
vt 1.361 0.838
vt 1.017 0.755
vt 0.848 0.76
vt 1.116 0.76
vt 0.54 0.79
vt 0.609 0.806
vt 0.665 0.777
vt 0.676 0.806
vt 0.75 0.816
vt 0.883 0.778
vt 0.754 0.806
vt 0.893 0.806
vt 0.398 0.53
vt 0.862 0.531
vt 0.866 0.53
vt 1.398 0.53
vt 0.937 0.559
vt 0.759 0.958
vt 0.957 0.941
vt 1.334 0.941
vt 1.075 0.941
vt 1.309 0.543
vt 0.895 0.53
vt 0.323 0.888
vt 0.652 0.888
vt 0.336 0.869
vt 0.85 0.89
vt 0.652 0.901
vt 1.017 0.918
vt 0.663 0.876
vt 0.847 0.888
vt 0.97 0.888
vt 1.157 0.894
vt 1.324 0.888
vt 0.618 0.852
vt 0.623 0.849
vt 0.388 0.852
vt 1.181 0.845
vt 0.976 0.852
vt 1.388 0.852
vt 0.591 0.852
vt 0.396 0.852
vt 0.176 0.852
vt 0.647 0.677
vt 0.554 0.751
vt 0.23 0.677
vt 0.606 0.677
vt 0.441 0.625
vt 1.002 0.687
vt 1.23 0.677
vt 1.241 0.631
vt 1 0.677
vt 0.592 0.744
vt 0.562 0.743
vt 0.506 0.745
vt 0.463 0.726
vt 0.769 0.761
vt 0.783 0.777
vt 0.884 0.777
vt 0.982 0.777
vt 1.015 0.766
vt 0.701 0.774
vt 0.616 0.799
vt 0.767 0.799
vt 0.593 0.727
vt 0.631 0.689
vt 0.486 0.706
vt 0.612 0.764
vt 0.865 0.799
vt 0.701 0.799
vt 0.765 0.826
vt 0.747 0.727
vt 0.63 0.727
vt 0.698 0.764
vt 0.863 0.785
vt 0.741 0.764
vt 0.617 0.812
vt 0.792 0.834
vt 0.955 0.799
vt 0.859 0.841
vt 1.131 0.852
vt 0.949 0.864
vt 1.176 0.852
vt 0.623 0.813
vt 0.588 0.813
vt 0.881 0.81
vt 0.609 0.767
vt 0.611 0.749
vt 0.424 0.753
vt 0.592 0.817
vt 0.834 0.813
vt 0.585 0.813
vt 0.686 0.781
vt 0.754 0.767
vt 0.586 0.767
vt 0.399 0.819
vt 0.272 0.786
vt 0.333 0.813
vt 0.444 0.813
vt 0.789 0.813
vt 1.136 0.813
vt 0.136 0.813
vt 1.184 0.813
vt 1.077 0.82
vt 0.979 0.767
vt 1.124 0.78
vt 0.661 0.717
vt 0.466 0.717
vt 0.735 0.667
vt 0.66 0.704
vt 0.798 0.717
vt 0.825 0.676
vt 0.312 0.767
vt 0.307 0.717
vt 0.225 0.767
vt 0.124 0.78
vt 0.625 0.717
vt 0.922 0.735
vt 0.801 0.737
vt 0.996 0.767
vt 0.965 0.717
vt 1.201 0.717
vt 1.108 0.704
vt 0.813 0.717
vt 1.101 0.717
vt 0.976 0.717
vt 0.577 0.662
vt 0.678 0.667
vt 0.732 0.664
vt 0.215 0.668
vt 0.201 0.717
vt 0.308 0.715
vt 0.394 0.631
vt 0.212 0.667
vt 0.322 0.667
vt 0.226 0.628
vt 0.108 0.704
vt 0.43 0.677
vt 0.636 0.591
vt 0.622 0.628
vt 0.81 0.64
vt 0.547 0.591
vt 0.784 0.696
vt 0.694 0.677
vt 0.663 0.696
vt 0.925 0.742
vt 0.854 0.722
vt 0.773 0.75
vt 0.534 0.619
vt 0.324 0.616
vt 0.322 0.6
vt 0.536 0.616
vt 0.445 0.583
vt 0.63 0.685
vt 0.757 0.659
vt 0.73 0.651
vt 0.511 0.651
vt 0.623 0.651
vt 0.511 0.63
vt 0.606 0.61
vt 0.533 0.618
vt 0.424 0.617
vt 0.844 0.607
vt 0.704 0.607
vt 0.783 0.607
vt 0.864 0.651
vt 0.877 0.668
vt 0.983 0.651
vt 0.983 0.665
vt 0.809 0.607
vt 0.703 0.609
vt 0.844 0.608
vt 0.981 0.622
vt 0.886 0.651
vt 0.77 0.689
vt 0.747 0.723
vt 0.986 0.727
vt 0.888 0.727
vt 0.864 0.764
vt 0.859 0.927
vt 0.754 0.928
vt 1.048 0.956
vt 1.205 0.927
vt 1.058 0.873
vt 0.858 0.892
vt 1.046 0.927
vt 0.731 0.842
vt 0.79 0.866
vt 0.859 0.866
vt 0.965 0.663
vt 0.821 0.667
vt 0.951 0.667
vt 0.205 0.901
vt 0.421 0.866
vt 0.263 0.866
vt 0.194 0.866
vt 0.263 0.845
vt 0.25 0.805
vt 0.892 0.769
vt 0.733 0.805
vt 0.868 0.805
vt 0.055 0.866
vt 0.207 0.805
vt 0.754 0.927
vt 0.737 0.866
vt 0.594 0.866
vt 0.255 0.805
vt 0.413 0.805
vt 0.249 0.79
vt 1.13 0.692
vt 0.991 0.748
vt 1.038 0.748
vt 0.21 0.748
vt 0.129 0.748
vt 0.048 0.805
vt 0.07 0.667
vt 0.084 0.636
vt 0.877 0.623
vt 1.001 0.616
vt 1.084 0.636
vt 0.59 0.672
vt 0.498 0.652
vt 0.529 0.672
vt 0.607 0.696
vt 0.593 0.672
vt 0.493 0.672
vt 0.677 0.696
vt 0.792 0.708
vt 0.803 0.696
vt 0.603 0.656
vt 0.691 0.672
vt 0.242 0.616
vt 0.001 0.616
vt 0.876 0.616
vt 0.775 0.565
vt 0.701 0.602
vt 0.908 0.565
vt 1.012 0.593
vt 0.012 0.593
vt 0.242 0.589
vt 0.214 0.565
vt 1.038 0.565
vt 0.991 0.66
vt 0.973 0.672
vt 1.108 0.672
vt 0.336 0.895
vt 0.198 0.917
vt 0.287 0.922
vt 0.633 0.888
vt 0.763 0.895
vt 0.797 0.895
vt 1.11 0.895
vt 1.124 0.895
vt 1.015 0.895
vt 0.806 0.9
vt 1.138 0.896
vt 0.607 0.954
vt 0.949 0.941
vt 1.312 0.941
vt 0.469 0.93
vt 0.097 0.941
vt 0.124 0.941
vt 1.014 0.922
vt 0.827 0.937
vt 1.223 0.922
vt 1.097 0.941
vt 0.681 0.862
vt 0.758 0.875
vt 0.837 0.862
vt 0.461 0.879
vt 0.11 0.895
vt 0.124 0.895
vt 0.332 0.887
vt 0.137 0.87
vt 0.834 0.895
vt 0.761 0.862
vt 0.968 0.862
vt 0.81 0.852
vt 1.074 0.841
vt 1.112 0.862
vt 0.432 0.862
vt 0.651 0.862
vt 0.447 0.846
vt 0.457 0.862
vt 0.269 0.827
vt 0.239 0.851
vt 0.401 0.827
vt 0.804 0.829
vt 0.641 0.837
vt 0.744 0.832
vt 0.794 0.885
vt 0.672 0.834
vt 0.338 0.834
vt 0.035 0.827
vt 0.165 0.827
vt 0.162 0.817
vt 1.004 0.754
vt 0.988 0.673
vt 0.805 0.673
vt 0.909 0.834
vt 1.192 0.834
vt 0.914 0.842
vt 0.242 0.862
vt 0.112 0.862
vt 0.273 0.862
vt 1.019 0.837
vt 0.884 0.915
vt 1.113 0.87
vt 0.565 0.853
vt 0.113 0.87
vt 0.403 0.836
vt 0.887 0.836
vt 0.593 0.761
vt 0.654 0.793
vt 0.704 0.793
vt 0.487 0.757
vt 0.613 0.757
vt 0.495 0.733
vt 0.201 0.53
vt 0.543 0.589
vt 0.663 0.53
vt 0.434 0.783
vt 0.69 0.757
vt 0.334 0.757
vt 1.104 0.699
vt 0.811 0.757
vt 0.976 0.757
vt 0.404 0.757
vt 0.407 0.735
vt 0.676 0.748
vt 0.743 0.748
vt 0.919 0.748
vt 0.995 0.781
vt 0.42 0.846
vt 0.314 0.805
vt 0.13 0.692
vt 0.209 0.72
vt 0.215 0.692
vt 0.811 0.691
vt 0.772 0.662
vt 0.726 0.676
vt 1.018 0.692
vt 0.32 0.692
vt 0.93 0.641
vt 0.788 0.641
vt 0.848 0.641
vt 0.557 0.536
vt 0.526 0.536
vt 0.516 0.536
vt 0.586 0.544
vt 0.557 0.544
vt 0.53 0.539
vt 0.556 0.544
vt 0.529 0.544
vt 0.525 0.544
vt 0.869 0.626
vt 0.987 0.642
vt 0.991 0.624
vt 0.653 0.552
vt 0.587 0.553
vt 0.59 0.553
vt 0.497 0.59
vt 0.596 0.588
vt 0.507 0.588
vt 0.501 0.621
vt 0.603 0.622
vt 0.497 0.615
vt 0.6 0.555
vt 0.601 0.553
vt 0.503 0.551
vt 0.503 0.593
vt 0.607 0.613
vt 0.503 0.591
vt 0.513 0.615
vt 0.601 0.615
vt 0.501 0.615
vt 0.497 0.622
vt 0.677 0.547
vt 0.588 0.649
vt 0.705 0.619
vt 0.691 0.624
vt 0.807 0.649
vt 0.787 0.624
vt 0.7 0.624
vt 0.844 0.624
vt 0.994 0.672
vt 0.891 0.672
vt 0.969 0.689
vt 0.679 0.649
vt 0.718 0.652
vt 0.809 0.652
vt 0.983 0.649
vt 0.895 0.656
vt 0.822 0.649
vt 0.959 0.633
vt 0.891 0.649
vt 0.884 0.672
vt 0.895 0.793
vt 0.725 0.827
vt 0.976 0.804
vt 0.879 0.787
vt 0.713 0.757
vt 0.405 0.58
vt 1.001 0.757
vt 0.962 0.793
vt 1.135 0.762
vt 0.71 0.675
vt 0.53 0.675
vt 0.615 0.734
vt 0.814 0.648
vt 0.853 0.675
vt 1.074 0.675
vt 0.846 0.675
vt 0.594 0.686
vt 0.662 0.691
vt 0.723 0.691
vt 0.262 0.741
vt 0.347 0.757
vt 0.257 0.757
vt 0.372 0.77
vt 0.399 0.757
vt 0.162 0.757
vt 0.164 0.723
vt 0.634 0.723
vt 0.611 0.723
vt 0.771 0.724
vt 0.721 0.723
vt 0.811 0.723
vt 0.656 0.718
vt 0.001 0.757
vt 0.135 0.762
vt 0.176 0.757
vt 0.739 0.753
vt 0.895 0.753
vt 1.023 0.755
vt 1.002 0.723
vt 0.911 0.723
vt 0.873 0.723
vt 1.044 0.723
vt 0.475 0.803
vt 0.683 0.803
vt 0.572 0.772
vt 0.485 0.761
vt 0.572 0.761
vt 0.445 0.754
vt 0.607 0.66
vt 0.68 0.66
vt 0.716 0.63
vt 0.848 0.66
vt 0.841 0.654
vt 0.173 0.605
vt 0.074 0.675
vt 0.334 0.59
vt 0.571 0.66
vt 0.492 0.637
vt 0.472 0.66
vt 0.568 0.67
vt 0.607 0.661
vt 0.499 0.66
vt 0.66 0.683
vt 0.701 0.673
vt 0.792 0.691
vt 0.87 0.68
vt 0.838 0.691
vt 0.672 0.691
vt 0.707 0.697
vt 0.849 0.666
vt 0.679 0.663
vt 0.38 0.66
vt 0.419 0.691
vt 0.461 0.687
vt 0.331 0.723
vt 0.249 0.691
vt 0.326 0.687
vt 0.218 0.687
vt 0.668 0.692
vt 0.739 0.744
vt 0.79 0.692
vt 0.892 0.642
vt 0.779 0.683
vt 0.901 0.661
vt 0.694 0.657
vt 0.655 0.681
vt 0.964 0.683
vt 1.028 0.683
vt 0.927 0.629
vt 0.845 0.683
vt 1.1 0.683
vt 0.974 0.723
vt 0.875 0.724
vt 1.038 0.724
vt 0.577 0.761
vt 0.702 0.761
vt 0.81 0.803
vt 0.712 0.861
vt 0.942 0.803
vt 0.701 0.553
vt 0.718 0.553
vt 0.701 0.554
vt 0.796 0.553
vt 0.505 0.592
vt 0.582 0.578
vt 0.487 0.59
vt 0.715 0.556
vt 0.567 0.57
vt 0.688 0.592
vt 0.609 0.628
vt 0.702 0.628
vt 0.279 0.605
vt 0.266 0.628
vt 0.379 0.628
vt 0.154 0.628
vt 0.195 0.606
vt 0.379 0.654
vt 0.273 0.646
vt 0.333 0.66
vt 0.702 0.564
vt 0.601 0.564
vt 0.707 0.601
vt 0.714 0.596
vt 0.701 0.588
vt 0.609 0.601
vt 0.804 0.628
vt 0.79 0.615
vt 0.706 0.615
vt 0.798 0.555
vt 0.715 0.555
vt 0.841 0.569
vt 0.914 0.624
vt 0.845 0.624
vt 0.956 0.624
vt 0.592 0.707
vt 0.627 0.697
vt 0.579 0.701
vt 0.496 0.708
vt 0.505 0.628
vt 0.331 0.628
vt 0.657 0.706
vt 0.281 0.628
vt 0.691 0.717
vt 0.654 0.711
vt 0.591 0.711
vt 0.685 0.711
vt 0.683 0.711
vt 0.191 0.628
vt 0.737 0.711
vt 0.63 0.777
vt 0.716 0.772
vt 0.581 0.77
vt 0.601 0.58
vt 0.685 0.56
vt 0.504 0.56
vt 0.644 0.802
vt 0.581 0.803
vt 0.682 0.808
vt 0.816 0.78
vt 0.719 0.786
vt 0.789 0.833
vt 0.72 0.833
vt 0.718 0.847
vt 0.814 0.802
vt 0.687 0.802
vt 0.85 0.802
vt 0.78 0.818
vt 0.874 0.818
vt 0.968 0.802
vt 0.966 0.811
vt 0.776 0.823
vt 0.753 0.833
vt 0.863 0.83
vt 0.865 0.833
vt 0.93 0.847
vt 0.643 0.861
vt 0.697 0.852
vt 0.594 0.861
vt 0.701 0.887
vt 0.793 0.887
vt 0.612 0.883
vt 0.893 0.874
vt 0.669 0.874
vt 0.602 0.916
vt 0.373 0.922
vt 0.646 0.945
vt 1.468 0.958
vt 0.985 0.952
vt 1.461 0.966
vt 1.304 0.958
vt 0.984 0.958
vt 1.077 0.934
vt 0.971 0.941
vt 1.28 0.941
vt 0.938 0.941
vt 1.065 0.941
vt 1.1 0.557
vt 0.503 0.53
vt 0.628 0.53
vt 0.355 0.903
vt 0.46 0.903
vt 0.188 0.901
vt 0.695 0.903
vt 0.459 0.904
vt 0.531 0.883
vt 0.351 0.903
vt 0.185 0.903
vt 0.106 0.868
vt 0.016 0.883
vt 0.164 0.883
vt 1.01 0.757
vt 0.538 0.757
vt 1.342 0.742
vt 0.342 0.86
vt 0.386 0.841
vt 0.237 0.834
vt 1.199 0.689
vt 0.946 0.757
vt 1.109 0.757
vt 1.006 0.86
vt 0.945 0.875
vt 1.106 0.868
vt 0.359 0.832
vt 0.383 0.834
vt 0.492 0.826
vt 0.314 0.83
vt 0.992 0.675
vt 0.977 0.683
vt 0.342 0.742
vt 0.279 0.675
vt 0.199 0.689
vt 0.315 0.675
vt 0.495 0.59
vt 0.319 0.59
vt 0.426 0.808
vt 0.543 0.806
vt 0.328 0.806
vt 0.426 0.806
vt 0.292 0.777
vt 0.328 0.809
vt 0.283 0.806
vt 0.23 0.814
vt 0.408 0.777
vt 0.092 0.834
vt 0.092 0.823
vt 0 0.646
vt 0.202 0.675
vt 0.151 0.59
vt 0.196 0.59
vt 0.321 0.59
vt 0.153 0.581
vt 1.079 0.806
vt 0.997 0.823
vt 1.092 0.823
vt 0.755 0.944
vt 0.524 0.944
vt 0.978 0.944
vt 0.979 0.943
vt 0.523 0.936
vt 0.582 0.944
vt 0.231 0.935
vt 0.426 0.777
vt 0.409 0.776
vt 0.293 0.777
vt 0.396 0.75
vt 0.079 0.806
vt 1.106 0.754
vt 0.589 0.583
vt 0.532 0.547
vt 0.42 0.583
vt 0.3 0.682
vt 0.441 0.675
vt 0.35 0.651
vt 0.375 0.764
vt 0.433 0.727
vt 0.263 0.727
vt 0.588 0.622
vt 0.721 0.583
vt 0.53 0.583
vt 0.376 0.783
vt 0.271 0.764
vt 0.224 0.795
vt 0.718 0.659
vt 0.331 0.867
vt 0.479 0.847
vt 0.378 0.834
vt 1.072 0.798
vt 0.095 0.799
vt 0.072 0.798
vt 0.51 0.896
vt 0.757 0.906
vt 0.488 0.868
vt 0.513 0.906
vt 0.333 0.906
vt 0.621 0.834
vt 0.765 0.868
vt 0.791 0.868
vt 0.527 0.868
vt 0.934 0.909
vt 0.792 0.906
vt 1.169 0.877
vt 1.008 0.879
vt 0.933 0.906
vt 0.224 0.906
vt 0.331 0.868
vt 0.169 0.877
vt 0.938 0.868
vt 0.791 0.873
vt 0.95 0.834
vt 1.002 0.868
vt 1.092 0.842
vt 1.231 0.935
vt 0.467 0.9
vt 0.668 0.875
vt 0.483 0.875
vt 1.05 0.875
vt 0.898 0.875
vt 0.781 0.909
vt 0.461 0.875
vt 0.49 0.837
vt 0.315 0.841
vt 0.703 0.677
vt 0.518 0.667
vt 0.51 0.73
vt 0.616 0.738
vt 0.713 0.533
vt 0.874 0.53
vt 0.523 0.53
vt 0.821 0.678
vt 0.956 0.728
vt 0.731 0.659
vt 0.511 0.53
vt 0.445 0.558
vt 0.916 0.634
vt 0.838 0.659
vt 0.986 0.659
vt 1.147 0.711
vt 1.09 0.666
vt 0.806 0.741
vt 0.723 0.738
vt 0.596 0.741
vt 0.793 0.915
vt 0.754 0.843
vt 0.444 0.866
vt 1.104 0.832
vt 0.784 0.836
vt 1.087 0.836
vt 0.316 0.805
vt 0.294 0.738
vt 0.187 0.776
vt 0.551 0.738
vt 0.551 0.796
vt 0.486 0.738
vt 0.728 0.822
vt 0.539 0.822
vt 0.671 0.846
vt 0.369 0.845
vt 0.297 0.822
vt 0.885 0.822
vt 0.884 0.799
vt 0.694 0.822
vt 0.903 0.822
vt 0.723 0.788
vt 1.007 0.769
vt 1.074 0.822
vt 0.074 0.822
vt 0.828 0.738
vt 1.037 0.738
vt 0.883 0.683
vt 0.881 0.757
vt 0.823 0.78
vt 0.813 0.757
vt 0.51 0.797
vt 0.66 0.902
vt 0.851 0.87
vt 1.064 0.828
vt 1.212 0.874
vt 0.855 0.909
vt 0.659 0.909
vt 1.127 0.941
vt 1.037 0.927
vt 0.822 0.927
vt 1.022 0.951
vt 0.582 0.927
vt 0.913 0.866
vt 0.821 0.873
vt 1.037 0.908
vt 0.397 0.744
vt 0.015 0.766
vt 0.106 0.754
vt 0.047 0.75
vt 0.194 0.777
vt 0.162 0.75
vt 0.318 0.722
vt 0.257 0.705
vt 0.168 0.72
vt 0.048 0.748
vt 0.105 0.75
vt 0.107 0.731
vt 0.291 0.607
vt 0.423 0.607
vt 0.311 0.594
vt 0.256 0.75
vt 0.352 0.65
vt 0.258 0.588
vt 0.088 0.583
vt 0.135 0.588
vt 1.056 0.607
vt 1.09 0.635
vt 0.264 0.689
vt 0.885 0.566
vt 0.722 0.583
vt 0.92 0.583
vt 0.165 0.677
vt 0.148 0.689
vt 0.984 0.689
vt 0.986 0.725
vt 1.161 0.689
vt 1.165 0.677
vt 0.989 0.689
vt 1.148 0.689
vt 0.038 0.605
vt 0.623 0.796
vt 0.582 0.756
vt 0.362 0.789
vt 0.792 0.796
vt 0.623 0.799
vt 0.871 0.804
vt 0.374 0.756
vt 0.583 0.75
vt 0.382 0.754
vt 0.799 0.759
vt 0.869 0.796
vt 0.953 0.772
vt 1.17 0.796
vt 0.949 0.796
vt 0.995 0.816
vt 0.168 0.756
vt 0.195 0.804
vt 0.364 0.796
vt 0.17 0.796
vt 0.87 0.837
vt 0.67 0.866
vt 0.996 0.837
vt 0.666 0.837
vt 0.896 0.837
vt 0.198 0.837
vt 0.047 0.861
vt 0.037 0.927
vt 0.022 0.951
vt 0.233 0.927
vt 1.233 0.927
vt 0.728 0.757
vt 0.577 0.773
vt 0.387 0.796
vt 1.033 0.777
vt 0.995 0.757
vt 0.207 0.757
vt 0.153 0.757
vt 0.225 0.675
vt 0.293 0.65
vt 0.055 0.675
vt 0.28 0.657
vt 0.421 0.636
vt 0.505 0.593
vt 0.444 0.59
vt 0.381 0.623
vt 1.038 0.605
vt 1.099 0.659
vt 0.259 0.583
vt 0.136 0.583
vt 0.04 0.583
vt 0.329 0.836
vt 0.079 0.836
vt 0.105 0.675
vt 0.236 0.603
vt 0.084 0.675
vt 0.505 0.675
vt 0.349 0.675
vt 0.542 0.757
vt 0.853 0.836
vt 0.291 0.757
vt 0.164 0.751
vt 1.148 0.757
vt 0.314 0.768
vt 0.148 0.757
vt 0.315 0.836
vt 0.658 0.904
vt 0.815 0.846
vt 0.456 0.868
vt 1.083 0.836
vt 1.028 0.815
vt 0.911 0.812
vt 1.036 0.866
vt 0.708 0.748
vt 0.668 0.691
vt 0.662 0.748
vt 0.918 0.748
vt 0.805 0.701
vt 0.769 0.748
vt 0.029 0.748
vt 0.203 0.747
vt 0.104 0.691
vt 0.808 0.748
vt 0.706 0.762
vt 0.759 0.805
vt 0.989 0.748
vt 1.028 0.805
vt 1.1 0.748
vt 0.915 0.748
vt 0.913 0.805
vt 0.398 0.672
vt 0.396 0.682
vt 0.371 0.674
vt 0.372 0.671
vt 0.397 0.649
vt 0.398 0.624
vt 0.504 0.624
vt 0.297 0.668
vt 0.297 0.649
vt 0.387 0.649
vt 0.39 0.633
vt 0.316 0.649
vt 0.462 0.675
vt 0.489 0.593
vt 0.407 0.701
vt 0.546 0.703
vt 0.397 0.696
vt 0.043 0.716
vt 0.257 0.675
vt 0.263 0.696
vt 0.3 0.691
vt 0.184 0.672
vt 0.303 0.678
vt 0.298 0.672
vt 0.102 0.562
vt 0.06 0.565
vt 0.181 0.607
vt 0.179 0.562
vt 0.298 0.562
vt 0.102 0.545
vt 0.213 0.696
vt 0.32 0.695
vt 0.521 0.682
vt 0.339 0.682
vt 0.74 0.682
vt 0.682 0.699
vt 0.878 0.682
vt 0.47 0.719
vt 0.68 0.719
vt 0.798 0.756
vt 0.324 0.719
vt 0.524 0.719
vt 0.584 0.719
vt 0.172 0.719
vt 0.078 0.719
vt 0.869 0.719
vt 0.878 0.665
vt 0.975 0.682
vt 1.023 0.679
vt 0.615 0.756
vt 0.982 0.756
vt 0.19 0.748
vt 0.398 0.738
vt 0.293 0.748
vt 0.231 0.866
vt 0.288 0.805
vt 0.196 0.805
vt 0.726 0.691
vt 0.293 0.758
vt 0.397 0.748
vt 0.301 0.748
vt 0.673 0.748
vt 0.613 0.748
vt 0.605 0.805
vt 0.183 0.691
vt 1.104 0.691
vt 1.008 0.691
vt 0.99 0.719
vt 0.277 0.691
vt 0.315 0.671
vt 0.193 0.691
vt 0.392 0.536
vt 0.452 0.536
vt 0.424 0.536
vt 0.498 0.544
vt 0.488 0.544
vt 0.452 0.544
vt 0.401 0.536
vt 0.497 0.536
vt 0.397 0.588
vt 0.32 0.564
vt 0.395 0.564
vt 0.303 0.555
vt 0.405 0.615
vt 0.501 0.628
vt 0.415 0.628
vt 0.395 0.63
vt 0.396 0.646
vt 0.525 0.654
vt 0.517 0.641
vt 0.397 0.615
vt 0.387 0.539
vt 0.366 0.555
vt 0.496 0.628
vt 0.448 0.624
vt 0.478 0.654
vt 0.392 0.654
vt 0.334 0.624
vt 0.288 0.636
vt 0.204 0.624
vt 1.079 0.649
vt 0.627 0.541
vt 0.525 0.566
vt 0.57 0.566
vt 0.429 0.603
vt 0.603 0.603
vt 0.534 0.582
vt 0.684 0.56
vt 0.612 0.547
vt 0.535 0.56
vt 0.612 0.56
vt 0.457 0.56
vt 0.371 0.56
vt 0.595 0.632
vt 0.72 0.646
vt 0.728 0.643
vt 0.516 0.668
vt 0.688 0.682
vt 0.602 0.646
vt 0.189 0.688
vt 0.187 0.682
vt 0.342 0.652
vt 0.143 0.646
vt 0.737 0.603
vt 0.683 0.58
vt 0.341 0.646
vt 0.428 0.612
vt 0.293 0.603
vt 0.338 0.603
vt 0.295 0.591
vt 0.171 0.592
vt 0.066 0.646
vt 0.93 0.646
vt 1.066 0.646
vt 0.468 0.847
vt 0.437 0.845
vt 0.343 0.847
vt 0.337 0.833
vt 0.466 0.861
vt 0.583 0.867
vt 0.461 0.861
vt 0.476 0.625
vt 0.642 0.62
vt 0.539 0.613
vt 0.666 0.916
vt 0.515 0.916
vt 0.537 0.93
vt 0.472 0.916
vt 0.515 0.911
vt 0.33 0.905
vt 0.864 0.708
vt 0.82 0.755
vt 1.012 0.755
vt 0.399 0.536
vt 0.371 0.536
vt 0.365 0.537
vt 0.399 0.531
vt 0.365 0.536
vt 0.931 0.662
vt 1.021 0.662
vt 0.764 0.755
vt 0.793 0.804
vt 0.855 0.755
vt 0.513 0.664
vt 0.564 0.619
vt 0.468 0.638
vt 0.501 0.667
vt 0.678 0.678
vt 0.524 0.664
vt 0.915 0.926
vt 0.769 0.864
vt 0.631 0.864
vt 0.51 0.703
vt 0.596 0.703
vt 0.374 0.732
vt 0.305 0.703
vt 0.273 0.705
vt 0.864 0.659
vt 0.7 0.664
vt 0.836 0.664
vt 0.345 0.664
vt 0.218 0.678
vt 0.284 0.703
vt 0.718 0.703
vt 0.844 0.738
vt 0.765 0.703
vt 0.68 0.741
vt 0.611 0.777
vt 0.68 0.746
vt 0.518 0.741
vt 0.294 0.757
vt 0.282 0.741
vt 0.109 0.741
vt 1.142 0.775
vt 1.109 0.741
vt 0.974 0.755
vt 0.82 0.777
vt 0.844 0.741
vt 1.475 0.865
vt 1.096 0.914
vt 0.812 0.856
vt 0.096 0.914
vt 0.475 0.865
vt 0.208 0.839
vt 0.322 0.777
vt 0.142 0.775
vt 0.503 0.805
vt 0.607 0.79
vt 0.39 0.795
vt 0.973 0.802
vt 0.841 0.787
vt 0.727 0.799
vt 0.18 0.815
vt 0.282 0.806
vt 0.158 0.81
vt 0.916 0.777
vt 1.158 0.81
vt 1.148 0.777
vt 0.754 0.815
vt 0.715 0.815
vt 0.932 0.835
vt 0.755 0.829
vt 0.708 0.852
vt 0.285 0.815
vt 0.19 0.836
vt 0.367 0.852
vt 0.978 0.852
vt 0.93 0.852
vt 1.005 0.865
vt 1.166 0.852
vt 1.18 0.815
vt 0.91 0.815
vt 0.499 0.886
vt 0.536 0.852
vt 0.366 0.859
vt 0.2 0.866
vt 0.218 0.886
vt 1.242 0.898
vt 1.138 0.886
vt 0.953 0.886
vt 0.19 0.852
vt 0.009 0.852
vt 0.522 0.917
vt 0.483 0.886
vt 0.242 0.898
vt 0.971 0.927
vt 0.783 0.919
vt 0.515 0.919
vt 0.739 0.892
vt 0.978 0.919
vt 1.182 0.919
vt 1.264 0.924
vt 0.771 0.949
vt 0.248 0.949
vt 0.692 0.958
vt 0.645 0.949
vt 0.968 0.949
vt 0.44 0.544
vt 0.309 0.544
vt 0.382 0.544
vt 0.66 0.754
vt 0.557 0.708
vt 0.464 0.708
vt 0.324 0.641
vt 0.399 0.641
vt 0.401 0.641
vt 0.397 0.641
vt 0.317 0.628
vt 0.552 0.703
vt 0.484 0.701
vt 0.495 0.696
vt 0.424 0.69
vt 0.402 0.696
vt 0.501 0.711
vt 0.506 0.725
vt 0.496 0.711
vt 0.451 0.725
vt 0.449 0.711
vt 0.401 0.701
vt 0.391 0.711
vt 0.385 0.696
vt 0.298 0.711
vt 0.389 0.726
vt 0.299 0.725
vt 0.312 0.737
vt 0.454 0.566
vt 0.499 0.53
vt 0.427 0.532
vt 0.738 0.566
vt 0.774 0.545
vt 0.35 0.535
vt 0.315 0.563
vt 0.737 0.566
vt 0.627 0.566
vt 0.734 0.616
vt 0.587 0.757
vt 0.485 0.763
vt 0.512 0.77
vt 0.804 0.594
vt 0.884 0.597
vt 0.858 0.595
vt 0.273 0.77
vt 0.333 0.777
vt 0.327 0.773
vt 0.442 0.802
vt 0.507 0.786
vt 0.409 0.786
vt 0.371 0.802
vt 0.258 0.786
vt 0.358 0.786
vt 0.22 0.786
vt 0.43 0.56
vt 0.371 0.548
vt 0.262 0.539
vt 1.083 0.794
vt 0.974 0.802
vt 1.068 0.802
vt 0.257 0.818
vt 0.173 0.818
vt 0.144 0.833
vt 0.933 0.833
vt 0.999 0.833
vt 1.064 0.82
vt 1.144 0.833
vt 0.179 0.804
vt 0.065 0.818
vt 0.136 0.818
vt 0.575 0.874
vt 0.47 0.874
vt 0.344 0.881
vt 0.346 0.848
vt 0.15 0.861
vt 0.314 0.861
vt 0.351 0.53
vt 0.186 0.558
vt 0.371 0.558
vt 0.172 0.539
vt 0.013 0.558
vt 0.768 0.597
vt 0.863 0.558
vt 0.672 0.584
vt 0.315 0.629
vt 0.545 0.632
vt 0.481 0.611
vt 0.371 0.581
vt 0.186 0.593
vt 0.316 0.597
vt 0.48 0.887
vt 0.511 0.901
vt 0.641 0.901
vt 0.479 0.893
vt 0.482 0.874
vt 0.358 0.874
vt 0.528 0.549
vt 0.471 0.53
vt 0.301 0.53
vt 0.664 0.91
vt 0.767 0.901
vt 0.579 0.901
vt 0.767 0.53
vt 0.722 0.541
vt 0.897 0.564
vt 0.8 0.901
vt 0.954 0.901
vt 1.158 0.901
vt 1.08 0.908
vt 0.56 0.615
vt 0.423 0.93
vt 0.323 0.916
vt 0.18 0.916
vt 0.817 0.916
vt 1.003 0.916
vt 0.958 0.916
vt 1 0.93
vt 1.079 0.916
vt 1.129 0.547
vt 1.066 0.53
vt 0.986 0.564
vt 0.747 0.66
vt 0.99 0.662
vt 0.838 0.662
vt 0.169 0.804
vt 0.131 0.755
vt 0.02 0.755
vt 0.2 0.708
vt 0.15 0.708
vt 0.172 0.755
vt 0.284 0.662
vt 0.535 0.632
vt 0.431 0.662
vt 0.4 0.587
vt 0.396 0.576
vt 0.291 0.576
vt 0.32 0.544
vt 0.302 0.544
vt 0.339 0.544
vt 0.138 0.613
vt 0.22 0.613
vt 0.297 0.593
vt 0.196 0.564
vt 0.194 0.576
vt 0.176 0.576
vt 0.321 0.576
vt 0.302 0.564
vt 0.214 0.576
vt 0.228 0.601
vt 0.212 0.604
vt 0.319 0.615
vt 0.275 0.668
vt 0.304 0.654
vt 0.234 0.664
vt 0.392 0.626
vt 0.401 0.601
vt 0.304 0.607
vt 0.305 0.601
vt 0.412 0.569
vt 0.301 0.559
vt 0.489 0.601
vt 0.514 0.586
vt 0.595 0.675
vt 0.589 0.642
vt 0.507 0.646
vt 0.504 0.642
vt 0.508 0.601
vt 0.704 0.617
vt 0.571 0.642
vt 0.697 0.642
vt 0.301 0.616
vt 0.314 0.566
vt 0.219 0.606
vt 0.224 0.551
vt 0.218 0.566
vt 0.072 0.566
vt 0.998 0.609
vt 0.943 0.592
vt 1.071 0.569
vt 1.159 0.85
vt 1.007 0.804
vt 0.961 0.864
vt 1.074 0.804
vt 0.645 0.755
vt 1.334 0.804
vt 0.957 0.864
vt 1.34 0.864
vt 0.348 0.804
vt 0.334 0.804
vt 0.275 0.642
vt 0.35 0.642
vt 0.495 0.679
vt 0.591 0.678
vt 0.489 0.678
vt 0.36 0.678
vt 0.397 0.678
vt 0.497 0.678
vt 0.364 0.676
vt 0.248 0.664
vt 0.12 0.674
vt 0.105 0.703
vt 0.111 0.734
vt 0.194 0.703
vt 1.12 0.674
vt 1.095 0.664
vt 0.965 0.678
vt 0.992 0.664
vt 1.105 0.626
vt 0.994 0.616
vt 0.871 0.703
vt 0.476 0.763
vt 0.701 0.748
vt 0.542 0.728
vt 0.665 0.795
vt 0.58 0.768
vt 0.448 0.763
vt 0.41 0.817
vt 0.629 0.804
vt 0.417 0.795
vt 0.758 0.776
vt 0.733 0.763
vt 0.783 0.795
vt 0.615 0.795
vt 1.053 0.673
vt 0.809 0.618
vt 0.813 0.673
vt 0.662 0.593
vt 0.815 0.673
vt 0.447 0.713
vt 0.409 0.709
vt 0.525 0.673
vt 0.517 0.596
vt 0.216 0.673
vt 0.259 0.755
vt 0.504 0.673
vt 0.257 0.673
vt 0.048 0.73
vt 0.085 0.673
vt 0.023 0.703
vt 0.119 0.703
vt 0.989 0.741
vt 0.315 0.807
vt 0.2 0.795
vt 0.566 0.833
vt 0.643 0.827
vt 0.442 0.827
vt 0.074 0.755
vt 0.501 0.755
vt 0.987 0.835
vt 1.208 0.839
vt 0.505 0.943
vt 0.694 0.946
vt 0.781 0.912
vt 0.497 0.912
vt 0.006 0.912
vt 0.715 0.697
vt 0.618 0.711
vt 0.968 0.711
vt 0.966 0.711
vt 0.72 0.711
vt 0.969 0.723
vt 0.397 0.613
vt 0.477 0.613
vt 0.3 0.564
vt 0.501 0.948
vt 0.434 0.948
vt 0.095 0.949
vt 1.031 0.782
vt 0.749 0.809
vt 0.964 0.809
vt 0.351 0.761
vt 0.381 0.713
vt 0.005 0.761
vt 0.408 0.809
vt 0.439 0.791
vt 0.031 0.782
vt 0.97 0.761
vt 0.629 0.761
vt 0.617 0.581
vt 1.457 0.53
vt 1.02 0.53
vt 0.986 0.608
vt 0.722 0.564
vt 0.964 0.613
vt 1.092 0.945
vt 1.146 0.93
vt 0.787 0.823
vt 0.623 0.823
vt 0.463 0.81
vt 1.104 0.855
vt 0.685 0.855
vt 1.38 0.855
vt 0.287 0.887
vt 0.584 0.886
vt 0.341 0.884
vt 0.744 0.823
vt 0.469 0.823
vt 0.64 0.83
vt 0.316 0.786
vt 0.316 0.823
vt 0.325 0.782
vt 0.484 0.786
vt 0.473 0.776
vt 0.184 0.823
vt 0.218 0.833
vt 0.352 0.828
vt 0.228 0.823
vt 0.38 0.855
vt 0.892 0.691
vt 0.981 0.691
vt 0.598 0.715
vt 0.638 0.715
vt 0.511 0.7
vt 0.411 0.715
vt 0.52 0.861
vt 0.34 0.861
vt 0.169 0.825
vt 0.836 0.628
vt 0.902 0.628
vt 0.817 0.604
vt 1.057 0.605
vt 0.997 0.59
vt 0.864 0.59
vt 0.058 0.59
vt 0.257 0.583
vt 0.125 0.575
vt 1.019 0.675
vt 0.955 0.691
vt 0.973 0.707
vt 0.712 0.616
vt 0.676 0.59
vt 0.528 0.61
vt 0.938 0.674
vt 0.982 0.682
vt 0.962 0.66
vt 0.976 0.669
vt 1.094 0.68
vt 0.185 0.675
vt 0.338 0.64
vt 0.256 0.59
vt 0.767 0.685
vt 0.67 0.675
vt 0.532 0.703
vt 0.537 0.675
vt 0.044 0.723
vt 0.2 0.72
vt 0.074 0.691
vt 0.527 0.679
vt 0.425 0.679
vt 0.639 0.679
vt 0.648 0.647
vt 0.529 0.679
vt 0.735 0.679
vt 0.301 0.679
vt 0.453 0.679
vt 0.415 0.645
vt 0.558 0.683
vt 0.43 0.683
vt 0.181 0.683
vt 0.572 0.629
vt 0.716 0.629
vt 0.689 0.629
vt 0.822 0.536
vt 0.805 0.536
vt 0.79 0.536
vt 0.651 0.612
vt 0.735 0.612
vt 0.724 0.595
vt 0.805 0.53
vt 0.864 0.53
vt 0.831 0.53
vt 0.714 0.592
vt 0.815 0.592
vt 0.965 0.592
vt 0.886 0.592
vt 0.993 0.628
vt 0.971 0.571
vt 0.981 0.592
vt 1.095 0.592
vt 0.993 0.66
vt 0.168 0.65
vt 0.088 0.628
vt 0.088 0.66
vt 0.712 0.602
vt 0.799 0.574
vt 0.659 0.602
vt 0.462 0.58
vt 0.311 0.57
vt 0.427 0.602
vt 0.528 0.643
vt 0.533 0.661
vt 0.709 0.614
vt 0.848 0.617
vt 0.779 0.602
vt 0.808 0.643
vt 0.681 0.643
vt 0.777 0.662
vt 0.946 0.761
vt 1.134 0.724
vt 0.925 0.724
vt 0.389 0.629
vt 0.149 0.629
vt 0.435 0.629
vt 0.809 0.576
vt 0.797 0.585
vt 0.899 0.58
vt 0.908 0.536
vt 0.856 0.536
vt 0.903 0.536
vt 0.897 0.595
vt 0.904 0.601
vt 1.003 0.601
vt 0.894 0.641
vt 0.927 0.647
vt 1.004 0.641
vt 0.791 0.659
vt 0.777 0.666
vt 0.807 0.628
vt 0.783 0.641
vt 0.832 0.641
vt 0.888 0.53
vt 0.8 0.53
vt 0.884 0.555
vt 0.815 0.556
vt 0.894 0.552
vt 0.793 0.541
vt 0.95 0.548
vt 0.76 0.576
vt 0.883 0.556
vt 0.757 0.557
vt 0.894 0.556
vt 1.024 0.57
vt 0.838 0.588
vt 0.722 0.588
vt 0.805 0.711
vt 0.739 0.713
vt 1.063 0.592
vt 1.096 0.599
vt 0.066 0.579
vt 0.095 0.592
vt 0.13 0.592
vt 0.802 0.725
vt 0.938 0.725
vt 0.938 0.711
vt 0.936 0.711
vt 0.804 0.711
vt 0.657 0.606
vt 0.602 0.62
vt 0.715 0.603
vt 0.971 0.721
vt 0.937 0.713
vt 0.749 0.737
vt 0.8 0.725
vt 0.692 0.738
vt 0.753 0.62
vt 0.886 0.606
vt 0.71 0.59
vt 0.804 0.775
vt 0.532 0.621
vt 0.595 0.602
vt 0.465 0.602
vt 0.946 0.78
vt 0.312 0.602
vt 0.212 0.602
vt 0.32 0.602
vt 0.161 0.602
vt 0.197 0.626
vt 0.867 0.917
vt 0.717 0.913
vt 0.491 0.919
vt 0.702 0.932
vt 0.653 0.932
vt 0.555 0.935
vt 0.645 0.935
vt 0.176 0.935
vt 0.202 0.53
vt 0.113 0.55
vt 0.606 0.53
vt 1.114 0.911
vt 0.86 0.913
vt 1.266 0.913
vt 0.913 0.542
vt 1.334 0.53
vt 1.489 0.592
vt 1.009 0.862
vt 0.999 0.855
vt 0.72 0.856
vt 1.037 0.83
vt 0.836 0.829
vt 0.987 0.855
vt 0.799 0.886
vt 1.016 0.891
vt 1.068 0.884
vt 0.261 0.884
vt 0.245 0.858
vt 0.009 0.862
vt 0.016 0.891
vt 0.068 0.884
vt 0.497 0.913
vt 0.415 0.902
vt 0.286 0.884
vt 0.566 0.884
vt 1.027 0.913
vt 1.11 0.913
vt 0.42 0.913
vt 0.11 0.913
vt 0.114 0.911
vt 0.266 0.913
vt 0.569 0.756
vt 0.679 0.786
vt 0.697 0.75
vt 0.862 0.78
vt 0.987 0.823
vt 0.941 0.803
vt 0.844 0.786
vt 0.826 0.823
vt 1.107 0.753
vt 0.944 0.786
vt 1.025 0.786
vt 0.978 0.786
vt 1.107 0.786
vt 0.952 0.758
vt 0.709 0.72
vt 0.997 0.758
vt 0.932 0.758
vt 1.19 0.777
vt 0.622 0.758
vt 0.771 0.758
vt 0.701 0.802
vt 0.628 0.758
vt 0.503 0.758
vt 0.84 0.746
vt 0.85 0.715
vt 0.717 0.715
vt 0.628 0.719
vt 0.591 0.75
vt 0.727 0.744
vt 0.399 0.75
vt 0.209 0.75
vt 0.215 0.786
vt 1 0.75
vt 0.993 0.78
vt 0.939 0.718
vt 1.027 0.741
vt 0.99 0.75
vt 1.132 0.75
vt 0.88 0.686
vt 0.825 0.715
vt 0.948 0.715
vt 0.585 0.572
vt 0.132 0.75
vt 0.307 0.75
vt 0.225 0.745
vt 0.019 0.675
vt 0.298 0.675
vt 0.376 0.758
vt 0.253 0.716
vt 0.772 0.643
vt 0.847 0.643
vt 0.997 0.643
vt 0.885 0.679
vt 1.002 0.675
vt 0.963 0.715
vt 0.16 0.715
vt 0.257 0.715
vt 0.198 0.681
vt 0.704 0.804
vt 0.686 0.754
vt 0.595 0.754
vt 0.81 0.82
vt 0.752 0.804
vt 0.702 0.829
vt 0.544 0.864
vt 0.586 0.804
vt 0.415 0.804
vt 0.249 0.804
vt 0.381 0.864
vt 0.922 0.643
vt 0.304 0.643
vt 0.211 0.679
vt 1.119 0.668
vt 0.923 0.754
vt 1.087 0.804
vt 1.129 0.754
vt 0.968 0.53
vt 0.941 0.53
vt 0.965 0.532
vt 0.732 0.64
vt 0.799 0.64
vt 0.792 0.64
vt 0.656 0.596
vt 0.527 0.596
vt 0.519 0.596
vt 0.128 0.66
vt 0.389 0.706
vt 0.311 0.706
vt 0.949 0.536
vt 0.957 0.536
vt 0.909 0.536
vt 0.268 0.754
vt 0.32 0.706
vt 0.22 0.706
vt 0.622 0.691
vt 0.688 0.656
vt 0.539 0.683
vt 0.62 0.66
vt 0.52 0.66
vt 0.49 0.693
vt 0.424 0.674
vt 0.965 0.536
vt 0.931 0.538
vt 0.908 0.544
vt 0.908 0.553
vt 0.994 0.558
vt 1.008 0.553
vt 0.925 0.619
vt 0.919 0.591
vt 0.832 0.604
vt 0.931 0.62
vt 0.866 0.648
vt 0.929 0.631
vt 0.842 0.62
vt 0.6 0.61
vt 0.854 0.59
vt 0.572 0.599
vt 0.553 0.648
vt 0.684 0.655
vt 0.606 0.648
vt 0.753 0.671
vt 0.754 0.648
vt 0.814 0.62
vt 0.649 0.648
vt 0.689 0.648
vt 0.552 0.641
vt 0.037 0.56
vt 0.009 0.566
vt 0.14 0.572
vt 0.894 0.624
vt 0.756 0.624
vt 0.805 0.645
vt 0.162 0.574
vt 0.109 0.602
vt 0.73 0.655
vt 0.703 0.645
vt 0.623 0.646
vt 0.691 0.71
vt 0.633 0.686
vt 0.584 0.706
vt 0.902 0.843
vt 0.709 0.892
vt 0.928 0.894
vt 1.264 0.758
vt 1.271 0.837
vt 1.216 0.839
vt 0.548 0.837
vt 0.352 0.761
vt 0.55 0.847
vt 0.64 0.837
vt 0.19 0.777
vt 0.23 0.837
vt 0.568 0.864
vt 0.74 0.864
vt 0.254 0.798
vt 0.087 0.804
vt 0.318 0.804
vt 0.376 0.866
vt 0.252 0.864
vt 0.27 0.895
vt 1.04 0.59
vt 0.823 0.63
vt 1.072 0.675
vt 0.741 0.686
vt 0.784 0.675
vt 0.517 0.675
vt 0.915 0.675
vt 0.938 0.658
vt 0.862 0.657
vt 0.771 0.675
vt 0.63 0.675
vt 0.649 0.703
vt 0.752 0.703
vt 0.655 0.702
vt 0.752 0.702
vt 0.87 0.675
vt 0.756 0.675
vt 0.541 0.623
vt 0.677 0.623
vt 0.6 0.568
vt 0.776 0.746
vt 0.815 0.716
vt 0.691 0.716
vt 0.675 0.775
vt 0.763 0.776
vt 0.698 0.746
vt 0.776 0.716
vt 0.906 0.716
vt 0.816 0.686
vt 0.682 0.746
vt 0.569 0.746
vt 0.805 0.623
vt 0.754 0.594
vt 0.534 0.675
vt 0.676 0.644
vt 0.529 0.63
vt 0.514 0.675
vt 0.359 0.676
vt 0.505 0.689
vt 0.37 0.63
vt 0.385 0.675
vt 0.885 0.578
vt 0.905 0.623
vt 1.032 0.599
vt 1.09 0.623
vt 0.283 0.655
vt 0.521 0.661
vt 0.299 0.675
vt 0.178 0.685
vt 0.287 0.735
vt 0.056 0.703
vt 1.056 0.703
vt 0.933 0.708
vt 1.019 0.758
vt 0.755 0.756
vt 0.538 0.727
vt 0.77 0.723
vt 0.907 0.707
vt 0.753 0.568
vt 0.885 0.568
vt 0.747 0.551
vt 0.825 0.739
vt 0.743 0.742
vt 0.715 0.75
vt 0.21 0.601
vt 0.169 0.623
vt 0.385 0.623
vt 0.032 0.599
vt 0.13 0.6
vt 0.654 0.744
vt 0.578 0.732
vt 0.594 0.805
vt 0.676 0.776
vt 0.566 0.782
vt 0.598 0.82
vt 0.768 0.805
vt 0.686 0.805
vt 0.741 0.564
vt 1.046 0.53
vt 0.959 0.53
vt 0.858 0.805
vt 0.756 0.789
vt 0.669 0.835
vt 0.809 0.835
vt 0.424 0.53
vt 0.421 0.541
vt 0.82 0.543
vt 0.625 0.614
vt 0.976 0.59
vt 1.42 0.59
vt 1.258 0.531
vt 0.974 0.572
vt 1.204 0.583
vt 0.792 0.884
vt 0.706 0.868
vt 0.649 0.874
vt 0.541 0.928
vt 0.948 0.914
vt 1.398 0.889
vt 0.188 0.861
vt 0.093 0.868
vt 0.371 0.868
vt 1.082 0.892
vt 0.382 0.918
vt 0.398 0.889
vt 0.082 0.892
vt 0.681 0.807
vt 0.734 0.775
vt 0.573 0.769
vt 0.868 0.79
vt 0.889 0.856
vt 0.881 0.829
vt 0.5 0.825
vt 0.703 0.866
vt 0.482 0.864
vt 0.261 0.828
vt 0.905 0.811
vt 0.694 0.811
vt 1.142 0.811
vt 1.136 0.779
vt 1.234 0.811
vt 1.075 0.827
vt 1.188 0.861
vt 1.331 0.53
vt 0.885 0.538
vt 0.331 0.53
vt 0.811 0.72
vt 0.59 0.72
vt 0.864 0.72
vt 0.48 0.674
vt 0.661 0.661
vt 0.47 0.647
vt 0.506 0.756
vt 0.791 0.756
vt 0.643 0.674
vt 0.859 0.756
vt 0.765 0.756
vt 1.082 0.818
vt 0.771 0.765
vt 0.4 0.765
vt 0.567 0.765
vt 0.261 0.765
vt 0.607 0.717
vt 0.755 0.72
vt 0.887 0.713
vt 0.734 0.765
vt 0.881 0.765
vt 0.757 0.737
vt 1.041 0.765
vt 1.023 0.725
vt 1.079 0.63
vt 0.925 0.671
vt 1.142 0.66
vt 1.052 0.556
vt 0.825 0.589
vt 0.977 0.589
vt 0.24 0.674
vt 0.45 0.589
vt 0.25 0.589
vt 0.451 0.554
vt 0.233 0.589
vt 1.252 0.674
vt 0.965 0.674
vt 1.216 0.693
vt 0.255 0.719
vt 0.197 0.69
vt 0.023 0.725
vt 0.24 0.72
vt 0.452 0.805
vt 0.52 0.758
vt 0.334 0.758
vt 0.659 0.816
vt 0.745 0.758
vt 0.484 0.758
vt 0.014 0.758
vt 0 0.82
vt 0.189 0.781
vt 0.625 0.837
vt 0.464 0.837
vt 0.454 0.871
vt 0.849 0.756
vt 0.978 0.756
vt 0.574 0.756
vt 0.584 0.783
vt 0.573 0.756
vt 0.527 0.763
vt 0.661 0.783
vt 0.849 0.783
vt 0.714 0.756
vt 1.379 0.928
vt 0.954 0.928
vt 0.561 0.94
vt 0.999 0.837
vt 1.139 0.854
vt 1.464 0.837
vt 1 0.82
vt 0.66 0.837
vt 1.187 0.837
vt 0.187 0.837
vt 0.478 0.837
vt 0.856 0.871
vt 1.209 0.896
vt 0.139 0.854
vt 0.209 0.896
vt 1.321 0.915
vt 1.454 0.871
vt 0.898 0.878
vt 0.928 0.861
vt 0.719 0.861
vt 0.617 0.861
vt 0.719 0.836
vt 0.557 0.836
vt 0.803 0.891
vt 0.898 0.885
vt 0.621 0.885
vt 0.596 0.907
vt 0.819 0.932
vt 0.991 0.926
vt 0.578 0.926
vt 0.958 0.569
vt 0.811 0.569
vt 0.952 0.569
vt 0.952 0.625
vt 0.812 0.625
vt 0.479 0.625
vt 0.111 0.553
vt 0.102 0.549
vt 0.009 0.553
vt 0.099 0.601
vt 0.001 0.601
vt 0.004 0.61
vt 0.195 0.58
vt 0.104 0.585
vt 0.145 0.588
vt 0.103 0.589
vt 0.094 0.601
vt 0.182 0.601
vt 0.166 0.641
vt 0.198 0.628
vt 0.092 0.641
vt 0.09 0.646
vt 0.211 0.641
vt 0.11 0.641
vt 1.002 0.628
vt 0.907 0.628
vt 1.029 0.628
vt 0.186 0.543
vt 0.103 0.53
vt 0.088 0.559
vt 0.207 0.576
vt 0.104 0.554
vt 0.121 0.588
vt 1.008 0.552
vt 0.884 0.554
vt 1.01 0.554
vt 0.008 0.552
vt 0.01 0.554
vt 0.793 0.601
vt 0.86 0.601
vt 0.9 0.593
vt 0.219 0.74
vt 0.103 0.74
vt 0.276 0.753
vt 0.018 0.568
vt 0.047 0.584
vt 0.044 0.558
vt 0.281 0.755
vt 0.226 0.765
vt 0.119 0.755
vt 0.366 0.628
vt 0.154 0.624
vt 0.23 0.655
vt 0.179 0.802
vt 0.201 0.788
vt 0.083 0.794
vt 0.1 0.789
vt 0.678 0.592
vt 0.507 0.592
vt 0.576 0.604
vt 0.677 0.608
vt 0.921 0.767
vt 0.939 0.77
vt 0.977 0.77
vt 0.975 0.77
vt 1.07 0.782
vt 0.866 0.562
vt 0.765 0.585
vt 0.957 0.568
vt 0.955 0.562
vt 0.76 0.562
vt 0.921 0.562
vt 0.471 0.648
vt 0.517 0.638
vt 0.413 0.637
vt 0.921 0.608
vt 0.757 0.608
vt 0.978 0.613
vt 0.959 0.597
vt 1.013 0.562
vt 0.198 0.637
vt 0.208 0.675
vt 0.318 0.637
vt 0.775 0.637
vt 0.961 0.629
vt 0.769 0.621
vt 0.44 0.637
vt 0.639 0.637
vt 0.433 0.664
vt 0.648 0.675
vt 0.546 0.637
vt 0.792 0.677
vt 0.91 0.69
vt 0.957 0.675
vt 0.098 0.658
vt 0.079 0.675
vt 0.468 0.675
vt 1.104 0.701
vt 0.979 0.678
vt 1.046 0.705
vt 0.269 0.548
vt 0.267 0.544
vt 0.195 0.55
vt 0.392 0.662
vt 0.325 0.662
vt 0.224 0.536
vt 0.173 0.536
vt 0.195 0.536
vt 0.253 0.72
vt 0.324 0.759
vt 0.4 0.72
vt 0.162 0.72
vt 0.131 0.759
vt 0.275 0.759
vt 1.07 0.803
vt 0.81 0.845
vt 1.131 0.836
vt 0.31 0.625
vt 0.356 0.625
vt 0.428 0.625
vt 0.257 0.54
vt 0.301 0.555
vt 0.195 0.559
vt 0.192 0.617
vt 0.186 0.601
vt 0.096 0.625
vt 1.094 0.601
vt 0.987 0.601
vt 1.096 0.625
vt 0.858 0.601
vt 0.79 0.61
vt 0.759 0.615
vt 0.833 0.642
vt 0.985 0.588
vt 0.973 0.601
vt 0.875 0.642
vt 0.834 0.642
vt 0.945 0.651
vt 1.018 0.642
vt 1.016 0.666
vt 1.033 0.642
vt 0.695 0.642
vt 0.364 0.608
vt 0.283 0.629
vt 0.416 0.614
vt 0.59 0.608
vt 0.522 0.608
vt 0.279 0.608
vt 0.188 0.608
vt 0.12 0.651
vt 1.117 0.608
vt 1.188 0.608
vt 0.509 0.608
vt 0.404 0.608
vt 0.726 0.69
vt 0.69 0.653
vt 0.561 0.653
vt 0.777 0.652
vt 0.273 0.652
vt 0.885 0.652
vt 0.742 0.651
vt 0.902 0.69
vt 0.944 0.661
vt 0.925 0.69
vt 0.917 0.69
vt 1.072 0.699
vt 0.951 0.652
vt 1.161 0.652
vt 0.266 0.678
vt 0.216 0.699
vt 0.165 0.642
vt 0.145 0.683
vt 0.198 0.642
vt 0.105 0.642
vt 0.15 0.678
vt 0.698 0.645
vt 0.705 0.677
vt 0.793 0.713
vt 0.844 0.678
vt 0.702 0.678
vt 0.927 0.713
vt 0.016 0.666
vt 0.955 0.678
vt 1.022 0.713
vt 0.714 0.707
vt 0.617 0.713
vt 0.273 0.69
vt 0.346 0.676
vt 0.199 0.681
vt 1.12 0.651
vt 1.273 0.652
vt 1.228 0.69
vt 0.532 0.684
vt 0.433 0.69
vt 0.252 0.763
vt 0.132 0.763
vt 0.249 0.78
vt 0.767 0.705
vt 0.964 0.728
vt 0.954 0.763
vt 1.019 0.763
vt 1.195 0.75
vt 1.05 0.728
vt 0.953 0.732
vt 0.058 0.69
vt 0.871 0.791
vt 1.032 0.795
vt 0.032 0.795
vt 0.862 0.795
vt 0.81 0.827
vt 0.308 0.727
vt 0.312 0.713
vt 0.18 0.713
vt 0.296 0.746
vt 0.205 0.746
vt 0.13 0.746
vt 0.194 0.743
vt 0.046 0.678
vt 0.022 0.713
vt 0.045 0.713
vt 0.574 0.748
vt 0.596 0.746
vt 0.427 0.746
vt 0.788 0.713
vt 0.677 0.746
vt 0.825 0.746
vt 0.777 0.746
vt 0.751 0.776
vt 0.954 0.827
vt 0.984 0.838
vt 1.173 0.831
vt 0.499 0.87
vt 0.698 0.865
vt 0.555 0.859
vt 0.369 0.827
vt 0.173 0.831
vt 0.196 0.865
vt 0.806 0.827
vt 0.847 0.84
vt 0.818 0.899
vt 0.778 0.859
vt 0.681 0.859
vt 1.201 0.859
vt 0.173 0.933
vt 0.553 0.899
vt 0.212 0.899
vt 1.497 0.937
vt 0.833 0.903
vt 1.173 0.933
vt 0.908 0.929
vt 1.212 0.899
vt 0.207 0.746
vt 0.367 0.743
vt 0.366 0.776
vt 0.428 0.776
vt 0.256 0.776
vt 0.788 0.746
vt 0.727 0.743
vt 0.642 0.746
vt 0.065 0.776
vt 0.08 0.778
vt 0.229 0.778
vt 0.596 0.776
vt 0.038 0.536
vt 0.113 0.532
vt 0.047 0.536
vt 0.091 0.53
vt 0.082 0.53
vt 0.28 0.65
vt 0.26 0.68
vt 0.333 0.689
vt 0.89 0.588
vt 1.009 0.588
vt 0.01 0.579
vt 0.099 0.588
vt 0.987 0.62
vt 0.122 0.59
vt 0.114 0.62
vt 0.18 0.62
vt 1.007 0.62
vt 0.986 0.626
vt 1.123 0.637
vt 0.04 0.579
vt 0.15 0.59
vt 0.287 0.569
vt 0.904 0.574
vt 0.855 0.589
vt 1.04 0.579
vt 0.005 0.634
vt 0.017 0.648
vt 0.123 0.637
vt 0.947 0.556
vt 0.894 0.561
vt 1.018 0.568
vt 0.484 0.648
vt 0.455 0.642
vt 0.476 0.648
vt 0.423 0.636
vt 0.309 0.636
vt 0.385 0.648
vt 0.322 0.615
vt 0.296 0.62
vt 0.204 0.65
vt 0.117 0.648
vt 0.134 0.654
vt 1.047 0.584
vt 0.89 0.59
vt 0.999 0.59
vt 0.181 0.585
vt 0.095 0.59
vt 0.498 0.702
vt 0.18 0.59
vt 0.108 0.624
vt 0.198 0.624
vt 0.039 0.624
vt 0.001 0.636
vt 0.116 0.638
vt 0.919 0.624
vt 1 0.624
vt 0.075 0.655
vt 0.491 0.655
vt 0.392 0.706
vt 0.492 0.687
vt 0.47 0.686
vt 0.365 0.655
vt 0.234 0.662
vt 0.297 0.686
vt 0.389 0.686
vt 0.001 0.686
vt 0.001 0.694
vt 0.093 0.707
vt 0.468 0.741
vt 0.494 0.716
vt 0.392 0.716
vt 0.543 0.714
vt 0.648 0.685
vt 0.465 0.714
vt 0.175 0.714
vt 0.218 0.74
vt 0.464 0.714
vt 0.788 0.714
vt 1.218 0.74
vt 0.95 0.747
vt 1.174 0.751
vt 1.234 0.784
vt 0.954 0.751
vt 0.99 0.784
vt 0.43 0.72
vt 0.584 0.704
vt 0.459 0.703
vt 0.493 0.759
vt 0.419 0.759
vt 0.495 0.803
vt 0.725 0.759
vt 0.672 0.739
vt 0.461 0.759
vt 0.489 0.944
vt 0.554 0.925
vt 0.254 0.925
vt 0.467 0.862
vt 0.534 0.862
vt 0.828 0.776
vt 0.714 0.78
vt 0.892 0.78
vt 0.959 0.752
vt 0.923 0.776
vt 0.989 0.776
vt 0.171 0.806
vt 0.036 0.806
vt 0.198 0.834
vt 0.039 0.591
vt 0.031 0.645
vt 0.222 0.677
vt 0.576 0.624
vt 0.78 0.591
vt 0.607 0.591
vt 0.709 0.738
vt 0.574 0.677
vt 0.424 0.677
vt 0.67 0.677
vt 0.737 0.677
vt 0.885 0.591
vt 0.441 0.753
vt 0.704 0.826
vt 0.692 0.806
vt 0.596 0.811
vt 0.87 0.806
vt 0.437 0.837
vt 0.509 0.834
vt 0.282 0.834
vt 0.058 0.808
vt 0.312 0.664
vt 0.416 0.666
vt 0.803 0.806
vt 0.92 0.806
vt 0.849 0.796
vt 1.058 0.808
vt 0.952 0.807
vt 1.078 0.834
vt 0.342 0.677
vt 0.998 0.834
vt 0.96 0.834
vt 1.15 0.835
vt 0.522 0.833
vt 0.405 0.807
vt 0.361 0.834
vt 0.49 0.861
vt 0.605 0.837
vt 0.593 0.834
vt 0.623 0.806
vt 0.886 0.833
vt 0.797 0.858
vt 0.977 0.86
vt 0.524 0.863
vt 0.5 0.862
vt 0.261 0.87
vt 0.774 0.882
vt 0.62 0.862
vt 0.347 0.892
vt 0.628 0.892
vt 0.127 0.878
vt 0.249 0.862
vt 0.15 0.835
vt 0.903 0.892
vt 0.817 0.862
vt 0.432 0.892
vt 0.772 0.892
vt 0.638 0.898
vt 0.912 0.894
vt 0.797 0.918
vt 1.127 0.878
vt 1.036 0.892
vt 1.049 0.914
vt 0.719 0.938
vt 0.637 0.918
vt 0.408 0.919
vt 0.426 0.943
vt 0.723 0.94
vt 0.468 0.94
vt 0.803 0.919
vt 0.972 0.938
vt 0.458 0.918
vt 0.403 0.918
vt 0.197 0.918
vt 1.054 0.918
vt 1.2 0.921
vt 1.426 0.943
vt 1.262 0.94
vt 0.978 0.94
vt 0.2 0.921
vt 0.379 0.918
vt 0.054 0.918
vt 0.669 0.94
vt 0.541 0.748
vt 0.441 0.748
vt 0.399 0.805
vt 0.265 0.691
vt 0.192 0.691
vt 0.49 0.748
vt 0.653 0.748
vt 0.542 0.691
vt 0.509 0.748
vt 0.758 0.866
vt 0.758 0.885
vt 0.981 0.874
vt 0.356 0.59
vt 0.38 0.59
vt 0.149 0.591
vt 0.04 0.59
vt 0.191 0.675
vt 0.354 0.614
vt 1.072 0.59
vt 0.862 0.611
vt 1.133 0.602
vt 0.203 0.648
vt 0.17 0.648
vt 0.319 0.696
vt 0.274 0.675
vt 0.18 0.675
vt 0.511 0.608
vt 1.011 0.671
vt 1.063 0.66
vt 0.011 0.671
vt 0.097 0.675
vt 0.063 0.66
vt 0.509 0.646
vt 0.428 0.613
vt 0.581 0.627
vt 0.839 0.675
vt 0.755 0.676
vt 1.002 0.699
vt 0.396 0.675
vt 0.391 0.702
vt 0.493 0.69
vt 0.314 0.702
vt 0.152 0.702
vt 0.217 0.719
vt 0.599 0.702
vt 0.651 0.702
vt 0.444 0.735
vt 0.508 0.729
vt 1.001 0.694
vt 1.001 0.716
vt 0.564 0.776
vt 0.59 0.746
vt 0.468 0.746
vt 0.301 0.716
vt 0.215 0.727
vt 0.27 0.776
vt 0.387 0.746
vt 0.092 0.716
vt 0.105 0.746
vt 0.178 0.746
vt 1.003 0.739
vt 0.907 0.722
vt 0.922 0.746
vt 0.088 0.746
vt 0.004 0.746
vt 0.113 0.776
vt 1.015 0.776
vt 0.913 0.784
vt 1.112 0.787
vt 1.151 0.787
vt 1.275 0.668
vt 0.994 0.675
vt 1.231 0.675
vt 0.745 0.675
vt 0.447 0.675
vt 1.158 0.76
vt 0.885 0.784
vt 1.24 0.794
vt 0.839 0.76
vt 0.58 0.76
vt 0.28 0.76
vt 0.854 0.839
vt 0.771 0.852
vt 1.066 0.865
vt 0.528 0.839
vt 0.744 0.839
vt 0.075 0.839
vt 0.24 0.794
vt 1.198 0.748
vt 0.977 0.805
vt 1.486 0.805
vt 0.465 0.927
vt 0.655 0.866
vt 0.513 0.866
vt 0.754 0.866
vt 0.659 0.806
vt 0.48 0.866
vt 0.1 0.68
vt 0.04 0.702
vt 0.11 0.702
vt 0.195 0.702
vt 0.289 0.729
vt 0.263 0.754
vt 0.383 0.729
vt 0.209 0.729
vt 1.044 0.729
vt 0.914 0.729
vt 0.998 0.733
vt 0.263 0.756
vt 0.391 0.776
vt 0.381 0.756
vt 0.526 0.756
vt 0.393 0.704
vt 0.358 0.729
vt 0.442 0.729
vt 0.389 0.756
vt 1.113 0.776
vt 0.918 0.776
vt 1.068 0.776
vt 0.4 0.797
vt 0.309 0.805
vt 0.181 0.757
vt 0.311 0.585
vt 0.359 0.53
vt 0.249 0.53
vt 0.12 0.53
vt 0.041 0.53
vt 0.121 0.578
vt 0.313 0.59
vt 0.253 0.585
vt 0.123 0.585
vt 1.051 0.805
vt 1.041 0.53
vt 0.861 0.552
vt 1.121 0.578
vt 1.009 0.54
vt 0.865 0.56
vt 0.923 0.59
vt 0.862 0.585
vt 0.881 0.598
vt 1.01 0.596
vt 0.471 0.805
vt 0.337 0.835
vt 0.505 0.835
vt 0.317 0.821
vt 0.461 0.574
vt 0.597 0.604
vt 0.674 0.586
vt 0.462 0.585
vt 0.469 0.585
vt 0.594 0.585
vt 0.436 0.865
vt 0.507 0.838
vt 0.342 0.841
vt 0.436 0.875
vt 0.661 0.875
vt 0.505 0.865
vt 0.218 0.839
vt 0.169 0.841
vt 0.864 0.758
vt 0.697 0.732
vt 1.035 0.758
vt 0.892 0.761
vt 1.216 0.758
vt 0.216 0.758
vt 0.06 0.831
vt 0.297 0.811
vt 1.06 0.831
vt 0.674 0.822
vt 0.16 0.837
vt 0.56 0.837
vt 0.474 0.643
vt 0.293 0.664
vt 0.147 0.591
vt 0.169 0.677
vt 0.331 0.604
vt 1.147 0.591
vt 0.983 0.632
vt 1.169 0.677
vt 0.391 0.783
vt 0.275 0.783
vt 0.313 0.795
vt 0.488 0.81
vt 0.388 0.81
vt 0.414 0.836
vt 0.028 0.845
vt 0.023 0.865
vt 0.803 0.843
vt 0.882 0.865
vt 1.023 0.865
vt 0.123 0.865
vt 0.544 0.899
vt 0.653 0.893
vt 0.443 0.893
vt 0.699 0.893
vt 0.542 0.893
vt 0.724 0.917
vt 0.88 0.893
vt 1.056 0.923
vt 0.357 0.916
vt 1.351 0.837
vt 1.097 0.875
vt 0.821 0.899
vt 1.074 0.837
vt 1.214 0.534
vt 1.139 0.59
vt 0.921 0.676
vt 0.785 0.687
vt 1.168 0.676
vt 1.134 0.653
vt 0.76 0.676
vt 1.231 0.676
vt 0.576 0.676
vt 0.453 0.657
vt 0.358 0.762
vt 0.668 0.759
vt 0.375 0.759
vt 0.65 0.751
vt 0.949 0.759
vt 0.082 0.662
vt 0.464 0.743
vt 0.651 0.691
vt 0.476 0.664
vt 0.953 0.59
vt 0.734 0.549
vt 0.762 0.59
vt 0.779 0.53
vt 0.699 0.552
vt 0.596 0.536
vt 0.568 0.59
vt 0.723 0.664
vt 0.832 0.707
vt 1.009 0.664
vt 0.474 0.575
vt 0.419 0.571
vt 0.304 0.667
vt 0.097 0.679
vt 0.221 0.707
vt 0.497 0.748
vt 0.283 0.743
vt 0.303 0.755
vt 0.148 0.565
vt 0.552 0.53
vt 0.06 0.54
vt 0.571 0.625
vt 0.403 0.648
vt 0.418 0.59
vt 0.143 0.62
vt 0.448 0.641
vt 0.701 0.756
vt 0.611 0.743
vt 0.651 0.743
vt 1.375 0.759
vt 0.983 0.759
vt 1.358 0.762
vt 1.042 0.652
vt 0.653 0.676
vt 0.855 0.676
vt 0.394 0.821
vt 0.796 0.794
vt 1.187 0.758
vt 0.879 0.758
vt 0.163 0.795
vt 0.845 0.743
vt 0.916 0.772
vt 1.033 0.735
vt 0.895 0.743
vt 1.216 0.743
vt 0.861 0.813
vt 1.163 0.795
vt 1.207 0.826
vt 0.877 0.826
vt 1.197 0.87
vt 0.62 0.818
vt 0.905 0.826
vt 0.688 0.758
vt 1.063 0.758
vt 1.256 0.726
vt 0.91 0.758
vt 0.52 0.815
vt 0.345 0.824
vt 0.102 0.837
vt 0.77 0.915
vt 0.874 0.837
vt 1.307 0.877
vt 0.307 0.877
vt 0.301 0.837
vt 0.355 0.937
vt 0.635 0.91
vt 0.207 0.91
vt 0.612 0.637
vt 0.763 0.644
vt 0.842 0.61
vt 0.542 0.658
vt 0.546 0.642
vt 0.348 0.677
vt 0.775 0.723
vt 0.744 0.677
vt 0.541 0.677
vt 0.807 0.677
vt 0.984 0.677
vt 0.522 0.742
vt 0.997 0.677
vt 0.151 0.783
vt 0.067 0.794
vt 0.212 0.81
vt 0.111 0.81
vt 0.558 0.834
vt 0.317 0.836
vt 0.22 0.861
vt 0.557 0.951
vt 0.722 0.923
vt 0.477 0.943
vt 1.053 0.932
vt 1.308 0.835
vt 0.973 0.836
vt 1.05 0.891
vt 0.989 0.837
vt 0.623 0.837
vt 1.355 0.937
vt 0.921 0.91
vt 1.207 0.91
vt 1.158 0.697
vt 0.999 0.73
vt 0.976 0.76
vt 0.404 0.76
vt 0.235 0.788
vt 0.524 0.76
vt 1.276 0.76
vt 0.989 0.785
vt 1.235 0.788
vt 0.76 0.802
vt 0.716 0.76
vt 0.486 0.839
vt 0.811 0.839
vt 0.309 0.839
vt 0.196 0.873
vt 0.485 0.854
vt 0.974 0.836
vt 0.926 0.85
vt 1.1 0.836
vt 0.374 0.874
vt 0.538 0.865
vt 0.41 0.861
vt 0.22 0.862
vt 0.768 0.916
vt 1.485 0.854
vt 1.196 0.873
vt 0.855 0.859
vt 0.226 0.885
vt 0.059 0.885
vt 0.246 0.907
vt 0.374 0.885
vt 1.012 0.937
vt 1.296 0.926
vt 0.243 0.909
vt 0.013 0.926
vt 0.319 0.926
vt 0.5 0.934
vt 0.262 0.936
vt 0.296 0.926
vt 0.963 0.53
vt 0.969 0.53
vt 1.447 0.589
vt 0.871 0.944
vt 0.549 0.944
vt 1.39 0.94
vt 0.234 0.784
vt 0.151 0.787
vt 0.508 0.787
vt 0.699 0.823
vt 0.868 0.793
vt 0.508 0.797
vt 0.389 0.839
vt 0.545 0.823
vt 0.165 0.823
vt 0.69 0.83
vt 1.165 0.823
vt 0.862 0.823
vt 0.954 0.846
vt 1.106 0.859
vt 0.106 0.859
vt 0.749 0.859
vt 0.578 0.858
vt 0.574 0.899
vt 0.977 0.892
vt 0.58 0.859
vt 1.389 0.839
vt 1.115 0.861
vt 1.356 0.899
vt 0.613 0.922
vt 0.636 0.941
vt 0.803 0.922
vt 0.009 0.916
vt 1.359 0.916
vt 1.367 0.833
vt 1.073 0.838
vt 0.434 0.893
vt 0.361 0.838
vt 0.01 0.869
vt 0.829 0.771
vt 0.116 0.76
vt 0.29 0.742
vt 0.017 0.755
vt 0.886 0.834
vt 0.995 0.806
vt 0.211 0.918
vt 0.361 0.918
vt 0.017 0.918
vt 0.149 0.888
vt 0.675 0.888
vt 0.324 0.888
vt 0.002 0.687
vt 0.902 0.677
vt 0.829 0.677
vt 0.223 0.677
vt 0.664 0.775
vt 0.613 0.777
vt 0.56 0.75
vt 0.953 0.753
vt 0.434 0.651
vt 0.652 0.651
vt 0.438 0.689
vt 0.475 0.764
vt 0.497 0.772
vt 0.951 0.83
vt 0.812 0.852
vt 0.689 0.767
vt 0.849 0.767
vt 0.302 0.813
vt 0.46 0.667
vt 0.45 0.682
vt 0.448 0.717
vt 0.2 0.724
vt 1.225 0.767
vt 0.701 0.616
vt 0.595 0.616
vt 0.583 0.667
vt 0.419 0.667
vt 0.401 0.616
vt 0.227 0.616
vt 0.984 0.675
vt 0.696 0.724
vt 0.598 0.726
vt 0.595 0.722
vt 0.694 0.722
vt 0.61 0.7
vt 0.564 0.717
vt 0.512 0.716
vt 0.462 0.722
vt 0.593 0.75
vt 0.703 0.75
vt 0.673 0.75
vt 0.888 0.75
vt 0.953 0.75
vt 0.741 0.722
vt 0.854 0.721
vt 0.925 0.75
vt 0.721 0.607
vt 0.786 0.722
vt 0.807 0.593
vt 0.714 0.575
vt 0.983 0.704
vt 0.963 0.667
vt 0.883 0.689
vt 0.994 0.764
vt 0.982 0.769
vt 1.42 0.846
vt 1.194 0.866
vt 0.058 0.873
vt 0.046 0.927
vt 0.846 0.805
vt 0.581 0.79
vt 0.246 0.866
vt 1 0.866
vt 0.896 0.805
vt 0.997 0.805
vt 0.733 0.616
vt 0.978 0.883
vt 1.081 0.862
vt 0.861 0.667
vt 0.717 0.649
vt 0.668 0.649
vt 0.797 0.672
vt 0.807 0.69
vt 0.887 0.688
vt 0.888 0.607
vt 0.586 0.565
vt 0.702 0.565
vt 0.775 0.554
vt 0.038 0.565
vt 1.046 0.696
vt 1.091 0.695
vt 0.885 0.587
vt 0.722 0.922
vt 1.203 0.922
vt 1.469 0.93
vt 0.978 0.922
vt 0.659 0.921
vt 1.287 0.922
vt 0.061 0.922
vt 1.124 0.941
vt 0.672 0.895
vt 1.137 0.87
vt 0.533 0.53
vt 0.557 0.53
vt 0.608 0.53
vt 0.997 0.791
vt 1.198 0.782
vt 0.968 0.754
vt 0.4 0.827
vt 0.382 0.819
vt 0.629 0.827
vt 0.632 0.826
vt 0.467 0.793
vt 0.176 0.827
vt 1.338 0.834
vt 0.662 0.827
vt 1.011 0.673
vt 0.831 0.589
vt 0.675 0.673
vt 0.52 0.754
vt 0.464 0.754
vt 0.242 0.754
vt 0.899 0.827
vt 1.035 0.827
vt 0.005 0.827
vt 0.074 0.841
vt 0.081 0.862
vt 0.662 0.801
vt 0.625 0.793
vt 0.356 0.793
vt 0.453 0.793
vt 0.278 0.793
vt 0.377 0.793
vt 0.293 0.794
vt 0.341 0.757
vt 0.019 0.837
vt 1.341 0.757
vt 1.31 0.744
vt 0.89 0.748
vt 0.585 0.805
vt 0.798 0.748
vt 0.913 0.692
vt 0.319 0.748
vt 0.734 0.691
vt 0.589 0.624
vt 0.516 0.534
vt 0.53 0.536
vt 0.009 0.66
vt 0.124 0.671
vt 0.011 0.642
vt 0.5 0.558
vt 0.588 0.556
vt 0.528 0.553
vt 0.488 0.536
vt 0.595 0.576
vt 0.5 0.576
vt 0.595 0.588
vt 1.009 0.66
vt 0.651 0.588
vt 0.499 0.588
vt 0.59 0.537
vt 0.661 0.591
vt 0.501 0.599
vt 0.241 0.675
vt 0.986 0.638
vt 0.814 0.603
vt 0.57 0.818
vt 0.577 0.833
vt 0.686 0.818
vt 0.527 0.844
vt 0.695 0.847
vt 1.242 0.754
vt 1.094 0.673
vt 1.005 0.827
vt 0.33 0.589
vt 0.234 0.53
vt 0.084 0.576
vt 0.778 0.827
vt 0.869 0.757
vt 0.574 0.691
vt 0.539 0.723
vt 0.566 0.691
vt 0.431 0.723
vt 0.073 0.723
vt 0.585 0.945
vt 0.713 0.925
vt 0.455 0.925
vt 0.507 0.803
vt 0.947 0.773
vt 1.176 0.803
vt 1.014 0.903
vt 0.936 0.903
vt 1.188 0.901
vt 0.839 0.66
vt 0.717 0.66
vt 0.31 0.744
vt 0.32 0.675
vt 0.104 0.699
vt 0.96 0.63
vt 1.173 0.605
vt 0.981 0.675
vt 0.094 0.68
vt 0.581 0.748
vt 0.666 0.692
vt 0.686 0.536
vt 0.682 0.536
vt 0.651 0.536
vt 0.719 0.544
vt 0.694 0.536
vt 0.652 0.544
vt 0.833 0.724
vt 0.195 0.629
vt 0.091 0.629
vt 0.444 0.761
vt 0.719 0.546
vt 0.712 0.576
vt 0.696 0.584
vt 0.702 0.576
vt 0.739 0.576
vt 0.804 0.576
vt 0.687 0.593
vt 0.584 0.592
vt 0.619 0.628
vt 0.712 0.628
vt 0.715 0.592
vt 0.217 0.66
vt 0.274 0.66
vt 0.166 0.66
vt 0.666 0.536
vt 0.608 0.536
vt 0.885 0.597
vt 0.514 0.597
vt 1.363 0.597
vt 0.513 0.557
vt 0.441 0.556
vt 0.36 0.557
vt 0.71 0.601
vt 0.603 0.601
vt 0.593 0.628
vt 0.66 0.628
vt 0.708 0.641
vt 0.596 0.641
vt 0.67 0.641
vt 0.665 0.628
vt 0.711 0.635
vt 0.677 0.555
vt 0.693 0.591
vt 0.695 0.591
vt 0.807 0.604
vt 0.717 0.654
vt 0.794 0.654
vt 0.696 0.668
vt 0.471 0.585
vt 0.395 0.587
vt 0.328 0.592
vt 0.579 0.711
vt 0.593 0.729
vt 0.506 0.726
vt 0.527 0.739
vt 0.587 0.753
vt 0.692 0.74
vt 0.59 0.74
vt 0.581 0.74
vt 0.72 0.75
vt 0.688 0.725
vt 0.51 0.773
vt 0.464 0.555
vt 0.602 0.56
vt 0.504 0.53
vt 0.571 0.818
vt 0.698 0.786
vt 0.737 0.802
vt 0.89 0.847
vt 0.908 0.861
vt 0.92 0.851
vt 0.716 0.861
vt 0.595 0.874
vt 0.729 0.874
vt 0.472 0.922
vt 0.373 0.929
vt 0.634 0.942
vt 0.307 0.95
vt 0.468 0.958
vt 0.102 0.589
vt 0.505 0.589
vt 0.152 0.922
vt 0.077 0.934
vt 0.836 0.836
vt 1.119 0.757
vt 0.818 0.757
vt 0.361 0.883
vt 1.096 0.883
vt 1.008 0.836
vt 1.195 0.828
vt 0.813 0.848
vt 0.527 0.836
vt 1.294 0.897
vt 0.78 0.702
vt 0.803 0.675
vt 0.782 0.625
vt 0.563 0.675
vt 0.213 0.86
vt 0.367 0.878
vt 0.304 0.757
vt 0.119 0.757
vt 0.195 0.828
vt 0.957 0.86
vt 0.997 0.834
vt 0.311 0.834
vt 1.092 0.834
vt 0.785 0.675
vt 0.699 0.675
vt 0.778 0.624
vt 0.294 0.897
vt 0.227 0.836
vt 0.175 0.836
vt 0.709 0.59
vt 0.48 0.675
vt 1.313 0.909
vt 1.119 0.909
vt 0.518 0.777
vt 0.407 0.75
vt 0.484 0.727
vt 0.474 0.799
vt 0.323 0.799
vt 0.332 0.834
vt 0.224 0.799
vt 0.155 0.834
vt 0.09 0.834
vt 1.065 0.834
vt 0.986 0.799
vt 1.072 0.799
vt 0.639 0.868
vt 1.224 0.906
vt 0.081 0.868
vt 0.008 0.879
vt 0.308 0.709
vt 0.577 0.659
vt 0.403 0.659
vt 0.27 0.659
vt 0.278 0.679
vt 0.942 0.738
vt 1.444 0.866
vt 1.202 0.884
vt 0.202 0.884
vt 0.321 0.728
vt 0.263 0.738
vt 0.781 0.59
vt 0.836 0.59
vt 0.147 0.711
vt 0.121 0.738
vt 0.973 0.592
vt 0.835 0.6
vt 1.121 0.738
vt 1.187 0.776
vt 0.812 0.675
vt 1.054 0.611
vt 0.889 0.675
vt 0.801 0.738
vt 0.007 0.769
vt 0.364 0.822
vt 0.212 0.874
vt 0.207 0.909
vt 0.311 0.91
vt 0.064 0.828
vt 1.311 0.91
vt 0.4 0.722
vt 0.41 0.722
vt 0.267 0.722
vt 1.047 0.75
vt 0.129 0.777
vt 0.227 0.806
vt 0.17 0.722
vt 0.299 0.571
vt 0.383 0.583
vt 0.297 0.627
vt 0.259 0.53
vt 0.387 0.53
vt 0.985 0.651
vt 1.144 0.644
vt 0.09 0.635
vt 0.144 0.644
vt 0.184 0.619
vt 0.868 0.53
vt 1.04 0.583
vt 1.089 0.54
vt 0.089 0.54
vt 1.058 0.53
vt 1.036 0.53
vt 0.056 0.607
vt 0.785 0.583
vt 0.149 0.727
vt 0.231 0.764
vt 0.164 0.764
vt 0.317 0.875
vt 0.05 0.875
vt 0.495 0.796
vt 0.196 0.796
vt 1.195 0.804
vt 0.992 0.796
vt 0.447 0.68
vt 0.32 0.757
vt 0.725 0.706
vt 0.619 0.837
vt 1.049 0.837
vt 1.047 0.861
vt 1.198 0.837
vt 0.777 0.757
vt 0.25 0.724
vt 0.057 0.757
vt 0.763 0.756
vt 0.83 0.675
vt 0.816 0.623
vt 0.861 0.675
vt 1.055 0.675
vt 0.184 0.59
vt 0.642 0.675
vt 0.035 0.659
vt 0.09 0.666
vt 0.995 0.836
vt 1.079 0.836
vt 0.033 0.777
vt 0.104 0.832
vt 0.054 0.611
vt 1.187 0.55
vt 0.974 0.59
vt 1.054 0.59
vt 1.04 0.675
vt 1.089 0.69
vt 0.983 0.675
vt 0.189 0.675
vt 1.043 0.757
vt 0.516 0.836
vt 0.972 0.836
vt 1.315 0.836
vt 0.581 0.891
vt 0.76 0.866
vt 0.036 0.866
vt 0.095 0.805
vt 0.028 0.815
vt 0.834 0.805
vt 1.029 0.748
vt 0.629 0.6
vt 0.803 0.611
vt 0.358 0.696
vt 0.357 0.693
vt 0.768 0.675
vt 1.018 0.618
vt 0.381 0.741
vt 0.282 0.606
vt 0.018 0.618
vt 0.309 0.672
vt 0.306 0.672
vt 0.177 0.661
vt 0.492 0.59
vt 0.329 0.587
vt 0.283 0.59
vt 0.19 0.649
vt 0.092 0.696
vt 0.475 0.682
vt 0.318 0.682
vt 0.192 0.719
vt 0.078 0.744
vt 1.078 0.744
vt 1.192 0.719
vt 1.187 0.682
vt 0.949 0.756
vt 1.168 0.756
vt 1.079 0.756
vt 0.38 0.866
vt 0.234 0.888
vt 0.187 0.866
vt 0.037 0.908
vt 0.939 0.691
vt 0.915 0.67
vt 0.913 0.691
vt 0.599 0.641
vt 1.39 0.691
vt 0.949 0.691
vt 0.307 0.691
vt 0.303 0.641
vt 0.391 0.634
vt 0.308 0.641
vt 0.499 0.553
vt 0.402 0.553
vt 0.396 0.553
vt 0.453 0.553
vt 0.392 0.544
vt 0.392 0.553
vt 0.339 0.554
vt 0.402 0.557
vt 0.498 0.601
vt 0.392 0.601
vt 0.403 0.605
vt 0.324 0.601
vt 0.436 0.591
vt 0.374 0.591
vt 0.499 0.591
vt 0.503 0.59
vt 0.436 0.586
vt 0.409 0.591
vt 0.313 0.591
vt 0.303 0.624
vt 0.195 0.612
vt 0.16 0.624
vt 1.102 0.672
vt 0.091 0.695
vt 0.102 0.672
vt 0.176 0.649
vt 0.079 0.649
vt 0.433 0.646
vt 0.879 0.646
vt 1.009 0.646
vt 1.071 0.635
vt 0.538 0.603
vt 0.689 0.603
vt 0.932 0.632
vt 0.814 0.607
vt 0.999 0.635
vt 0.461 0.847
vt 0.023 0.679
vt 0.404 0.663
vt 0.284 0.613
vt 0.224 0.663
vt 0.888 0.701
vt 1.056 0.708
vt 0.982 0.706
vt 0.57 0.616
vt 0.524 0.574
vt 0.453 0.567
vt 0.432 0.616
vt 0.466 0.616
vt 0.351 0.616
vt 0.723 0.633
vt 0.73 0.664
vt 0.854 0.664
vt 0.775 0.817
vt 0.634 0.804
vt 1.072 0.864
vt 0.944 0.755
vt 0.985 0.804
vt 1.02 0.755
vt 1.328 0.926
vt 0.912 0.935
vt 1.078 0.952
vt 0.363 0.703
vt 0.427 0.664
vt 0.775 0.701
vt 0.575 0.777
vt 0.603 0.741
vt 0.69 0.777
vt 0.811 0.777
vt 0.718 0.835
vt 0.419 0.777
vt 0.514 0.815
vt 0.541 0.848
vt 0.519 0.852
vt 0.729 0.815
vt 0.625 0.815
vt 0.961 0.815
vt 0.148 0.777
vt 0.968 0.884
vt 0.305 0.704
vt 0.268 0.886
vt 0.775 0.886
vt 1.2 0.866
vt 0.783 0.886
vt 0.774 0.886
vt 0.182 0.919
vt 0.264 0.924
vt 0.771 0.919
vt 1.252 0.919
vt 0.607 0.597
vt 0.433 0.586
vt 0.175 0.597
vt 0.701 0.708
vt 0.534 0.557
vt 0.339 0.564
vt 0.402 0.564
vt 0.391 0.601
vt 0.402 0.601
vt 0.33 0.588
vt 0.307 0.601
vt 0.397 0.668
vt 0.23 0.668
vt 0.288 0.675
vt 0.382 0.682
vt 0.399 0.668
vt 0.359 0.668
vt 0.315 0.682
vt 0.268 0.803
vt 0.338 0.818
vt 0.484 0.696
vt 0.403 0.711
vt 0.498 0.566
vt 0.425 0.566
vt 0.586 0.725
vt 0.58 0.802
vt 0.632 0.786
vt 0.418 0.77
vt 0.801 0.585
vt 0.415 0.774
vt 0.376 0.775
vt 0.58 0.786
vt 0.43 0.786
vt 0.327 0.786
vt 0.215 0.802
vt 0.546 0.589
vt 0.316 0.563
vt 0.224 0.792
vt 0.261 0.56
vt 0.969 0.818
vt 1.007 0.818
vt 1.065 0.818
vt 0.068 0.802
vt 0.672 0.597
vt 0.863 0.547
vt 1.013 0.558
vt 0.986 0.532
vt 1.172 0.539
vt 0.158 0.847
vt 0.082 0.861
vt 0.371 0.597
vt 1.074 0.755
vt 0.733 0.755
vt 0.599 0.887
vt 0.368 0.887
vt 0.337 0.901
vt 0.393 0.901
vt 0.183 0.912
vt 0.267 0.887
vt 0.22 0.901
vt 0.158 0.901
vt 0.08 0.908
vt 0.108 0.887
vt 0.996 0.882
vt 0.891 0.887
vt 1.082 0.88
vt 0.844 0.662
vt 0.881 0.708
vt 0.956 0.711
vt 1.034 0.71
vt 0.776 0.662
vt 1.03 0.662
vt 0.9 0.669
vt 1.059 0.703
vt 1.199 0.662
vt 0.499 0.662
vt 0.336 0.708
vt 0.244 0.708
vt 0.362 0.755
vt 0.267 0.755
vt 0.269 0.536
vt 0.302 0.536
vt 0.32 0.536
vt 0.303 0.553
vt 0.191 0.553
vt 0.287 0.615
vt 0.215 0.654
vt 0.608 0.605
vt 0.685 0.616
vt 0.699 0.642
vt 0.291 0.616
vt 0.297 0.619
vt 0.365 0.659
vt 0.211 0.616
vt 0.105 0.626
vt 0.135 0.664
vt 0.071 0.569
vt 0.11 0.616
vt 1.11 0.616
vt 0.885 0.616
vt 0.806 0.616
vt 0.888 0.616
vt 1.013 0.616
vt 0.174 0.708
vt 0.311 0.708
vt 0.228 0.688
vt 0.241 0.804
vt 0.159 0.85
vt 0.333 0.811
vt 0.224 0.664
vt 1.023 0.703
vt 0.884 0.703
vt 0.373 0.741
vt 0.554 0.728
vt 0.67 0.673
vt 0.816 0.673
vt 1.048 0.73
vt 1.085 0.673
vt 0.591 0.717
vt 0.578 0.713
vt 0.426 0.717
vt 0.397 0.795
vt 0.302 0.795
vt 0.818 0.755
vt 0.682 0.77
vt 0.389 0.761
vt 0.286 0.741
vt 0.199 0.761
vt 0.289 0.619
vt 0.053 0.673
vt 0.504 0.946
vt 1.005 0.946
vt 0.695 0.951
vt 1.003 0.92
vt 0.466 0.912
vt 0.201 0.912
vt 0.003 0.92
vt 1.201 0.912
vt 0.775 0.875
vt 1.2 0.875
vt 0.335 0.809
vt 0.409 0.809
vt 0.647 0.819
vt 1.122 0.761
vt 1.439 0.791
vt 0.576 0.865
vt 0.326 0.853
vt 0.521 0.699
vt 0.702 0.663
vt 0.523 0.663
vt 0.634 0.663
vt 0.482 0.663
vt 0.968 0.675
vt 1.216 0.682
vt 0.644 0.613
vt 0.73 0.613
vt 0.968 0.686
vt 0.738 0.613
vt 0.966 0.663
vt 0.434 0.945
vt 0.146 0.93
vt 0.092 0.945
vt 0.766 0.96
vt 0.879 0.968
vt 1.093 0.96
vt 0.598 0.753
vt 0.91 0.761
vt 1.005 0.761
vt 0.381 0.711
vt 1.381 0.711
vt 0.993 0.711
vt 0.888 0.96
vt 0.763 0.953
vt 1.095 0.949
vt 0.908 0.865
vt 0.996 0.809
vt 1.326 0.853
vt 0.988 0.865
vt 0.891 0.87
vt 0.558 0.868
vt 1.366 0.91
vt 1.002 0.945
vt 1.194 0.855
vt 1.462 0.859
vt 0.194 0.855
vt 0.462 0.859
vt 0.892 0.884
vt 0.673 0.796
vt 0.553 0.786
vt 0.464 0.786
vt 0.202 0.786
vt 0.87 0.723
vt 0.912 0.723
vt 0.513 0.75
vt 0.393 0.726
vt 0.34 0.925
vt 0.338 0.869
vt 0.455 0.921
vt 0.449 0.861
vt 0.822 0.628
vt 0.999 0.575
vt 1.058 0.59
vt 1.125 0.575
vt 0.057 0.605
vt 0.065 0.675
vt 0.01 0.698
vt 0.172 0.682
vt 1.01 0.698
vt 0.711 0.59
vt 0.866 0.589
vt 0.677 0.588
vt 0.552 0.59
vt 0.456 0.59
vt 0.457 0.587
vt 0.343 0.59
vt 1.053 0.691
vt 1.074 0.691
vt 0.629 0.679
vt 0.737 0.698
vt 0.754 0.679
vt 0.67 0.642
vt 0.555 0.724
vt 0.68 0.724
vt 0.712 0.724
vt 0.822 0.53
vt 0.79 0.531
vt 0.827 0.536
vt 0.574 0.629
vt 0.806 0.754
vt 0.855 0.706
vt 0.781 0.706
vt 0.613 0.706
vt 0.716 0.67
vt 0.582 0.724
vt 0.434 0.724
vt 0.797 0.544
vt 0.7 0.544
vt 0.798 0.544
vt 0.89 0.592
vt 0.91 0.645
vt 0.963 0.657
vt 1.001 0.638
vt 1.055 0.628
vt 0.845 0.602
vt 0.879 0.56
vt 0.97 0.602
vt 0.43 0.643
vt 0.66 0.643
vt 0.487 0.643
vt 0.295 0.62
vt 0.365 0.643
vt 0.977 0.656
vt 1.141 0.626
vt 0.953 0.612
vt 0.967 0.564
vt 1.155 0.564
vt 1.063 0.553
vt 0.797 0.536
vt 0.901 0.588
vt 0.798 0.588
vt 0.9 0.588
vt 1.001 0.588
vt 0.903 0.544
vt 0.996 0.544
vt 1.003 0.584
vt 0.992 0.576
vt 0.892 0.615
vt 0.9 0.628
vt 0.854 0.628
vt 0.897 0.615
vt 1.004 0.615
vt 1.004 0.61
vt 1.066 0.579
vt 0.096 0.599
vt 0.131 0.597
vt 0.854 0.711
vt 0.724 0.53
vt 0.686 0.541
vt 0.802 0.53
vt 0.742 0.725
vt 0.9 0.59
vt 0.406 0.56
vt 0.465 0.56
vt 0.798 0.56
vt 0.882 0.53
vt 1.009 0.566
vt 1.037 0.56
vt 0.233 0.56
vt 0.968 0.56
vt 1.009 0.56
vt 1.194 0.643
vt 0.404 0.569
vt 0.866 0.773
vt 0.865 0.77
vt 1.49 0.62
vt 1.273 0.643
vt 0.957 0.679
vt 0.915 0.592
vt 0.521 0.935
vt 0.49 0.62
vt 0.793 0.884
vt 0.099 0.855
vt 0.83 0.75
vt 0.037 0.83
vt 0.025 0.786
vt 0.107 0.753
vt 0.188 0.855
vt 0.264 0.758
vt 0.807 0.775
vt 0.31 0.758
vt 0.718 0.715
vt 0.99 0.679
vt 0.109 0.679
vt 0.032 0.715
vt 1.109 0.679
vt 1.032 0.715
vt 0.286 0.684
vt 0.698 0.754
vt 0.698 0.706
vt 0.602 0.729
vt 0.603 0.706
vt 0.479 0.706
vt 0.904 0.804
vt 0.548 0.804
vt 0.474 0.754
vt 0.466 0.706
vt 1.012 0.64
vt 1.102 0.605
vt 0.966 0.607
vt 0.263 0.643
vt 0.194 0.643
vt 0.119 0.668
vt 0.484 0.559
vt 0.543 0.568
vt 0.336 0.669
vt 0.331 0.696
vt 0.803 0.652
vt 0.83 0.684
vt 0.908 0.64
vt 0.254 0.66
vt 0.362 0.66
vt 0.307 0.66
vt 0.445 0.66
vt 0.397 0.66
vt 0.753 0.67
vt 0.908 0.549
vt 1.006 0.544
vt 0.966 0.544
vt 0.722 0.62
vt 0.86 0.648
vt 0.989 0.602
vt 0.906 0.655
vt 0.903 0.837
vt 1.26 0.915
vt 0.26 0.915
vt 0.799 0.864
vt 0.693 0.864
vt 0.75 0.911
vt 0.748 0.926
vt 0.606 0.949
vt 1.068 0.926
vt 0.072 0.864
vt 0.282 0.864
vt 0.813 0.804
vt 0.705 0.804
vt 0.471 0.804
vt 0.725 0.691
vt 0.765 0.789
vt 0.746 0.748
vt 0.659 0.805
vt 0.819 0.59
vt 0.6 0.59
vt 0.931 0.65
vt 0.698 0.675
vt 0.628 0.677
vt 0.908 0.702
vt 0.745 0.568
vt 0.848 0.691
vt 0.893 0.675
vt 0.626 0.675
vt 0.908 0.686
vt 0.585 0.716
vt 0.932 0.776
vt 0.921 0.915
vt 0.693 0.915
vt 1.209 0.933
vt 0.377 0.732
vt 0.815 0.65
vt 0.847 0.623
vt 0.728 0.623
vt 0.611 0.675
vt 0.854 0.675
vt 0.397 0.675
vt 0.492 0.72
vt 0.733 0.675
vt 0.917 0.675
vt 0.019 0.758
vt 1.057 0.568
vt 0.925 0.54
vt 1.056 0.582
vt 1.018 0.623
vt 0.975 0.729
vt 0.831 0.729
vt 0.483 0.568
vt 0.298 0.58
vt 0.079 0.63
vt 0.21 0.623
vt 0.018 0.623
vt 0.09 0.623
vt 0.131 0.675
vt 0.958 0.671
vt 1.204 0.59
vt 0.42 0.59
vt 0.204 0.59
vt 0.959 0.59
vt 0.204 0.583
vt 0.258 0.531
vt 0.802 0.868
vt 1.093 0.868
vt 1.382 0.918
vt 0.398 0.811
vt 0.421 0.788
vt 0.469 0.811
vt 0.234 0.811
vt 0.271 0.779
vt 1.261 0.828
vt 0.136 0.779
vt 0.075 0.827
vt 0.782 0.674
vt 0.825 0.605
vt 0.624 0.636
vt 0.977 0.674
vt 0.735 0.674
vt 0.082 0.818
vt 0.45 0.756
vt 1.263 0.756
vt 0.364 0.765
vt 0.133 0.765
vt 0.052 0.556
vt 0.2 0.53
vt 1.233 0.589
vt 1.04 0.72
vt 0.966 0.703
vt 1.197 0.69
vt 0.285 0.758
vt 1.014 0.758
vt 1.003 0.777
vt 0.976 0.762
vt 0.658 0.865
vt 1.099 0.835
vt 0.678 0.835
vt 0.896 0.883
vt 0.408 0.756
vt 0.994 0.783
vt 0.713 0.81
vt 0.591 0.793
vt 0.549 0.81
vt 0.586 0.81
vt 0.927 0.836
vt 0.993 0.81
vt 0.85 0.81
vt 0.72 0.834
vt 0.972 0.821
vt 0.321 0.915
vt 0.621 0.884
vt 0.553 0.861
vt 0.901 0.861
vt 0.996 0.91
vt 0.786 0.907
vt 0.599 0.91
vt 0.959 0.612
vt 0.875 0.569
vt 0.966 0.553
vt 1.145 0.553
vt 0.5 0.553
vt 0.859 0.759
vt 0.746 0.759
vt 0.777 0.803
vt 0.183 0.576
vt 0.104 0.564
vt 0.101 0.576
vt 0.003 0.601
vt 0.004 0.615
vt 0.104 0.615
vt 0.01 0.53
vt 0.031 0.538
vt 0.122 0.53
vt 0.029 0.628
vt 0.118 0.628
vt 0.098 0.628
vt 0.202 0.588
vt 0.233 0.603
vt 0.27 0.604
vt 0.243 0.862
vt 0.366 0.803
vt 0.221 0.803
vt 0.188 0.711
vt 0.111 0.703
vt 0.068 0.711
vt 0.219 0.537
vt 0.069 0.549
vt 0.18 0.555
vt 0.069 0.555
vt 0.417 0.62
vt 0.291 0.74
vt 0.184 0.715
vt 0.302 0.725
vt 0.296 0.717
vt 0.016 0.562
vt 0.077 0.569
vt 0.216 0.562
vt 1.016 0.562
vt 1.077 0.569
vt 0.083 0.755
vt 0.25 0.755
vt 0.584 0.633
vt 0.949 0.786
vt 1.1 0.789
vt 1.099 0.786
vt 0.681 0.608
vt 1.075 0.562
vt 0.924 0.577
vt 0.961 0.608
vt 0.983 0.786
vt 1.083 0.786
vt 1.099 0.637
vt 1.012 0.597
vt 0.013 0.562
vt 0.097 0.597
vt 0.187 0.597
vt 0.099 0.637
vt 0.223 0.637
vt 0.792 0.675
vt 0.764 0.637
vt 0.96 0.637
vt 0.909 0.675
vt 1.098 0.658
vt 1.079 0.675
vt 0.089 0.678
vt 0.034 0.678
vt 0.13 0.678
vt 0.267 0.541
vt 0.224 0.538
vt 0.195 0.544
vt 0.263 0.533
vt 0.235 0.53
vt 0.332 0.659
vt 0.253 0.662
vt 0.227 0.678
vt 0.033 0.759
vt 0.121 0.803
vt 0.095 0.759
vt 0.147 0.544
vt 0.254 0.628
vt 0.224 0.641
vt 0.194 0.615
vt 0.178 0.601
vt 0.159 0.654
vt 0.217 0.653
vt 0.186 0.559
vt 0.088 0.56
vt 0.103 0.601
vt 0.292 0.601
vt 1.088 0.56
vt 0.979 0.581
vt 0.291 0.608
vt 0.172 0.608
vt 1.149 0.608
vt 1.172 0.608
vt 0.655 0.65
vt 0.527 0.647
vt 0.486 0.652
vt 0.573 0.69
vt 0.547 0.69
vt 0.373 0.652
vt 0.788 0.608
vt 0.539 0.69
vt 0.737 0.69
vt 0.605 0.678
vt 1.017 0.678
vt 0.785 0.728
vt 0.382 0.69
vt 0.234 0.717
vt 0.368 0.728
vt 0.177 0.728
vt 0.843 0.763
vt 0.901 0.728
vt 0.05 0.728
vt 0.195 0.75
vt 0.21 0.728
vt 1.049 0.759
vt 0.96 0.763
vt 0.049 0.759
vt 0.047 0.763
vt 0.336 0.713
vt 0.394 0.732
vt 0.108 0.713
vt 0.019 0.746
vt 0.942 0.746
vt 0.921 0.548
vt 0.813 0.589
vt 1.107 0.589
vt 0.486 0.746
vt 0.092 0.795
vt 0.945 0.827
vt 1.019 0.797
vt 0.671 0.827
vt 0.568 0.827
vt 0.682 0.859
vt 0.168 0.827
vt 0.418 0.827
vt 0.681 0.899
vt 0.497 0.937
vt 1.196 0.865
vt 0.781 0.899
vt 0.303 0.746
vt 0.4 0.746
vt 0.399 0.778
vt 0.376 0.776
vt 0.583 0.776
vt 0.562 0.779
vt 0.114 0.746
vt 0.706 0.776
vt 0.931 0.776
vt 0.96 0.781
vt 1.08 0.778
vt 0.308 0.806
vt 0.562 0.806
vt 0.837 0.678
vt 0.695 0.708
vt 0.716 0.715
vt 0.956 0.53
vt 1.028 0.53
vt 1.126 0.53
vt 0.435 0.671
vt 0.529 0.64
vt 0.464 0.625
vt 0.434 0.64
vt 0.827 0.748
vt 0.893 0.748
vt 0.006 0.536
vt 0.013 0.536
vt 0.103 0.536
vt 0.461 0.557
vt 0.526 0.557
vt 0.363 0.557
vt 0.114 0.544
vt 0.038 0.544
vt 0.494 0.678
vt 0.994 0.553
vt 1.009 0.553
vt 0.538 0.64
vt 0.47 0.64
vt 0.22 0.62
vt 0.318 0.62
vt 0.107 0.62
vt 0.92 0.588
vt 0.987 0.588
vt 1.01 0.579
vt 0.477 0.675
vt 0.999 0.655
vt 1.001 0.636
vt 0.091 0.686
vt 0.206 0.686
vt 0.11 0.655
vt 0.106 0.686
vt 0.214 0.716
vt 0.23 0.686
vt 0.301 0.704
vt 0.39 0.751
vt 0.196 0.751
vt 0.537 0.761
vt 0.077 0.714
vt 0.969 0.714
vt 1.081 0.706
vt 1.077 0.714
vt 0.784 0.751
vt 1.467 0.862
vt 1.243 0.862
vt 0.538 0.787
vt 0.226 0.787
vt 0.44 0.803
vt 0.691 0.678
vt 0.673 0.678
vt 0.617 0.678
vt 0.561 0.678
vt 0.687 0.759
vt 0.612 0.759
vt 0.649 0.72
vt 0.636 0.72
vt 0.253 0.803
vt 0.342 0.766
vt 0.679 0.758
vt 0.884 0.589
vt 1.031 0.591
vt 1.037 0.563
vt 0.869 0.677
vt 1.042 0.677
vt 0.654 0.776
vt 0.284 0.834
vt 0.446 0.677
vt 0.458 0.76
vt 0.318 0.76
vt 0.556 0.806
vt 0.372 0.805
vt 0.471 0.806
vt 0.625 0.834
vt 0.748 0.834
vt 0.651 0.834
vt 0.28 0.53
vt 0.084 0.589
vt 0.476 0.53
vt 1.476 0.53
vt 1.084 0.589
vt 0.608 0.589
vt 0.143 0.589
vt 0.279 0.589
vt 0.537 0.892
vt 0.353 0.894
vt 0.036 0.892
vt 1.427 0.94
vt 0.939 0.918
vt 1.197 0.918
vt 0.427 0.94
vt 0.339 0.748
vt 0.335 0.692
vt 0.513 0.853
vt 0.54 0.805
vt 0.398 0.836
vt 0.486 0.805
vt 0.82 0.805
vt 0.764 0.805
vt 0.98 0.866
vt 1.118 0.748
vt 0.738 0.805
vt 0.072 0.675
vt 0.06 0.648
vt 0.132 0.59
vt 0.427 0.59
vt 0.222 0.58
vt 0.379 0.602
vt 1.017 0.652
vt 0.133 0.602
vt 1.049 0.714
vt 1.003 0.702
vt 0.011 0.675
vt 0.3 0.568
vt 0.524 0.53
vt 0.436 0.702
vt 0.905 0.66
vt 0.91 0.686
vt 1 0.686
vt 0.999 0.716
vt 1.092 0.716
vt 0.211 0.746
vt 0.453 0.776
vt 0.387 0.776
vt 0.179 0.675
vt 0.002 0.699
vt 0.289 0.675
vt 0.449 0.713
vt 0.516 0.675
vt 0.171 0.746
vt 1.288 0.839
vt 0.788 0.91
vt 0.757 0.927
vt 1.464 0.956
vt 0.981 0.927
vt 0.049 0.714
vt 0.093 0.729
vt 0.139 0.728
vt 0.237 0.729
vt 0.931 0.805
vt 1.044 0.82
vt 1.066 0.805
vt 1.123 0.585
vt 0.049 0.629
vt 0.879 0.585
vt 0.753 0.585
vt 0.742 0.598
vt 0.047 0.835
vt 0.755 0.588
vt 1.115 0.762
vt 1.002 0.756
vt 0.555 0.758
vt 1.428 0.758
vt 1.171 0.746
vt 0.369 0.893
vt 0.107 0.904
vt 0.115 0.762
vt 0.146 0.756
vt 0.145 0.571
vt 0.332 0.591
vt 0.259 0.537
vt 0.91 0.591
vt 0.84 0.591
vt 0.983 0.591
vt 0.91 0.569
vt 0.48 0.783
vt 0.489 0.807
vt 0.518 0.783
vt 0.41 0.81
vt 0.926 0.612
vt 0.865 0.59
vt 0.698 0.59
vt 1.033 0.835
vt 0.8 0.865
vt 1.022 0.878
vt 1.03 0.865
vt 1.022 0.893
vt 1.107 0.904
vt 0.345 0.865
vt 0.374 0.893
vt 0.233 0.826
vt 0.168 0.676
vt 0.225 0.697
vt 0.469 0.676
vt 0.57 0.676
vt 0.231 0.676
vt 1.225 0.697
vt 0.242 0.721
vt 0.446 0.59
vt 0.134 0.653
vt 1.097 0.679
vt 1.074 0.743
vt 0.211 0.676
vt 0.434 0.676
vt 0.607 0.722
vt 0.804 0.676
vt 0.952 0.623
vt 0.758 0.617
vt 1.035 0.676
vt 0.042 0.652
vt 1.143 0.62
vt 0.074 0.743
vt 0.035 0.676
vt 0.256 0.726
vt 1.211 0.676
vt 0.033 0.735
vt 0.216 0.743
vt 0.282 0.743
vt 0.918 0.883
vt 0.64 0.883
vt 0.938 0.758
vt 0.525 0.837
vt 0.187 0.758
vt 1.345 0.824
vt 0.972 0.837
vt 1.071 0.81
vt 0.158 0.697
vt 0.338 0.699
vt 0.362 0.677
vt 0.511 0.677
vt 0.735 0.677
vt 0.301 0.76
vt 1.007 0.76
vt 0.314 0.81
vt 0.211 0.814
vt 0.225 0.836
vt 0.214 0.836
vt 0.1 0.836
vt 0.475 0.923
vt 0.113 0.923
vt 0.053 0.932
vt 0.358 0.923
vt 0.056 0.923
vt 1.054 0.951
vt 0.585 0.962
vt 1.477 0.951
vt 0.331 0.759
vt 0.431 0.759
vt 0.513 0.759
vt 1.33 0.837
vt 0.508 0.837
vt 1.059 0.885
vt 1.311 0.839
vt 0.52 0.839
vt 0.531 0.836
vt 0.104 0.861
vt 0.996 0.907
vt 0.44 0.9
vt 1.07 0.907
vt 1.243 0.909
vt 0.501 0.926
vt 0.443 0.907
vt 0.5 0.907
vt 0.849 0.53
vt 1.013 0.926
vt 0.791 0.926
vt 0.88 0.949
vt 1.014 0.944
vt 0.501 0.944
vt 0.376 0.67
vt 0.845 0.589
vt 0.446 0.594
vt 0.39 0.94
vt 0.932 0.823
vt 0.929 0.859
vt 0.724 0.859
vt 0.896 0.859
vt 0.564 0.903
vt 0.651 0.899
vt 0.355 0.907
vt 0.805 0.941
vt 0.965 0.899
vt 1.355 0.907
vt 0.454 0.616
vt 1.061 0.667
vt 0.495 0.649
vt 0.94 0.926
vt 1.152 0.922
vt 1.202 0.675
vt 0.987 0.675
vt 0.096 0.883
vt 0.716 0.59
vt 1.185 0.738
vt 1.089 0.727
vt 1.148 0.692
vt 0.2 0.875
vt 0.65 0.757
vt 0.235 0.59
vt 0.379 0.59
vt 0.712 0.777
vt 0.428 0.815
vt 0.319 0.688
vt 0.307 0.696
vt 0.318 0.833
vt 0.345 0.827
vt 0.963 0.755
vt 0.562 0.683
vt 0.102 0.605
vt 0.012 0.64
vt 0.224 0.715
vt 0.67 0.714
vt 0.755 0.738
vt 0.925 0.714
vt 0.174 0.751
vt 0.537 0.751
vt 1.253 0.803
vt 1.121 0.803
vt 1.093 0.729
vt 0.996 0.729
vt 0.173 0.865
vt 0.112 0.893
vt 0.197 0.87
vt 0.975 0.81
vt 1.111 0.81
vt 1.067 0.794
vt 0.654 0.76
vt 1.104 0.861
vt 0.437 0.885
f 1/1 2/2 3/3
f 4/4 2/5 1/6
f 5/7 2/8 4/9
f 6/10 7/11 8/12
f 6/13 9/14 7/15
f 10/16 6/13 8/17
f 11/18 12/19 5/7
f 11/18 5/7 13/20
f 8/17 12/21 11/22
f 14/23 15/24 16/25
f 17/26 14/27 18/28
f 19/29 20/30 14/31
f 20/32 17/26 18/28
f 21/33 17/34 20/35
f 22/36 6/37 23/38
f 23/39 6/10 10/40
f 24/41 10/42 11/43
f 25/44 26/45 27/46
f 26/45 25/47 28/48
f 29/49 27/50 26/51
f 29/49 26/51 30/52
f 31/53 30/54 28/48
f 28/55 25/56 32/57
f 33/58 25/59 30/60
f 34/61 25/56 33/62
f 35/63 33/58 31/64
f 31/64 32/65 35/63
f 34/66 36/67 32/68
f 37/69 35/70 32/71
f 32/57 36/72 38/73
f 37/74 32/57 38/73
f 39/75 19/76 17/34
f 40/77 19/78 41/79
f 42/80 17/34 21/33
f 40/81 43/82 42/83
f 44/84 42/85 45/86
f 42/85 43/87 45/86
f 46/88 10/89 24/90
f 24/90 47/91 48/92
f 49/93 50/94 51/95
f 50/96 52/97 53/98
f 50/94 49/93 52/99
f 54/100 49/101 51/102
f 55/103 52/104 49/105
f 54/106 55/107 49/93
f 51/102 50/108 56/109
f 54/106 51/95 57/110
f 58/111 34/66 35/70
f 59/112 35/113 37/114
f 60/115 36/116 61/117
f 60/118 62/119 63/120
f 60/121 61/122 64/123
f 64/124 65/125 62/126
f 36/67 60/121 38/127
f 66/128 37/129 38/130
f 61/117 58/131 59/132
f 66/128 59/133 37/129
f 67/134 61/122 59/135
f 68/136 61/117 67/137
f 69/138 70/139 62/119
f 71/140 69/141 65/142
f 72/143 71/140 65/142
f 66/144 63/120 73/145
f 63/120 70/139 73/145
f 74/146 67/147 66/128
f 62/148 65/142 69/141
f 75/149 65/150 68/151
f 68/152 74/153 76/154
f 75/149 72/155 65/150
f 76/156 75/149 68/151
f 77/157 75/149 76/156
f 78/158 69/159 71/160
f 79/161 74/162 73/163
f 80/164 79/165 73/166
f 81/167 79/165 80/164
f 76/168 74/162 79/161
f 19/76 39/75 41/169
f 82/170 39/171 83/172
f 39/171 84/173 41/79
f 85/174 86/175 87/176
f 88/177 89/178 46/179
f 80/164 90/180 91/181
f 91/182 90/183 89/184
f 52/185 92/186 93/187
f 94/188 52/185 88/189
f 94/190 88/191 95/192
f 95/192 96/193 94/190
f 97/194 93/195 92/196
f 97/197 92/186 98/198
f 99/199 98/198 100/200
f 91/201 93/202 97/203
f 99/204 97/203 98/205
f 92/206 52/97 55/207
f 101/208 98/209 54/210
f 102/211 103/212 104/213
f 104/213 103/212 105/214
f 106/215 102/216 104/217
f 107/218 103/219 102/220
f 108/221 72/222 77/223
f 105/224 109/225 110/226
f 105/227 110/228 111/229
f 112/230 107/231 102/232
f 106/233 111/229 113/234
f 103/235 107/236 114/237
f 110/238 109/239 111/240
f 115/241 116/242 106/243
f 113/244 115/245 106/246
f 76/247 79/165 117/248
f 79/165 81/167 117/248
f 118/249 72/222 108/221
f 119/250 118/249 117/251
f 82/252 120/253 84/254
f 82/255 121/256 120/257
f 86/258 85/259 122/260
f 121/261 82/252 86/262
f 117/248 123/263 119/264
f 118/265 122/266 124/267
f 125/268 118/265 119/269
f 119/270 123/271 126/272
f 127/273 125/268 119/269
f 128/274 127/275 129/276
f 130/277 131/278 132/279
f 133/280 134/281 135/282
f 136/283 135/282 131/284
f 137/285 135/286 136/287
f 138/288 139/289 132/290
f 132/291 140/292 138/293
f 135/294 139/295 131/296
f 131/296 139/295 140/297
f 141/298 142/299 143/300
f 134/281 133/280 144/301
f 136/302 131/303 130/304
f 136/302 130/304 145/305
f 142/306 135/286 137/285
f 142/307 137/308 143/309
f 146/310 137/308 145/311
f 144/312 133/313 147/314
f 133/280 141/298 147/315
f 148/316 149/317 150/318
f 143/309 151/319 141/320
f 152/321 141/320 151/319
f 153/322 154/323 155/324
f 146/325 149/326 156/327
f 154/328 157/329 158/330
f 159/331 153/322 152/332
f 160/333 151/319 143/309
f 130/304 147/315 149/334
f 149/317 145/335 130/336
f 161/337 162/338 163/339
f 164/340 162/338 161/337
f 163/341 164/340 165/342
f 166/343 164/340 161/337
f 167/344 157/345 168/346
f 158/347 167/348 169/349
f 170/350 156/351 148/352
f 165/353 171/354 172/355
f 173/356 166/357 161/358
f 174/359 169/349 175/360
f 176/361 107/231 177/362
f 178/363 112/230 116/364
f 109/365 179/366 111/229
f 115/367 113/368 180/369
f 181/370 180/371 182/372
f 183/373 116/242 115/241
f 113/368 179/374 180/369
f 184/375 180/376 181/377
f 179/378 185/379 182/380
f 186/381 115/382 180/383
f 179/384 187/385 185/386
f 188/387 183/388 186/389
f 188/390 186/391 189/392
f 190/393 189/394 191/395
f 192/396 193/397 190/398
f 194/399 195/400 196/401
f 197/402 194/403 196/404
f 196/405 193/406 192/407
f 198/408 194/403 197/402
f 194/399 199/409 195/400
f 86/262 194/410 121/261
f 200/411 194/403 201/412
f 202/413 203/414 200/415
f 204/416 203/414 202/413
f 128/417 205/418 127/419
f 200/420 201/421 202/422
f 206/423 205/424 128/274
f 204/425 202/422 205/424
f 207/426 204/416 205/427
f 205/424 125/428 127/275
f 208/429 159/430 209/431
f 168/346 208/432 210/433
f 168/346 210/433 167/344
f 170/350 209/434 156/351
f 211/435 209/436 170/437
f 211/435 208/432 209/436
f 212/438 213/439 171/440
f 214/441 166/442 173/443
f 214/444 171/440 166/357
f 212/438 171/440 214/444
f 215/445 216/446 217/447
f 218/448 148/449 174/359
f 218/450 174/451 175/452
f 170/453 218/448 219/454
f 217/455 216/456 220/457
f 210/458 220/459 216/460
f 211/461 170/462 219/463
f 210/464 221/465 220/457
f 221/465 211/466 222/467
f 223/468 221/469 222/470
f 224/471 225/472 226/473
f 224/474 226/475 227/476
f 228/477 213/478 229/479
f 230/480 231/481 213/478
f 232/482 173/483 228/484
f 232/485 233/486 234/487
f 232/488 228/489 233/490
f 214/491 217/447 212/492
f 220/493 235/494 217/447
f 235/495 212/496 217/497
f 212/492 230/498 213/499
f 236/500 218/501 234/502
f 237/503 219/454 218/448
f 219/504 237/505 238/506
f 176/507 177/508 239/509
f 188/510 239/511 178/512
f 240/513 176/514 239/511
f 241/515 240/516 188/517
f 240/516 225/518 242/519
f 241/520 225/521 240/522
f 243/523 226/473 241/524
f 242/525 225/526 244/527
f 245/528 188/390 189/392
f 243/529 245/530 246/531
f 233/532 247/533 248/534
f 249/535 203/536 250/537
f 228/477 247/538 233/486
f 250/539 228/477 229/479
f 251/540 252/541 236/542
f 253/543 252/541 254/544
f 234/502 233/490 236/500
f 236/545 252/546 237/547
f 255/548 245/530 189/549
f 256/550 257/551 255/552
f 256/550 255/552 193/553
f 258/554 259/555 257/556
f 258/557 256/558 260/559
f 261/560 204/561 207/562
f 262/563 261/564 207/565
f 262/563 207/565 263/566
f 248/567 264/568 236/545
f 264/569 261/564 262/563
f 251/570 236/545 264/568
f 265/571 264/572 262/573
f 265/574 251/575 264/569
f 252/546 251/570 254/576
f 265/574 254/577 251/575
f 266/578 267/579 268/580
f 269/581 270/582 268/583
f 266/584 271/585 272/586
f 273/587 267/579 274/588
f 275/589 272/590 276/591
f 275/592 274/588 272/593
f 273/594 275/595 277/596
f 278/597 273/594 277/596
f 278/597 277/596 279/598
f 275/599 276/600 277/601
f 277/602 276/591 280/603
f 281/604 276/605 282/606
f 283/607 284/608 281/609
f 280/610 276/611 284/608
f 2/8 285/612 286/613
f 3/614 287/615 1/616
f 287/617 288/618 1/619
f 289/620 1/621 288/622
f 4/623 1/616 289/624
f 288/625 286/626 289/627
f 286/628 290/629 291/630
f 285/612 12/631 290/632
f 290/629 12/19 7/633
f 290/632 292/634 291/635
f 293/636 294/637 291/638
f 295/639 296/640 297/641
f 292/642 298/643 299/644
f 300/645 301/646 302/647
f 47/648 13/649 293/650
f 303/651 298/652 9/653
f 303/651 304/654 298/652
f 304/655 303/656 300/645
f 297/657 305/658 300/659
f 297/660 306/661 305/662
f 306/663 6/10 22/664
f 305/665 306/666 307/667
f 305/668 307/669 308/670
f 306/666 22/36 309/671
f 293/672 299/644 310/673
f 304/674 300/675 308/676
f 300/677 305/678 308/679
f 311/680 47/681 310/682
f 312/683 313/684 314/685
f 314/686 313/687 315/688
f 315/688 313/687 316/689
f 306/690 309/691 307/692
f 309/691 317/693 307/692
f 310/673 299/644 311/694
f 48/92 47/91 311/695
f 299/644 308/670 311/694
f 318/696 319/697 320/698
f 321/699 322/700 319/701
f 323/702 322/703 324/704
f 318/705 321/706 319/707
f 323/708 324/709 325/710
f 326/711 321/706 318/705
f 327/712 328/713 323/714
f 54/106 57/110 329/715
f 330/716 325/710 329/717
f 331/718 312/719 328/720
f 316/689 331/721 327/722
f 50/723 312/724 56/725
f 331/726 328/713 327/712
f 332/727 56/728 312/235
f 333/729 334/730 332/731
f 316/732 327/733 333/734
f 57/735 56/736 334/730
f 57/737 334/738 330/739
f 313/687 331/721 316/689
f 332/727 312/235 314/686
f 316/740 332/727 314/686
f 335/741 336/742 337/743
f 338/744 339/745 340/746
f 335/747 337/748 341/749
f 326/750 342/751 343/752
f 344/753 326/750 343/752
f 342/754 326/755 318/756
f 345/757 326/750 346/758
f 321/759 326/750 345/757
f 320/760 347/761 342/754
f 348/762 345/763 346/764
f 349/765 350/766 346/758
f 351/767 326/768 344/769
f 352/770 353/771 354/772
f 355/773 353/774 356/775
f 357/776 358/777 359/778
f 360/779 344/753 343/752
f 357/776 360/780 343/781
f 361/782 360/783 362/784
f 363/785 360/783 357/786
f 361/782 362/784 364/787
f 364/788 362/789 365/790
f 351/767 361/791 364/788
f 366/792 364/788 367/793
f 357/776 359/778 367/794
f 346/758 351/795 366/796
f 368/797 369/258 370/798
f 370/799 369/800 371/801
f 362/784 372/802 365/803
f 367/804 365/803 373/805
f 364/788 365/790 367/793
f 365/806 372/807 374/808
f 375/809 376/810 377/811
f 378/812 377/811 376/810
f 379/813 376/814 375/815
f 45/86 43/87 317/816
f 48/817 311/818 96/819
f 308/820 380/821 311/818
f 307/822 381/823 380/824
f 96/825 311/826 382/827
f 383/828 96/829 382/830
f 307/692 317/693 381/831
f 319/832 94/190 96/193
f 384/833 385/834 386/835
f 126/836 99/204 387/837
f 322/700 321/699 324/838
f 388/839 321/840 348/841
f 324/838 388/842 389/843
f 100/844 101/845 388/846
f 388/847 101/848 389/849
f 385/834 390/850 386/835
f 391/851 392/852 393/853
f 394/854 391/855 395/856
f 393/857 392/858 396/859
f 394/860 395/861 397/862
f 398/863 397/864 399/865
f 393/857 396/859 398/866
f 400/867 393/868 398/869
f 395/870 336/871 399/872
f 399/865 336/873 339/874
f 341/749 400/875 338/876
f 375/877 377/878 401/879
f 377/811 378/812 401/880
f 402/881 403/882 353/774
f 353/774 403/882 404/883
f 405/884 402/881 353/774
f 406/885 402/881 405/884
f 404/883 407/886 408/887
f 408/888 409/889 406/890
f 347/891 320/892 384/833
f 410/893 347/894 411/895
f 390/896 348/762 350/897
f 384/898 386/899 390/900
f 354/772 404/901 355/902
f 412/903 413/904 414/905
f 410/906 411/907 371/908
f 415/909 370/799 371/801
f 416/910 411/907 412/911
f 415/909 412/912 370/799
f 416/913 412/914 417/915
f 418/916 415/917 417/918
f 418/916 412/919 415/917
f 419/920 379/921 375/922
f 420/923 185/924 378/925
f 379/926 181/927 421/928
f 375/929 422/930 423/931
f 181/932 420/933 421/934
f 424/935 419/936 423/937
f 184/938 379/939 424/935
f 425/940 84/254 120/253
f 425/941 120/257 426/942
f 426/943 120/253 427/944
f 427/945 120/946 198/408
f 428/947 427/944 429/948
f 426/949 427/950 428/951
f 407/952 426/953 409/889
f 430/954 84/955 425/956
f 406/957 409/958 431/888
f 381/959 432/960 433/961
f 431/962 428/963 433/961
f 129/964 126/965 434/966
f 434/967 380/968 129/969
f 380/824 381/823 433/970
f 435/971 436/972 437/973
f 438/974 439/975 440/976
f 396/859 392/858 441/977
f 439/978 392/858 394/979
f 396/859 435/980 398/866
f 392/858 436/981 441/977
f 392/982 439/975 436/972
f 398/983 435/971 442/984
f 440/985 439/978 394/979
f 440/985 394/979 443/845
f 440/986 443/987 444/988
f 392/858 391/989 394/979
f 443/990 394/860 397/862
f 401/991 445/992 446/993
f 401/994 446/995 422/996
f 182/997 185/924 420/923
f 446/998 445/999 447/1000
f 185/1001 187/1002 378/1003
f 422/930 448/1004 423/931
f 423/1005 449/1006 424/1007
f 446/1008 447/1009 422/1010
f 448/1011 449/1012 423/1013
f 191/1014 184/1015 449/1016
f 449/1012 450/1017 191/1018
f 190/393 191/395 451/1019
f 452/1020 451/1021 453/1022
f 192/396 190/398 454/1023
f 192/1024 454/1025 455/1026
f 456/1027 197/1028 196/1029
f 455/1030 196/405 192/407
f 196/401 455/1031 456/1032
f 427/950 198/1033 457/1034
f 457/1035 456/1027 458/1036
f 427/950 458/1037 429/1038
f 429/1038 458/1037 459/1039
f 206/423 128/274 460/1040
f 461/1041 462/1042 463/1043
f 464/1044 465/1045 466/1046
f 467/1047 271/1048 466/1049
f 466/1046 271/1050 468/1051
f 464/1044 468/1051 469/1052
f 466/1046 468/1051 464/1044
f 465/1053 439/1054 438/1055
f 436/1056 439/1057 465/1058
f 435/971 437/973 470/1059
f 470/1060 437/1061 471/1062
f 465/1045 438/1063 467/1064
f 437/1065 464/1066 472/1067
f 437/1068 472/1069 471/1070
f 473/1071 470/1060 471/1062
f 474/1072 440/986 473/1073
f 475/1074 473/1075 476/1076
f 471/1077 476/1076 473/1075
f 477/1078 282/1079 475/1080
f 478/1081 479/1082 480/1083
f 481/1084 480/1085 479/1086
f 478/1087 480/1088 482/1089
f 483/1090 484/1091 485/1092
f 447/1093 486/1094 483/1095
f 448/1011 447/1096 483/1097
f 448/1098 483/1098 487/1099
f 486/1100 484/1101 483/1102
f 488/1103 463/1104 489/1105
f 488/1106 490/1107 463/1108
f 491/1109 484/1110 492/1111
f 493/1112 494/1113 488/1106
f 490/1107 488/1106 494/1113
f 495/1114 496/1115 497/1116
f 498/1117 490/1118 499/1119
f 496/1120 500/1121 497/1122
f 501/1123 490/1107 494/1113
f 502/1124 499/1125 501/1126
f 503/1127 501/1128 493/1129
f 504/1130 497/1131 505/1132
f 506/1133 505/1134 507/1135
f 508/1136 502/1137 501/1128
f 509/1138 510/1139 511/1140
f 510/1141 509/1142 512/1143
f 513/1144 504/1130 506/1145
f 514/1146 503/1147 515/1148
f 516/1149 508/1150 517/1151
f 518/1152 513/1153 519/1154
f 507/1135 516/1155 506/1133
f 519/1156 506/1157 516/1149
f 520/1158 503/1147 521/1159
f 522/1160 520/1161 521/1162
f 513/1163 518/1164 523/1165
f 524/1166 522/1160 521/1162
f 522/1167 525/1168 518/1169
f 518/1170 519/1156 522/1171
f 526/1172 527/1173 523/1174
f 523/1174 528/1175 529/1176
f 529/1177 528/1178 524/1179
f 528/1180 518/1164 525/1181
f 530/1182 526/1183 529/1184
f 531/1185 532/1186 530/1187
f 524/1179 532/1188 531/1189
f 529/1190 531/1185 533/1191
f 533/1191 531/1185 534/1192
f 533/1193 534/1194 535/1195
f 531/1196 535/1195 534/1194
f 445/1197 536/1198 537/1199
f 492/1200 536/1201 538/1202
f 539/1203 456/1027 455/1204
f 458/1205 456/1206 539/1207
f 263/566 207/565 206/1208
f 206/1208 460/1209 263/566
f 263/1210 540/1211 541/1212
f 542/1213 262/563 263/566
f 542/1214 263/1215 543/1216
f 543/1217 541/1218 544/1219
f 541/1218 459/1220 545/1221
f 544/1219 541/1218 545/1221
f 544/1222 545/1223 546/1224
f 547/1225 542/1226 543/1227
f 548/1228 268/1229 461/1041
f 543/1227 544/1230 549/1231
f 548/1232 461/1233 550/1234
f 268/1235 548/1236 551/1237
f 552/1238 553/1239 554/1240
f 555/1241 554/1242 553/1243
f 468/1244 551/1245 556/1246
f 468/1244 556/1246 469/1247
f 557/1248 469/1249 554/1242
f 554/1242 555/1241 558/1250
f 464/1251 469/1252 557/1253
f 559/1254 279/1255 560/1256
f 557/1257 561/1258 562/1259
f 277/601 563/1260 564/1261
f 560/1262 564/1261 562/1263
f 561/1264 560/1265 562/1266
f 282/1267 477/1268 565/1269
f 476/1270 566/1271 565/1272
f 476/1273 567/1274 566/1275
f 562/1276 568/1277 567/1274
f 569/1278 563/1279 280/1280
f 570/1281 571/1282 572/1283
f 566/1284 567/1285 570/1286
f 573/1287 281/609 282/1267
f 480/1288 481/1289 573/1290
f 573/1291 282/1079 565/1292
f 480/1293 573/1294 482/1295
f 481/1296 283/1297 281/1298
f 283/1299 481/1300 574/1301
f 284/1302 283/1297 575/1303
f 572/1304 575/1303 576/1305
f 572/1283 571/1282 577/1306
f 578/1307 482/1308 579/1309
f 575/1303 574/1310 580/1311
f 575/1312 580/1313 576/1314
f 579/1315 576/1316 580/1317
f 537/1318 484/1319 486/1320
f 581/1321 582/1322 583/1323
f 584/1324 582/1325 581/1326
f 585/1327 538/1328 586/1329
f 451/1330 450/1331 453/1332
f 583/1333 453/1334 587/1335
f 453/1336 582/1337 588/1338
f 588/1339 589/1340 590/1341
f 452/1342 453/1343 539/1344
f 453/1345 590/1346 539/1347
f 591/1348 539/1349 592/1350
f 593/1351 591/1352 594/1353
f 594/1354 591/1355 592/1356
f 595/1357 596/553 597/1358
f 598/1359 596/1360 595/1361
f 595/1362 597/1363 593/1351
f 599/1364 598/1365 600/1366
f 601/1367 549/1368 602/1369
f 549/1231 546/1370 602/1371
f 602/1371 546/1370 603/1372
f 604/1373 555/1374 553/1239
f 603/1375 555/1374 604/1373
f 581/1376 583/1377 485/1378
f 605/1379 492/1380 606/1381
f 491/1382 606/1383 581/1376
f 585/1384 581/1321 606/1385
f 593/1351 594/1353 607/1386
f 608/1387 593/1351 607/1386
f 609/1388 598/1389 595/1390
f 609/1388 595/1390 608/1391
f 610/1392 609/1393 608/1394
f 601/1395 611/1396 500/1121
f 611/1397 505/1398 500/1399
f 611/1400 612/1401 613/1402
f 613/1403 612/1404 604/1405
f 502/1124 498/1406 499/1125
f 614/1407 615/1408 616/1409
f 617/1410 618/1411 614/1412
f 619/1413 617/1414 614/1415
f 620/1416 615/1417 618/1411
f 620/1418 618/1419 617/1414
f 621/1420 622/1421 623/1422
f 622/1421 610/1423 623/1422
f 610/1423 624/1424 623/1422
f 610/1392 598/1359 609/1393
f 622/1425 598/1389 610/1426
f 625/1427 626/1428 627/1429
f 627/1430 626/1431 628/1432
f 621/1433 628/1432 629/1434
f 611/1396 630/1435 505/1436
f 630/1437 507/1135 505/1134
f 631/1438 614/1415 632/1439
f 633/1440 617/1441 619/1442
f 512/1443 625/1444 627/1430
f 621/1445 511/1140 512/1446
f 634/1447 635/1448 340/1449
f 340/746 335/741 634/1450
f 634/1450 335/741 636/1451
f 339/745 336/742 340/746
f 637/1452 638/1453 639/1454
f 640/1455 637/1456 639/1457
f 641/1458 478/1459 482/1460
f 640/1461 578/1462 642/1463
f 643/1464 644/1465 645/1466
f 646/1467 641/1468 643/1469
f 647/1470 646/1471 643/1472
f 639/1473 638/1474 643/1464
f 647/1475 643/1476 648/1477
f 580/1311 574/1310 481/1296
f 580/1478 481/1479 649/1480
f 642/1481 579/1482 580/1313
f 650/1483 651/1484 652/1485
f 653/1486 650/1487 654/1488
f 655/1489 653/1490 654/1491
f 656/1492 652/1493 651/1494
f 657/1495 658/1496 652/1485
f 657/1497 652/1498 659/1499
f 660/1500 661/1501 658/1502
f 654/1503 652/1485 658/1496
f 658/1502 661/1501 654/1504
f 223/1505 662/1506 235/494
f 663/1507 664/1508 665/1509
f 663/1507 665/1509 666/1510
f 667/1511 668/1512 669/1513
f 231/1514 670/1515 671/1516
f 672/1517 231/1518 230/1519
f 672/1520 673/1521 670/1522
f 672/1517 230/1519 674/1523
f 212/492 235/494 230/498
f 675/1524 235/495 662/1525
f 676/1526 235/1527 677/1528
f 677/1529 235/494 675/1530
f 673/1531 678/1532 679/1533
f 680/1534 681/1535 673/1536
f 682/1537 676/1538 683/1539
f 683/1540 676/1526 677/1528
f 222/1541 219/1542 679/1543
f 665/1509 684/1544 685/1545
f 664/1546 686/1547 665/1548
f 687/1549 686/1547 664/1546
f 688/1550 666/1551 685/1552
f 666/1510 665/1509 685/1545
f 669/1553 689/1554 244/1555
f 690/1556 227/1557 246/1558
f 691/1559 689/1560 690/1561
f 692/1562 693/1563 246/1564
f 689/1565 694/1566 695/1567
f 229/1568 671/1569 249/535
f 696/1570 697/1571 670/1515
f 696/1570 670/1515 698/1572
f 696/1573 698/1574 699/1575
f 698/1576 673/1531 679/1533
f 253/1577 699/1578 679/1579
f 270/582 700/1580 701/1581
f 686/1582 700/1580 269/581
f 702/1583 703/1584 688/1585
f 704/1586 684/1587 686/1547
f 700/1588 705/1589 701/1590
f 705/1591 700/1592 706/1593
f 684/1587 704/1586 685/1552
f 244/1594 695/1595 707/1596
f 695/1597 244/1598 689/1599
f 246/1600 259/1601 708/1602
f 709/1603 692/1604 708/1605
f 710/1606 711/1607 712/1608
f 711/1609 713/1610 714/1611
f 715/763 260/1612 249/1613
f 258/1614 260/1615 715/1616
f 711/1617 258/1618 715/1619
f 671/1620 697/1621 715/1622
f 711/1617 715/1619 713/1623
f 697/1624 713/1625 715/1626
f 697/1627 696/1573 716/1628
f 717/1629 697/1624 716/1630
f 718/1631 254/1632 265/571
f 719/1633 696/1570 699/1634
f 719/1635 699/1636 718/1637
f 718/1631 720/1638 721/1639
f 721/1640 722/1641 718/1642
f 719/1643 722/1644 716/1645
f 723/1646 722/1647 721/1639
f 724/1648 718/1649 725/1650
f 726/1651 727/1652 720/1653
f 700/1580 270/582 269/581
f 728/1654 267/579 273/587
f 704/1655 269/1656 702/1657
f 278/1658 728/1654 273/587
f 729/1659 703/1584 730/1660
f 703/1661 731/1662 730/1663
f 732/1664 733/1665 734/1666
f 735/1667 732/1664 734/1666
f 736/1668 735/1667 734/1666
f 732/1669 735/1670 737/1671
f 734/1672 737/1673 738/1674
f 739/1675 732/1676 737/1677
f 738/1678 737/1679 735/1680
f 740/1681 741/1682 650/1683
f 742/1684 741/1685 740/1686
f 733/1687 743/1688 740/1689
f 655/1690 744/1691 740/1692
f 743/1693 655/1489 740/1694
f 734/1695 653/1490 745/1696
f 745/1697 653/1698 655/1690
f 743/1688 733/1687 732/1676
f 743/1699 732/1664 739/1700
f 745/1701 739/1702 734/1666
f 739/1703 737/1704 734/1695
f 655/1489 739/1703 745/1696
f 663/1705 656/1706 746/1707
f 746/1707 656/1706 747/1708
f 748/1709 741/1685 742/1684
f 748/1710 747/1711 741/1712
f 749/1713 748/1714 742/1715
f 750/1716 748/1710 749/1717
f 751/1718 682/1537 752/1719
f 674/1720 751/1721 753/1722
f 754/1723 755/1724 752/1719
f 754/1725 752/1726 683/1727
f 756/1728 757/1729 687/1730
f 664/1731 663/1732 746/1733
f 666/1734 758/1735 657/1497
f 758/1735 660/1736 657/1497
f 759/1737 747/1708 750/1738
f 760/1739 756/1728 759/1740
f 759/1740 750/1741 749/1742
f 757/1743 756/1744 760/1745
f 85/1746 89/184 124/267
f 749/1747 660/1748 758/1749
f 680/1534 674/1750 761/1751
f 762/1752 683/1539 761/1753
f 706/1754 757/1755 705/1589
f 763/1756 757/1757 764/1758
f 764/1759 760/1739 759/1740
f 749/1760 758/1761 765/1762
f 766/1763 693/1764 767/1765
f 694/1766 691/1767 766/1768
f 768/1769 766/1768 767/1770
f 769/1771 770/1772 771/1773
f 772/1774 757/1757 763/1756
f 729/1775 765/1776 688/1550
f 763/1756 764/1758 773/1777
f 695/1778 774/1779 775/1780
f 776/1781 777/1782 778/1783
f 776/1784 779/1785 780/1786
f 778/1787 781/1788 782/1789
f 775/1790 774/1791 770/1792
f 780/1793 775/1794 770/1795
f 770/1796 777/1797 780/1798
f 783/1799 778/1800 782/1801
f 692/1802 709/1803 784/1804
f 784/1804 709/1803 769/1805
f 778/1806 769/1807 709/1808
f 709/1809 785/1810 781/1811
f 786/1812 787/1813 717/1814
f 788/1815 786/1812 717/1814
f 789/1816 788/1817 717/1818
f 790/1819 788/1820 789/1821
f 723/1822 791/1823 722/1824
f 792/1825 716/1826 791/1823
f 717/1814 716/1645 792/1827
f 793/1828 791/1829 723/1830
f 726/1831 794/1832 795/1833
f 727/1834 726/1835 796/1836
f 731/1837 797/1838 730/1660
f 798/1839 796/1836 795/1840
f 798/1839 795/1840 799/1841
f 798/1842 799/1843 800/1844
f 801/1845 802/1846 803/1847
f 751/1718 755/1724 753/1848
f 753/1849 801/1845 804/1850
f 805/1851 754/1725 762/1852
f 805/1853 801/1845 754/1854
f 762/1852 753/1855 804/1856
f 802/1846 801/1845 805/1853
f 804/1850 803/1847 805/1853
f 806/1857 807/1858 766/1768
f 806/1857 766/1768 768/1769
f 770/1859 774/1860 808/1861
f 771/1862 770/1863 808/1864
f 806/1857 768/1769 771/1773
f 809/1865 810/1866 811/1867
f 812/1868 810/1869 813/1870
f 814/1871 815/1872 789/1873
f 816/1874 792/1825 793/1875
f 817/1876 816/1877 793/1878
f 816/1879 789/1880 792/1881
f 818/1882 819/1883 817/1884
f 820/1885 796/1886 798/1887
f 821/1888 820/1889 798/1890
f 820/1891 822/1892 796/1893
f 821/1894 798/1887 823/1895
f 824/1896 825/1897 819/1883
f 826/1898 819/1899 818/1900
f 818/1901 827/1902 826/1903
f 828/1904 827/1905 818/1900
f 829/1906 824/1896 830/1907
f 831/1908 830/1907 832/1909
f 833/1910 834/439 813/1911
f 833/1912 835/1913 836/1914
f 835/1913 811/1915 836/1914
f 811/1916 837/1917 838/1918
f 839/1919 812/1868 834/1920
f 829/1921 814/1922 816/1877
f 825/1923 829/1924 816/1925
f 840/1926 831/1927 841/1928
f 842/1929 843/1930 828/1931
f 831/1932 842/1929 841/1933
f 841/1928 842/1934 844/1935
f 845/1936 821/1937 823/1938
f 845/1939 820/1940 821/1941
f 846/1942 847/1943 820/1944
f 846/1945 820/1946 845/1936
f 848/1947 846/1948 845/1939
f 849/1949 850/1950 851/1951
f 852/1952 853/1953 850/1954
f 854/1955 853/1956 855/1957
f 851/1958 850/1959 853/1960
f 856/1961 857/1962 858/1963
f 859/1964 860/1965 858/1966
f 857/1962 860/1967 851/1958
f 861/1968 858/1969 860/1970
f 862/1971 863/1972 864/1973
f 865/1974 863/1972 862/1971
f 849/1975 866/1976 867/1977
f 850/1978 849/1975 867/1977
f 854/1979 867/1977 868/1980
f 865/1981 862/1982 866/1976
f 865/1981 866/1976 869/1983
f 869/1984 866/1981 868/1985
f 870/1986 849/1975 859/1987
f 859/1988 858/1989 854/1955
f 849/1949 851/1951 859/1990
f 871/1991 872/1992 873/1993
f 874/1994 875/1995 876/1996
f 877/1997 878/1998 875/1999
f 879/2000 878/2001 874/2002
f 863/1972 880/2003 864/1973
f 881/2004 864/2005 882/2006
f 872/2007 880/2008 873/2009
f 863/2010 865/2011 880/2012
f 883/2013 865/1974 869/1984
f 865/2011 883/2014 873/1993
f 832/2015 830/2016 843/2017
f 830/2018 871/2019 879/2020
f 884/2021 876/1996 885/2022
f 884/2023 885/2024 886/2025
f 886/2026 879/2027 884/2028
f 887/2029 827/1902 885/2030
f 885/368 883/2031 887/2032
f 888/2033 834/2034 836/2035
f 888/2033 889/2036 839/2037
f 888/2038 839/1919 834/1920
f 838/2039 890/2040 891/2041
f 891/2041 890/2040 888/2033
f 889/2042 888/2043 892/2044
f 840/1926 841/1928 893/2045
f 893/2045 894/2046 840/1926
f 895/2047 841/1928 844/1935
f 895/2048 844/2049 896/2050
f 897/2051 893/2052 841/2053
f 861/2054 857/2055 856/2056
f 890/2057 898/2058 888/2059
f 890/2060 899/2061 898/2062
f 888/2033 898/2063 892/2064
f 898/2058 899/2065 900/2066
f 898/2067 900/2068 892/2044
f 901/2069 899/2065 892/2070
f 900/2066 899/2065 901/2069
f 902/2071 903/2072 897/2073
f 904/2074 897/2075 905/2076
f 906/2077 902/2078 904/2079
f 907/2080 906/2077 904/2079
f 908/2081 909/2082 907/2083
f 536/2084 910/2085 538/2086
f 538/2087 910/2088 911/2089
f 912/2090 913/2091 914/2092
f 912/2093 914/2094 712/2095
f 589/2096 912/2097 915/2098
f 912/2099 916/2100 915/2101
f 917/2102 915/2103 918/2104
f 918/2105 915/2106 916/2107
f 714/2108 713/2109 919/2110
f 917/2111 918/2112 920/2113
f 920/2114 918/2115 921/2116
f 919/2117 713/2118 922/2119
f 919/2120 922/2121 918/2115
f 923/2122 924/2123 925/2124
f 923/2125 926/2126 603/2127
f 927/2128 928/2129 929/2130
f 555/1241 603/2131 930/2132
f 930/2132 603/2131 926/2133
f 931/2134 926/2135 932/2136
f 561/2137 933/2138 559/2139
f 559/2139 933/2138 934/2140
f 934/2141 933/2142 935/2143
f 936/2144 934/2141 935/2143
f 937/2145 278/2146 938/2147
f 938/2148 278/1658 939/2149
f 938/2150 939/2151 940/2152
f 940/2153 939/2154 941/2155
f 942/2156 938/2157 940/2158
f 941/2159 939/2160 943/2161
f 942/2156 799/1841 938/2157
f 563/1279 944/2162 568/2163
f 567/2164 945/2165 570/2166
f 946/2167 944/2168 569/2169
f 571/1282 570/1281 947/2170
f 948/2171 569/2169 571/1282
f 947/2172 948/2173 571/2174
f 570/2166 945/2165 947/2172
f 946/2175 949/2176 944/2177
f 950/2178 951/2179 945/2165
f 947/2172 945/2165 952/2180
f 586/2181 538/2182 953/2183
f 582/2184 584/2185 588/2186
f 586/1329 954/2187 955/2188
f 956/2189 957/2190 588/2191
f 956/2192 958/2193 957/2194
f 954/2195 959/2196 960/2197
f 538/2198 911/2199 959/2200
f 588/2201 957/2202 961/2203
f 962/2204 917/2111 592/2205
f 592/2205 917/2111 963/2206
f 594/1353 963/2207 607/1386
f 963/2207 917/2208 964/2209
f 920/2210 965/2211 964/2212
f 924/2213 923/2214 966/2215
f 924/2213 966/2215 967/2216
f 965/2217 924/2123 968/2218
f 924/2219 967/2220 968/2221
f 965/2222 968/2221 969/2223
f 964/2212 965/2211 969/2224
f 970/2225 967/2216 600/1366
f 555/2226 971/2227 972/2228
f 935/2229 933/2230 972/2228
f 971/2227 930/2231 973/2232
f 973/2232 974/2233 971/2227
f 975/2234 943/2161 973/2235
f 976/2236 935/2143 972/2237
f 977/2238 978/2239 976/2240
f 936/2241 978/2239 977/2238
f 979/2242 971/2227 974/2233
f 980/2243 939/2160 936/2244
f 981/2245 980/2246 936/2241
f 980/2247 981/2248 982/2249
f 943/2250 980/2246 974/2251
f 608/1391 607/2252 983/2253
f 963/2207 984/2254 607/1386
f 607/2252 984/2255 983/2253
f 963/2256 964/2257 984/2258
f 600/2259 598/1359 970/2260
f 985/2261 967/2262 970/2263
f 986/2264 967/2262 985/2261
f 964/2257 969/2265 984/2258
f 968/2266 986/2264 987/2267
f 988/2268 970/2263 989/2269
f 990/2270 991/2271 979/2272
f 974/2273 980/2243 979/2274
f 980/2247 982/2249 979/2275
f 992/2276 991/2271 993/2277
f 993/2278 994/2279 632/2280
f 981/2248 977/2281 995/2282
f 995/2283 620/1416 996/2284
f 994/2285 982/2286 995/2287
f 981/2248 995/2282 982/2249
f 990/2270 979/2272 982/2288
f 996/2284 997/2289 998/2290
f 632/2280 994/2279 998/2291
f 997/2292 617/1414 999/2293
f 628/2294 626/2295 983/2296
f 1000/2297 628/2298 1001/2299
f 628/2294 983/2296 1001/2300
f 984/2258 969/2265 987/2301
f 984/2255 987/2302 1002/2303
f 1003/2304 989/2305 1004/2306
f 988/2268 989/2269 1005/2307
f 1005/2308 989/2305 1003/2304
f 985/2261 988/2268 1005/2307
f 986/2309 985/2310 1006/2311
f 985/2310 1005/2308 1006/2311
f 998/2312 1007/2313 1008/2314
f 1009/2315 1010/2316 619/2317
f 631/2318 1008/2319 619/1442
f 619/2317 1011/2320 1009/2315
f 997/2321 999/2322 1007/2313
f 1012/2323 999/2324 1010/2316
f 1007/2313 1012/2325 1011/2326
f 1013/2327 1009/2328 1011/2329
f 1014/2330 1012/2331 1013/2332
f 1012/2323 1010/2316 1009/2315
f 1012/2331 1015/2333 1011/2334
f 1016/2335 1000/2336 1001/2300
f 1017/2337 1018/2338 1016/2339
f 1019/2340 1005/2341 1003/2342
f 1001/2343 1020/2344 1016/2345
f 1017/2337 1019/2346 1018/2338
f 1021/2347 1022/2348 1023/2349
f 1024/2350 1025/2351 1022/2348
f 1022/2352 1025/2353 1026/2354
f 713/2355 787/1813 922/2356
f 918/2115 922/2357 921/2116
f 921/2116 922/2357 1027/2358
f 787/1813 786/1812 809/2359
f 921/2360 1027/2361 1028/2362
f 922/2363 809/2364 1027/2365
f 809/2366 1029/2367 1027/2368
f 786/2369 788/2370 809/2371
f 1029/2372 1030/2373 1027/2374
f 723/2375 721/2376 927/2377
f 927/2378 929/2379 1031/2380
f 1032/2381 1033/2382 1034/2383
f 925/2384 1028/2362 1033/2385
f 1028/2386 1027/2387 1035/2388
f 927/2377 721/2376 928/2389
f 721/2376 727/2390 1036/2391
f 926/2392 928/2129 1037/2393
f 817/1876 793/1878 1038/2394
f 926/2395 1037/2396 932/2397
f 928/2398 1036/2399 1037/2400
f 727/1652 1039/2401 1036/2402
f 1037/2400 1036/2399 1040/2403
f 1041/2404 799/1841 942/2156
f 1042/2405 1041/2406 942/2407
f 800/1844 799/1843 1041/2406
f 931/2134 932/2136 1042/2408
f 932/2409 1043/2410 1042/2411
f 1036/2412 1044/2413 1040/2414
f 1045/2415 1041/2416 1042/2417
f 1046/2418 948/2419 952/2420
f 945/2421 1047/2422 952/2423
f 1048/2424 948/2419 1046/2418
f 1047/2425 1049/2426 1050/2427
f 1050/2428 1049/2429 1051/2430
f 1052/2431 1022/2432 961/2433
f 961/2434 957/2435 1052/2436
f 911/2437 1053/2438 1052/2439
f 1054/2440 1052/2441 960/2442
f 1054/2443 911/2199 1052/2444
f 986/2445 1006/2446 1055/2447
f 1002/2448 1055/2449 1056/2450
f 1020/2451 1057/2452 1058/2453
f 1020/2454 1059/2455 1057/2456
f 1060/2457 1055/2458 1006/2459
f 1061/2460 1060/2461 1062/2462
f 1061/2463 1063/2464 1056/2465
f 1064/2466 1061/2460 1062/2462
f 1065/2467 1006/2468 1066/2469
f 1060/2470 1006/2468 1065/2467
f 1067/2471 1017/2472 1058/2473
f 1057/2452 1068/2474 1058/2453
f 1068/2475 1057/2456 1062/2476
f 1069/2477 1062/2478 1060/2479
f 1068/2480 1062/2481 1070/2482
f 1057/2456 1059/2455 1071/2483
f 1062/2484 1069/2485 1070/2486
f 1072/2487 1017/2488 1067/2489
f 1073/2490 1072/2491 1067/2471
f 1074/2492 1065/2467 1072/2487
f 1060/2479 1065/2493 1069/2477
f 1069/2494 1065/2467 1074/2492
f 1069/2485 1074/2495 1075/2496
f 1073/2497 1067/2498 1076/2499
f 1077/2500 1072/2501 1073/2497
f 1078/2502 1073/2497 1076/2499
f 1079/2503 1077/2500 1073/2497
f 1078/2502 1076/2499 1080/2504
f 1076/2505 1058/2473 1070/2506
f 1081/2507 1074/2508 1077/2500
f 1082/2509 1079/2503 1078/2502
f 1077/2510 1079/2511 1081/2512
f 1081/2512 1079/2511 1083/2513
f 1080/2514 1081/2507 1084/2515
f 1081/2512 1083/2513 1084/2516
f 1085/2517 1079/2518 1082/2519
f 1086/2520 1085/2521 1082/2522
f 1083/2523 1085/2517 1087/2524
f 1086/2525 1082/2526 1088/2527
f 1084/2528 1083/2523 1088/2529
f 1086/2530 1088/2531 1087/2532
f 1088/2533 1078/2534 1084/2535
f 1087/2524 1085/2517 1089/2536
f 782/2537 1023/2538 1090/2539
f 1025/2540 1024/2541 1091/2542
f 783/2543 782/2544 1092/2545
f 1093/2546 1094/2547 1095/2548
f 1029/2367 1096/2549 1030/2550
f 1029/2551 809/2552 835/2553
f 813/1911 790/1819 1096/2554
f 1029/2551 835/2553 833/1910
f 1029/2551 833/1910 1096/2554
f 1027/2555 1097/2556 1035/2557
f 1028/2558 1098/2559 1033/2382
f 1099/2560 1033/2561 1098/2562
f 790/1819 815/2563 1096/2554
f 815/1872 1100/2564 1097/2565
f 1100/2566 1101/2567 1097/2568
f 1102/1348 1103/2569 1098/2570
f 1098/2570 1103/2569 1101/2571
f 815/1872 814/1871 1100/2564
f 1097/2572 1104/2573 1105/2574
f 1033/2561 1099/2560 1034/2575
f 1034/2575 1099/2560 1106/2576
f 1106/2576 1038/2577 1034/2575
f 1099/2578 1098/2579 1107/2580
f 1108/2581 817/2582 1038/2577
f 1109/2583 844/1935 1038/2584
f 1044/2585 822/1892 1110/2586
f 823/2587 800/2588 1045/2589
f 1043/2590 1111/2591 1042/2417
f 1112/2592 1045/2589 1042/2593
f 1040/2594 1113/2595 1114/2596
f 1110/2597 822/2598 847/2599
f 1040/2600 1110/2601 1113/2602
f 1110/2603 847/2604 1113/2605
f 1050/2428 1051/2430 1115/2606
f 1102/2607 1105/2608 1116/2609
f 1104/2610 1103/2569 1117/2611
f 1059/2612 1063/2613 1071/2614
f 1063/2615 1061/2460 1118/2616
f 1071/2617 1118/2616 1064/2466
f 1063/2618 1118/2619 1119/2620
f 1120/2621 1118/2622 1071/2614
f 1119/2623 1120/2621 1071/2624
f 1024/2625 1095/2626 1091/2627
f 1091/2628 783/2629 1092/2630
f 1094/2631 783/2632 1091/2633
f 1101/2634 1121/2635 1122/2636
f 1101/2634 1122/2636 1107/2637
f 1099/2638 1123/2639 1106/2640
f 1123/2639 1099/2638 1107/2641
f 1121/2642 814/2643 1124/2644
f 1123/2645 1125/2646 1106/2647
f 896/2648 844/1935 1109/2583
f 1106/2649 1125/2650 1109/2651
f 896/2648 1109/2583 1125/2652
f 1113/2653 847/2654 1126/2655
f 823/1938 1127/2656 1128/2657
f 1114/2658 1113/2602 1112/2592
f 1129/2659 1127/2660 1112/2661
f 1113/2662 1126/2663 1130/2664
f 1129/2665 1112/2666 1130/2667
f 847/2604 846/1945 1131/2668
f 1126/2669 1131/2670 1130/2671
f 1130/2672 1132/2673 1133/2674
f 1131/2675 1134/2676 1132/2677
f 1135/2678 845/1936 823/1938
f 1135/2678 823/1938 1128/2657
f 1136/2679 1135/2680 1128/2681
f 1128/2682 1127/2660 1129/2659
f 1137/2683 1136/2684 1128/2685
f 1138/2686 1137/2687 1128/2682
f 848/1947 845/1939 1135/2680
f 1139/2688 1135/2689 1136/2690
f 1139/2691 848/2692 1135/2693
f 1140/2694 1141/2695 1136/2690
f 1142/2696 1104/2573 1143/2697
f 1105/2698 1142/2699 1116/2700
f 1116/2701 1144/2702 1145/2703
f 1144/2704 1142/2699 1146/2705
f 1144/2702 1147/2706 1145/2703
f 1148/2707 1146/2705 1145/2703
f 1138/2708 1129/2665 1149/2709
f 814/2643 894/2046 1124/2644
f 1150/2710 1151/2711 1152/2712
f 1150/2713 1153/2714 1151/2715
f 1125/2716 1123/2717 1154/2718
f 1155/2719 1125/2720 1156/2721
f 1157/2722 1158/2723 1141/2695
f 846/2724 1159/2725 1158/2726
f 1141/2695 1158/2723 1160/2727
f 1161/2728 848/2729 1139/2730
f 1162/2731 848/2692 1161/2732
f 1162/2733 1159/2734 848/2729
f 1159/2734 1162/2733 1163/2735
f 1162/2733 1161/2728 1164/2736
f 1145/2737 1147/2738 1148/2739
f 1148/2707 1144/2704 1146/2705
f 1144/2740 1148/2739 1147/2738
f 1129/2741 1133/2674 1165/2742
f 1133/2743 1166/2744 1165/2745
f 1165/2746 1166/2747 1167/2748
f 1168/2749 1166/2747 1169/2750
f 1170/2751 1168/2752 1167/2753
f 1166/2744 1168/2754 1171/2755
f 1149/2709 1129/2665 1165/2756
f 1172/2757 1173/2758 1138/2759
f 1174/2760 1149/2761 1175/2762
f 1138/2763 1149/2761 1174/2760
f 1134/2764 1140/2765 1176/2766
f 1140/2767 1177/2768 1176/2769
f 1149/2761 1165/2770 1178/2771
f 1149/2772 1178/2773 1175/2774
f 1172/2775 1174/2776 1179/2777
f 1177/2778 1140/2779 1173/2780
f 1169/2750 1176/2781 1178/2782
f 1178/2783 1180/2784 1181/2785
f 1182/2786 1173/2787 1172/2775
f 1177/2768 1173/2758 1182/2788
f 1167/2789 1171/2790 1170/2791
f 1183/2792 1184/2793 1185/2794
f 1186/2795 1172/2775 1179/2777
f 1187/2796 1188/2797 1185/2798
f 1186/2795 1179/2777 1189/2799
f 1177/2800 1182/2786 1190/2801
f 1180/2802 1190/2803 1189/2804
f 1190/2801 1191/2805 1189/2806
f 1189/2807 1191/2808 1192/2809
f 1190/2801 1182/2786 1191/2805
f 1191/2805 1193/2810 1194/2811
f 1187/2796 1185/2798 1184/2812
f 1195/2813 1188/2814 1187/2815
f 1196/2816 1195/2817 1197/2818
f 1198/2819 1187/2820 1197/2821
f 1197/2822 1195/2823 1198/2819
f 1199/2824 1200/2825 1192/2826
f 1201/2827 1202/2828 1203/2829
f 1204/2830 1202/2828 1205/2831
f 1206/2832 1204/2830 1152/2712
f 1207/2833 1202/2834 1204/2835
f 1203/2836 1207/2833 1153/2837
f 1208/2838 1207/2833 1204/2835
f 1153/2714 1209/2839 1151/2715
f 1152/2840 1205/2841 1210/2842
f 1152/2840 1210/2842 1154/2718
f 1205/2841 1211/2843 1210/2842
f 905/2844 1155/2719 1156/2721
f 1154/2845 1212/2846 1156/2721
f 1213/2847 1162/2848 1214/2849
f 1162/2848 1213/2847 1163/2850
f 1215/2851 1170/2791 1216/2852
f 1217/2853 1216/2854 1168/2855
f 1199/2856 1194/2857 1200/2825
f 1192/2858 1194/2857 1199/2856
f 1151/2859 1209/2860 1218/2861
f 1206/2862 1219/2863 1208/2864
f 1151/2865 1218/2866 1219/2867
f 1220/2868 1207/2869 1208/2864
f 1208/2864 1219/2863 1221/2870
f 1218/2866 1222/2871 1219/2867
f 1219/2872 1223/2873 1221/2874
f 1224/2875 903/2876 1211/2877
f 1225/2878 1226/2879 1156/2880
f 1156/2880 1212/2881 1225/2878
f 1227/2882 1221/2883 1223/2884
f 1222/2885 1227/2882 1223/2884
f 1212/2886 1228/2887 1229/2888
f 1212/2886 1229/2888 1225/2889
f 909/2082 1230/2890 1229/2891
f 1229/2892 1230/2893 1231/2894
f 908/2081 907/2083 1232/2895
f 1231/2896 1232/2895 1229/2897
f 1231/2898 1230/2899 1233/2900
f 1230/2890 1234/2901 1233/2902
f 1015/2333 1235/2903 1013/2332
f 1050/2904 1115/2905 1236/2906
f 1237/2907 1238/2908 1236/2909
f 1239/2910 1236/2911 1115/2912
f 1237/2913 1236/2911 1239/2910
f 1115/2914 1238/2915 1240/2916
f 1115/2914 1240/2916 1241/2917
f 1115/2912 1241/2918 1239/2910
f 1242/2919 1243/2920 1239/2910
f 1244/2921 1245/2922 1243/2923
f 1239/2924 1241/2917 1242/2919
f 1241/2925 1245/2922 1242/2926
f 285/2927 2/2928 5/2929
f 12/631 285/612 5/7
f 16/25 15/24 18/2930
f 7/15 12/21 8/17
f 14/27 16/2931 18/28
f 14/31 20/2932 15/2933
f 15/2934 20/2935 18/2936
f 19/29 14/31 17/2937
f 20/2938 40/2939 21/2940
f 10/40 8/12 11/2941
f 24/41 11/43 47/2942
f 25/44 27/46 30/54
f 27/50 29/49 30/52
f 26/2943 28/2944 30/2945
f 28/55 32/57 31/2946
f 33/58 30/60 31/64
f 25/59 34/2947 32/2948
f 34/2947 33/58 35/63
f 19/76 40/2939 20/2938
f 42/2949 21/2940 40/2939
f 39/171 17/2950 83/172
f 83/2951 17/34 42/80
f 41/169 43/2952 40/2939
f 23/2953 10/89 46/88
f 23/38 44/2954 22/36
f 44/84 45/86 22/2955
f 95/2956 24/90 48/92
f 94/190 322/2957 52/2958
f 52/97 322/2959 53/98
f 50/94 53/2960 1246/2961
f 51/102 56/109 57/2962
f 36/67 34/66 58/111
f 58/2963 35/113 59/112
f 61/122 36/67 58/111
f 60/115 64/124 62/126
f 65/150 64/2964 61/2965
f 65/150 61/2965 68/151
f 38/127 60/121 66/2966
f 60/118 63/120 66/144
f 59/133 66/128 67/147
f 70/2967 69/159 78/158
f 62/148 70/2968 63/2969
f 74/2970 66/144 73/145
f 67/137 74/2971 68/136
f 72/155 75/149 77/157
f 78/158 71/160 124/2972
f 124/267 90/183 78/2973
f 80/164 73/166 70/2967
f 78/158 90/180 80/164
f 70/2968 78/2974 80/2975
f 80/2976 91/182 81/2977
f 83/172 42/83 44/2978
f 44/84 87/2979 83/2980
f 83/2981 87/2982 82/2983
f 82/2983 84/955 39/2984
f 84/955 430/954 41/2985
f 41/2985 430/954 43/2986
f 82/255 87/176 86/175
f 44/2987 23/2953 87/2988
f 87/2979 23/2989 46/179
f 46/179 24/2990 95/2991
f 87/2982 46/2992 89/2993
f 46/88 95/2956 88/2994
f 89/2995 88/191 93/202
f 87/2979 89/178 85/2996
f 91/2997 89/2998 93/195
f 77/2999 76/154 108/3000
f 88/191 52/2958 93/202
f 92/206 55/207 98/3001
f 98/3001 101/845 100/844
f 55/103 54/210 98/209
f 101/3002 54/106 1247/3003
f 103/219 109/3004 105/3005
f 106/3006 104/3007 105/224
f 103/3008 114/3009 109/239
f 105/224 111/3010 106/3006
f 102/216 106/215 116/3011
f 112/3012 102/220 116/3013
f 118/265 124/267 71/3014
f 137/3015 146/3016 143/300
f 71/140 72/143 118/3017
f 108/221 117/251 118/249
f 202/413 201/3018 86/3019
f 202/3020 86/175 122/3021
f 122/3021 125/3022 202/3020
f 123/3023 99/204 126/836
f 85/3024 124/3025 122/3026
f 122/266 118/265 125/268
f 127/3027 119/270 126/272
f 127/419 126/3028 129/3029
f 91/2997 97/194 123/3030
f 123/3023 97/203 99/204
f 123/271 81/2977 91/182
f 81/167 123/263 117/248
f 134/3031 130/3032 132/3033
f 139/295 135/294 134/3031
f 139/3034 134/3035 132/3036
f 132/279 131/278 140/3037
f 140/297 139/295 138/3038
f 133/313 142/307 141/320
f 134/281 144/301 130/304
f 144/312 147/314 130/336
f 133/3039 135/286 142/306
f 137/3015 136/283 145/3040
f 187/3041 179/3042 114/3043
f 154/3044 159/3045 157/3046
f 147/3047 150/3048 149/326
f 141/3049 155/3050 147/3047
f 147/3047 155/3050 150/3048
f 155/3050 158/3051 150/3048
f 149/317 148/316 156/3052
f 152/332 153/322 155/3053
f 141/320 152/321 155/3054
f 154/3055 158/3056 155/3057
f 154/323 153/322 159/331
f 152/3058 151/3059 159/3060
f 160/3061 146/3062 209/431
f 209/3063 146/3064 156/3052
f 146/3065 145/305 149/334
f 162/338 164/340 163/339
f 158/3051 157/3066 167/3067
f 158/347 169/349 174/359
f 150/3068 158/3069 148/3070
f 158/3051 174/3071 148/3072
f 164/340 166/343 165/342
f 166/357 171/440 165/3073
f 163/341 165/342 161/3074
f 165/3075 172/3076 161/358
f 172/3076 173/356 161/358
f 107/362 112/3077 177/508
f 107/218 176/1941 114/3078
f 177/362 112/230 239/3079
f 239/509 112/3077 178/3080
f 116/242 183/373 178/3080
f 111/240 179/3081 113/244
f 420/3082 181/370 182/372
f 194/403 198/408 121/3083
f 179/3042 182/3084 180/3085
f 183/3086 115/3087 186/3088
f 191/3089 186/3090 180/3091
f 191/1018 180/3085 184/3092
f 186/3093 191/3094 189/3095
f 178/512 183/3096 188/510
f 193/3097 189/3095 190/3098
f 195/400 193/3099 196/401
f 199/3100 194/403 200/411
f 171/1875 213/3101 172/3102
f 86/262 201/421 194/410
f 202/3020 125/3022 205/418
f 207/426 205/427 206/3103
f 467/1064 438/1063 1248/3104
f 467/3105 1248/3106 272/3107
f 276/591 272/590 1248/3106
f 1248/3106 474/3108 276/591
f 276/591 474/3108 282/3109
f 159/3110 168/3111 157/329
f 151/319 160/333 209/3112
f 159/3113 208/3114 168/3115
f 151/3116 209/431 159/430
f 210/464 208/3117 221/465
f 208/3117 211/466 221/465
f 216/460 215/3118 169/3119
f 167/348 216/456 169/349
f 169/3120 215/445 234/502
f 169/349 234/3121 175/360
f 175/360 234/3121 218/448
f 167/348 210/464 216/456
f 211/3122 219/1542 222/1541
f 220/459 221/469 223/468
f 148/449 218/448 170/453
f 667/3123 225/3124 224/3125
f 225/472 667/3126 244/3127
f 244/3127 667/3126 669/3128
f 294/3129 4/3130 291/3131
f 231/3132 229/3133 213/499
f 172/3134 228/3135 173/3136
f 215/3137 173/443 232/3138
f 215/445 232/488 234/502
f 214/444 173/356 215/3139
f 217/447 214/491 215/445
f 218/501 236/500 237/505
f 679/3140 219/504 238/506
f 114/3141 176/507 242/3142
f 240/513 239/511 188/510
f 240/3143 242/3144 176/3145
f 243/3146 241/3147 188/3148
f 226/3149 225/521 241/520
f 244/1598 707/3150 242/3151
f 226/473 243/523 227/3152
f 243/3153 188/390 245/528
f 245/3154 255/3155 259/1601
f 255/3156 257/3157 259/3158
f 250/3159 247/3160 228/3161
f 250/537 203/536 247/533
f 250/3159 229/3162 249/3163
f 252/546 238/3164 237/547
f 238/506 252/3165 253/3166
f 242/3144 707/3167 114/3168
f 114/3169 707/3170 187/3171
f 707/3172 1249/3173 187/3174
f 255/3175 189/3176 193/406
f 193/397 195/3177 199/3178
f 256/3179 193/3180 199/3181
f 257/3182 256/3183 258/1614
f 199/3184 200/3185 256/558
f 256/3186 200/411 203/3187
f 256/3179 203/3188 260/3189
f 260/1612 203/3190 249/1613
f 248/534 247/533 204/3191
f 203/536 204/3191 247/533
f 248/534 204/3191 261/3192
f 233/486 248/567 236/545
f 261/3192 264/3193 248/534
f 262/563 1250/3194 265/574
f 1250/3195 542/3196 461/3197
f 268/3198 725/3199 1250/3200
f 1250/3195 461/3197 268/3201
f 270/3202 725/3199 268/3198
f 265/3203 1250/3195 725/1650
f 268/580 551/3204 266/578
f 267/3205 269/3206 268/3207
f 271/585 467/3208 272/586
f 274/588 266/578 272/3209
f 274/588 267/579 266/578
f 274/3210 275/595 273/594
f 277/3211 280/3212 563/3213
f 276/3214 281/3215 284/3216
f 285/2927 290/3217 286/3218
f 3/614 2/3219 288/3220
f 287/3221 3/614 288/3220
f 288/3222 2/5 286/3223
f 286/3218 291/3224 289/3225
f 5/7 4/3130 294/3129
f 301/3226 300/3227 1251/3228
f 13/20 5/7 294/3129
f 290/629 7/633 292/3229
f 13/20 294/3129 293/3230
f 301/3226 295/3231 302/3232
f 301/3233 296/3234 295/3235
f 296/640 301/646 1251/3236
f 1251/3237 9/3238 296/3239
f 7/15 298/643 292/642
f 299/3240 293/636 292/3241
f 297/3242 300/3243 302/3244
f 7/11 9/653 298/652
f 11/22 13/3245 47/3246
f 298/643 304/3247 299/644
f 293/3248 310/682 47/681
f 1251/3236 303/656 9/3249
f 369/3250 1252/3251 410/893
f 295/3252 297/3253 302/3254
f 9/3238 6/3255 306/661
f 9/3249 306/3256 296/640
f 296/3239 306/661 297/660
f 308/670 299/644 304/654
f 312/235 331/721 313/687
f 315/688 316/740 314/686
f 372/802 1253/3257 374/3258
f 22/36 45/3259 309/671
f 45/86 317/816 309/3260
f 322/2957 94/190 319/832
f 53/3261 322/703 323/702
f 1246/2961 53/2960 323/708
f 50/94 1246/2961 328/3262
f 328/3262 1246/2961 323/708
f 323/708 325/710 327/3263
f 327/3264 325/3265 333/3266
f 330/3267 333/3266 325/3265
f 330/739 329/3268 57/737
f 1247/3269 54/100 329/3270
f 328/720 312/719 50/3271
f 316/3272 333/729 332/731
f 56/736 332/731 334/730
f 333/734 330/3273 334/3274
f 342/751 1254/3275 343/752
f 342/751 318/3276 320/3277
f 347/3278 410/3279 342/751
f 348/762 321/706 345/763
f 348/762 346/764 350/897
f 346/3280 326/768 351/767
f 352/770 354/3281 356/3282
f 353/771 352/770 356/3282
f 355/902 356/3283 354/772
f 353/771 404/901 354/772
f 358/3284 357/3285 343/752
f 343/752 1254/3275 358/3284
f 342/754 1252/3286 1254/3287
f 349/3288 358/3284 1254/3275
f 349/3289 359/778 358/777
f 349/3290 1254/3291 1252/3251
f 349/3292 346/3280 359/3293
f 1252/3294 369/258 368/797
f 349/3290 1252/3251 1255/3295
f 1255/3295 1252/3251 368/3296
f 361/791 344/769 360/780
f 351/795 344/753 361/3297
f 366/3298 367/794 359/778
f 1247/3003 329/715 101/3002
f 351/767 364/788 366/792
f 362/789 360/780 363/3299
f 362/784 363/785 373/3300
f 372/802 362/784 373/3300
f 372/807 373/3301 1253/3302
f 357/776 367/794 363/3299
f 363/785 367/3303 373/3300
f 365/803 1253/3257 373/805
f 365/806 374/808 1253/3304
f 317/3305 43/2986 430/954
f 430/3306 381/3307 317/816
f 95/2956 48/92 96/3308
f 307/667 380/3309 308/3310
f 382/827 311/826 380/3311
f 380/3312 434/966 382/830
f 319/707 383/3313 320/892
f 319/832 96/193 383/3314
f 383/3313 384/833 320/892
f 383/828 382/830 434/966
f 434/3315 384/898 383/3316
f 387/837 100/3317 385/3318
f 387/3319 385/3320 434/3321
f 100/3322 390/3323 385/3324
f 434/3315 385/3325 384/898
f 387/3326 99/3327 100/3322
f 434/3321 126/3328 387/3319
f 324/3329 321/840 388/839
f 390/3323 388/839 348/841
f 100/3322 388/839 390/3323
f 324/704 389/3330 325/3331
f 325/710 389/3332 329/717
f 341/3333 338/3334 335/741
f 337/3335 391/851 393/853
f 337/3335 393/853 400/3336
f 398/863 399/865 400/3337
f 395/861 399/3338 397/862
f 407/3339 404/3340 1256/3341
f 336/871 391/3342 337/748
f 339/874 338/3343 399/865
f 337/748 400/875 341/749
f 391/3342 336/871 395/870
f 399/872 338/3344 400/3345
f 402/881 1256/3346 403/882
f 404/3340 408/3347 405/3348
f 1256/3341 402/3349 1257/3350
f 1257/3351 402/3352 406/3353
f 406/957 405/3348 408/3347
f 350/3354 413/904 347/894
f 409/889 408/888 407/952
f 1256/3341 425/3355 407/3339
f 390/3356 350/3357 347/3278
f 384/833 390/850 347/891
f 405/3358 353/771 355/3359
f 404/883 405/3360 355/3361
f 350/3354 1255/3362 413/904
f 350/3363 349/3364 1255/3365
f 413/904 1255/3362 414/905
f 1255/3366 368/797 414/3367
f 410/893 371/3368 369/3250
f 411/907 413/3369 412/911
f 414/3367 368/797 370/798
f 411/907 416/910 371/908
f 412/912 414/3370 370/799
f 416/913 417/915 371/801
f 371/3371 417/918 415/917
f 412/912 418/3372 417/3373
f 378/3374 376/814 421/3375
f 421/934 420/933 378/1003
f 375/3376 423/3377 419/3378
f 421/934 376/3379 379/939
f 424/1007 379/926 419/3380
f 425/3381 1257/3351 430/3382
f 430/954 1257/3383 381/823
f 381/959 1257/3384 432/960
f 1257/3351 425/3381 1256/3385
f 1257/3351 406/3353 432/3386
f 495/3387 504/1130 493/1129
f 431/3388 409/889 426/953
f 432/3389 406/890 431/3388
f 432/3390 431/3391 433/3392
f 426/3393 428/3394 431/3395
f 428/951 429/1038 433/3396
f 380/824 433/970 129/3397
f 396/859 441/977 435/980
f 441/3398 436/1056 435/3399
f 435/980 470/3400 442/3401
f 443/845 442/3402 470/3403
f 444/988 443/987 470/3404
f 397/3405 398/3406 442/3402
f 443/990 397/862 442/3407
f 378/3374 445/3408 401/3409
f 401/3409 422/3410 375/3411
f 181/370 379/3412 184/3413
f 184/3414 424/1007 449/1006
f 187/3415 445/3416 378/3417
f 422/930 447/3418 448/1004
f 445/3419 537/3420 447/3421
f 191/3422 450/3423 451/3424
f 450/3423 449/3425 448/3426
f 448/3427 587/3428 450/3429
f 190/3430 451/3431 454/3432
f 451/3431 452/3433 454/3432
f 457/3434 197/402 456/3435
f 198/3436 197/3437 457/3438
f 427/3439 457/3438 458/3440
f 429/3441 459/3442 540/3443
f 128/417 129/3029 460/3444
f 129/3445 433/961 460/3446
f 429/948 540/3447 433/3392
f 460/3448 433/3392 540/3447
f 465/1058 464/3449 436/1056
f 436/1056 464/3449 437/1061
f 440/3450 444/3451 473/3452
f 466/3453 465/1053 467/3454
f 438/1055 440/3450 474/3455
f 1248/3456 438/1055 474/3455
f 474/3455 473/3452 475/3457
f 282/3109 474/3108 475/1074
f 475/1074 476/1076 477/3458
f 444/3459 470/1060 473/1071
f 641/3460 482/3461 578/3462
f 483/3463 485/3464 487/3465
f 550/1234 461/1233 463/3466
f 463/3466 462/3467 547/3468
f 463/1104 547/3469 489/1105
f 489/3470 547/3468 496/3471
f 550/3472 463/1104 490/1118
f 550/3473 490/1107 498/3474
f 484/3475 491/1382 485/1378
f 491/1382 492/3476 605/3477
f 487/3478 485/3479 583/3480
f 581/1376 485/1378 491/1382
f 606/3481 491/3482 605/3483
f 493/1112 488/1106 495/3484
f 488/1106 489/3485 496/1120
f 488/1106 496/1120 495/3484
f 499/3486 490/1107 501/1123
f 500/1121 505/1436 497/1122
f 503/1147 493/3487 515/1148
f 501/1128 494/3488 493/1129
f 501/3489 503/1147 508/1150
f 497/1131 504/1130 495/3387
f 502/1137 516/1155 507/1135
f 505/1132 506/1145 504/1130
f 515/1148 513/1153 514/1146
f 516/1149 502/3490 508/1150
f 511/1140 624/3491 509/1142
f 511/1140 510/1139 512/1446
f 504/1130 513/1144 515/3492
f 521/1162 514/3493 527/3494
f 527/3494 514/3493 523/1165
f 503/1147 514/1146 521/1159
f 527/3494 526/3495 521/1162
f 517/3496 503/3497 520/1161
f 517/3496 520/1161 516/3498
f 516/1149 522/1171 519/1156
f 506/3499 519/1154 513/1153
f 525/1168 522/1167 524/3500
f 516/1149 520/1158 522/1171
f 545/1221 459/1220 596/3501
f 526/1183 523/3502 529/1184
f 518/1164 528/1180 523/1165
f 521/3503 532/1188 524/1179
f 525/1168 524/3500 528/3504
f 526/1172 530/3505 532/3506
f 529/3507 533/3508 530/1187
f 535/3509 530/1182 533/3510
f 531/1189 530/1182 535/3509
f 529/1177 524/1179 531/1189
f 187/3511 536/3512 445/3513
f 537/3514 536/1201 492/1200
f 187/3511 1249/3515 536/3512
f 587/3516 453/1343 450/3517
f 455/3518 454/3519 452/3520
f 455/3518 452/3520 539/3521
f 458/3522 539/3523 591/3524
f 540/1211 459/3525 541/1212
f 458/3526 591/1348 459/3527
f 459/3525 591/3524 597/3528
f 557/3529 562/1266 471/3530
f 540/1211 263/1210 460/3531
f 263/1215 541/3532 543/1216
f 542/1226 462/1042 461/1041
f 542/3533 547/3468 462/3467
f 547/3468 543/3534 549/1368
f 1250/3195 262/3535 542/3196
f 544/1230 546/1370 549/1231
f 548/1232 550/1234 552/1238
f 271/3536 266/3537 551/1245
f 551/1237 548/1236 556/3538
f 556/3539 548/1232 552/1238
f 554/1242 556/3540 552/3541
f 271/3542 551/3204 468/3543
f 469/1247 556/1246 554/3544
f 554/1242 558/1250 557/1248
f 558/3545 561/1264 557/3529
f 558/3546 555/3547 933/2142
f 558/3548 933/2138 561/2137
f 464/1044 557/3549 472/1069
f 472/1069 557/3549 471/1070
f 277/601 564/1261 279/3550
f 279/598 564/3551 560/3552
f 561/2137 559/2139 560/3553
f 280/3554 577/1306 569/2169
f 563/3555 568/3556 564/3557
f 568/3556 562/3558 564/3557
f 565/1272 477/1078 476/1270
f 562/3559 567/3560 476/1270
f 566/3561 570/1281 572/1283
f 625/1444 512/3562 624/3563
f 481/1289 281/3564 573/1290
f 565/3565 482/3566 573/1290
f 482/1089 565/3567 579/3568
f 566/3569 579/3570 565/3565
f 283/1299 574/1301 575/2899
f 579/3568 572/3571 576/3572
f 572/3573 579/3570 566/3569
f 280/610 284/608 577/3574
f 577/3574 284/608 575/3575
f 577/3574 575/3575 572/3576
f 447/3577 537/1318 486/1320
f 448/3578 487/3579 583/3580
f 484/1319 537/1318 492/3581
f 587/3582 448/3583 583/3584
f 492/3581 538/1328 606/3585
f 538/3586 585/3587 606/3588
f 586/3589 955/3590 585/1384
f 582/3591 453/3592 583/3593
f 453/3594 588/2186 590/3595
f 590/1346 962/3596 539/1347
f 539/1349 962/3597 592/1350
f 591/1352 593/1351 597/1363
f 596/3598 599/1364 545/3599
f 599/3600 596/1360 598/1359
f 547/3468 549/1368 496/3471
f 549/3601 601/3602 496/3603
f 602/3604 612/3605 611/3606
f 603/3607 612/3608 602/1369
f 603/1375 604/1373 612/3609
f 553/3610 552/3611 550/3472
f 553/1239 550/1234 498/3612
f 553/1239 613/3613 604/1373
f 553/3610 498/1117 613/1403
f 933/2142 555/3547 972/2237
f 581/3614 955/3615 584/3616
f 955/3617 581/3618 585/3619
f 593/1351 608/1387 595/1362
f 601/3602 500/3620 496/3603
f 602/3604 611/3606 601/3602
f 611/1400 613/1402 630/3621
f 613/1402 498/3474 502/3622
f 613/1402 502/3622 630/3621
f 616/1409 993/3623 614/1407
f 616/1409 992/3624 993/3623
f 614/1412 993/2278 632/2280
f 615/1417 614/1412 618/1411
f 624/3563 610/3625 626/1431
f 624/1424 626/1428 625/1427
f 622/3626 621/3627 629/3628
f 989/3629 598/3630 622/3631
f 630/1437 502/1137 507/1135
f 619/3632 614/1412 631/3633
f 623/3634 624/3635 621/1092
f 627/1430 621/1433 512/1443
f 668/3636 690/3637 669/3638
f 627/1429 628/3639 621/3640
f 634/3641 636/3642 635/3643
f 340/1449 635/1448 636/3644
f 340/746 336/742 335/741
f 335/3645 1258/3646 636/3647
f 340/1449 636/3644 1258/3648
f 338/3344 340/3649 1258/3650
f 644/1465 638/1474 646/1471
f 646/3651 647/3652 644/3653
f 638/1474 641/3654 646/3655
f 645/3656 644/3653 648/3657
f 644/3653 647/3652 648/3657
f 1259/3658 638/1453 637/1452
f 637/3659 478/1081 1259/3660
f 1259/3660 478/1081 641/3460
f 637/1452 479/3661 478/3662
f 640/3663 639/1454 578/3664
f 479/3665 637/3666 481/1479
f 637/1452 640/3663 649/3667
f 481/3668 637/3659 649/3669
f 578/3670 579/3671 642/3672
f 649/3673 1260/3674 642/3675
f 638/3676 644/3677 643/3678
f 638/1453 1259/3658 641/3679
f 641/3680 578/3664 643/3681
f 578/3664 639/1454 643/3681
f 1260/3682 649/3683 640/1461
f 640/1461 642/3684 1260/3682
f 645/3656 1261/3685 643/3686
f 648/3687 1262/3688 645/3656
f 643/3686 1261/3685 648/3687
f 1261/3685 1262/3688 648/3687
f 1261/3689 645/3690 1262/3691
f 649/3683 642/3684 580/3692
f 651/1494 650/1487 741/1685
f 650/1683 652/3693 654/3694
f 661/3695 744/1691 654/3696
f 650/3697 653/1490 733/1687
f 744/1691 655/1690 654/3696
f 656/3698 663/3699 659/3700
f 652/1498 656/1706 659/1499
f 651/1494 741/1685 656/1492
f 657/1495 660/3701 658/1496
f 220/459 223/468 235/495
f 223/3702 222/467 662/3703
f 659/3704 663/1732 666/3705
f 659/1499 666/1734 657/1497
f 667/3123 224/3125 668/3706
f 668/3707 224/3708 227/3709
f 231/481 671/3710 229/479
f 231/3711 672/3712 670/3713
f 672/3714 680/1534 673/1536
f 672/3715 674/3716 680/3717
f 230/3237 682/1537 674/3718
f 238/3164 253/1577 679/1579
f 678/1532 675/1530 679/1533
f 676/3719 230/3720 235/3721
f 677/1528 675/3722 678/3723
f 678/3724 673/1521 681/3725
f 677/1528 678/3723 681/1535
f 682/3385 230/1519 676/1526
f 662/1506 222/3726 679/1533
f 675/1524 662/1525 679/3727
f 684/1544 665/1509 686/3728
f 686/3728 687/3729 706/3730
f 700/1592 686/1547 706/1593
f 795/1840 731/3731 799/1841
f 690/3732 668/3733 227/3734
f 691/3735 690/3736 693/3737
f 690/1556 246/1558 693/3738
f 694/3739 689/3740 691/3741
f 767/3742 693/3743 692/1802
f 227/476 243/3744 246/3745
f 246/3746 245/3747 259/3748
f 670/3749 697/1627 671/1569
f 253/1577 254/576 699/1578
f 670/3750 673/3751 698/3752
f 698/1572 679/3753 699/1634
f 705/3754 720/3755 701/1581
f 772/3756 720/3755 705/3754
f 685/3757 704/1655 702/1657
f 686/3758 269/1656 704/1655
f 685/1552 702/3759 688/1550
f 729/3760 688/3761 703/1661
f 695/3762 775/3763 707/3764
f 707/3765 775/3766 1249/3767
f 692/1604 246/3768 708/1605
f 708/3769 259/3770 710/1606
f 710/3771 712/3772 708/1602
f 708/3773 785/3774 709/1808
f 708/1602 914/3775 785/3776
f 914/3775 708/1602 712/3772
f 259/555 258/554 710/3777
f 711/3778 710/3779 258/1614
f 711/3780 714/3781 712/3782
f 671/1620 715/1622 249/558
f 717/1629 713/1625 697/1624
f 787/1813 713/2355 717/1814
f 696/1573 719/3783 716/1628
f 699/3784 254/544 718/3785
f 719/3786 718/1631 722/1647
f 725/3787 270/3788 724/3789
f 265/3203 725/1650 718/1649
f 718/1631 724/3790 720/1638
f 721/3791 720/1653 727/1652
f 269/3206 267/3205 728/3792
f 702/3793 269/3206 728/3792
f 701/3794 724/3789 270/3788
f 720/3795 724/3789 701/3794
f 720/3755 794/3796 726/3797
f 703/1584 937/3798 731/1837
f 720/3795 772/3799 794/3800
f 773/1777 730/3801 763/1756
f 703/1584 702/1583 728/3802
f 728/1654 278/1658 703/3803
f 703/3804 278/2146 937/2145
f 735/3805 736/3806 1263/3807
f 733/1687 653/1490 734/1695
f 738/3808 1263/3807 736/3806
f 736/1668 734/1666 738/3809
f 735/3810 1263/3807 738/3808
f 733/3811 740/1681 650/1683
f 742/3812 740/1692 744/1691
f 743/1693 739/1703 655/1489
f 756/1728 746/1733 747/3813
f 747/1711 656/3698 741/1712
f 661/1501 660/1500 742/3814
f 742/3815 660/1736 749/3816
f 747/1711 748/1710 750/1716
f 742/3814 744/3817 661/1501
f 682/1537 751/1718 674/3718
f 674/3716 753/3818 761/1753
f 751/1721 752/1726 755/3819
f 753/1855 762/1852 761/3820
f 682/1537 683/1539 752/1719
f 754/1725 683/1727 762/1852
f 664/1508 746/3821 687/3729
f 756/1728 687/1730 746/1733
f 756/1728 747/3813 759/1740
f 683/1540 677/1528 681/1535
f 761/1751 683/1540 681/1535
f 680/1534 761/1751 681/1535
f 757/1757 706/1593 687/1549
f 757/1743 760/1745 764/3822
f 773/3823 759/3824 765/1762
f 773/3825 764/3822 759/3826
f 688/3827 758/1761 666/1510
f 758/1761 688/3827 765/1762
f 759/3824 749/1760 765/1762
f 766/3828 691/3741 693/3829
f 767/3830 692/3831 784/3832
f 694/1766 774/3477 695/3833
f 768/3834 767/1765 784/3835
f 784/1804 769/1805 771/3836
f 757/1757 772/1774 705/1591
f 763/3837 797/3838 772/3839
f 765/3840 729/3760 730/1663
f 730/3841 773/3842 765/1776
f 817/400 1108/3843 818/3844
f 769/1805 778/3845 777/3846
f 780/3847 779/3848 775/3849
f 780/3850 777/3851 776/3852
f 769/3853 777/3851 770/3854
f 776/3855 778/1800 783/1799
f 709/3856 781/3857 778/3858
f 791/3859 716/1645 722/1644
f 789/1873 717/3860 792/1825
f 772/3839 797/3838 794/3861
f 794/1832 797/1838 731/1837
f 794/1832 731/1837 795/1833
f 796/1836 726/1835 795/1840
f 1039/3862 727/1834 796/1836
f 801/3863 755/3819 754/1725
f 755/3819 801/3863 753/1722
f 801/1845 803/1847 804/1850
f 805/1851 762/1852 804/1856
f 803/1847 1264/3864 805/1853
f 802/1846 805/1853 1264/3865
f 694/3866 766/3867 807/3868
f 807/3869 806/3870 774/3871
f 774/3872 806/1857 808/3873
f 694/3874 807/3875 774/1779
f 771/1773 768/1769 784/3876
f 808/3873 806/1857 771/1773
f 779/3848 776/3855 1093/3877
f 1093/3878 776/3879 783/3880
f 810/3881 788/2370 790/3882
f 810/3881 809/2371 788/2370
f 810/1866 790/1819 813/1911
f 789/1873 815/1872 790/3883
f 792/1881 791/3884 793/3885
f 789/1880 816/1879 814/3886
f 816/3887 817/1884 825/1897
f 819/1883 825/1897 817/1884
f 871/3888 830/3889 819/3890
f 822/1892 1039/3891 796/1893
f 798/1887 800/3892 823/1895
f 847/2604 822/3893 820/1946
f 803/3894 802/3895 1264/3896
f 864/2005 872/1992 1265/3897
f 824/3898 829/3899 825/3900
f 872/3901 819/1899 826/1898
f 871/3902 819/1899 872/3901
f 885/2030 827/1902 828/3903
f 1265/3897 826/3904 887/2032
f 872/1992 826/3904 1265/3897
f 599/1364 966/2215 545/3599
f 837/1917 810/1869 812/1868
f 812/3905 813/1911 834/439
f 810/1866 837/3906 811/1867
f 834/1920 833/1912 836/1914
f 837/1917 812/1868 839/1919
f 837/1917 839/1919 838/1918
f 811/1915 838/3907 836/1914
f 840/3908 814/3909 829/1924
f 831/1908 840/3910 829/1906
f 830/2016 831/3911 829/3899
f 894/3912 814/1922 840/3913
f 828/1931 1108/3914 844/3915
f 828/1931 844/3915 842/1929
f 832/3916 842/3917 831/3918
f 832/3919 843/1930 842/1929
f 828/3903 843/3920 885/2030
f 1266/3921 852/1952 855/3922
f 852/1952 850/3923 855/3924
f 853/1956 1266/3925 855/1957
f 852/1952 1266/3921 853/1953
f 855/3926 850/1950 854/3927
f 858/1989 853/1956 854/1955
f 851/1958 853/1960 858/1969
f 857/1962 851/1958 858/1963
f 856/1961 858/1969 861/1968
f 851/3928 860/3929 859/1987
f 857/1962 861/3930 860/1967
f 862/1982 881/3931 867/1977
f 862/1971 864/1973 881/3932
f 867/3933 881/3932 868/3934
f 850/1978 867/1977 854/1979
f 862/1971 867/3933 866/1981
f 881/3932 882/3935 868/3934
f 859/1964 854/1979 868/1980
f 866/1976 870/1986 868/3936
f 882/3935 869/3937 868/3934
f 866/1976 849/1975 870/1986
f 868/1980 870/3938 859/1964
f 879/2027 871/3939 875/1999
f 875/1995 871/3940 873/3941
f 875/1995 873/3941 876/1996
f 879/3942 875/1995 878/3943
f 884/2645 874/3944 876/3945
f 879/2000 874/2002 884/3946
f 872/1992 864/2005 880/2012
f 1265/3947 882/3935 864/1973
f 865/2011 873/1993 880/2012
f 1265/3897 887/2032 869/3948
f 882/3935 1265/3947 869/3937
f 887/2032 883/2031 869/3948
f 830/3949 886/2025 843/3950
f 830/2018 879/2020 886/3951
f 886/2025 885/2024 843/3950
f 873/2009 883/3952 876/3953
f 876/3953 883/3952 885/3954
f 838/2039 891/2041 836/2035
f 891/3955 888/2038 836/1914
f 890/2060 839/2037 889/2036
f 839/2037 890/2060 838/3956
f 889/2042 899/2065 890/2057
f 893/2052 1203/3957 894/3958
f 1159/2725 846/2724 848/3959
f 874/3960 878/3961 877/3962
f 877/1997 875/1999 874/3963
f 899/2065 889/2042 892/2044
f 893/2052 1201/3964 1203/3957
f 841/2053 895/2048 897/2051
f 897/3965 895/3966 905/3967
f 905/2844 895/3968 1155/2719
f 903/3969 1201/3970 893/3971
f 893/3971 897/3972 903/3969
f 903/3969 1224/3973 1201/3970
f 892/2044 900/2068 901/3974
f 904/3975 905/3976 1226/2879
f 902/3977 897/2075 904/2074
f 909/3978 906/3979 907/3980
f 536/3981 1249/3982 910/2088
f 775/3983 910/3984 1249/3985
f 910/3986 1267/3987 911/3988
f 589/2096 588/3989 912/2097
f 588/1339 913/3990 912/3991
f 912/2099 712/3992 916/2100
f 714/3993 916/3994 712/2095
f 714/3995 919/3996 916/3997
f 919/3998 918/3999 916/4000
f 920/4001 921/2360 1268/4002
f 965/2217 925/2124 924/2123
f 965/4003 1268/4002 925/2384
f 960/4004 958/4005 954/4006
f 923/4007 925/4008 1032/4009
f 923/4010 1032/4011 926/4012
f 929/2130 926/2392 1032/4013
f 1033/2385 1032/4014 925/2384
f 546/1224 545/1223 603/4015
f 923/4016 603/4017 545/4018
f 929/2130 928/2129 926/2392
f 931/4019 975/4020 930/4021
f 931/4022 940/2152 975/4023
f 926/2126 931/4024 930/4025
f 937/4026 938/2157 799/1841
f 931/2134 942/2156 940/2158
f 278/4027 559/1254 934/4028
f 278/1658 934/4029 939/2149
f 939/2160 934/4030 936/2244
f 940/2153 941/2155 975/4031
f 941/4032 943/4033 975/4023
f 278/1658 279/4034 559/4035
f 944/2162 563/1279 569/1278
f 944/2168 950/4036 568/4037
f 568/4038 950/4039 567/1285
f 567/4040 950/4041 945/4042
f 946/4043 569/4044 948/2173
f 948/2173 947/2172 952/2180
f 944/4045 949/4046 950/4047
f 949/4046 951/4048 950/4047
f 586/4049 953/4050 954/4051
f 584/4052 956/4053 588/4054
f 955/4055 954/4056 956/2189
f 955/2188 956/4057 584/4058
f 954/4051 953/4050 959/4059
f 600/2259 967/2220 599/3600
f 538/4060 959/4061 953/4062
f 913/2091 588/2186 961/4063
f 590/4064 915/2103 962/4065
f 915/4066 590/1346 589/4067
f 917/4068 962/4069 915/2106
f 917/4070 920/4071 964/4072
f 592/4073 963/2207 594/1353
f 920/4074 1268/4075 965/2217
f 946/4043 948/2173 949/4046
f 555/3547 930/4021 971/4076
f 975/4020 973/4077 930/4021
f 943/4033 974/4078 973/4079
f 978/4080 935/2229 976/4081
f 976/2240 972/4082 991/2271
f 977/2281 976/4083 992/4084
f 976/2240 991/2271 992/2276
f 935/2229 978/4080 936/2244
f 972/2228 971/2227 991/4085
f 971/2227 979/2242 991/4085
f 943/4033 939/2151 980/4086
f 977/2238 992/2276 616/4087
f 936/4088 977/2281 981/2248
f 598/1359 989/4089 970/2260
f 970/2263 988/2268 985/2261
f 967/2262 986/2264 968/2266
f 968/2266 987/2267 969/4090
f 977/4091 616/1409 615/1408
f 991/4092 990/4093 993/4094
f 993/4094 990/4093 994/4095
f 620/4096 977/4091 615/1408
f 995/2282 977/2281 620/4097
f 982/4098 994/4099 990/4100
f 995/2287 996/4101 994/2285
f 620/4096 997/4102 996/4101
f 996/4103 998/4104 994/4099
f 620/1418 617/1414 997/2292
f 610/1426 608/1391 626/4105
f 983/2253 626/4105 608/1391
f 628/2294 1000/2336 629/4106
f 984/4107 1001/2300 983/2296
f 1001/2300 984/4107 1002/4108
f 986/2309 1002/2448 987/4109
f 989/4110 622/4111 629/4112
f 989/3629 629/4106 1004/4113
f 998/2291 1008/4114 632/2280
f 632/2280 1008/4114 631/3633
f 997/2292 1007/4115 998/4116
f 1010/4117 633/4118 619/1413
f 617/1441 633/1440 999/2322
f 999/2322 633/1440 1010/4119
f 619/1413 1008/4120 1011/4121
f 999/2322 1012/2325 1007/2313
f 1008/2314 1007/2313 1011/2326
f 1012/2323 1009/2315 1013/4122
f 1012/2331 1014/4123 1015/2333
f 1013/4122 1011/4124 1015/4125
f 1004/2306 629/4126 1000/2297
f 1003/2342 1004/4113 1018/4127
f 1000/2336 1016/2335 1004/4113
f 1018/4128 1004/4129 1016/2345
f 1003/4130 1018/4128 1019/4131
f 1001/2300 1002/4108 1020/4132
f 1006/2446 1005/4133 1019/4131
f 1002/4134 1056/4135 1020/4136
f 1020/2451 1058/2453 1016/4137
f 1066/2469 1019/4138 1017/2488
f 910/4139 1024/4140 1267/4141
f 775/4142 1095/4143 910/4144
f 1022/2352 1026/2354 1023/4145
f 782/4146 1021/4147 1023/4148
f 779/4149 1095/2626 775/4150
f 781/4151 914/4152 913/4153
f 1021/4154 781/4155 913/4156
f 1022/4157 1021/4158 913/2091
f 1022/2432 913/4159 961/2433
f 785/4160 914/4161 781/3857
f 781/4162 1021/4163 782/1801
f 1268/4164 1028/2558 925/4165
f 1268/4164 921/4166 1028/2558
f 787/4167 809/4168 922/4169
f 723/1830 927/2378 1031/2380
f 1031/2380 929/2379 1032/2381
f 1032/2381 1034/2383 1031/2380
f 721/2376 1036/2391 928/2389
f 793/1828 723/1830 1031/2380
f 793/3885 1031/4170 1038/2577
f 1038/2577 1031/4170 1034/2575
f 1039/3862 1044/4171 1036/4172
f 1042/2408 942/2156 931/2134
f 1040/4173 1111/4174 1037/4175
f 1037/4176 1111/4177 932/4178
f 1043/4179 932/4178 1111/4177
f 800/3892 1041/2416 1045/2415
f 952/4180 1047/4181 1046/4182
f 951/4183 1047/2422 945/2421
f 1049/4184 949/2176 1048/2424
f 949/2176 1049/4184 951/4185
f 1049/2426 1047/2425 951/4186
f 1048/4187 1046/4182 1049/2429
f 1054/4188 960/4189 911/2199
f 1049/2429 1238/432 1051/2430
f 1236/2909 1046/4190 1050/4191
f 1238/2908 1046/4190 1236/2909
f 957/4192 958/4005 1052/2444
f 1267/4193 1024/4194 1053/4195
f 1024/4194 1022/4196 1053/4195
f 1053/4197 1022/4198 1052/2436
f 1267/4141 1053/4199 911/4200
f 960/4201 1052/2436 958/4202
f 1117/2038 1145/2703 1143/4203
f 986/2309 1055/2449 1002/2448
f 1056/4204 1059/4205 1020/4206
f 1056/4135 1055/2447 1060/2479
f 1056/4207 1063/2615 1059/4208
f 1061/2460 1056/4207 1060/2461
f 1006/2311 1019/2346 1066/4209
f 1017/2488 1016/4137 1058/2453
f 1058/2473 1068/4210 1070/2506
f 1057/2456 1064/4211 1062/2476
f 1071/2624 1064/4212 1057/4213
f 1066/4214 1017/4215 1072/4216
f 1067/2471 1058/2473 1076/2505
f 1066/4217 1072/2491 1065/4218
f 1069/2494 1075/4219 1070/2482
f 1072/2501 1077/2500 1074/2508
f 1075/4220 1080/4221 1070/4222
f 1070/4223 1080/4224 1076/4225
f 1074/2508 1081/2507 1080/2514
f 1074/4226 1080/1434 1075/4227
f 1079/2511 1073/4228 1078/4229
f 1078/2502 1080/2504 1084/4230
f 1079/2518 1085/2517 1083/2523
f 1078/2534 1088/2533 1082/2519
f 1087/2524 1089/2536 1086/4231
f 1083/2513 1087/4232 1088/4233
f 1085/2517 1086/4234 1089/2536
f 1023/2538 1026/4235 1090/2539
f 1025/2540 1091/2542 1026/4236
f 1092/4237 782/4238 1090/4239
f 1091/4240 1090/2539 1026/4235
f 779/4241 1093/4242 1095/4243
f 910/4244 1095/2626 1024/2625
f 1094/4245 1093/3878 783/3880
f 809/2552 811/4246 835/2553
f 833/1910 813/1911 1096/2554
f 1027/2374 1030/2373 1097/4247
f 1035/4248 1098/4249 1028/4250
f 1096/2554 815/2563 1030/4251
f 1030/4252 815/1872 1097/2565
f 1035/4253 1102/1348 1098/2570
f 1097/2556 1105/2608 1035/2557
f 1104/2610 1097/2556 1101/2571
f 1101/2571 1103/2569 1104/2610
f 1101/2634 1107/2637 1098/2562
f 814/1922 1121/4254 1100/4255
f 1100/4256 1121/2635 1101/2634
f 844/4257 1108/3843 1038/4258
f 1109/4259 1038/2577 1106/2576
f 1039/4260 822/4261 1044/4262
f 1044/4263 1110/2597 1040/4264
f 1111/4265 1112/2592 1042/2593
f 1040/2594 1114/2596 1111/2591
f 1114/2658 1112/2592 1111/4265
f 823/1938 1045/4266 1127/2656
f 1112/2592 1127/4267 1045/2589
f 1051/2430 1238/432 1115/2606
f 1035/4268 1105/4269 1102/4270
f 1102/4270 1117/4271 1103/4272
f 1116/4273 1117/4271 1102/4270
f 1063/2618 1119/2620 1071/4274
f 1118/2616 1061/2460 1064/2466
f 1118/2619 1120/4275 1119/2620
f 1094/4276 1091/4277 1095/4278
f 1091/2633 1092/4237 1090/4239
f 1121/4279 1150/4280 1122/4281
f 1107/2580 1122/4281 1123/4282
f 1113/2662 1130/2664 1112/2661
f 847/4283 1131/4284 1126/4285
f 1131/2675 1132/2677 1130/4286
f 1129/2665 1130/2667 1133/4287
f 1134/4288 1131/2670 1141/4289
f 1128/2682 1129/2659 1138/2686
f 1140/4290 1136/2684 1137/2683
f 1131/4291 1157/2722 1141/2695
f 1141/4292 1140/4290 1134/2676
f 1143/2697 1104/2573 1117/4271
f 1104/2573 1142/2696 1105/2574
f 1117/2038 1116/2701 1145/2703
f 894/3958 1150/4293 1124/4294
f 1143/2697 1146/4295 1142/2696
f 1142/2696 1144/4296 1116/4297
f 1164/2736 1136/4298 1160/4299
f 1150/4300 1123/2645 1122/4301
f 1150/4302 1152/4303 1123/4304
f 894/4305 1153/2714 1150/2713
f 1203/4306 1153/4307 894/4308
f 1123/2717 1152/2840 1154/2718
f 895/2048 896/2050 1155/4309
f 1155/4310 896/4311 1125/2716
f 1154/2718 1156/4312 1125/2716
f 1133/4313 1132/4314 1134/4315
f 846/1948 1157/4316 1131/4284
f 846/4317 1158/4318 1157/4319
f 1158/4320 1159/2734 1160/4321
f 1139/2691 1136/4322 1164/4323
f 1186/2795 1192/4324 1193/2810
f 1161/2732 1139/2691 1164/4323
f 1133/2674 1134/2764 1176/2766
f 1165/4325 1167/4326 1169/4327
f 1166/2747 1133/4313 1176/2781
f 1166/2744 1176/4328 1169/4327
f 1168/2749 1169/2750 1167/4329
f 1166/2744 1171/2755 1167/4330
f 1137/2683 1138/2708 1140/4290
f 1140/2767 1138/2759 1173/2758
f 1138/2759 1174/4331 1172/2757
f 1178/2771 1181/4332 1175/2762
f 1165/4333 1169/2750 1178/2782
f 1176/2769 1177/2768 1178/4334
f 1177/2768 1180/2802 1178/4334
f 1177/2800 1190/2801 1180/4335
f 1181/2785 1188/4336 1184/2793
f 1181/4337 1184/4338 1175/4339
f 1174/4340 1175/4341 1183/2792
f 1175/4339 1184/4338 1183/4342
f 1181/2785 1180/2784 1183/4343
f 1183/2792 1180/4344 1174/4340
f 1174/2776 1180/4345 1179/2777
f 1181/4337 1183/4346 1188/4347
f 1188/4348 1183/2792 1185/2794
f 1180/4349 1189/4350 1179/4351
f 1189/2799 1192/4324 1186/2795
f 1193/2810 1172/2775 1186/2795
f 1182/2786 1172/2775 1193/2810
f 1191/2805 1182/2786 1193/2810
f 1191/2808 1194/4352 1192/2809
f 1194/4352 1193/3050 1200/4353
f 1188/2797 1196/2816 1184/2812
f 1187/2815 1184/4338 1196/4354
f 1187/2820 1196/4355 1197/2821
f 1188/4356 1195/2817 1196/2816
f 1195/4357 1187/2796 1198/4358
f 1201/3970 1224/3973 1205/4359
f 1202/2828 1201/2827 1205/2831
f 1205/2831 1152/2712 1204/2830
f 1151/4360 1206/4361 1152/4362
f 1203/2836 1202/2834 1207/2833
f 1208/4363 1204/2830 1206/2832
f 1207/4364 1209/2839 1153/2714
f 1151/4360 1219/4365 1206/4361
f 1209/4366 1207/2869 1218/2866
f 1154/4367 1210/4368 1212/4369
f 1210/4370 1211/4371 1212/2846
f 1159/2734 1163/2735 1160/4321
f 1162/2733 1164/2736 1214/4372
f 1160/4373 1163/4374 1164/4375
f 1163/4376 1214/4372 1164/2736
f 1163/4377 1213/4378 1214/4379
f 1171/2790 1216/2852 1170/2791
f 1168/2754 1170/4380 1215/4381
f 1171/2755 1168/2754 1216/4382
f 1217/2853 1168/2855 1215/4383
f 1216/2852 1217/4384 1215/2851
f 902/2071 1228/4385 903/2072
f 1220/2868 1222/2871 1218/2866
f 1222/2871 1220/2868 1208/2864
f 1222/2871 1223/4386 1219/2867
f 1222/2885 1208/4387 1221/2874
f 1226/4388 905/2844 1156/2721
f 1226/2879 1225/2878 904/3975
f 1211/4389 1228/2887 1212/2881
f 1227/2882 1222/2885 1221/2874
f 906/2077 1228/4385 902/2078
f 906/2077 909/4390 1228/4385
f 904/2079 1269/4391 907/2080
f 1228/4392 909/3978 1229/4393
f 1269/4391 1225/2889 1229/2888
f 1232/4394 907/3980 1269/4395
f 1232/4396 1269/4391 1229/2888
f 908/2081 1230/2890 909/2082
f 1233/2900 1232/4397 1231/2898
f 1230/4398 908/4399 1232/4394
f 1234/4400 1230/4401 1232/4402
f 1234/4403 1232/4404 1233/4405
f 1014/2330 1235/2903 1015/2333
f 1014/4123 1013/2327 1235/4406
f 1240/4407 1238/2908 1237/2907
f 1237/2913 1239/2910 1243/2920
f 1240/4408 1237/4409 1243/2923
f 1240/2916 1245/4410 1241/2917
f 1245/4410 1240/2916 1243/2920
f 1244/4411 1243/4412 1242/4413
f 1270/4414 1245/4415 1244/4411
f 1245/4415 1270/4414 1242/4416
f 1244/4411 1242/4413 1270/4414
f 89/4417 90/180 124/2972
f 76/154 117/4418 108/3000
f 146/310 160/333 143/309
f 179/366 109/365 114/3078
f 198/4419 120/253 121/261
f 213/3101 228/484 172/3102
f 4/4420 289/620 291/4421
f 300/4422 303/4423 1251/3237
f 293/4424 291/630 292/3229
f 1252/3251 342/4425 410/893
f 346/758 366/796 359/4426
f 329/4427 389/4428 101/845
f 338/876 1258/4429 335/747
f 404/3340 403/4430 1256/3341
f 413/4431 411/4432 347/761
f 425/3381 426/953 407/952
f 504/1130 515/3492 493/1129
f 503/1127 517/4433 508/1136
f 513/1153 523/4434 514/1146
f 526/1183 532/1188 521/3503
f 459/3525 597/4435 596/4436
f 562/1259 476/4437 471/4438
f 577/1306 571/1282 569/2169
f 512/1446 509/1138 624/3491
f 624/3563 511/4439 621/3627
f 690/4440 689/1554 669/1553
f 731/3731 937/4026 799/1841
f 730/1663 797/4441 763/4442
f 1108/3914 828/1931 818/1882
f 830/2016 824/3898 819/1899
f 826/1903 827/1902 887/2029
f 966/4443 923/4016 545/4018
f 958/2193 956/2192 954/2195
f 967/2216 966/2215 599/1364
f 948/4444 1048/4445 949/4446
f 1047/2422 1050/4447 1046/4448
f 1046/4448 1238/2429 1049/2426
f 960/4449 959/4450 911/3988
f 1145/2703 1146/2705 1143/4203
f 1150/4451 1121/4254 1124/4452
f 1136/4322 1141/4453 1160/4454
f 1192/4455 1200/4353 1193/3050
f 1224/4456 1211/4457 1205/4458
f 1207/2833 1220/4459 1218/2861
f 1228/4385 1211/4460 903/2072
f 1225/2878 1269/4461 904/3975
